// RTS3903_JXF37_MIPI ISP FW
// ISP FW file : isp.fw
// Max res@fps : 1920x1080@20fps + 640x360@20fps + 320x240@20fps

unsigned char ISPFW_bin[] = {
  0x02, 0x0c, 0x64, 0x02, 0x1e, 0xb0, 0x31, 0x00, 0x33, 0x00, 0x31, 0x2e,
  0x33, 0x2e, 0x31, 0x2e, 0x00, 0x74, 0x75, 0x79, 0x61, 0x5f, 0x00, 0x64,
  0x00, 0x6d, 0x00, 0x68, 0x00, 0x6c, 0x00, 0x30, 0x30, 0x30, 0x37, 0x00,
  0x5f, 0x30, 0x30, 0x30, 0x37, 0x00, 0x7f, 0x01, 0x7e, 0x00, 0x41, 0x56,
  0x22, 0x22, 0x22, 0x02, 0x1e, 0xf0, 0xe5, 0x93, 0x54, 0x0c, 0x23, 0xc0,
  0xe0, 0x74, 0x0e, 0xc0, 0xe0, 0xc0, 0x82, 0xc0, 0x83, 0x02, 0x0e, 0x00,
  0xe5, 0x93, 0x54, 0x0c, 0x23, 0xc0, 0xe0, 0x74, 0x0e, 0xc0, 0xe0, 0xc0,
  0x82, 0xc0, 0x83, 0x02, 0x0e, 0x08, 0xe5, 0x93, 0x54, 0x0c, 0x23, 0xc0,
  0xe0, 0x74, 0x0e, 0xc0, 0xe0, 0xc0, 0x82, 0xc0, 0x83, 0x02, 0x0e, 0x10,
  0xe5, 0x93, 0x54, 0x0c, 0x23, 0xc0, 0xe0, 0x74, 0x0e, 0xc0, 0xe0, 0xc0,
  0x82, 0xc0, 0x83, 0x02, 0x0e, 0x18, 0xef, 0xc4, 0x03, 0x90, 0x0e, 0x00,
  0x73, 0x90, 0xb0, 0x00, 0x01, 0x36, 0x90, 0xb8, 0x0c, 0x01, 0x36, 0x90,
  0xc7, 0xf7, 0x01, 0x36, 0x90, 0xc8, 0x92, 0x01, 0x36, 0x90, 0xd8, 0x24,
  0x01, 0x36, 0x90, 0xc6, 0xe1, 0x01, 0x36, 0x90, 0xef, 0x50, 0x01, 0x36,
  0x90, 0xef, 0x61, 0x01, 0x36, 0x90, 0xef, 0xe4, 0x01, 0x36, 0x90, 0xb0,
  0x38, 0x01, 0x36, 0x90, 0xb9, 0x73, 0x01, 0x36, 0x90, 0xf5, 0x0f, 0x01,
  0x36, 0x90, 0xb2, 0xc3, 0x01, 0x36, 0x90, 0xf1, 0xb8, 0x01, 0x36, 0x90,
  0xf5, 0xef, 0x01, 0x36, 0x90, 0xc8, 0xc4, 0x01, 0x36, 0x90, 0xdf, 0x7b,
  0x01, 0x36, 0x90, 0xf4, 0xdb, 0x01, 0x36, 0x90, 0xee, 0xea, 0x01, 0x36,
  0x90, 0xe7, 0xd7, 0x01, 0x36, 0x90, 0xf7, 0x1a, 0x01, 0x36, 0x90, 0xe6,
  0x29, 0x01, 0x36, 0x90, 0xf2, 0x74, 0x01, 0x36, 0x90, 0xc6, 0x29, 0x01,
  0x36, 0x90, 0xf3, 0x07, 0x01, 0x36, 0x90, 0xf7, 0x32, 0x01, 0x36, 0x90,
  0xe7, 0xc0, 0x01, 0x36, 0x90, 0xf4, 0x7a, 0x01, 0x36, 0x90, 0xf7, 0x44,
  0x01, 0x36, 0x90, 0xdf, 0x9b, 0x01, 0x36, 0x90, 0xc2, 0x3c, 0x01, 0x48,
  0x90, 0xcd, 0xbe, 0x01, 0x48, 0x90, 0xce, 0x1a, 0x01, 0x48, 0x90, 0xce,
  0xd3, 0x01, 0x48, 0x90, 0xcb, 0x9c, 0x01, 0x48, 0x90, 0xd1, 0x8c, 0x01,
  0x48, 0x90, 0xd1, 0x9d, 0x01, 0x48, 0x90, 0xd1, 0xb9, 0x01, 0x48, 0x90,
  0xd1, 0xe3, 0x01, 0x48, 0x90, 0xd1, 0xee, 0x01, 0x48, 0x90, 0xd1, 0xf9,
  0x01, 0x48, 0x90, 0xd2, 0x04, 0x01, 0x48, 0x90, 0xd2, 0x27, 0x01, 0x48,
  0x90, 0xd9, 0x18, 0x01, 0x48, 0x90, 0xd9, 0x53, 0x01, 0x48, 0x90, 0xd9,
  0xb8, 0x01, 0x48, 0x90, 0xdb, 0x56, 0x01, 0x48, 0x90, 0xdf, 0x15, 0x01,
  0x48, 0x90, 0xcd, 0xac, 0x01, 0x48, 0x90, 0xe0, 0x31, 0x01, 0x48, 0x90,
  0xe0, 0xa2, 0x01, 0x48, 0x90, 0xe1, 0xec, 0x01, 0x48, 0x90, 0xe2, 0x1b,
  0x01, 0x48, 0x90, 0xb0, 0x01, 0x01, 0x48, 0x90, 0xea, 0xdc, 0x01, 0x48,
  0x90, 0xd5, 0xe5, 0x01, 0x48, 0x90, 0xd2, 0xde, 0x01, 0x48, 0x90, 0xc5,
  0xde, 0x01, 0x48, 0x90, 0xc4, 0xdf, 0x01, 0x48, 0x90, 0xd6, 0x79, 0x01,
  0x48, 0x90, 0xd4, 0x12, 0x01, 0x48, 0x90, 0xd6, 0x91, 0x01, 0x48, 0x90,
  0xd4, 0x1a, 0x01, 0x48, 0x90, 0xed, 0x37, 0x01, 0x48, 0x90, 0xd7, 0xda,
  0x01, 0x48, 0x90, 0xe0, 0x93, 0x01, 0x48, 0x90, 0xe1, 0x24, 0x01, 0x48,
  0x90, 0xef, 0x3e, 0x01, 0x48, 0x90, 0xe3, 0x09, 0x01, 0x48, 0x90, 0xb0,
  0x00, 0x01, 0x48, 0x90, 0xf0, 0x6d, 0x01, 0x48, 0x90, 0xd6, 0xb8, 0x01,
  0x48, 0x90, 0xf0, 0x77, 0x01, 0x48, 0x90, 0xf1, 0x2a, 0x01, 0x48, 0x90,
  0xe1, 0xfa, 0x01, 0x48, 0x90, 0xe4, 0x43, 0x01, 0x48, 0x90, 0xf1, 0xb7,
  0x01, 0x48, 0x90, 0xf2, 0x53, 0x01, 0x48, 0x90, 0xf2, 0x95, 0x01, 0x48,
  0x90, 0xf2, 0xb9, 0x01, 0x48, 0x90, 0xd6, 0xf6, 0x01, 0x5a, 0x90, 0xd8,
  0x52, 0x01, 0x5a, 0x90, 0xd8, 0x61, 0x01, 0x5a, 0x90, 0xd8, 0x75, 0x01,
  0x5a, 0x90, 0xd9, 0x01, 0x01, 0x5a, 0x90, 0xd9, 0x95, 0x01, 0x5a, 0x90,
  0xc5, 0x82, 0x01, 0x5a, 0x90, 0xc2, 0x28, 0x01, 0x5a, 0x90, 0xc8, 0x8c,
  0x01, 0x5a, 0x90, 0xb8, 0x82, 0x01, 0x5a, 0x90, 0xc2, 0x8d, 0x01, 0x5a,
  0x90, 0xc5, 0xc2, 0x01, 0x5a, 0x90, 0xc8, 0x43, 0x01, 0x5a, 0x90, 0xd9,
  0xde, 0x01, 0x5a, 0x90, 0xd9, 0xf7, 0x01, 0x5a, 0x90, 0xb0, 0x00, 0x01,
  0x5a, 0x90, 0xb8, 0xa9, 0x01, 0x5a, 0x90, 0xb0, 0x12, 0x01, 0x5a, 0x90,
  0xb8, 0xde, 0x01, 0x5a, 0x90, 0xd0, 0xb4, 0x01, 0x5a, 0x90, 0xb8, 0x56,
  0x01, 0x5a, 0x90, 0xc4, 0x96, 0x01, 0x5a, 0x90, 0xda, 0x10, 0x01, 0x5a,
  0x90, 0xc2, 0xf1, 0x01, 0x5a, 0x90, 0xda, 0xcb, 0x01, 0x5a, 0x90, 0xc1,
  0xba, 0x01, 0x5a, 0x90, 0xd2, 0x72, 0x01, 0x5a, 0x90, 0xc5, 0x0a, 0x01,
  0x5a, 0x90, 0xc4, 0x22, 0x01, 0x5a, 0x90, 0xc8, 0xe4, 0x01, 0x5a, 0x90,
  0xdb, 0x25, 0x01, 0x5a, 0x90, 0xb2, 0x10, 0x01, 0x5a, 0x90, 0xdb, 0x36,
  0x01, 0x5a, 0x90, 0xc2, 0x45, 0x01, 0x5a, 0x90, 0xdc, 0xd4, 0x01, 0x5a,
  0x90, 0xc6, 0x90, 0x01, 0x5a, 0x90, 0xc6, 0x15, 0x01, 0x5a, 0x90, 0xeb,
  0x33, 0x01, 0x5a, 0x90, 0xe9, 0xef, 0x01, 0x5a, 0x90, 0xeb, 0x70, 0x01,
  0x5a, 0x90, 0xe1, 0xd4, 0x01, 0x5a, 0x90, 0xe0, 0xa3, 0x01, 0x5a, 0x90,
  0xbc, 0x33, 0x01, 0x5a, 0x90, 0xd4, 0x7d, 0x01, 0x5a, 0x90, 0xec, 0x5f,
  0x01, 0x5a, 0x90, 0xb9, 0x05, 0x01, 0x5a, 0x90, 0xc7, 0xd3, 0x01, 0x5a,
  0x90, 0xb3, 0xb6, 0x01, 0x5a, 0x90, 0xca, 0xe7, 0x01, 0x5a, 0x90, 0xf2,
  0x84, 0x01, 0x5a, 0x90, 0xf2, 0xb5, 0x01, 0x5a, 0x90, 0xf2, 0xe2, 0x01,
  0x5a, 0x90, 0xf2, 0xf5, 0x01, 0x5a, 0x90, 0xf3, 0x13, 0x01, 0x5a, 0x90,
  0xf3, 0x24, 0x01, 0x5a, 0x90, 0xf3, 0x36, 0x01, 0x5a, 0x90, 0xf3, 0x4a,
  0x01, 0x5a, 0x90, 0xd0, 0x08, 0x01, 0x5a, 0x90, 0xca, 0x45, 0x01, 0x5a,
  0x90, 0xf3, 0xf8, 0x01, 0x5a, 0x90, 0xf4, 0x1c, 0x01, 0x5a, 0x90, 0xf4,
  0x30, 0x01, 0x5a, 0x90, 0xf4, 0x36, 0x01, 0x5a, 0x90, 0xf4, 0x65, 0x01,
  0x5a, 0x90, 0xf4, 0x89, 0x01, 0x5a, 0x90, 0xd0, 0xe3, 0x01, 0x5a, 0x90,
  0xd4, 0xc7, 0x01, 0x5a, 0x90, 0xde, 0x67, 0x01, 0x5a, 0x90, 0xdb, 0x41,
  0x01, 0x5a, 0x90, 0xdc, 0x4f, 0x01, 0x5a, 0x90, 0xd1, 0x0a, 0x01, 0x5a,
  0x90, 0xd5, 0x29, 0x01, 0x5a, 0x90, 0xf5, 0xe5, 0x01, 0x5a, 0x90, 0xcd,
  0xb7, 0x01, 0x6c, 0x90, 0xd4, 0x51, 0x01, 0x6c, 0x90, 0xc0, 0x0c, 0x01,
  0x6c, 0x90, 0xd3, 0xae, 0x01, 0x6c, 0x90, 0xd8, 0xeb, 0x01, 0x6c, 0x90,
  0xc4, 0x21, 0x01, 0x6c, 0x90, 0xbf, 0xca, 0x01, 0x6c, 0x90, 0xc8, 0x49,
  0x01, 0x6c, 0x90, 0xbf, 0xc1, 0x01, 0x6c, 0x90, 0xc3, 0x25, 0x01, 0x6c,
  0x90, 0xc1, 0x5e, 0x01, 0x6c, 0x90, 0xb5, 0x87, 0x01, 0x6c, 0x90, 0xdc,
  0x88, 0x01, 0x6c, 0x90, 0xd1, 0x78, 0x01, 0x6c, 0x90, 0xde, 0xc6, 0x01,
  0x6c, 0x90, 0xb6, 0xf0, 0x01, 0x6c, 0x90, 0xde, 0xcc, 0x01, 0x6c, 0x90,
  0xe0, 0xb8, 0x01, 0x6c, 0x90, 0xe0, 0xfd, 0x01, 0x6c, 0x90, 0xe2, 0xd1,
  0x01, 0x6c, 0x90, 0xe3, 0x25, 0x01, 0x6c, 0x90, 0xe3, 0x46, 0x01, 0x6c,
  0x90, 0xe3, 0x76, 0x01, 0x6c, 0x90, 0xb4, 0x1b, 0x01, 0x6c, 0x90, 0xe4,
  0xbf, 0x01, 0x6c, 0x90, 0xe5, 0x24, 0x01, 0x6c, 0x90, 0xe5, 0x46, 0x01,
  0x6c, 0x90, 0xd2, 0xd7, 0x01, 0x6c, 0x90, 0xe5, 0x61, 0x01, 0x6c, 0x90,
  0xe5, 0x13, 0x01, 0x6c, 0x90, 0xe4, 0x01, 0x01, 0x6c, 0x90, 0xe3, 0xe1,
  0x01, 0x6c, 0x90, 0xe3, 0x59, 0x01, 0x6c, 0x90, 0xe6, 0x84, 0x01, 0x6c,
  0x90, 0xc4, 0x11, 0x01, 0x6c, 0x90, 0xe6, 0x99, 0x01, 0x6c, 0x90, 0xe3,
  0x91, 0x01, 0x6c, 0x90, 0xc4, 0x05, 0x01, 0x6c, 0x90, 0xb2, 0xb3, 0x01,
  0x6c, 0x90, 0xca, 0x34, 0x01, 0x6c, 0x90, 0xc5, 0x32, 0x01, 0x6c, 0x90,
  0xd6, 0x80, 0x01, 0x6c, 0x90, 0xe6, 0xe8, 0x01, 0x6c, 0x90, 0xe7, 0xbc,
  0x01, 0x6c, 0x90, 0xc8, 0x0f, 0x01, 0x6c, 0x90, 0xb6, 0xf1, 0x01, 0x6c,
  0x90, 0xb0, 0x00, 0x01, 0x6c, 0x90, 0xe8, 0x60, 0x01, 0x6c, 0x90, 0xcf,
  0xbb, 0x01, 0x6c, 0x90, 0xc8, 0xa0, 0x01, 0x6c, 0x90, 0xe6, 0xfc, 0x01,
  0x6c, 0x90, 0xc8, 0xb1, 0x01, 0x6c, 0x90, 0xc4, 0x27, 0x01, 0x6c, 0x90,
  0xb7, 0x16, 0x01, 0x6c, 0x90, 0xdc, 0x9e, 0x01, 0x6c, 0x90, 0xdb, 0xea,
  0x01, 0x6c, 0x90, 0xd6, 0xef, 0x01, 0x6c, 0x90, 0xd2, 0x63, 0x01, 0x6c,
  0x90, 0xc7, 0x3b, 0x01, 0x6c, 0x90, 0xea, 0xaf, 0x01, 0x6c, 0x90, 0xea,
  0xce, 0x01, 0x6c, 0x90, 0xd3, 0x27, 0x01, 0x6c, 0x90, 0xce, 0x13, 0x01,
  0x6c, 0x90, 0xbd, 0x25, 0x01, 0x6c, 0x90, 0xc3, 0x80, 0x01, 0x6c, 0x90,
  0xb9, 0x8a, 0x01, 0x6c, 0x90, 0xbc, 0x64, 0x01, 0x6c, 0x90, 0xbb, 0xd0,
  0x01, 0x6c, 0x90, 0xbf, 0x5e, 0x01, 0x6c, 0x90, 0xf6, 0xad, 0x01, 0x48,
  0x90, 0xf6, 0xed, 0x01, 0x48, 0x90, 0xf6, 0x5e, 0x01, 0x48, 0x90, 0xf9,
  0x7b, 0x01, 0x48, 0x90, 0xf6, 0xe2, 0x01, 0x48, 0x90, 0xf9, 0xbe, 0x01,
  0x48, 0x90, 0xf9, 0xc5, 0x01, 0x48, 0x90, 0xf8, 0xe2, 0x01, 0x48, 0x90,
  0xfa, 0x7b, 0x01, 0x48, 0x00, 0x50, 0xc3, 0xd0, 0x75, 0x6e, 0x6b, 0x6e,
  0x6f, 0x77, 0x6e, 0x00, 0x00, 0x00, 0x00, 0x00, 0x00, 0x00, 0x00, 0x00,
  0x41, 0xc0, 0xff, 0xff, 0x41, 0xc0, 0xda, 0xff, 0x52, 0xc0, 0xed, 0x01,
  0x73, 0xff, 0xc8, 0xff, 0xc5, 0xff, 0xba, 0x01, 0x7c, 0xff, 0xca, 0xff,
  0xef, 0xff, 0x34, 0x01, 0xde, 0x52, 0xc0, 0xdb, 0x01, 0x60, 0xff, 0xd8,
  0xff, 0xc9, 0xff, 0xc3, 0x01, 0x6f, 0xff, 0xcd, 0xff, 0xf4, 0xff, 0x4d,
  0x01, 0xbf, 0x41, 0xc0, 0xd8, 0x0c, 0x41, 0xc0, 0xd9, 0x00, 0x41, 0xc0,
  0xb2, 0x00, 0x41, 0xc0, 0xb3, 0x00, 0x41, 0xc0, 0xb4, 0x00, 0x41, 0xc0,
  0xb5, 0x00, 0x41, 0xc0, 0xb6, 0x00, 0x44, 0xc0, 0xb7, 0x00, 0x00, 0x00,
  0x00, 0x41, 0xc0, 0xbb, 0x00, 0x41, 0xc0, 0xbc, 0x00, 0x41, 0xc0, 0xbd,
  0x00, 0x41, 0xc0, 0xbe, 0x00, 0x41, 0xc0, 0xbf, 0x00, 0x44, 0xc0, 0xc0,
  0x3f, 0x80, 0x00, 0x00, 0x41, 0xc0, 0xc4, 0x00, 0x46, 0xc0, 0xc5, 0x03,
  0x04, 0x05, 0x07, 0x0a, 0x14, 0x46, 0xc0, 0xcb, 0x04, 0x05, 0x06, 0x08,
  0x0c, 0x18, 0x46, 0xc0, 0xd1, 0x1e, 0x19, 0x14, 0x0f, 0x0a, 0x05, 0x42,
  0xd4, 0xc1, 0x00, 0x80, 0x42, 0xd4, 0xbf, 0x00, 0x80, 0x4a, 0xd4, 0x4f,
  0x01, 0x01, 0xc7, 0x89, 0x01, 0xc9, 0xa6, 0x01, 0xc8, 0x5e, 0x41, 0xd4,
  0x42, 0x00, 0x41, 0xd4, 0x43, 0x00, 0x42, 0xd4, 0x44, 0x00, 0x00, 0x42,
  0xd4, 0x46, 0x00, 0x00, 0x42, 0xd4, 0x48, 0x00, 0x00, 0x42, 0xd4, 0x4a,
  0x00, 0x00, 0x60, 0x64, 0xd4, 0x5b, 0x00, 0x00, 0x00, 0x00, 0x00, 0x00,
  0x00, 0x00, 0x00, 0x00, 0x00, 0x00, 0x00, 0x00, 0x01, 0x01, 0x00, 0x00,
  0x00, 0x00, 0x00, 0x00, 0x00, 0x01, 0x01, 0x01, 0x01, 0x00, 0x00, 0x00,
  0x00, 0x00, 0x01, 0x01, 0x01, 0x01, 0x01, 0x01, 0x00, 0x00, 0x00, 0x01,
  0x01, 0x01, 0x01, 0x01, 0x01, 0x01, 0x01, 0x00, 0x00, 0x01, 0x01, 0x01,
  0x01, 0x01, 0x01, 0x01, 0x01, 0x00, 0x00, 0x00, 0x01, 0x01, 0x01, 0x01,
  0x01, 0x01, 0x00, 0x00, 0x00, 0x00, 0x00, 0x01, 0x01, 0x01, 0x01, 0x00,
  0x00, 0x00, 0x00, 0x00, 0x00, 0x00, 0x01, 0x01, 0x00, 0x00, 0x00, 0x00,
  0x00, 0x00, 0x00, 0x00, 0x00, 0x00, 0x00, 0x00, 0x00, 0x00, 0x41, 0xc3,
  0xf8, 0x00, 0x41, 0xc3, 0xf9, 0x00, 0x41, 0xc3, 0xf7, 0x00, 0x52, 0xd4,
  0xfa, 0x01, 0x00, 0x00, 0x00, 0x00, 0x00, 0x00, 0x00, 0x01, 0x00, 0x00,
  0x00, 0x00, 0x00, 0x00, 0x00, 0x01, 0x00, 0x41, 0xcd, 0x8a, 0xff, 0x41,
  0xcd, 0x8b, 0xff, 0x44, 0xcd, 0x8c, 0x00, 0x00, 0x00, 0x00, 0x44, 0xcd,
  0x90, 0x00, 0x00, 0x00, 0x00, 0x4a, 0xd5, 0x10, 0x00, 0x00, 0x00, 0x00,
  0x00, 0x00, 0x00, 0x00, 0x00, 0x00, 0x44, 0xc3, 0xfb, 0x00, 0x00, 0x00,
  0x00, 0x56, 0xd4, 0xd0, 0x00, 0x00, 0x00, 0x00, 0x00, 0x00, 0x00, 0x00,
  0x80, 0x48, 0x00, 0x00, 0x00, 0x00, 0x00, 0x00, 0x00, 0x00, 0x00, 0x00,
  0x00, 0x00, 0x41, 0xd4, 0xc3, 0x00, 0x41, 0xc1, 0x08, 0x00, 0x44, 0xd5,
  0x1a, 0x04, 0x07, 0x01, 0x01, 0x41, 0xc1, 0x9c, 0x00, 0x42, 0xc1, 0x02,
  0x00, 0x00, 0x5c, 0xc0, 0x73, 0x00, 0x14, 0x26, 0x36, 0x43, 0x4e, 0x58,
  0x61, 0x69, 0x76, 0x81, 0x8b, 0x94, 0x9b, 0xa2, 0xa9, 0xaf, 0xb5, 0xbb,
  0xc0, 0xc6, 0xd0, 0xda, 0xe2, 0xe9, 0xf0, 0xf6, 0xfb, 0x41, 0xc0, 0x8f,
  0x00, 0x41, 0xc0, 0xb1, 0x00, 0x41, 0xc0, 0x02, 0xff, 0x41, 0xc0, 0x03,
  0xff, 0x52, 0xc0, 0x04, 0x01, 0x00, 0x00, 0x00, 0x00, 0x00, 0x00, 0x00,
  0x01, 0x00, 0x00, 0x00, 0x00, 0x00, 0x00, 0x00, 0x01, 0x00, 0x00, 0x3a,
  0x70, 0xfa, 0x83, 0xbc, 0xaa, 0xe9, 0xe4, 0x3e, 0x81, 0xe0, 0xf8, 0xbf,
  0x9d, 0xe9, 0xe6, 0x3f, 0x80, 0x00, 0x00, 0x39, 0x28, 0x3c, 0x1a, 0xbb,
  0x99, 0x69, 0x66, 0x3d, 0xa3, 0x35, 0xe3, 0xbf, 0x25, 0x5d, 0xe7, 0x3f,
  0xc9, 0x0f, 0xdb, 0x41, 0x8d, 0xdb, 0xcc, 0xc4, 0x49, 0x36, 0xee, 0x45,
  0xc9, 0x91, 0x3f, 0xc5, 0xb0, 0xf8, 0x3d, 0x3f, 0x80, 0x00, 0x00, 0xc3,
  0x17, 0xf5, 0x34, 0x45, 0x2f, 0xfa, 0x73, 0xc6, 0x0a, 0xfd, 0xdd, 0x12,
  0x08, 0x10, 0x04, 0xa2, 0xe1, 0x92, 0x00, 0x14, 0x20, 0xe0, 0x15, 0x90,
  0x07, 0x07, 0x74, 0x04, 0x12, 0x14, 0x21, 0x80, 0x30, 0x12, 0x08, 0x10,
  0x30, 0xe1, 0x02, 0xb2, 0x00, 0x20, 0xe0, 0xeb, 0xa8, 0x83, 0xa9, 0x82,
  0x90, 0xd3, 0x1d, 0x12, 0x1a, 0xe9, 0x89, 0x82, 0x88, 0x83, 0x90, 0x07,
  0x1b, 0x74, 0x04, 0x12, 0x14, 0x21, 0x85, 0x82, 0xf0, 0x90, 0xd3, 0x1d,
  0x12, 0x1a, 0x68, 0x85, 0xf0, 0x82, 0x12, 0x11, 0x18, 0xed, 0x4c, 0x60,
  0x07, 0x30, 0x00, 0x04, 0xec, 0x64, 0x80, 0xfc, 0x22, 0x12, 0x08, 0x10,
  0xc0, 0xe0, 0xa8, 0x83, 0xa9, 0x82, 0x90, 0xd3, 0x1d, 0x12, 0x1a, 0xe9,
  0x89, 0x82, 0x88, 0x83, 0x90, 0x07, 0x3f, 0x74, 0x03, 0x12, 0x14, 0x21,
  0x85, 0x82, 0xf0, 0x90, 0xd3, 0x1d, 0x12, 0x1a, 0x68, 0x85, 0xf0, 0x82,
  0x12, 0x11, 0x18, 0x90, 0xd3, 0x1d, 0xe0, 0xcc, 0xf0, 0xa3, 0xe0, 0xcd,
  0xf0, 0xa3, 0xe0, 0xce, 0xf0, 0xa3, 0xe0, 0xcf, 0xf0, 0x90, 0x07, 0x2f,
  0x74, 0x03, 0x12, 0x14, 0x21, 0xd0, 0x82, 0x85, 0x82, 0xf0, 0x90, 0xd3,
  0x1d, 0x12, 0x1a, 0x68, 0x85, 0xf0, 0x82, 0xe5, 0x82, 0x30, 0xe0, 0x07,
  0x12, 0x12, 0x21, 0xb2, 0x00, 0x80, 0x96, 0xef, 0xcb, 0xff, 0xee, 0xca,
  0xfe, 0xed, 0xc9, 0xfd, 0xec, 0xc8, 0xfc, 0x12, 0x12, 0x21, 0x80, 0x85,
  0xed, 0x33, 0xec, 0x54, 0x7f, 0xcc, 0x33, 0x92, 0x00, 0x24, 0x60, 0x50,
  0x07, 0xd0, 0xe0, 0xd0, 0xe0, 0x02, 0x13, 0xe1, 0x7b, 0x83, 0x7a, 0xf9,
  0x79, 0x22, 0x78, 0x3e, 0x12, 0x11, 0x18, 0xed, 0xf9, 0x33, 0xec, 0xf8,
  0x33, 0x24, 0x81, 0x50, 0x11, 0xef, 0xfb, 0xee, 0xfa, 0x12, 0x13, 0x75,
  0x12, 0x13, 0x37, 0xec, 0xb2, 0xe7, 0xfc, 0x12, 0x10, 0x27, 0xed, 0x33,
  0xec, 0x33, 0x60, 0x2f, 0x24, 0x03, 0xf8, 0xc3, 0x13, 0xfc, 0xed, 0x92,
  0xe7, 0xfd, 0xe8, 0x24, 0x81, 0xe4, 0x50, 0x1f, 0xec, 0xf8, 0xed, 0xf9,
  0xee, 0xfa, 0xef, 0xfb, 0x12, 0x13, 0x75, 0xef, 0x04, 0xc2, 0xe0, 0xfc,
  0xf5, 0x82, 0x12, 0x13, 0x41, 0xec, 0xb2, 0xe7, 0xfc, 0x12, 0x10, 0x27,
  0xe5, 0x82, 0x03, 0xfa, 0xed, 0x33, 0xec, 0x33, 0x60, 0x07, 0x14, 0x13,
  0xfc, 0xed, 0x92, 0xe7, 0xfd, 0xea, 0x22, 0x90, 0xd3, 0x17, 0x12, 0x1a,
  0xe9, 0xe4, 0xff, 0xfe, 0x7d, 0x80, 0x7c, 0x3f, 0x90, 0xd3, 0x17, 0xe0,
  0xf8, 0xa3, 0xe0, 0xf9, 0xa3, 0xe0, 0xfa, 0xa3, 0xe0, 0xfb, 0x12, 0x12,
  0xbe, 0x70, 0x06, 0x90, 0xd3, 0x17, 0x02, 0x09, 0xe9, 0x90, 0xd3, 0x17,
  0xe0, 0xfc, 0xa3, 0xe0, 0xfd, 0xa3, 0xe0, 0xfe, 0xa3, 0xe0, 0xff, 0x12,
  0x13, 0xf6, 0xfb, 0xa3, 0xe0, 0xfc, 0xa3, 0xe0, 0xfd, 0xa3, 0xe0, 0xfe,
  0xa3, 0xe0, 0xff, 0x12, 0x13, 0xf6, 0xff, 0xb4, 0x01, 0x08, 0xe4, 0xff,
  0xfe, 0x7d, 0x80, 0x7c, 0x3f, 0x22, 0xef, 0x64, 0x04, 0x60, 0x29, 0xeb,
  0x64, 0x04, 0x60, 0x24, 0xeb, 0xb4, 0x01, 0x30, 0xe4, 0xff, 0xfe, 0xfd,
  0xfc, 0x90, 0xd3, 0x1b, 0xe0, 0xf8, 0xa3, 0xe0, 0xf9, 0xa3, 0xe0, 0xfa,
  0xa3, 0xe0, 0xfb, 0x12, 0x12, 0xbe, 0x60, 0x08, 0x40, 0x06, 0xe4, 0xff,
  0xfe, 0xfd, 0xfc, 0x22, 0x90, 0xd3, 0x1b, 0x12, 0x1a, 0xf5, 0xff, 0xff,
  0xff, 0xff, 0x90, 0xd3, 0x1b, 0x02, 0x09, 0xe9, 0xe4, 0x90, 0xd3, 0x1f,
  0xf0, 0xa3, 0xf0, 0xff, 0xfe, 0xfd, 0xfc, 0x90, 0xd3, 0x17, 0xe0, 0xf8,
  0xa3, 0xe0, 0xf9, 0xa3, 0xe0, 0xfa, 0xa3, 0xe0, 0xfb, 0x12, 0x12, 0xbe,
  0x50, 0x5f, 0x90, 0xd3, 0x1b, 0xe0, 0xfc, 0xa3, 0xe0, 0xfd, 0xa3, 0xe0,
  0xfe, 0xa3, 0xe0, 0xff, 0x12, 0x13, 0x75, 0x90, 0xd3, 0x1f, 0xee, 0xf0,
  0xa3, 0xef, 0xf0, 0xfd, 0xcc, 0xee, 0xcc, 0xec, 0x12, 0x13, 0x3c, 0xc8,
  0xec, 0xc8, 0xc9, 0xed, 0xc9, 0xca, 0xee, 0xca, 0xcb, 0xef, 0xcb, 0x90,
  0xd3, 0x1b, 0xe0, 0xfc, 0xa3, 0xe0, 0xfd, 0xa3, 0xe0, 0xfe, 0xa3, 0xe0,
  0xff, 0x12, 0x10, 0x23, 0xe4, 0xfb, 0xfa, 0xf9, 0xf8, 0x12, 0x12, 0xbe,
  0x70, 0x8a, 0x90, 0xd3, 0x17, 0xe0, 0xfc, 0xa3, 0xe0, 0xfd, 0xa3, 0xe0,
  0xfe, 0xa3, 0xe0, 0xff, 0x12, 0x14, 0x10, 0x90, 0xd3, 0x17, 0x12, 0x1a,
  0xe9, 0x90, 0xd3, 0x17, 0xe0, 0xfc, 0xa3, 0xe0, 0xfd, 0xa3, 0xe0, 0xfe,
  0xa3, 0xe0, 0xff, 0x12, 0x0a, 0x29, 0x90, 0xd3, 0x1b, 0xe0, 0xf8, 0xa3,
  0xe0, 0xf9, 0xa3, 0xe0, 0xfa, 0xa3, 0xe0, 0xfb, 0x12, 0x11, 0x18, 0x12,
  0x0c, 0x02, 0x90, 0xd3, 0x1b, 0x12, 0x1a, 0xe9, 0x90, 0xd3, 0x20, 0xe0,
  0x30, 0xe0, 0x17, 0x90, 0xd3, 0x1b, 0xe0, 0xfc, 0xa3, 0xe0, 0xfd, 0xa3,
  0xe0, 0xfe, 0xa3, 0xe0, 0xff, 0x12, 0x14, 0x10, 0x90, 0xd3, 0x1b, 0x12,
  0x1a, 0xe9, 0x90, 0xd3, 0x1b, 0xe0, 0xfc, 0xa3, 0xe0, 0xfd, 0xa3, 0xe0,
  0xfe, 0xa3, 0xe0, 0xff, 0x22, 0x3e, 0x92, 0x48, 0xda, 0x3e, 0xcc, 0xcc,
  0xcd, 0x3f, 0x2a, 0xaa, 0xab, 0x40, 0x00, 0x00, 0x00, 0x3f, 0x80, 0x00,
  0x00, 0x3f, 0x98, 0x37, 0xf0, 0x3f, 0xb5, 0x04, 0xf3, 0x3f, 0xd7, 0x44,
  0xfc, 0x3e, 0x31, 0x72, 0x17, 0x3e, 0xb1, 0x72, 0x17, 0x3f, 0x05, 0x15,
  0x91, 0x3e, 0xde, 0x5b, 0xd9, 0xd2, 0x01, 0x80, 0x02, 0xc2, 0x01, 0xed,
  0xd2, 0xe7, 0xf8, 0xcd, 0x33, 0xec, 0x33, 0x04, 0x70, 0x0b, 0xbd, 0x80,
  0x05, 0x92, 0xd5, 0x02, 0x13, 0xeb, 0x02, 0x13, 0xe1, 0x40, 0xfb, 0xd3,
  0x14, 0x60, 0xf2, 0xf5, 0xf0, 0x7c, 0x3f, 0xee, 0x7a, 0x00, 0xc3, 0x94,
  0x96, 0xc8, 0x94, 0x8b, 0x40, 0x23, 0x0a, 0xc8, 0x94, 0x69, 0xc8, 0x94,
  0x1a, 0x40, 0x1a, 0x0a, 0xc8, 0x94, 0x68, 0xc8, 0x94, 0x1f, 0x40, 0x11,
  0x0a, 0xc8, 0x94, 0x5a, 0xc8, 0x94, 0x25, 0x40, 0x08, 0x05, 0xf0, 0x7a,
  0x00, 0xcd, 0xc2, 0xe7, 0xcd, 0xc0, 0xf0, 0x90, 0xd3, 0x21, 0x12, 0x1a,
  0xe9, 0xea, 0x23, 0x23, 0xc0, 0xe0, 0x24, 0x05, 0xf5, 0x82, 0xe4, 0x34,
  0x0a, 0xf5, 0x83, 0x12, 0x1a, 0x74, 0x12, 0x10, 0x27, 0xec, 0xc0, 0xe0,
  0xed, 0xc0, 0xe0, 0xee, 0xc0, 0xe0, 0xef, 0xc0, 0xe0, 0x12, 0x1a, 0x58,
  0x90, 0xd3, 0x21, 0x12, 0x1a, 0x68, 0x12, 0x10, 0x23, 0xd0, 0xe0, 0xfb,
  0xd0, 0xe0, 0xfa, 0xd0, 0xe0, 0xf9, 0xd0, 0xe0, 0xb2, 0xe7, 0xf8, 0x12,
  0x12, 0x21, 0x90, 0xd3, 0x21, 0x12, 0x1a, 0xe9, 0x90, 0x09, 0xf5, 0x74,
  0x03, 0x12, 0x14, 0x21, 0x90, 0xd3, 0x21, 0x12, 0x1a, 0x68, 0x12, 0x11,
  0x18, 0xd0, 0xe0, 0x60, 0x0f, 0x24, 0x11, 0xf5, 0x82, 0xe4, 0x34, 0x0a,
  0xf5, 0x83, 0x12, 0x1a, 0x74, 0x12, 0x10, 0x27, 0x90, 0xd3, 0x21, 0x12,
  0x1a, 0xe9, 0xd0, 0xe0, 0xc3, 0x94, 0x7f, 0xfd, 0xe4, 0x94, 0x00, 0xfc,
  0x12, 0x13, 0x3c, 0x7b, 0x18, 0x7a, 0x72, 0x79, 0x31, 0x78, 0x3f, 0x12,
  0x11, 0x18, 0x90, 0xd3, 0x21, 0x12, 0x1a, 0x68, 0x12, 0x10, 0x27, 0x30,
  0x01, 0x0b, 0x7b, 0xd9, 0x7a, 0x5b, 0x79, 0xde, 0x78, 0x3e, 0x12, 0x11,
  0x18, 0x22, 0x02, 0x13, 0xe1, 0x22, 0xed, 0xa2, 0xe7, 0xd2, 0xe7, 0xf9,
  0xec, 0x33, 0x40, 0xf2, 0x60, 0xf3, 0xb4, 0xff, 0x08, 0xed, 0x54, 0x7f,
  0x70, 0xe8, 0x02, 0x13, 0xeb, 0xf8, 0x24, 0x81, 0xc2, 0xe0, 0xc0, 0xe0,
  0xf4, 0x04, 0x28, 0xfa, 0xc3, 0x13, 0xfc, 0xed, 0x92, 0xe7, 0xfd, 0x90,
  0xd3, 0x27, 0x12, 0x1a, 0xe9, 0xee, 0xa2, 0xe7, 0xe9, 0xba, 0x7f, 0x02,
  0xc3, 0x13, 0x34, 0x00, 0x94, 0x00, 0xfa, 0x75, 0xf0, 0x91, 0xa4, 0xe5,
  0xf0, 0x13, 0xf4, 0x94, 0xfe, 0x8a, 0xf0, 0xa4, 0x33, 0xe5, 0xf0, 0x33,
  0x24, 0x8c, 0xd3, 0x13, 0xfd, 0xe4, 0x92, 0xe7, 0xfe, 0x7f, 0x00, 0x7c,
  0x3f, 0x75, 0x83, 0x02, 0xec, 0xc0, 0xe0, 0xf8, 0xed, 0xc0, 0xe0, 0xf9,
  0xee, 0xc0, 0xe0, 0xfa, 0xef, 0xc0, 0xe0, 0xfb, 0x85, 0x83, 0xf0, 0x90,
  0xd3, 0x27, 0x12, 0x1a, 0x4c, 0x85, 0xf0, 0x83, 0x12, 0x12, 0x21, 0xd0,
  0xe0, 0xfb, 0xd0, 0xe0, 0xfa, 0xd0, 0xe0, 0xf9, 0xd0, 0xe0, 0xf8, 0x12,
  0x10, 0x27, 0xed, 0x64, 0x80, 0xfd, 0x30, 0xe7, 0x01, 0x1c, 0xd5, 0x83,
  0xc7, 0xed, 0x33, 0xcc, 0x33, 0xf8, 0xd0, 0xe0, 0xa2, 0xe7, 0x13, 0x28,
  0xc3, 0x13, 0xcc, 0x13, 0xfd, 0x22, 0x33, 0xda, 0x92, 0x9e, 0x35, 0xb1,
  0x60, 0x11, 0x37, 0x7f, 0xe5, 0xfe, 0x39, 0x21, 0x84, 0x89, 0x3a, 0xae,
  0xc3, 0xff, 0x3c, 0x1d, 0x95, 0x5b, 0x3d, 0x63, 0x58, 0x47, 0x3e, 0x75,
  0xfd, 0xf0, 0x3f, 0x31, 0x72, 0x18, 0x3f, 0x80, 0x00, 0x00, 0xc2, 0xd5,
  0x02, 0x13, 0xeb, 0x02, 0x13, 0xe1, 0xbd, 0x80, 0xfa, 0x50, 0xf3, 0x02,
  0x13, 0xe8, 0xed, 0x33, 0xec, 0x33, 0x04, 0x60, 0xf1, 0x7b, 0x3b, 0x7a,
  0xaa, 0x79, 0xb8, 0x78, 0x3f, 0x12, 0x11, 0x18, 0xed, 0x33, 0xec, 0x33,
  0x92, 0xd5, 0x24, 0x7b, 0x50, 0x11, 0xa2, 0xd5, 0x70, 0xdb, 0x50, 0x0b,
  0xed, 0x44, 0x80, 0x24, 0x04, 0x50, 0x04, 0xa2, 0xd5, 0x80, 0xce, 0xef,
  0xfb, 0xee, 0xfa, 0xed, 0xf9, 0xec, 0xf8, 0x12, 0x13, 0x75, 0xef, 0xf5,
  0x82, 0xf4, 0x04, 0xfc, 0x12, 0x13, 0x41, 0x12, 0x10, 0x27, 0xc0, 0x82,
  0x90, 0x0b, 0xca, 0x74, 0x09, 0x12, 0x14, 0x30, 0xed, 0x33, 0xcc, 0x33,
  0xd0, 0xf0, 0x92, 0xd5, 0x25, 0xf0, 0xa2, 0xd5, 0x70, 0x01, 0xc3, 0x13,
  0xcc, 0x13, 0xfd, 0x22, 0x78, 0x7f, 0xe4, 0xf6, 0xd8, 0xfd, 0x74, 0x20,
  0x78, 0x2f, 0xc3, 0x94, 0x2f, 0x40, 0x02, 0x78, 0x20, 0x88, 0x81, 0x12,
  0x1e, 0x16, 0x02, 0x0c, 0xb8, 0x02, 0x1f, 0x56, 0xe4, 0x93, 0xa3, 0xf8,
  0xe4, 0x93, 0xa3, 0x40, 0x03, 0xf6, 0x80, 0x01, 0xf2, 0x08, 0xdf, 0xf4,
  0x80, 0x29, 0xe4, 0x93, 0xa3, 0xf8, 0x54, 0x07, 0x24, 0x0c, 0xc8, 0xc3,
  0x33, 0xc4, 0x54, 0x0f, 0x44, 0x20, 0xc8, 0x83, 0x40, 0x04, 0xf4, 0x56,
  0x80, 0x01, 0x46, 0xf6, 0xdf, 0xe4, 0x80, 0x0b, 0x01, 0x02, 0x04, 0x08,
  0x10, 0x20, 0x40, 0x80, 0x90, 0x05, 0x09, 0xe4, 0x7e, 0x01, 0x93, 0x60,
  0xbc, 0xa3, 0xff, 0x54, 0x3f, 0x30, 0xe5, 0x09, 0x54, 0x1f, 0xfe, 0xe4,
  0x93, 0xa3, 0x60, 0x01, 0x0e, 0xcf, 0x54, 0xc0, 0x25, 0xe0, 0x60, 0xa8,
  0x40, 0xb8, 0xe4, 0x93, 0xa3, 0xfa, 0xe4, 0x93, 0xa3, 0xf8, 0xe4, 0x93,
  0xa3, 0xc8, 0xc5, 0x82, 0xc8, 0xca, 0xc5, 0x83, 0xca, 0xf0, 0xa3, 0xc8,
  0xc5, 0x82, 0xc8, 0xca, 0xc5, 0x83, 0xca, 0xdf, 0xe9, 0xde, 0xe7, 0x80,
  0xbe, 0xc2, 0xd5, 0xe8, 0x30, 0xe7, 0x0f, 0xb2, 0xd5, 0xe4, 0xc3, 0x9b,
  0xfb, 0xe4, 0x9a, 0xfa, 0xe4, 0x99, 0xf9, 0xe4, 0x98, 0xf8, 0xec, 0x30,
  0xe7, 0x17, 0xb2, 0xd5, 0x12, 0x0d, 0x33, 0x12, 0x18, 0xa3, 0xe4, 0xc3,
  0x9b, 0xfb, 0xe4, 0x9a, 0xfa, 0xe4, 0x99, 0xf9, 0xe4, 0x98, 0xf8, 0x80,
  0x03, 0x12, 0x18, 0xa3, 0x30, 0xd5, 0x0d, 0xe4, 0xc3, 0x9f, 0xff, 0xe4,
  0x9e, 0xfe, 0xe4, 0x9d, 0xfd, 0xe4, 0x9c, 0xfc, 0x22, 0xed, 0x33, 0xec,
  0x33, 0x60, 0x06, 0x50, 0x04, 0xec, 0x64, 0x80, 0xfc, 0x22, 0xee, 0x30,
  0xe7, 0x07, 0xc3, 0xe4, 0x9f, 0xff, 0xe4, 0x9e, 0xfe, 0x22, 0x00, 0x01,
  0x03, 0x05, 0x06, 0x06, 0x05, 0x04, 0x02, 0x48, 0x43, 0x3e, 0x39, 0x34,
  0x2f, 0x2b, 0x27, 0x23, 0x20, 0x1d, 0x1a, 0x17, 0x14, 0x12, 0x10, 0x0e,
  0x0c, 0x0a, 0x09, 0x08, 0x07, 0x06, 0x05, 0x04, 0x03, 0x02, 0x01, 0x18,
  0x1a, 0x1a, 0x18, 0x14, 0x14, 0x14, 0x14, 0x14, 0x14, 0x14, 0x14, 0x14,
  0x17, 0x1a, 0x1a, 0x0d, 0x0d, 0x10, 0x14, 0x23, 0x32, 0x41, 0x50, 0x5f,
  0x6e, 0x14, 0x28, 0x3c, 0x50, 0x64, 0x78, 0x8c, 0x00, 0x08, 0x10, 0x18,
  0x20, 0x28, 0x30, 0x38, 0x40, 0x50, 0x60, 0x70, 0x80, 0xa0, 0xc0, 0xe0,
  0x00, 0x10, 0x20, 0x2b, 0x36, 0x3e, 0x46, 0x4d, 0x53, 0x5f, 0x6a, 0x73,
  0x7c, 0x84, 0x8c, 0x93, 0x9a, 0xa1, 0xa7, 0xae, 0xb4, 0xc3, 0xc9, 0xd3,
  0xdd, 0xe6, 0xef, 0xf7, 0x00, 0x10, 0x20, 0x30, 0x40, 0x50, 0x60, 0x70,
  0x80, 0x90, 0xa0, 0xb0, 0xc0, 0xd0, 0xe0, 0xf0, 0x00, 0x08, 0x10, 0x2d,
  0x3d, 0x49, 0x54, 0x5d, 0x66, 0x76, 0x85, 0x92, 0x9f, 0xb6, 0xcc, 0xe0,
  0x00, 0x08, 0x10, 0x11, 0x13, 0x16, 0x1a, 0x1f, 0x24, 0x2f, 0x3d, 0x4c,
  0x5d, 0x83, 0xaf, 0xe0, 0x02, 0x7c, 0x6a, 0x22, 0x53, 0x93, 0xf3, 0x22,
  0xff, 0xff, 0xff, 0xff, 0x43, 0x93, 0x0c, 0x53, 0x93, 0xf7, 0x22, 0xff,
  0x43, 0x93, 0x0c, 0x53, 0x93, 0xfb, 0x22, 0xff, 0x43, 0x93, 0x0c, 0x22,
  0x01, 0x01, 0x01, 0x01, 0x01, 0x01, 0x01, 0x01, 0x01, 0x01, 0x01, 0x01,
  0x01, 0x01, 0x01, 0x01, 0x01, 0x01, 0x01, 0x01, 0x01, 0x01, 0x01, 0x01,
  0x01, 0x01, 0x01, 0x01, 0x01, 0x01, 0x01, 0x01, 0x01, 0x01, 0x01, 0x01,
  0x01, 0x01, 0x01, 0x01, 0x01, 0x01, 0x01, 0x01, 0x01, 0x01, 0x01, 0x01,
  0x01, 0x01, 0x01, 0x01, 0x01, 0x01, 0x01, 0x01, 0x01, 0x01, 0x01, 0x01,
  0x01, 0x01, 0x01, 0x01, 0x01, 0x01, 0x01, 0x01, 0x01, 0x01, 0x01, 0x01,
  0x01, 0x01, 0x01, 0x01, 0x01, 0x01, 0x01, 0x01, 0x01, 0x01, 0x01, 0x01,
  0x01, 0x01, 0x01, 0x01, 0x01, 0x01, 0x01, 0x01, 0x01, 0x01, 0x01, 0x01,
  0x01, 0x01, 0x01, 0x01, 0x01, 0x01, 0x01, 0x01, 0x01, 0x01, 0x01, 0x01,
  0x01, 0x01, 0x01, 0x01, 0x01, 0x01, 0x01, 0x01, 0x01, 0x01, 0x01, 0x01,
  0x01, 0x01, 0x01, 0x01, 0x01, 0x01, 0x01, 0x01, 0x01, 0x01, 0x01, 0x01,
  0x01, 0x01, 0x01, 0x01, 0x01, 0x01, 0x01, 0x01, 0x01, 0x01, 0x01, 0x01,
  0x01, 0x01, 0x01, 0x01, 0x01, 0x01, 0x01, 0x01, 0x01, 0x01, 0x01, 0x01,
  0x01, 0x01, 0x01, 0x01, 0x01, 0x01, 0x01, 0x01, 0x01, 0x01, 0x01, 0x01,
  0x01, 0x01, 0x01, 0x01, 0x01, 0x01, 0x01, 0x01, 0x01, 0x01, 0x01, 0x01,
  0x01, 0x01, 0x01, 0x01, 0x01, 0x01, 0x01, 0x01, 0x01, 0x01, 0x01, 0x01,
  0x01, 0x02, 0x04, 0x06, 0x08, 0x0a, 0x0c, 0x0e, 0x01, 0x01, 0x01, 0x01,
  0x01, 0x01, 0x01, 0x01, 0x01, 0x01, 0x01, 0x01, 0x01, 0x01, 0x01, 0x01,
  0x01, 0x01, 0x01, 0x01, 0x01, 0x01, 0x01, 0x01, 0x01, 0x01, 0x01, 0x01,
  0x01, 0x01, 0x01, 0x01, 0x01, 0x01, 0x01, 0x01, 0x01, 0x01, 0x01, 0x01,
  0x01, 0x01, 0x01, 0x01, 0x01, 0x01, 0x01, 0x01, 0x01, 0x01, 0x01, 0x01,
  0x01, 0x01, 0x01, 0x01, 0x01, 0x01, 0x01, 0x01, 0x01, 0x01, 0x01, 0x01,
  0x01, 0x01, 0x01, 0x01, 0x01, 0x01, 0x01, 0x01, 0x01, 0x01, 0x01, 0x01,
  0x01, 0x01, 0x01, 0x01, 0x01, 0x01, 0x01, 0x01, 0x01, 0x01, 0x01, 0x01,
  0x01, 0x01, 0x01, 0x01, 0x02, 0x03, 0x04, 0x06, 0x08, 0x0a, 0x0c, 0x0e,
  0x07, 0x08, 0x0a, 0xdc, 0x0c, 0x1c, 0x0e, 0xb3, 0x13, 0x74, 0x18, 0x24,
  0x1d, 0x4c, 0x23, 0x28, 0x0b, 0xb8, 0x00, 0xef, 0x01, 0x00, 0x02, 0xac,
  0x10, 0x36, 0x01, 0x7c, 0x01, 0x00, 0x02, 0x26, 0x19, 0x64, 0x01, 0xbf,
  0x01, 0x00, 0x01, 0x22, 0x00, 0x08, 0x10, 0x18, 0x20, 0x28, 0x30, 0x38,
  0x40, 0x50, 0x60, 0x70, 0x80, 0xa0, 0xc0, 0xe0, 0x00, 0x0a, 0x13, 0x1c,
  0x25, 0x2e, 0x36, 0x3f, 0x47, 0x57, 0x67, 0x77, 0x87, 0xa6, 0xc4, 0xe2,
  0x03, 0x0d, 0xac, 0x0d, 0x48, 0x13, 0x24, 0x12, 0xc0, 0x00, 0x00, 0x00,
  0x00, 0x00, 0x00, 0x00, 0x00, 0x00, 0x00, 0x00, 0x00, 0x00, 0x00, 0x00,
  0x00, 0x00, 0x00, 0x00, 0x00, 0x00, 0x00, 0x00, 0x00, 0x00, 0x00, 0x00,
  0x00, 0x00, 0x00, 0x00, 0x00, 0x00, 0x00, 0x00, 0x00, 0x00, 0x00, 0x00,
  0x00, 0x00, 0x00, 0x00, 0x00, 0x00, 0x00, 0x00, 0x00, 0x00, 0x00, 0x00,
  0x00, 0x00, 0x00, 0x00, 0x00, 0x00, 0x00, 0x00, 0x00, 0x00, 0x00, 0x00,
  0x00, 0x00, 0x00, 0x00, 0x00, 0x00, 0x00, 0x00, 0x00, 0x00, 0x00, 0x00,
  0x00, 0x00, 0x00, 0x00, 0x00, 0x00, 0x00, 0x00, 0x00, 0x00, 0x00, 0x00,
  0x00, 0x00, 0x00, 0x00, 0x00, 0x00, 0x00, 0x12, 0x1a, 0x4c, 0x90, 0xd2,
  0xf3, 0x22, 0x22, 0xff, 0x31, 0x14, 0x12, 0x34, 0x56, 0x78, 0x39, 0x03,
  0x0b, 0xda, 0x00, 0x01, 0x01, 0x51, 0x00, 0x01, 0x00, 0x02, 0x00, 0x00,
  0x00, 0x00, 0xff, 0xff, 0xff, 0xff, 0xff, 0xff, 0xff, 0xff, 0xff, 0xff,
  0x02, 0x13, 0xe1, 0xe8, 0x64, 0x80, 0xf8, 0xe9, 0x33, 0xe8, 0x33, 0x60,
  0x11, 0x04, 0x60, 0xf0, 0xed, 0x33, 0xec, 0x33, 0x70, 0x09, 0xe8, 0xfc,
  0xe9, 0xfd, 0xea, 0xfe, 0xeb, 0xff, 0x22, 0x04, 0x60, 0xde, 0xd3, 0xeb,
  0x9f, 0xea, 0x9e, 0xe9, 0x9d, 0xe8, 0xc2, 0xe7, 0x8c, 0xf0, 0xc2, 0xf7,
  0x95, 0xf0, 0x40, 0x0c, 0xe8, 0xcc, 0xf8, 0xe9, 0xcd, 0xf9, 0xea, 0xce,
  0xfa, 0xeb, 0xcf, 0xfb, 0x12, 0x13, 0xac, 0x85, 0xd0, 0xf0, 0x58, 0x04,
  0x70, 0x03, 0x20, 0xd5, 0xb3, 0xe8, 0x04, 0x70, 0x07, 0x50, 0x02, 0xb2,
  0xd5, 0x02, 0x13, 0xeb, 0x92, 0xd5, 0xec, 0x04, 0x60, 0xf7, 0xe4, 0xcc,
  0xc0, 0xe0, 0xc3, 0x98, 0xf8, 0x60, 0x3b, 0x94, 0x18, 0x60, 0x08, 0x40,
  0x0d, 0xd0, 0xe0, 0xfb, 0x02, 0x13, 0xc3, 0xe4, 0xfb, 0xfa, 0xc9, 0xfc,
  0x80, 0x28, 0xe8, 0x30, 0xe4, 0x06, 0xe4, 0xc9, 0xfb, 0xe4, 0xca, 0xfc,
  0xe8, 0x30, 0xe3, 0x05, 0xe4, 0xc9, 0xca, 0xcb, 0xfc, 0xe8, 0x54, 0x07,
  0x60, 0x10, 0xf8, 0xc3, 0xe9, 0x13, 0xf9, 0xea, 0x13, 0xfa, 0xeb, 0x13,
  0xfb, 0xec, 0x13, 0xfc, 0xd8, 0xf1, 0x30, 0xf5, 0x2f, 0xc3, 0xe4, 0x9c,
  0xfc, 0xef, 0x9b, 0xff, 0xee, 0x9a, 0xfe, 0xed, 0x99, 0xfd, 0xd0, 0xe0,
  0xfb, 0xef, 0x4e, 0x4d, 0x4c, 0x70, 0x12, 0x22, 0xdb, 0x03, 0x02, 0x13,
  0xe8, 0xec, 0x2c, 0xfc, 0xef, 0x33, 0xff, 0xee, 0x33, 0xfe, 0xed, 0x33,
  0xfd, 0xed, 0x30, 0xe7, 0xeb, 0x02, 0x13, 0xc3, 0xef, 0x2b, 0xff, 0xee,
  0x3a, 0xfe, 0xed, 0x39, 0xfd, 0xd0, 0xe0, 0xfb, 0x50, 0x13, 0x0b, 0xbb,
  0x00, 0x03, 0x02, 0x13, 0xeb, 0xed, 0x13, 0xfd, 0xee, 0x13, 0xfe, 0xef,
  0x13, 0xff, 0xec, 0x13, 0xfc, 0x02, 0x13, 0xc3, 0xec, 0x4d, 0x60, 0x11,
  0xe8, 0x49, 0x70, 0x17, 0xed, 0x33, 0xec, 0x33, 0x04, 0x60, 0x0d, 0xe4,
  0xfc, 0xff, 0xfe, 0xfd, 0x22, 0xe9, 0x33, 0xe8, 0x33, 0x04, 0x70, 0xf8,
  0x02, 0x13, 0xe1, 0x12, 0x13, 0xac, 0x58, 0x04, 0x60, 0x09, 0xe4, 0xcc,
  0x24, 0x81, 0x50, 0x06, 0x28, 0x50, 0x09, 0x02, 0x13, 0xeb, 0x28, 0x40,
  0x03, 0x02, 0x13, 0xe8, 0xc0, 0xe0, 0xeb, 0x4a, 0x70, 0x44, 0xb9, 0x80,
  0x06, 0xd0, 0xe0, 0xfb, 0x02, 0x13, 0xd7, 0xef, 0x4e, 0x70, 0x1c, 0xbd,
  0x80, 0x08, 0xeb, 0xff, 0xea, 0xfe, 0xe9, 0xfd, 0x80, 0xeb, 0xe9, 0x8d,
  0xf0, 0xa4, 0xfe, 0xe5, 0xf0, 0x02, 0x12, 0x01, 0xe9, 0xcd, 0xf9, 0xea,
  0xfe, 0xeb, 0xff, 0xef, 0x89, 0xf0, 0xa4, 0xfc, 0xe5, 0xf0, 0xce, 0x89,
  0xf0, 0xa4, 0x2e, 0xff, 0xe4, 0x35, 0xf0, 0xcd, 0x89, 0xf0, 0xa4, 0x2d,
  0xfe, 0xe4, 0x35, 0xf0, 0x80, 0x67, 0xef, 0x4e, 0x70, 0x05, 0xbd, 0x80,
  0xd7, 0x80, 0xc3, 0xef, 0x8b, 0xf0, 0xa4, 0xac, 0xf0, 0xee, 0x8b, 0xf0,
  0xa4, 0x2c, 0xfc, 0xe4, 0x35, 0xf0, 0xf8, 0xef, 0x8a, 0xf0, 0xa4, 0x2c,
  0xe5, 0xf0, 0x38, 0xfc, 0xe4, 0x33, 0xcb, 0x8d, 0xf0, 0xa4, 0x2c, 0xfc,
  0xe5, 0xf0, 0x3b, 0xf8, 0xee, 0x8a, 0xf0, 0xa4, 0x2c, 0xfc, 0xe5, 0xf0,
  0x38, 0xf8, 0xe4, 0x33, 0xcf, 0x89, 0xf0, 0xa4, 0x2c, 0xfc, 0xe5, 0xf0,
  0x38, 0xcf, 0x34, 0x00, 0xce, 0x89, 0xf0, 0xa4, 0x2f, 0xff, 0xe5, 0xf0,
  0x3e, 0xfe, 0xe4, 0x33, 0xc9, 0x8d, 0xf0, 0xa4, 0x2e, 0xfe, 0xe5, 0xf0,
  0x39, 0xcd, 0x8a, 0xf0, 0xa4, 0x2f, 0xff, 0xe5, 0xf0, 0x3e, 0xfe, 0xe4,
  0x3d, 0xfd, 0x33, 0xd0, 0xe0, 0xfb, 0x50, 0x07, 0x0b, 0xbb, 0x00, 0x0f,
  0x02, 0x13, 0xeb, 0xec, 0x2c, 0xfc, 0xef, 0x33, 0xff, 0xee, 0x33, 0xfe,
  0xed, 0x33, 0xfd, 0x02, 0x13, 0xc3, 0x02, 0x13, 0xeb, 0xec, 0x5d, 0x04,
  0x60, 0x05, 0xe8, 0x59, 0x04, 0x70, 0x03, 0x02, 0x13, 0xe1, 0x12, 0x13,
  0xac, 0x58, 0x04, 0x60, 0xf6, 0xec, 0x48, 0x60, 0xf2, 0xec, 0x70, 0x04,
  0xfd, 0xfe, 0xff, 0x22, 0xc8, 0x60, 0xdb, 0x24, 0x81, 0xc8, 0x50, 0x09,
  0xc3, 0x98, 0x60, 0x02, 0x50, 0x06, 0x02, 0x13, 0xe8, 0x98, 0x50, 0xca,
  0xf5, 0x82, 0xe9, 0x29, 0x4b, 0x4a, 0x70, 0x05, 0xab, 0x82, 0x02, 0x13,
  0xd7, 0x75, 0xf0, 0x00, 0x7c, 0x1a, 0x78, 0x80, 0xc3, 0xef, 0x9b, 0xee,
  0x9a, 0xed, 0x99, 0x40, 0x0d, 0xc3, 0xef, 0x9b, 0xff, 0xee, 0x9a, 0xfe,
  0xed, 0x99, 0xfd, 0xe8, 0x42, 0xf0, 0xdc, 0x23, 0xac, 0xf0, 0xd0, 0xe0,
  0xff, 0xd0, 0xe0, 0xfe, 0xd0, 0xe0, 0xfd, 0xab, 0x82, 0x20, 0xe7, 0x10,
  0x1b, 0xeb, 0x60, 0xba, 0xec, 0x2c, 0xfc, 0xef, 0x33, 0xff, 0xee, 0x33,
  0xfe, 0xed, 0x33, 0xfd, 0x02, 0x13, 0xc3, 0xe8, 0x03, 0xf8, 0x30, 0xe7,
  0x05, 0xc0, 0xf0, 0x75, 0xf0, 0x00, 0xef, 0x2f, 0xff, 0xee, 0x33, 0xfe,
  0xed, 0x33, 0xfd, 0x40, 0xb8, 0x30, 0xe7, 0xc2, 0x80, 0xaa, 0x74, 0xf8,
  0xcc, 0x64, 0x80, 0xcc, 0xc8, 0x64, 0x80, 0xc8, 0xf5, 0x82, 0x04, 0x60,
  0x4f, 0xc3, 0xeb, 0x9f, 0xf5, 0xf0, 0xea, 0x9e, 0x42, 0xf0, 0xe9, 0x9d,
  0x42, 0xf0, 0xe8, 0x9c, 0x45, 0xf0, 0x60, 0x3c, 0x50, 0x1d, 0xe5, 0x82,
  0x5f, 0xff, 0xe5, 0x82, 0xd3, 0x13, 0xcb, 0x5b, 0xcb, 0xf4, 0x2b, 0x55,
  0x82, 0xfb, 0x50, 0x28, 0x0a, 0xba, 0x00, 0x24, 0x09, 0xb9, 0x00, 0x20,
  0x08, 0x80, 0x1d, 0xe5, 0x82, 0x5b, 0xfb, 0xe5, 0x82, 0xd3, 0x13, 0xcf,
  0x5f, 0xcf, 0xf4, 0xc3, 0x13, 0x2f, 0x55, 0x82, 0xff, 0x50, 0x09, 0x0e,
  0xbe, 0x00, 0x05, 0x0d, 0xbd, 0x00, 0x01, 0x0c, 0xc3, 0xeb, 0x9f, 0xf5,
  0xf0, 0xea, 0x9e, 0x42, 0xf0, 0xe9, 0x9d, 0x42, 0xf0, 0xe8, 0x9c, 0x45,
  0xf0, 0x60, 0x07, 0xcc, 0x48, 0x20, 0xe7, 0x01, 0xb3, 0xec, 0x22, 0x75,
  0xf0, 0x20, 0x80, 0x0e, 0x75, 0xf0, 0x10, 0x80, 0x05, 0x75, 0xf0, 0x08,
  0x7d, 0x00, 0x7e, 0x00, 0x7f, 0x00, 0x33, 0x92, 0xd5, 0x30, 0xd5, 0x03,
  0x12, 0x19, 0x4f, 0xec, 0x33, 0x40, 0x10, 0xef, 0x33, 0xff, 0xee, 0x33,
  0xfe, 0xed, 0x33, 0xfd, 0xec, 0x33, 0xfc, 0xd5, 0xf0, 0xed, 0x22, 0xe5,
  0xf0, 0x24, 0x7e, 0xa2, 0xd5, 0x13, 0xcc, 0x92, 0xe7, 0xcd, 0xce, 0xff,
  0x22, 0xed, 0xd2, 0xe7, 0xcd, 0x33, 0xec, 0x33, 0x92, 0xd5, 0x24, 0x81,
  0x40, 0x06, 0xe4, 0xff, 0xfe, 0xfd, 0xfc, 0x22, 0xfc, 0xe4, 0xcf, 0xce,
  0xcd, 0xcc, 0x24, 0xe0, 0x50, 0x11, 0x74, 0xff, 0x80, 0xed, 0xc3, 0xcc,
  0x13, 0xcc, 0xcd, 0x13, 0xcd, 0xce, 0x13, 0xce, 0xcf, 0x13, 0xcf, 0x04,
  0x70, 0xf0, 0x30, 0xd5, 0xde, 0x02, 0x19, 0x4f, 0xe9, 0xd2, 0xe7, 0xc9,
  0x33, 0xe8, 0x33, 0xf8, 0x92, 0xd5, 0xed, 0xd2, 0xe7, 0xcd, 0x33, 0xec,
  0x33, 0xfc, 0x50, 0x02, 0xb2, 0xd5, 0x22, 0xec, 0x30, 0xe7, 0x10, 0x0f,
  0xbf, 0x00, 0x0c, 0x0e, 0xbe, 0x00, 0x08, 0x0d, 0xbd, 0x00, 0x04, 0x0b,
  0xeb, 0x60, 0x14, 0xa2, 0xd5, 0xeb, 0x13, 0xfc, 0xed, 0x92, 0xe7, 0xfd,
  0x22, 0x74, 0xff, 0xfc, 0xfd, 0xfe, 0xff, 0x22, 0xe4, 0x80, 0xf8, 0xa2,
  0xd5, 0x74, 0xff, 0x13, 0xfc, 0x7d, 0x80, 0xe4, 0x80, 0xef, 0xed, 0x33,
  0xec, 0x33, 0x60, 0x10, 0x04, 0x70, 0x0f, 0xed, 0x54, 0x7f, 0x70, 0x05,
  0x74, 0x02, 0x92, 0xe0, 0x22, 0x74, 0x04, 0x22, 0x04, 0x22, 0xe4, 0x22,
  0xed, 0x33, 0xec, 0x33, 0x60, 0x0a, 0x04, 0x70, 0x03, 0xbd, 0x80, 0x04,
  0xec, 0xb2, 0xe7, 0xfc, 0x22, 0xc0, 0xe0, 0xef, 0xfb, 0xee, 0xfa, 0xed,
  0xf9, 0xec, 0xf8, 0x12, 0x11, 0x18, 0xd0, 0xe0, 0xf5, 0xf0, 0xef, 0xfb,
  0xee, 0xfa, 0xed, 0xf9, 0xec, 0xf8, 0x12, 0x1a, 0x58, 0xa3, 0xa3, 0xa3,
  0xa3, 0xe8, 0xc0, 0xe0, 0xe9, 0xc0, 0xe0, 0xea, 0xc0, 0xe0, 0xeb, 0xc0,
  0xe0, 0xc0, 0xf0, 0x12, 0x11, 0x18, 0x12, 0x1a, 0x74, 0xa3, 0xa3, 0xa3,
  0xa3, 0x12, 0x10, 0x27, 0xd0, 0xf0, 0xd0, 0xe0, 0xfb, 0xd0, 0xe0, 0xfa,
  0xd0, 0xe0, 0xf9, 0xd0, 0xe0, 0xf8, 0xd5, 0xf0, 0xd4, 0x22, 0xe7, 0x09,
  0xf6, 0x08, 0xdf, 0xfa, 0x80, 0x46, 0xe7, 0x09, 0xf2, 0x08, 0xdf, 0xfa,
  0x80, 0x3e, 0x88, 0x82, 0x8c, 0x83, 0xe7, 0x09, 0xf0, 0xa3, 0xdf, 0xfa,
  0x80, 0x32, 0xe3, 0x09, 0xf6, 0x08, 0xdf, 0xfa, 0x80, 0x78, 0xe3, 0x09,
  0xf2, 0x08, 0xdf, 0xfa, 0x80, 0x70, 0x88, 0x82, 0x8c, 0x83, 0xe3, 0x09,
  0xf0, 0xa3, 0xdf, 0xfa, 0x80, 0x64, 0x89, 0x82, 0x8a, 0x83, 0xe0, 0xa3,
  0xf6, 0x08, 0xdf, 0xfa, 0x80, 0x58, 0x89, 0x82, 0x8a, 0x83, 0xe0, 0xa3,
  0xf2, 0x08, 0xdf, 0xfa, 0x80, 0x4c, 0x80, 0xd2, 0x80, 0xfa, 0x80, 0xc6,
  0x80, 0xd4, 0x80, 0x69, 0x80, 0xf2, 0x80, 0x33, 0x80, 0x10, 0x80, 0xa6,
  0x80, 0xea, 0x80, 0x9a, 0x80, 0xa8, 0x80, 0xda, 0x80, 0xe2, 0x80, 0xca,
  0x80, 0x33, 0x89, 0x82, 0x8a, 0x83, 0xec, 0xfa, 0xe4, 0x93, 0xa3, 0xc8,
  0xc5, 0x82, 0xc8, 0xcc, 0xc5, 0x83, 0xcc, 0xf0, 0xa3, 0xc8, 0xc5, 0x82,
  0xc8, 0xcc, 0xc5, 0x83, 0xcc, 0xdf, 0xe9, 0xde, 0xe7, 0x80, 0x0d, 0x89,
  0x82, 0x8a, 0x83, 0xe4, 0x93, 0xa3, 0xf6, 0x08, 0xdf, 0xf9, 0xec, 0xfa,
  0xa9, 0xf0, 0xed, 0xfb, 0x22, 0x89, 0x82, 0x8a, 0x83, 0xec, 0xfa, 0xe0,
  0xa3, 0xc8, 0xc5, 0x82, 0xc8, 0xcc, 0xc5, 0x83, 0xcc, 0xf0, 0xa3, 0xc8,
  0xc5, 0x82, 0xc8, 0xcc, 0xc5, 0x83, 0xcc, 0xdf, 0xea, 0xde, 0xe8, 0x80,
  0xdb, 0x89, 0x82, 0x8a, 0x83, 0xe4, 0x93, 0xa3, 0xf2, 0x08, 0xdf, 0xf9,
  0x80, 0xcc, 0x88, 0xf0, 0xef, 0x60, 0x01, 0x0e, 0x4e, 0x60, 0xc3, 0x88,
  0xf0, 0xed, 0x24, 0x02, 0xb4, 0x04, 0x00, 0x50, 0xb9, 0xf5, 0x82, 0xeb,
  0x24, 0x02, 0xb4, 0x04, 0x00, 0x50, 0xaf, 0x23, 0x23, 0x45, 0x82, 0x23,
  0x90, 0x14, 0xbe, 0x73, 0xbb, 0x01, 0x06, 0x89, 0x82, 0x8a, 0x83, 0xe0,
  0x22, 0x50, 0x02, 0xe7, 0x22, 0xbb, 0xfe, 0x02, 0xe3, 0x22, 0x89, 0x82,
  0x8a, 0x83, 0xe4, 0x93, 0x22, 0xbb, 0x01, 0x0c, 0xe5, 0x82, 0x29, 0xf5,
  0x82, 0xe5, 0x83, 0x3a, 0xf5, 0x83, 0xe0, 0x22, 0x50, 0x06, 0xe9, 0x25,
  0x82, 0xf8, 0xe6, 0x22, 0xbb, 0xfe, 0x06, 0xe9, 0x25, 0x82, 0xf8, 0xe2,
  0x22, 0xe5, 0x82, 0x29, 0xf5, 0x82, 0xe5, 0x83, 0x3a, 0xf5, 0x83, 0xe4,
  0x93, 0x22, 0xbb, 0x01, 0x09, 0x89, 0x82, 0x8a, 0x83, 0xf8, 0xe0, 0x28,
  0xf0, 0x22, 0x50, 0x03, 0x27, 0xf7, 0x22, 0xbb, 0xfe, 0x05, 0xf8, 0xe3,
  0x28, 0xf3, 0x22, 0x8a, 0x83, 0x89, 0x82, 0xf8, 0xe4, 0x93, 0x28, 0x22,
  0xbb, 0x01, 0x06, 0x89, 0x82, 0x8a, 0x83, 0xf0, 0x22, 0x50, 0x02, 0xf7,
  0x22, 0xbb, 0xfe, 0x01, 0xf3, 0x22, 0xf8, 0xbb, 0x01, 0x0d, 0xe5, 0x82,
  0x29, 0xf5, 0x82, 0xe5, 0x83, 0x3a, 0xf5, 0x83, 0xe8, 0xf0, 0x22, 0x50,
  0x06, 0xe9, 0x25, 0x82, 0xc8, 0xf6, 0x22, 0xbb, 0xfe, 0x05, 0xe9, 0x25,
  0x82, 0xc8, 0xf2, 0x22, 0xef, 0x8d, 0xf0, 0xa4, 0xa8, 0xf0, 0xcf, 0x8c,
  0xf0, 0xa4, 0x28, 0xce, 0x8d, 0xf0, 0xa4, 0x2e, 0xfe, 0x22, 0xbc, 0x00,
  0x0b, 0xbe, 0x00, 0x29, 0xef, 0x8d, 0xf0, 0x84, 0xff, 0xad, 0xf0, 0x22,
  0xe4, 0xcc, 0xf8, 0x75, 0xf0, 0x08, 0xef, 0x2f, 0xff, 0xee, 0x33, 0xfe,
  0xec, 0x33, 0xfc, 0xee, 0x9d, 0xec, 0x98, 0x40, 0x05, 0xfc, 0xee, 0x9d,
  0xfe, 0x0f, 0xd5, 0xf0, 0xe9, 0xe4, 0xce, 0xfd, 0x22, 0xed, 0xf8, 0xf5,
  0xf0, 0xee, 0x84, 0x20, 0xd2, 0x1c, 0xfe, 0xad, 0xf0, 0x75, 0xf0, 0x08,
  0xef, 0x2f, 0xff, 0xed, 0x33, 0xfd, 0x40, 0x07, 0x98, 0x50, 0x06, 0xd5,
  0xf0, 0xf2, 0x22, 0xc3, 0x98, 0xfd, 0x0f, 0xd5, 0xf0, 0xea, 0x22, 0xc2,
  0xd5, 0xec, 0x30, 0xe7, 0x09, 0xb2, 0xd5, 0xe4, 0xc3, 0x9d, 0xfd, 0xe4,
  0x9c, 0xfc, 0xee, 0x30, 0xe7, 0x15, 0xb2, 0xd5, 0xe4, 0xc3, 0x9f, 0xff,
  0xe4, 0x9e, 0xfe, 0x12, 0x16, 0x12, 0xc3, 0xe4, 0x9d, 0xfd, 0xe4, 0x9c,
  0xfc, 0x80, 0x03, 0x12, 0x16, 0x12, 0x30, 0xd5, 0x07, 0xc3, 0xe4, 0x9f,
  0xff, 0xe4, 0x9e, 0xfe, 0x22, 0xc5, 0xf0, 0xf8, 0xa3, 0xe0, 0x28, 0xf0,
  0xc5, 0xf0, 0xf8, 0xe5, 0x82, 0x15, 0x82, 0x70, 0x02, 0x15, 0x83, 0xe0,
  0x38, 0xf0, 0x22, 0xa3, 0xf8, 0xe0, 0xc5, 0xf0, 0x25, 0xf0, 0xf0, 0xe5,
  0x82, 0x15, 0x82, 0x70, 0x02, 0x15, 0x83, 0xe0, 0xc8, 0x38, 0xf0, 0xe8,
  0x22, 0xbb, 0x01, 0x0a, 0x89, 0x82, 0x8a, 0x83, 0xe0, 0xf5, 0xf0, 0xa3,
  0xe0, 0x22, 0x50, 0x06, 0x87, 0xf0, 0x09, 0xe7, 0x19, 0x22, 0xbb, 0xfe,
  0x07, 0xe3, 0xf5, 0xf0, 0x09, 0xe3, 0x19, 0x22, 0x89, 0x82, 0x8a, 0x83,
  0xe4, 0x93, 0xf5, 0xf0, 0x74, 0x01, 0x93, 0x22, 0xbb, 0x01, 0x10, 0xe5,
  0x82, 0x29, 0xf5, 0x82, 0xe5, 0x83, 0x3a, 0xf5, 0x83, 0xe0, 0xf5, 0xf0,
  0xa3, 0xe0, 0x22, 0x50, 0x09, 0xe9, 0x25, 0x82, 0xf8, 0x86, 0xf0, 0x08,
  0xe6, 0x22, 0xbb, 0xfe, 0x0a, 0xe9, 0x25, 0x82, 0xf8, 0xe2, 0xf5, 0xf0,
  0x08, 0xe2, 0x22, 0xe5, 0x83, 0x2a, 0xf5, 0x83, 0xe9, 0x93, 0xf5, 0xf0,
  0xa3, 0xe9, 0x93, 0x22, 0xbb, 0x01, 0x07, 0x89, 0x82, 0x8a, 0x83, 0x02,
  0x16, 0x9d, 0x50, 0x0b, 0x09, 0xc5, 0xf0, 0x27, 0xf7, 0xc5, 0xf0, 0x19,
  0x37, 0xf7, 0x22, 0xbb, 0xfe, 0x0d, 0x09, 0xf8, 0xe3, 0x25, 0xf0, 0xf3,
  0xc5, 0xf0, 0x19, 0xe3, 0x38, 0xf3, 0x22, 0xf8, 0x89, 0x82, 0x8a, 0x83,
  0x74, 0x01, 0x93, 0x25, 0xf0, 0xc5, 0xf0, 0xf8, 0xe4, 0x93, 0x38, 0x22,
  0xbb, 0x01, 0x0d, 0xc5, 0x82, 0x29, 0xc5, 0x82, 0xc5, 0x83, 0x3a, 0xc5,
  0x83, 0x02, 0x16, 0x9d, 0x50, 0x11, 0xc5, 0x82, 0x29, 0xf8, 0x08, 0xe5,
  0xf0, 0x26, 0xf6, 0x18, 0xf5, 0xf0, 0xe5, 0x82, 0x36, 0xf6, 0x22, 0xbb,
  0xfe, 0x11, 0xc5, 0x82, 0x29, 0xf8, 0x08, 0xe2, 0x25, 0xf0, 0xf5, 0xf0,
  0xf2, 0x18, 0xe2, 0x35, 0x82, 0xf2, 0x22, 0xf8, 0xe5, 0x82, 0x29, 0xf5,
  0x82, 0xe5, 0x83, 0x2a, 0xf5, 0x83, 0x74, 0x01, 0x93, 0x25, 0xf0, 0xf5,
  0xf0, 0xe4, 0x93, 0x38, 0x22, 0xbb, 0x01, 0x0a, 0x89, 0x82, 0x8a, 0x83,
  0xf0, 0xe5, 0xf0, 0xa3, 0xf0, 0x22, 0x50, 0x06, 0xf7, 0x09, 0xa7, 0xf0,
  0x19, 0x22, 0xbb, 0xfe, 0x06, 0xf3, 0xe5, 0xf0, 0x09, 0xf3, 0x19, 0x22,
  0xf8, 0xbb, 0x01, 0x11, 0xe5, 0x82, 0x29, 0xf5, 0x82, 0xe5, 0x83, 0x3a,
  0xf5, 0x83, 0xe8, 0xf0, 0xe5, 0xf0, 0xa3, 0xf0, 0x22, 0x50, 0x09, 0xe9,
  0x25, 0x82, 0xc8, 0xf6, 0x08, 0xa6, 0xf0, 0x22, 0xbb, 0xfe, 0x09, 0xe9,
  0x25, 0x82, 0xc8, 0xf2, 0xe5, 0xf0, 0x08, 0xf2, 0x22, 0xef, 0x2b, 0xff,
  0xee, 0x3a, 0xfe, 0xed, 0x39, 0xfd, 0xec, 0x38, 0xfc, 0x22, 0xc3, 0xef,
  0x9b, 0xff, 0xee, 0x9a, 0xfe, 0xed, 0x99, 0xfd, 0xec, 0x98, 0xfc, 0x22,
  0xe8, 0x8f, 0xf0, 0xa4, 0xcc, 0x8b, 0xf0, 0xa4, 0x2c, 0xfc, 0xe9, 0x8e,
  0xf0, 0xa4, 0x2c, 0xfc, 0x8a, 0xf0, 0xed, 0xa4, 0x2c, 0xfc, 0xea, 0x8e,
  0xf0, 0xa4, 0xcd, 0xa8, 0xf0, 0x8b, 0xf0, 0xa4, 0x2d, 0xcc, 0x38, 0x25,
  0xf0, 0xfd, 0xe9, 0x8f, 0xf0, 0xa4, 0x2c, 0xcd, 0x35, 0xf0, 0xfc, 0xeb,
  0x8e, 0xf0, 0xa4, 0xfe, 0xa9, 0xf0, 0xeb, 0x8f, 0xf0, 0xa4, 0xcf, 0xc5,
  0xf0, 0x2e, 0xcd, 0x39, 0xfe, 0xe4, 0x3c, 0xfc, 0xea, 0xa4, 0x2d, 0xce,
  0x35, 0xf0, 0xfd, 0xe4, 0x3c, 0xfc, 0x22, 0x75, 0xf0, 0x08, 0x75, 0x82,
  0x00, 0xef, 0x2f, 0xff, 0xee, 0x33, 0xfe, 0xcd, 0x33, 0xcd, 0xcc, 0x33,
  0xcc, 0xc5, 0x82, 0x33, 0xc5, 0x82, 0x9b, 0xed, 0x9a, 0xec, 0x99, 0xe5,
  0x82, 0x98, 0x40, 0x0c, 0xf5, 0x82, 0xee, 0x9b, 0xfe, 0xed, 0x9a, 0xfd,
  0xec, 0x99, 0xfc, 0x0f, 0xd5, 0xf0, 0xd6, 0xe4, 0xce, 0xfb, 0xe4, 0xcd,
  0xfa, 0xe4, 0xcc, 0xf9, 0xa8, 0x82, 0x22, 0xb8, 0x00, 0xc1, 0xb9, 0x00,
  0x59, 0xba, 0x00, 0x2d, 0xec, 0x8b, 0xf0, 0x84, 0xcf, 0xce, 0xcd, 0xfc,
  0xe5, 0xf0, 0xcb, 0xf9, 0x78, 0x18, 0xef, 0x2f, 0xff, 0xee, 0x33, 0xfe,
  0xed, 0x33, 0xfd, 0xec, 0x33, 0xfc, 0xeb, 0x33, 0xfb, 0x10, 0xd7, 0x03,
  0x99, 0x40, 0x04, 0xeb, 0x99, 0xfb, 0x0f, 0xd8, 0xe5, 0xe4, 0xf9, 0xfa,
  0x22, 0x78, 0x18, 0xef, 0x2f, 0xff, 0xee, 0x33, 0xfe, 0xed, 0x33, 0xfd,
  0xec, 0x33, 0xfc, 0xc9, 0x33, 0xc9, 0x10, 0xd7, 0x05, 0x9b, 0xe9, 0x9a,
  0x40, 0x07, 0xec, 0x9b, 0xfc, 0xe9, 0x9a, 0xf9, 0x0f, 0xd8, 0xe0, 0xe4,
  0xc9, 0xfa, 0xe4, 0xcc, 0xfb, 0x22, 0x75, 0xf0, 0x10, 0xef, 0x2f, 0xff,
  0xee, 0x33, 0xfe, 0xed, 0x33, 0xfd, 0xcc, 0x33, 0xcc, 0xc8, 0x33, 0xc8,
  0x10, 0xd7, 0x07, 0x9b, 0xec, 0x9a, 0xe8, 0x99, 0x40, 0x0a, 0xed, 0x9b,
  0xfd, 0xec, 0x9a, 0xfc, 0xe8, 0x99, 0xf8, 0x0f, 0xd5, 0xf0, 0xda, 0xe4,
  0xcd, 0xfb, 0xe4, 0xcc, 0xfa, 0xe4, 0xc8, 0xf9, 0x22, 0xef, 0x5b, 0xff,
  0xee, 0x5a, 0xfe, 0xed, 0x59, 0xfd, 0xec, 0x58, 0xfc, 0x22, 0xef, 0x4b,
  0xff, 0xee, 0x4a, 0xfe, 0xed, 0x49, 0xfd, 0xec, 0x48, 0xfc, 0x22, 0xc3,
  0xe4, 0x9f, 0xff, 0xe4, 0x9e, 0xfe, 0xe4, 0x9d, 0xfd, 0xe4, 0x9c, 0xfc,
  0x22, 0xeb, 0x9f, 0xf5, 0xf0, 0xea, 0x9e, 0x42, 0xf0, 0xe9, 0x9d, 0x42,
  0xf0, 0xec, 0x64, 0x80, 0xc8, 0x64, 0x80, 0x98, 0x45, 0xf0, 0x22, 0xeb,
  0x9f, 0xf5, 0xf0, 0xea, 0x9e, 0x42, 0xf0, 0xe9, 0x9d, 0x42, 0xf0, 0xe8,
  0x9c, 0x45, 0xf0, 0x22, 0xe8, 0x60, 0x0f, 0xec, 0xc3, 0x13, 0xfc, 0xed,
  0x13, 0xfd, 0xee, 0x13, 0xfe, 0xef, 0x13, 0xff, 0xd8, 0xf1, 0x22, 0xe8,
  0x60, 0x10, 0xec, 0xa2, 0xe7, 0x13, 0xfc, 0xed, 0x13, 0xfd, 0xee, 0x13,
  0xfe, 0xef, 0x13, 0xff, 0xd8, 0xf0, 0x22, 0xe8, 0x60, 0x0f, 0xef, 0xc3,
  0x33, 0xff, 0xee, 0x33, 0xfe, 0xed, 0x33, 0xfd, 0xec, 0x33, 0xfc, 0xd8,
  0xf1, 0x22, 0xbb, 0x01, 0x07, 0x89, 0x82, 0x8a, 0x83, 0x02, 0x1a, 0x4c,
  0x50, 0x05, 0xe9, 0xf8, 0x02, 0x1d, 0x4a, 0xbb, 0xfe, 0x05, 0xe9, 0xf8,
  0x02, 0x1d, 0x56, 0x89, 0x82, 0x8a, 0x83, 0x02, 0x1a, 0x58, 0xbb, 0x01,
  0x0d, 0xe5, 0x82, 0x29, 0xf5, 0x82, 0xe5, 0x83, 0x3a, 0xf5, 0x83, 0x02,
  0x1a, 0x4c, 0x50, 0x07, 0xe9, 0x25, 0x82, 0xf8, 0x02, 0x1d, 0x4a, 0xbb,
  0xfe, 0x07, 0xe9, 0x25, 0x82, 0xf8, 0x02, 0x1d, 0x56, 0xe5, 0x82, 0x29,
  0xf5, 0x82, 0xe5, 0x83, 0x3a, 0xf5, 0x83, 0x02, 0x1a, 0x58, 0xbb, 0x01,
  0x07, 0x89, 0x82, 0x8a, 0x83, 0x02, 0x1a, 0xe9, 0x50, 0x05, 0xe9, 0xf8,
  0x02, 0x1d, 0x7c, 0xbb, 0xfe, 0x05, 0xe9, 0xf8, 0x02, 0x1d, 0x88, 0x22,
  0xbb, 0x01, 0x0d, 0xe5, 0x82, 0x29, 0xf5, 0x82, 0xe5, 0x83, 0x3a, 0xf5,
  0x83, 0x02, 0x1a, 0xe9, 0x50, 0x07, 0xe9, 0x25, 0x82, 0xf8, 0x02, 0x1d,
  0x7c, 0xbb, 0xfe, 0x07, 0xe9, 0x25, 0x82, 0xf8, 0x02, 0x1d, 0x88, 0x22,
  0xe0, 0xfc, 0xa3, 0xe0, 0xfd, 0xa3, 0xe0, 0xfe, 0xa3, 0xe0, 0xff, 0x22,
  0xe4, 0x93, 0xfc, 0x74, 0x01, 0x93, 0xfd, 0x74, 0x02, 0x93, 0xfe, 0x74,
  0x03, 0x93, 0xff, 0x22, 0xe0, 0xf8, 0xa3, 0xe0, 0xf9, 0xa3, 0xe0, 0xfa,
  0xa3, 0xe0, 0xfb, 0x22, 0xe4, 0x93, 0xf8, 0x74, 0x01, 0x93, 0xf9, 0x74,
  0x02, 0x93, 0xfa, 0x74, 0x03, 0x93, 0xfb, 0x22, 0xbb, 0x01, 0x0d, 0xe5,
  0x82, 0x29, 0xf5, 0x82, 0xe5, 0x83, 0x3a, 0xf5, 0x83, 0x02, 0x1a, 0x68,
  0x50, 0x07, 0xe9, 0x25, 0x82, 0xf8, 0x02, 0x1d, 0x62, 0xbb, 0xfe, 0x07,
  0xe9, 0x25, 0x82, 0xf8, 0x02, 0x1d, 0x6f, 0xe5, 0x82, 0x29, 0xf5, 0x82,
  0xe5, 0x83, 0x3a, 0xf5, 0x83, 0x02, 0x1a, 0x74, 0x74, 0x01, 0xff, 0x33,
  0x95, 0xe0, 0xfe, 0xfd, 0xfc, 0xa3, 0xa3, 0xa3, 0xe0, 0x2f, 0xff, 0xf0,
  0xe5, 0x82, 0x15, 0x82, 0x70, 0x02, 0x15, 0x83, 0xe0, 0x3e, 0xfe, 0xf0,
  0xe5, 0x82, 0x15, 0x82, 0x70, 0x02, 0x15, 0x83, 0xe0, 0x3d, 0xfd, 0xf0,
  0xe5, 0x82, 0x15, 0x82, 0x70, 0x02, 0x15, 0x83, 0xe0, 0x3c, 0xfc, 0xf0,
  0x22, 0xec, 0xf0, 0xa3, 0xed, 0xf0, 0xa3, 0xee, 0xf0, 0xa3, 0xef, 0xf0,
  0x22, 0xa8, 0x82, 0x85, 0x83, 0xf0, 0xd0, 0x83, 0xd0, 0x82, 0x12, 0x1b,
  0x0c, 0x12, 0x1b, 0x0c, 0x12, 0x1b, 0x0c, 0x12, 0x1b, 0x0c, 0xe4, 0x73,
  0xe4, 0x93, 0xa3, 0xc5, 0x83, 0xc5, 0xf0, 0xc5, 0x83, 0xc8, 0xc5, 0x82,
  0xc8, 0xf0, 0xa3, 0xc5, 0x83, 0xc5, 0xf0, 0xc5, 0x83, 0xc8, 0xc5, 0x82,
  0xc8, 0x22, 0xf5, 0xf0, 0xc5, 0x82, 0xa4, 0xc5, 0x82, 0xc5, 0xf0, 0xc5,
  0x83, 0xa4, 0x25, 0x83, 0xf5, 0x83, 0x22, 0xa4, 0x25, 0x82, 0xf5, 0x82,
  0xe5, 0xf0, 0x35, 0x83, 0xf5, 0x83, 0x22, 0xe0, 0xfb, 0xa3, 0xe0, 0xfa,
  0xa3, 0xe0, 0xf9, 0x22, 0xf8, 0xe0, 0xfb, 0xa3, 0xa3, 0xe0, 0xf9, 0x25,
  0xf0, 0xf0, 0xe5, 0x82, 0x15, 0x82, 0x70, 0x02, 0x15, 0x83, 0xe0, 0xfa,
  0x38, 0xf0, 0x22, 0xeb, 0xf0, 0xa3, 0xea, 0xf0, 0xa3, 0xe9, 0xf0, 0x22,
  0xbb, 0x01, 0x07, 0x89, 0x82, 0x8a, 0x83, 0x02, 0x1b, 0x43, 0x50, 0x05,
  0xe9, 0xf8, 0x02, 0x1d, 0x94, 0xbb, 0xfe, 0x05, 0xe9, 0xf8, 0x02, 0x1d,
  0xa6, 0x89, 0x82, 0x8a, 0x83, 0x02, 0x1d, 0xb8, 0xbb, 0x01, 0x1a, 0x89,
  0x82, 0x8a, 0x83, 0xd0, 0xf0, 0xd0, 0xe0, 0xf8, 0xd0, 0xe0, 0xf9, 0xd0,
  0xe0, 0xfa, 0xd0, 0xe0, 0xfb, 0xe8, 0xc0, 0xe0, 0xc0, 0xf0, 0x02, 0x1b,
  0x63, 0x50, 0x16, 0xe9, 0xf8, 0xd0, 0x83, 0xd0, 0x82, 0xd0, 0xe0, 0xf9,
  0xd0, 0xe0, 0xfa, 0xd0, 0xe0, 0xfb, 0xc0, 0x82, 0xc0, 0x83, 0x02, 0x1d,
  0x9d, 0xbb, 0xfe, 0x16, 0xe9, 0xf8, 0xd0, 0x83, 0xd0, 0x82, 0xd0, 0xe0,
  0xf9, 0xd0, 0xe0, 0xfa, 0xd0, 0xe0, 0xfb, 0xc0, 0x82, 0xc0, 0x83, 0x02,
  0x1d, 0xaf, 0x22, 0xbb, 0x01, 0x0d, 0xe5, 0x82, 0x29, 0xf5, 0x82, 0xe5,
  0x83, 0x3a, 0xf5, 0x83, 0x02, 0x1b, 0x43, 0x50, 0x07, 0xe9, 0x25, 0x82,
  0xf8, 0x02, 0x1d, 0x94, 0xbb, 0xfe, 0x07, 0xe9, 0x25, 0x82, 0xf8, 0x02,
  0x1d, 0xa6, 0xe5, 0x82, 0x29, 0xf5, 0x82, 0xe5, 0x83, 0x3a, 0xf5, 0x83,
  0x02, 0x1d, 0xb8, 0xbb, 0x01, 0x20, 0xe5, 0x82, 0x29, 0xf5, 0x82, 0xe5,
  0x83, 0x3a, 0xf5, 0x83, 0xd0, 0xf0, 0xd0, 0xe0, 0xf8, 0xd0, 0xe0, 0xf9,
  0xd0, 0xe0, 0xfa, 0xd0, 0xe0, 0xfb, 0xe8, 0xc0, 0xe0, 0xc0, 0xf0, 0x02,
  0x1b, 0x63, 0x50, 0x18, 0xe9, 0x25, 0x82, 0xf8, 0xd0, 0x83, 0xd0, 0x82,
  0xd0, 0xe0, 0xf9, 0xd0, 0xe0, 0xfa, 0xd0, 0xe0, 0xfb, 0xc0, 0x82, 0xc0,
  0x83, 0x02, 0x1d, 0x9d, 0xbb, 0xfe, 0x18, 0xe9, 0x25, 0x82, 0xf8, 0xd0,
  0x83, 0xd0, 0x82, 0xd0, 0xe0, 0xf9, 0xd0, 0xe0, 0xfa, 0xd0, 0xe0, 0xfb,
  0xc0, 0x82, 0xc0, 0x83, 0x02, 0x1d, 0xaf, 0x22, 0xd0, 0x83, 0xd0, 0x82,
  0xf8, 0xe4, 0x93, 0x70, 0x12, 0x74, 0x01, 0x93, 0x70, 0x0d, 0xa3, 0xa3,
  0x93, 0xf8, 0x74, 0x01, 0x93, 0xf5, 0x82, 0x88, 0x83, 0xe4, 0x73, 0x74,
  0x02, 0x93, 0x68, 0x60, 0xef, 0xa3, 0xa3, 0xa3, 0x80, 0xdf, 0xd0, 0x83,
  0xd0, 0x82, 0xf8, 0xe4, 0x93, 0x70, 0x12, 0x74, 0x01, 0x93, 0x70, 0x0d,
  0xa3, 0xa3, 0x93, 0xf8, 0x74, 0x01, 0x93, 0xf5, 0x82, 0x88, 0x83, 0xe4,
  0x73, 0x74, 0x02, 0x93, 0xb5, 0xf0, 0x06, 0x74, 0x03, 0x93, 0x68, 0x60,
  0xe9, 0xa3, 0xa3, 0xa3, 0xa3, 0x80, 0xd8, 0xd0, 0x83, 0xd0, 0x82, 0xe4,
  0x93, 0x70, 0x12, 0x74, 0x01, 0x93, 0x70, 0x0d, 0xa3, 0xa3, 0x93, 0xf8,
  0x74, 0x01, 0x93, 0xf5, 0x82, 0x88, 0x83, 0xe4, 0x73, 0x74, 0x02, 0x93,
  0x6c, 0x70, 0x12, 0x74, 0x03, 0x93, 0x6d, 0x70, 0x0c, 0x74, 0x04, 0x93,
  0x6e, 0x70, 0x06, 0x74, 0x05, 0x93, 0x6f, 0x60, 0xdd, 0xa3, 0xa3, 0xa3,
  0xa3, 0xa3, 0xa3, 0x80, 0xca, 0xec, 0x8e, 0xf0, 0xa4, 0xcc, 0xc5, 0xf0,
  0xcc, 0xcd, 0xf8, 0xef, 0xa4, 0xce, 0xc5, 0xf0, 0x2d, 0xfd, 0xe4, 0x3c,
  0xfc, 0xe8, 0xa4, 0x2e, 0xc8, 0xc5, 0xf0, 0x3d, 0xfd, 0xe4, 0x3c, 0xfc,
  0xef, 0xa4, 0xff, 0xe5, 0xf0, 0x28, 0xfe, 0xe4, 0x3d, 0xfd, 0xe4, 0x3c,
  0xfc, 0x22, 0xef, 0x4e, 0x60, 0x12, 0xef, 0x60, 0x01, 0x0e, 0xed, 0xbb,
  0x01, 0x0b, 0x89, 0x82, 0x8a, 0x83, 0xf0, 0xa3, 0xdf, 0xfc, 0xde, 0xfa,
  0x22, 0x89, 0xf0, 0x50, 0x07, 0xf7, 0x09, 0xdf, 0xfc, 0xa9, 0xf0, 0x22,
  0xbb, 0xfe, 0xfc, 0xf3, 0x09, 0xdf, 0xfc, 0xa9, 0xf0, 0x22, 0xe6, 0xfc,
  0x08, 0xe6, 0xfd, 0x08, 0xe6, 0xfe, 0x08, 0xe6, 0xff, 0x22, 0xe2, 0xfc,
  0x08, 0xe2, 0xfd, 0x08, 0xe2, 0xfe, 0x08, 0xe2, 0xff, 0x22, 0xe6, 0xfb,
  0x08, 0xe6, 0xf9, 0x08, 0xe6, 0xfa, 0x08, 0xe6, 0xcb, 0xf8, 0x22, 0xe2,
  0xfb, 0x08, 0xe2, 0xf9, 0x08, 0xe2, 0xfa, 0x08, 0xe2, 0xcb, 0xf8, 0x22,
  0xec, 0xf6, 0x08, 0xed, 0xf6, 0x08, 0xee, 0xf6, 0x08, 0xef, 0xf6, 0x22,
  0xec, 0xf2, 0x08, 0xed, 0xf2, 0x08, 0xee, 0xf2, 0x08, 0xef, 0xf2, 0x22,
  0xe6, 0xfb, 0x08, 0xe6, 0xfa, 0x08, 0xe6, 0xf9, 0x22, 0xeb, 0xf6, 0x08,
  0xea, 0xf6, 0x08, 0xe9, 0xf6, 0x22, 0xe2, 0xfb, 0x08, 0xe2, 0xfa, 0x08,
  0xe2, 0xf9, 0x22, 0xeb, 0xf2, 0x08, 0xea, 0xf2, 0x08, 0xe9, 0xf2, 0x22,
  0xe4, 0x93, 0xfb, 0x74, 0x01, 0x93, 0xfa, 0x74, 0x02, 0x93, 0xf9, 0x22,
  0x0c, 0x10, 0x18, 0x25, 0x36, 0x49, 0x5d, 0x71, 0x83, 0x93, 0x9f, 0xa5,
  0x04, 0x09, 0x0f, 0x1a, 0x2b, 0x3f, 0x57, 0x71, 0x8b, 0xa0, 0xb2, 0xbb,
  0x00, 0x02, 0x07, 0x10, 0x1e, 0x34, 0x50, 0x70, 0x90, 0xae, 0xc5, 0xd2,
  0x00, 0x00, 0x00, 0x04, 0x10, 0x25, 0x44, 0x6b, 0x95, 0xbc, 0xdb, 0xec,
  0x20, 0x19, 0x14, 0x10, 0x03, 0x93, 0x87, 0x00, 0x07, 0x27, 0x0e, 0x00,
  0x0e, 0x4e, 0x1c, 0x00, 0x08, 0x04, 0x00, 0x02, 0x62, 0x5a, 0x00, 0x03,
  0x93, 0x87, 0x00, 0x07, 0x27, 0x0e, 0x00, 0x0c, 0x08, 0x04, 0x7e, 0x18,
  0x7f, 0x00, 0x7d, 0x00, 0x7b, 0x01, 0x7a, 0xc0, 0x79, 0x00, 0xa1, 0x1e,
  0x90, 0xfe, 0x8d, 0xe4, 0xf0, 0x90, 0xfe, 0x8f, 0xf0, 0x90, 0xfe, 0x8d,
  0xef, 0xf0, 0x43, 0xa8, 0x81, 0x90, 0xfe, 0x8f, 0xef, 0xf0, 0x12, 0x00,
  0x2a, 0x53, 0xa8, 0x7e, 0x90, 0xfe, 0x8d, 0xe4, 0xf0, 0x22, 0x90, 0xfe,
  0x8d, 0xe0, 0xff, 0x90, 0xfe, 0x8f, 0xe0, 0x5f, 0xf5, 0x08, 0xe5, 0x08,
  0x60, 0x59, 0xe5, 0x08, 0x30, 0xe0, 0x0e, 0xe0, 0x54, 0xfe, 0xf0, 0x90,
  0xfe, 0x8d, 0xe0, 0x54, 0xfe, 0xf0, 0x12, 0x04, 0x4f, 0xe5, 0x08, 0x30,
  0xe1, 0x11, 0x90, 0xfe, 0x8f, 0xe0, 0x54, 0xfd, 0xf0, 0x90, 0xfe, 0x8d,
  0xe0, 0x54, 0xfd, 0xf0, 0x12, 0x04, 0x54, 0xe5, 0x08, 0x30, 0xe2, 0x2b,
  0x90, 0xfe, 0x8f, 0xe0, 0x54, 0xfb, 0xf0, 0x90, 0xfe, 0x8d, 0xe0, 0x54,
  0xfb, 0xf0, 0x90, 0xcf, 0xe5, 0x12, 0x0f, 0xf7, 0x51, 0xe9, 0x90, 0xd2,
  0xf7, 0xe4, 0xf0, 0xa3, 0x04, 0xf0, 0x7b, 0x38, 0x7a, 0x04, 0x7d, 0x80,
  0x7c, 0x07, 0xe4, 0xff, 0x12, 0x01, 0xd9, 0x22, 0xc0, 0xe0, 0xc0, 0xf0,
  0xc0, 0x83, 0xc0, 0x82, 0xc0, 0xd0, 0x75, 0xd0, 0x00, 0xc0, 0x00, 0xc0,
  0x01, 0xc0, 0x02, 0xc0, 0x03, 0xc0, 0x04, 0xc0, 0x05, 0xc0, 0x06, 0xc0,
  0x07, 0x12, 0x04, 0x68, 0xd1, 0x46, 0x12, 0x01, 0xc5, 0xd0, 0x07, 0xd0,
  0x06, 0xd0, 0x05, 0xd0, 0x04, 0xd0, 0x03, 0xd0, 0x02, 0xd0, 0x01, 0xd0,
  0x00, 0xd0, 0xd0, 0xd0, 0x82, 0xd0, 0x83, 0xd0, 0xf0, 0xd0, 0xe0, 0x32,
  0xc0, 0xe0, 0xc0, 0xf0, 0xc0, 0x83, 0xc0, 0x82, 0xc0, 0xd0, 0x75, 0xd0,
  0x00, 0xc0, 0x00, 0xc0, 0x01, 0xc0, 0x02, 0xc0, 0x03, 0xc0, 0x04, 0xc0,
  0x05, 0xc0, 0x06, 0xc0, 0x07, 0x43, 0x94, 0x04, 0xc2, 0xdc, 0x90, 0xfe,
  0x8a, 0xe0, 0x54, 0xfe, 0xf0, 0xe5, 0x12, 0x60, 0x02, 0x15, 0x12, 0x90,
  0xfe, 0x8a, 0xe0, 0x44, 0x01, 0xf0, 0x12, 0x04, 0x6d, 0xd0, 0x07, 0xd0,
  0x06, 0xd0, 0x05, 0xd0, 0x04, 0xd0, 0x03, 0xd0, 0x02, 0xd0, 0x01, 0xd0,
  0x00, 0xd0, 0xd0, 0xd0, 0x82, 0xd0, 0x83, 0xd0, 0xf0, 0xd0, 0xe0, 0x32,
  0xe4, 0xf5, 0xa8, 0x12, 0x02, 0x01, 0x43, 0x94, 0x04, 0xc2, 0xdc, 0x43,
  0x94, 0x02, 0xe4, 0xf5, 0x8e, 0x22, 0x90, 0xfe, 0x8a, 0x74, 0x84, 0xf0,
  0xf1, 0x44, 0xf1, 0x70, 0xf1, 0xaf, 0x12, 0x01, 0xc0, 0x90, 0x70, 0x4b,
  0x74, 0x80, 0xf0, 0x12, 0x04, 0x63, 0x80, 0xfb, 0xf1, 0x90, 0xf1, 0x7f,
  0x12, 0x79, 0xec, 0x12, 0x7a, 0x42, 0xf1, 0xdc, 0x02, 0x03, 0x96, 0x12,
  0x04, 0x0e, 0x02, 0x78, 0x33, 0xf0, 0xa3, 0xe4, 0xf0, 0xa3, 0x04, 0xf0,
  0xa3, 0xe4, 0xf0, 0x22, 0x12, 0x7f, 0xf0, 0x12, 0x7d, 0x82, 0x12, 0x79,
  0x79, 0xf1, 0xd5, 0x12, 0x00, 0x30, 0x12, 0x80, 0x3e, 0x12, 0x8b, 0x12,
  0x90, 0xc3, 0x53, 0x74, 0x01, 0xf0, 0x90, 0xc3, 0x76, 0xf0, 0x22, 0x12,
  0x02, 0x10, 0x12, 0x03, 0x64, 0xf1, 0xcb, 0x12, 0x02, 0x2e, 0x7f, 0x04,
  0x12, 0x01, 0xf2, 0x12, 0x04, 0x59, 0x43, 0xa8, 0x81, 0x43, 0x94, 0x01,
  0xd2, 0xdd, 0x22, 0x90, 0xfe, 0x8f, 0xe4, 0xf0, 0x90, 0xfe, 0x8d, 0xf0,
  0x22, 0x90, 0xcc, 0x22, 0x74, 0xff, 0xf0, 0x22, 0xe4, 0xf5, 0x12, 0x90,
  0xd0, 0x21, 0x74, 0x02, 0xf0, 0xe4, 0x90, 0xd0, 0x69, 0xf0, 0x22, 0x90,
  0xd0, 0xd4, 0x61, 0x63, 0x74, 0x02, 0xf0, 0xa3, 0x74, 0x80, 0xf0, 0x22,
  0xe4, 0xfe, 0xff, 0x22, 0xff, 0xff, 0xff, 0xff, 0x1b, 0x55, 0x5f, 0x00,
  0x00, 0xff, 0xff, 0xff, 0x80, 0x00, 0x80, 0x00, 0x80, 0x00, 0x81, 0x00,
  0x83, 0x00, 0x86, 0x00, 0x88, 0x00, 0x8b, 0x00, 0x8f, 0x00, 0x93, 0x00,
  0x99, 0x00, 0x9f, 0x00, 0xa5, 0x00, 0xae, 0x00, 0xb7, 0x00, 0xc1, 0x00,
  0xcf, 0x00, 0xde, 0x00, 0xde, 0x00, 0xde, 0x00, 0xde, 0x00, 0xde, 0x00,
  0xde, 0x00, 0xde, 0x00, 0x80, 0x00, 0x80, 0x00, 0x80, 0x00, 0x81, 0x00,
  0x83, 0x00, 0x85, 0x00, 0x88, 0x00, 0x8b, 0x00, 0x8e, 0x00, 0x92, 0x00,
  0x97, 0x00, 0x9c, 0x00, 0xa2, 0x00, 0xaa, 0x00, 0xb2, 0x00, 0xbc, 0x00,
  0xc8, 0x00, 0xd5, 0x00, 0xd5, 0x00, 0xd5, 0x00, 0xd5, 0x00, 0xd5, 0x00,
  0xd5, 0x00, 0xd5, 0x00, 0x80, 0x00, 0x80, 0x00, 0x80, 0x00, 0x81, 0x00,
  0x83, 0x00, 0x85, 0x00, 0x88, 0x00, 0x8a, 0x00, 0x8e, 0x00, 0x92, 0x00,
  0x96, 0x00, 0x9c, 0x00, 0xa2, 0x00, 0xa9, 0x00, 0xb2, 0x00, 0xbb, 0x00,
  0xc7, 0x00, 0xd4, 0x00, 0xd4, 0x00, 0xd4, 0x00, 0xd4, 0x00, 0xd4, 0x00,
  0xd4, 0x00, 0xd4, 0x00, 0x03, 0xa2, 0x02, 0x27, 0x03, 0xa2, 0x02, 0x27,
  0x03, 0xa2, 0x02, 0x27, 0x40, 0x02, 0x00, 0x00, 0x00, 0x00, 0x00, 0x00,
  0x00, 0x00, 0x00, 0x00, 0x00, 0x00, 0x00, 0x00, 0x00, 0x00, 0x00, 0x00,
  0x00, 0x00, 0x00, 0x00, 0x00, 0x00, 0x00, 0x00, 0x00, 0x00, 0x00, 0x00,
  0x00, 0x00, 0x00, 0x00, 0x00, 0x00, 0x00, 0x00, 0x00, 0x00, 0x00, 0x00,
  0x00, 0x00, 0x00, 0x00, 0x00, 0x00, 0x00, 0x00, 0x00, 0x00, 0x00, 0x00,
  0x00, 0x00, 0x00, 0x00, 0x00, 0x00, 0x00, 0x00, 0x00, 0x00, 0x00, 0x00,
  0x00, 0x00, 0x00, 0x00, 0x00, 0x00, 0x00, 0x00, 0x00, 0x00, 0x00, 0x00,
  0x00, 0x00, 0x00, 0x00, 0x00, 0x00, 0x00, 0x00, 0x00, 0x00, 0x00, 0x00,
  0x00, 0x00, 0x00, 0x00, 0x00, 0x00, 0x00, 0x00, 0x00, 0x00, 0x00, 0x00,
  0x00, 0x00, 0x00, 0x00, 0x00, 0x00, 0x00, 0x00, 0x00, 0x00, 0x00, 0x00,
  0x00, 0x00, 0x00, 0x00, 0x00, 0x00, 0x00, 0x00, 0x00, 0x00, 0x00, 0x00,
  0x00, 0x00, 0x00, 0x00, 0x00, 0x00, 0x00, 0x00, 0x00, 0x00, 0x00, 0x00,
  0x00, 0x00, 0x00, 0x00, 0x00, 0x00, 0x00, 0x00, 0x00, 0x00, 0x00, 0x00,
  0x00, 0x00, 0x00, 0x00, 0x00, 0x00, 0x00, 0x00, 0x00, 0x00, 0x00, 0x00,
  0x00, 0x00, 0x00, 0x00, 0x00, 0x00, 0x00, 0x00, 0x00, 0x00, 0x00, 0x00,
  0x00, 0x00, 0x00, 0x00, 0x00, 0x00, 0x00, 0x00, 0x00, 0x00, 0x00, 0x00,
  0x00, 0x00, 0x00, 0x00, 0x00, 0x00, 0x00, 0x00, 0x00, 0x00, 0x00, 0x00,
  0x00, 0x00, 0x00, 0x00, 0x00, 0x00, 0x00, 0x00, 0x00, 0x00, 0x00, 0x00,
  0x00, 0x00, 0x00, 0x00, 0x00, 0x00, 0x00, 0x00, 0x00, 0x00, 0x00, 0x00,
  0x00, 0x00, 0x00, 0x00, 0x00, 0x00, 0x00, 0x00, 0x00, 0x00, 0x00, 0x00,
  0x00, 0x00, 0x00, 0x00, 0x00, 0x00, 0x00, 0x00, 0x00, 0x00, 0x00, 0x00,
  0x00, 0x00, 0x00, 0x00, 0x00, 0x00, 0x00, 0x00, 0x00, 0x00, 0x00, 0x00,
  0x00, 0x00, 0x00, 0x00, 0x00, 0x00, 0x00, 0x00, 0x00, 0x00, 0x00, 0x00,
  0x00, 0x00, 0x00, 0x00, 0x00, 0x00, 0x00, 0x00, 0x00, 0x00, 0x00, 0x00,
  0x00, 0x00, 0x00, 0x00, 0x00, 0x00, 0x00, 0x00, 0x00, 0x00, 0x00, 0x00,
  0x00, 0x00, 0x00, 0x00, 0x00, 0x00, 0x00, 0x00, 0x00, 0x00, 0x00, 0x00,
  0x00, 0x00, 0x00, 0x00, 0x00, 0x00, 0x00, 0x00, 0x00, 0x00, 0x00, 0x00,
  0x00, 0x00, 0x00, 0x00, 0x00, 0x00, 0x00, 0x00, 0x00, 0x00, 0x00, 0x00,
  0x00, 0x00, 0x00, 0x00, 0x00, 0x00, 0x00, 0x00, 0x00, 0x00, 0x00, 0x00,
  0x00, 0x00, 0x00, 0x00, 0x00, 0x00, 0x00, 0x00, 0x00, 0x00, 0x00, 0x00,
  0x00, 0x00, 0x00, 0x00, 0x00, 0x00, 0x00, 0x00, 0x00, 0x00, 0x00, 0x00,
  0x00, 0x00, 0x00, 0x00, 0x00, 0x00, 0x00, 0x00, 0x00, 0x00, 0x00, 0x00,
  0x00, 0x00, 0x00, 0x00, 0x00, 0x00, 0x00, 0x00, 0x00, 0x00, 0x00, 0x00,
  0x00, 0x00, 0x00, 0x00, 0x00, 0x00, 0x00, 0x00, 0x00, 0x00, 0x00, 0x00,
  0x00, 0x00, 0x00, 0x00, 0x00, 0x00, 0x00, 0x00, 0x00, 0x00, 0x00, 0x00,
  0x00, 0x00, 0x00, 0x00, 0x00, 0x00, 0x00, 0x00, 0x00, 0x00, 0x00, 0x00,
  0x00, 0x00, 0x00, 0x00, 0x00, 0x00, 0x00, 0x00, 0x00, 0x00, 0x00, 0x00,
  0x00, 0x00, 0x00, 0x00, 0x00, 0x00, 0x00, 0x00, 0x00, 0x00, 0x00, 0x00,
  0x00, 0x00, 0x00, 0x00, 0x00, 0x00, 0x00, 0x00, 0x00, 0x00, 0x00, 0x00,
  0x00, 0x00, 0x00, 0x00, 0x00, 0x00, 0x00, 0x00, 0x00, 0x00, 0x00, 0x00,
  0x00, 0x00, 0x00, 0x00, 0x00, 0x00, 0x00, 0x00, 0x00, 0x00, 0x00, 0x00,
  0x00, 0x00, 0x00, 0x00, 0x00, 0x00, 0x00, 0x00, 0x00, 0x00, 0x00, 0x00,
  0x00, 0x00, 0x00, 0x00, 0x00, 0x00, 0x00, 0x00, 0x00, 0x00, 0x00, 0x00,
  0x00, 0x00, 0x00, 0x00, 0x00, 0x00, 0x00, 0x00, 0x00, 0x00, 0x00, 0x00,
  0x00, 0x00, 0x00, 0x00, 0x00, 0x00, 0x00, 0x00, 0x00, 0x00, 0x00, 0x00,
  0x00, 0x00, 0x00, 0x00, 0x00, 0x00, 0x00, 0x00, 0x00, 0x00, 0x00, 0x00,
  0x00, 0x00, 0x00, 0x00, 0x00, 0x00, 0x00, 0x00, 0x00, 0x00, 0x00, 0x00,
  0x00, 0x00, 0x00, 0x00, 0x00, 0x00, 0x00, 0x00, 0x00, 0x00, 0x00, 0x00,
  0x00, 0x00, 0x00, 0x00, 0x00, 0x00, 0x00, 0x00, 0x00, 0x00, 0x00, 0x00,
  0x00, 0x00, 0x00, 0x00, 0x00, 0x00, 0x00, 0x00, 0x00, 0x00, 0x00, 0x00,
  0x00, 0x00, 0x00, 0x00, 0x00, 0x00, 0x00, 0x00, 0x00, 0x00, 0x00, 0x00,
  0x00, 0x00, 0x00, 0x00, 0x00, 0x00, 0x00, 0x00, 0x00, 0x00, 0x00, 0x00,
  0x00, 0x00, 0x00, 0x00, 0x00, 0x00, 0x00, 0x00, 0x00, 0x00, 0x00, 0x00,
  0x00, 0x00, 0x00, 0x00, 0x00, 0x00, 0x00, 0x00, 0x00, 0x00, 0x00, 0x00,
  0x00, 0x00, 0x00, 0x00, 0x00, 0x00, 0x00, 0x00, 0x00, 0x00, 0x00, 0x00,
  0x00, 0x00, 0x00, 0x00, 0x00, 0x00, 0x00, 0x00, 0x00, 0x00, 0x00, 0x00,
  0x00, 0x00, 0x00, 0x00, 0x00, 0x00, 0x00, 0x00, 0x00, 0x00, 0x00, 0x00,
  0x00, 0x00, 0x00, 0x00, 0x00, 0x00, 0x00, 0x00, 0x00, 0x00, 0x00, 0x00,
  0x00, 0x00, 0x00, 0x00, 0x00, 0x00, 0x00, 0x00, 0x00, 0x00, 0x00, 0x00,
  0x00, 0x00, 0x00, 0x00, 0x00, 0x00, 0x00, 0x00, 0x00, 0x00, 0x00, 0x00,
  0x00, 0x00, 0x00, 0x00, 0x00, 0x00, 0x00, 0x00, 0x00, 0x00, 0x00, 0x00,
  0x00, 0x00, 0x00, 0x00, 0x00, 0x00, 0x00, 0x00, 0x00, 0x00, 0x00, 0x00,
  0x00, 0x00, 0x00, 0x00, 0x00, 0x00, 0x00, 0x00, 0x00, 0x00, 0x00, 0x00,
  0x00, 0x00, 0x00, 0x00, 0x00, 0x00, 0x00, 0x00, 0x00, 0x00, 0x00, 0x00,
  0x00, 0x00, 0x00, 0x00, 0x00, 0x00, 0x00, 0x00, 0x00, 0x00, 0x00, 0x00,
  0x00, 0x00, 0x00, 0x00, 0x00, 0x00, 0x00, 0x00, 0x00, 0x00, 0x00, 0x00,
  0x00, 0x00, 0x00, 0x00, 0x00, 0x00, 0x00, 0x00, 0x00, 0x00, 0x00, 0x00,
  0x00, 0x00, 0x00, 0x00, 0x00, 0x00, 0x00, 0x00, 0x00, 0x00, 0x00, 0x00,
  0x00, 0x00, 0x00, 0x00, 0x00, 0x00, 0x00, 0x00, 0x00, 0x00, 0x00, 0x00,
  0x00, 0x00, 0x00, 0x00, 0x00, 0x00, 0x00, 0x00, 0x00, 0x00, 0x00, 0x00,
  0x00, 0x00, 0x00, 0x00, 0x00, 0x00, 0x00, 0x00, 0x00, 0x00, 0x00, 0x00,
  0x00, 0x00, 0x00, 0x00, 0x00, 0x00, 0x00, 0x00, 0x00, 0x00, 0x00, 0x00,
  0x00, 0x00, 0x00, 0x00, 0x00, 0x00, 0x00, 0x00, 0x00, 0x00, 0x00, 0x00,
  0x00, 0x00, 0x00, 0x00, 0x00, 0x00, 0x00, 0x00, 0x00, 0x00, 0x00, 0x00,
  0x00, 0x00, 0x00, 0x00, 0x00, 0x00, 0x00, 0x00, 0x00, 0x00, 0x00, 0x00,
  0x00, 0x00, 0x00, 0x00, 0x00, 0x00, 0x00, 0x00, 0x00, 0x00, 0x00, 0x00,
  0x00, 0x00, 0x00, 0x00, 0x00, 0x00, 0x00, 0x00, 0x00, 0x00, 0x00, 0x00,
  0x00, 0x00, 0x00, 0x00, 0x00, 0x00, 0x00, 0x00, 0x00, 0x00, 0x00, 0x00,
  0x00, 0x00, 0x00, 0x00, 0x00, 0x00, 0x00, 0x00, 0x00, 0x00, 0x00, 0x00,
  0x00, 0x00, 0x00, 0x00, 0x00, 0x00, 0x00, 0x00, 0x00, 0x00, 0x00, 0x00,
  0x00, 0x00, 0x00, 0x00, 0x00, 0x00, 0x00, 0x00, 0x00, 0x00, 0x00, 0x00,
  0x00, 0x00, 0x00, 0x00, 0x00, 0x00, 0x00, 0x00, 0x00, 0x00, 0x00, 0x00,
  0x00, 0x00, 0x00, 0x00, 0x00, 0x00, 0x00, 0x00, 0x00, 0x00, 0x00, 0x00,
  0x00, 0x00, 0x00, 0x00, 0x00, 0x00, 0x00, 0x00, 0x00, 0x00, 0x00, 0x00,
  0x00, 0x00, 0x00, 0x00, 0x00, 0x00, 0x00, 0x00, 0x00, 0x00, 0x00, 0x00,
  0x00, 0x00, 0x00, 0x00, 0x00, 0x00, 0x00, 0x00, 0x00, 0x00, 0x00, 0x00,
  0x00, 0x00, 0x00, 0x00, 0x00, 0x00, 0x00, 0x00, 0x00, 0x00, 0x00, 0x00,
  0x00, 0x00, 0x00, 0x00, 0x00, 0x00, 0x00, 0x00, 0x00, 0x00, 0x00, 0x00,
  0x00, 0x00, 0x00, 0x00, 0x00, 0x00, 0x00, 0x00, 0x00, 0x00, 0x00, 0x00,
  0x00, 0x00, 0x00, 0x00, 0x00, 0x00, 0x00, 0x00, 0x00, 0x00, 0x00, 0x00,
  0x00, 0x00, 0x00, 0x00, 0x00, 0x00, 0x00, 0x00, 0x00, 0x00, 0x00, 0x00,
  0x00, 0x00, 0x00, 0x00, 0x00, 0x00, 0x00, 0x00, 0x00, 0x00, 0x00, 0x00,
  0x00, 0x00, 0x00, 0x00, 0x00, 0x00, 0x00, 0x00, 0x00, 0x00, 0x00, 0x00,
  0x00, 0x00, 0x00, 0x00, 0x00, 0x00, 0x00, 0x00, 0x00, 0x00, 0x00, 0x00,
  0x00, 0x00, 0x00, 0x00, 0x00, 0x00, 0x00, 0x00, 0x00, 0x00, 0x00, 0x00,
  0x00, 0x00, 0x00, 0x00, 0x00, 0x00, 0x00, 0x00, 0x00, 0x00, 0x00, 0x00,
  0x00, 0x00, 0x00, 0x00, 0x00, 0x00, 0x00, 0x00, 0x00, 0x00, 0x00, 0x00,
  0x00, 0x00, 0x00, 0x00, 0x00, 0x00, 0x00, 0x00, 0x00, 0x00, 0x00, 0x00,
  0x00, 0x00, 0x00, 0x00, 0x00, 0x00, 0x00, 0x00, 0x00, 0x00, 0x00, 0x00,
  0x00, 0x00, 0x00, 0x00, 0x00, 0x00, 0x00, 0x00, 0x00, 0x00, 0x00, 0x00,
  0x00, 0x00, 0x00, 0x00, 0x00, 0x00, 0x00, 0x00, 0x00, 0x00, 0x00, 0x00,
  0x00, 0x00, 0x00, 0x00, 0x00, 0x00, 0x00, 0x00, 0x00, 0x00, 0x00, 0x00,
  0x00, 0x00, 0x00, 0x00, 0x00, 0x00, 0x00, 0x00, 0x00, 0x00, 0x00, 0x00,
  0x00, 0x00, 0x00, 0x00, 0x00, 0x00, 0x00, 0x00, 0x00, 0x00, 0x00, 0x00,
  0x00, 0x00, 0x00, 0x00, 0x00, 0x00, 0x00, 0x00, 0x00, 0x00, 0x00, 0x00,
  0x00, 0x00, 0x00, 0x00, 0x00, 0x00, 0x00, 0x00, 0x00, 0x00, 0x00, 0x00,
  0x00, 0x00, 0x00, 0x00, 0x00, 0x00, 0x00, 0x00, 0x00, 0x00, 0x00, 0x00,
  0x00, 0x00, 0x00, 0x00, 0x00, 0x00, 0x00, 0x00, 0x00, 0x00, 0x00, 0x00,
  0x00, 0x00, 0x00, 0x00, 0x00, 0x00, 0x00, 0x00, 0x00, 0x00, 0x00, 0x00,
  0x00, 0x00, 0x00, 0x00, 0x00, 0x00, 0x00, 0x00, 0x00, 0x00, 0x00, 0x00,
  0x00, 0x00, 0x00, 0x00, 0x00, 0x00, 0x00, 0x00, 0x00, 0x00, 0x00, 0x00,
  0x00, 0x00, 0x00, 0x00, 0x00, 0x00, 0x00, 0x00, 0x00, 0x00, 0x00, 0x00,
  0x00, 0x00, 0x00, 0x00, 0x00, 0x00, 0x00, 0x00, 0x00, 0x00, 0x00, 0x00,
  0x00, 0x00, 0x00, 0x00, 0x00, 0x00, 0x00, 0x00, 0x00, 0x00, 0x00, 0x00,
  0x00, 0x00, 0x00, 0x00, 0x00, 0x00, 0x00, 0x00, 0x00, 0x00, 0x00, 0x00,
  0x00, 0x00, 0x00, 0x00, 0x00, 0x00, 0x00, 0x00, 0x00, 0x00, 0x00, 0x00,
  0x00, 0x00, 0x00, 0x00, 0x00, 0x00, 0x00, 0x00, 0x00, 0x00, 0x00, 0x00,
  0x00, 0x00, 0x00, 0x00, 0x00, 0x00, 0x00, 0x00, 0x00, 0x00, 0x00, 0x00,
  0x00, 0x00, 0x00, 0x00, 0x00, 0x00, 0x00, 0x00, 0x00, 0x00, 0x00, 0x00,
  0x00, 0x00, 0x00, 0x00, 0x00, 0x00, 0x00, 0x00, 0x00, 0x00, 0x00, 0x00,
  0x00, 0x00, 0x00, 0x00, 0x00, 0x00, 0x00, 0x00, 0x00, 0x00, 0x00, 0x00,
  0x00, 0x00, 0x00, 0x00, 0x00, 0x00, 0x00, 0x00, 0x00, 0x00, 0x00, 0x00,
  0x00, 0x00, 0x00, 0x00, 0x00, 0x00, 0x00, 0x00, 0x00, 0x00, 0x00, 0x00,
  0x00, 0x00, 0x00, 0x00, 0x00, 0x00, 0x00, 0x00, 0x00, 0x00, 0x00, 0x00,
  0x00, 0x00, 0x00, 0x00, 0x00, 0x00, 0x00, 0x00, 0x00, 0x00, 0x00, 0x00,
  0x00, 0x00, 0x00, 0x00, 0x00, 0x00, 0x00, 0x00, 0x00, 0x00, 0x00, 0x00,
  0x00, 0x00, 0x00, 0x00, 0x00, 0x00, 0x00, 0x00, 0x00, 0x00, 0x00, 0x00,
  0x00, 0x00, 0x00, 0x00, 0x00, 0x00, 0x00, 0x00, 0x00, 0x00, 0x00, 0x00,
  0x00, 0x00, 0x00, 0x00, 0x00, 0x00, 0x00, 0x00, 0x00, 0x00, 0x00, 0x00,
  0x00, 0x00, 0x00, 0x00, 0x00, 0x00, 0x00, 0x00, 0x00, 0x00, 0x00, 0x00,
  0x00, 0x00, 0x00, 0x00, 0x00, 0x00, 0x00, 0x00, 0x00, 0x00, 0x00, 0x00,
  0x00, 0x00, 0x00, 0x00, 0x00, 0x00, 0x00, 0x00, 0x00, 0x00, 0x00, 0x00,
  0x00, 0x00, 0x00, 0x00, 0x00, 0x00, 0x00, 0x00, 0x00, 0x00, 0x00, 0x00,
  0x00, 0x00, 0x00, 0x00, 0x00, 0x00, 0x00, 0x00, 0x00, 0x00, 0x00, 0x00,
  0x00, 0x00, 0x00, 0x00, 0x00, 0x00, 0x00, 0x00, 0x00, 0x00, 0x00, 0x00,
  0x00, 0x00, 0x00, 0x00, 0x00, 0x00, 0x00, 0x00, 0x00, 0x00, 0x00, 0x00,
  0x00, 0x00, 0x00, 0x00, 0x00, 0x00, 0x00, 0x00, 0x00, 0x00, 0x00, 0x00,
  0x00, 0x00, 0x00, 0x00, 0x00, 0x00, 0x00, 0x00, 0x00, 0x00, 0x00, 0x00,
  0x00, 0x00, 0x00, 0x00, 0x00, 0x00, 0x00, 0x00, 0x00, 0x00, 0x00, 0x00,
  0x00, 0x00, 0x00, 0x00, 0x00, 0x00, 0x00, 0x00, 0x00, 0x00, 0x00, 0x00,
  0x00, 0x00, 0x00, 0x00, 0x00, 0x00, 0x00, 0x00, 0x00, 0x00, 0x00, 0x00,
  0x00, 0x00, 0x00, 0x00, 0x00, 0x00, 0x00, 0x00, 0x00, 0x00, 0x00, 0x00,
  0x00, 0x00, 0x00, 0x00, 0x00, 0x00, 0x00, 0x00, 0x00, 0x00, 0x00, 0x00,
  0x00, 0x00, 0x00, 0x00, 0x00, 0x00, 0x00, 0x00, 0x00, 0x00, 0x00, 0x00,
  0x00, 0x00, 0x00, 0x00, 0x00, 0x00, 0x00, 0x00, 0x00, 0x00, 0x00, 0x00,
  0x00, 0x00, 0x00, 0x00, 0x00, 0x00, 0x00, 0x00, 0x00, 0x00, 0x00, 0x00,
  0x00, 0x00, 0x00, 0x00, 0x00, 0x00, 0x00, 0x00, 0x00, 0x00, 0x00, 0x00,
  0x00, 0x00, 0x00, 0x00, 0x00, 0x00, 0x00, 0x00, 0x00, 0x00, 0x00, 0x00,
  0x00, 0x00, 0x00, 0x00, 0x00, 0x00, 0x00, 0x00, 0x00, 0x00, 0x00, 0x00,
  0x00, 0x00, 0x00, 0x00, 0x00, 0x00, 0x00, 0x00, 0x00, 0x00, 0x00, 0x00,
  0x00, 0x00, 0x00, 0x00, 0x00, 0x00, 0x00, 0x00, 0x00, 0x00, 0x00, 0x00,
  0x00, 0x00, 0x00, 0x00, 0x00, 0x00, 0x00, 0x00, 0x00, 0x00, 0x00, 0x00,
  0x00, 0x00, 0x00, 0x00, 0x00, 0x00, 0x00, 0x00, 0x00, 0x00, 0x00, 0x00,
  0x00, 0x00, 0x00, 0x00, 0x00, 0x00, 0x00, 0x00, 0x00, 0x00, 0x00, 0x00,
  0x00, 0x00, 0x00, 0x00, 0x00, 0x00, 0x00, 0x00, 0x00, 0x00, 0x00, 0x00,
  0x00, 0x00, 0x00, 0x00, 0x00, 0x00, 0x00, 0x00, 0x00, 0x00, 0x00, 0x00,
  0x00, 0x00, 0x00, 0x00, 0x00, 0x00, 0x00, 0x00, 0x00, 0x00, 0x00, 0x00,
  0x00, 0x00, 0x00, 0x00, 0x00, 0x00, 0x00, 0x00, 0x00, 0x00, 0x00, 0x00,
  0x00, 0x00, 0x00, 0x00, 0x00, 0x00, 0x00, 0x00, 0x00, 0x00, 0x00, 0x00,
  0x00, 0x00, 0x00, 0x00, 0x00, 0x00, 0x00, 0x00, 0x00, 0x00, 0x00, 0x00,
  0x00, 0x00, 0x00, 0x00, 0x00, 0x00, 0x00, 0x00, 0x00, 0x00, 0x00, 0x00,
  0x00, 0x00, 0x00, 0x00, 0x00, 0x00, 0x00, 0x00, 0x00, 0x00, 0x00, 0x00,
  0x00, 0x00, 0x00, 0x00, 0x00, 0x00, 0x00, 0x00, 0x00, 0x00, 0x00, 0x00,
  0x00, 0x00, 0x00, 0x00, 0x00, 0x00, 0x00, 0x00, 0x00, 0x00, 0x00, 0x00,
  0x00, 0x00, 0x00, 0x00, 0x00, 0x00, 0x00, 0x00, 0x00, 0x00, 0x00, 0x00,
  0x00, 0x00, 0x00, 0x00, 0x00, 0x00, 0x00, 0x00, 0x00, 0x00, 0x00, 0x00,
  0x00, 0x00, 0x00, 0x00, 0x00, 0x00, 0x00, 0x00, 0x00, 0x00, 0x00, 0x00,
  0x00, 0x00, 0x00, 0x00, 0x00, 0x00, 0x00, 0x00, 0x00, 0x00, 0x00, 0x00,
  0x00, 0x00, 0x00, 0x00, 0x00, 0x00, 0x00, 0x00, 0x00, 0x00, 0x00, 0x00,
  0x00, 0x00, 0x00, 0x00, 0x00, 0x00, 0x00, 0x00, 0x00, 0x00, 0x00, 0x00,
  0x00, 0x00, 0x00, 0x00, 0x00, 0x00, 0x00, 0x00, 0x00, 0x00, 0x00, 0x00,
  0x00, 0x00, 0x00, 0x00, 0x00, 0x00, 0x00, 0x00, 0x00, 0x00, 0x00, 0x00,
  0x00, 0x00, 0x00, 0x00, 0x00, 0x00, 0x00, 0x00, 0x00, 0x00, 0x00, 0x00,
  0x00, 0x00, 0x00, 0x00, 0x00, 0x00, 0x00, 0x00, 0x00, 0x00, 0x00, 0x00,
  0x00, 0x00, 0x00, 0x00, 0x00, 0x00, 0x00, 0x00, 0x00, 0x00, 0x00, 0x00,
  0x00, 0x00, 0x00, 0x00, 0x00, 0x00, 0x00, 0x00, 0x00, 0x00, 0x00, 0x00,
  0x00, 0x00, 0x00, 0x00, 0x00, 0x00, 0x00, 0x00, 0x00, 0x00, 0x00, 0x00,
  0x00, 0x00, 0x00, 0x00, 0x00, 0x00, 0x00, 0x00, 0x00, 0x00, 0x00, 0x00,
  0x00, 0x00, 0x00, 0x00, 0x00, 0x00, 0x00, 0x00, 0x00, 0x00, 0x00, 0x00,
  0x00, 0x00, 0x00, 0x00, 0x00, 0x00, 0x00, 0x00, 0x00, 0x00, 0x00, 0x00,
  0x00, 0x00, 0x00, 0x00, 0x00, 0x00, 0x00, 0x00, 0x00, 0x00, 0x00, 0x00,
  0x00, 0x00, 0x00, 0x00, 0x00, 0x00, 0x00, 0x00, 0x00, 0x00, 0x00, 0x00,
  0x00, 0x00, 0x00, 0x00, 0x00, 0x00, 0x00, 0x00, 0x00, 0x00, 0x00, 0x00,
  0x00, 0x00, 0x00, 0x00, 0x00, 0x00, 0x00, 0x00, 0x00, 0x00, 0x00, 0x00,
  0x00, 0x00, 0x00, 0x00, 0x00, 0x00, 0x00, 0x00, 0x00, 0x00, 0x00, 0x00,
  0x00, 0x00, 0x00, 0x00, 0x00, 0x00, 0x00, 0x00, 0x00, 0x00, 0x00, 0x00,
  0x00, 0x00, 0x00, 0x00, 0x00, 0x00, 0x00, 0x00, 0x00, 0x00, 0x00, 0x00,
  0x00, 0x00, 0x00, 0x00, 0x00, 0x00, 0x00, 0x00, 0x00, 0x00, 0x00, 0x00,
  0x00, 0x00, 0x00, 0x00, 0x00, 0x00, 0x00, 0x00, 0x00, 0x00, 0x00, 0x00,
  0x00, 0x00, 0x00, 0x00, 0x00, 0x00, 0x00, 0x00, 0x00, 0x00, 0x00, 0x00,
  0x00, 0x00, 0x00, 0x00, 0x00, 0x00, 0x00, 0x00, 0x00, 0x00, 0x00, 0x00,
  0x00, 0x00, 0x00, 0x00, 0x00, 0x00, 0x00, 0x00, 0x00, 0x00, 0x00, 0x00,
  0x00, 0x00, 0x00, 0x00, 0x00, 0x00, 0x00, 0x00, 0x00, 0x00, 0x00, 0x00,
  0x00, 0x00, 0x00, 0x00, 0x00, 0x00, 0x00, 0x00, 0x00, 0x00, 0x00, 0x00,
  0x00, 0x00, 0x00, 0x00, 0x00, 0x00, 0x00, 0x00, 0x00, 0x00, 0x00, 0x00,
  0x00, 0x00, 0x00, 0x00, 0x00, 0x00, 0x00, 0x00, 0x00, 0x00, 0x00, 0x00,
  0x00, 0x00, 0x00, 0x00, 0x00, 0x00, 0x00, 0x00, 0x00, 0x00, 0x00, 0x00,
  0x00, 0x00, 0x00, 0x00, 0x00, 0x00, 0x00, 0x00, 0x00, 0x00, 0x00, 0x00,
  0x00, 0x00, 0x00, 0x00, 0x00, 0x00, 0x00, 0x00, 0x00, 0x00, 0x00, 0x00,
  0x00, 0x00, 0x00, 0x00, 0x00, 0x00, 0x00, 0x00, 0x00, 0x00, 0x00, 0x00,
  0x00, 0x00, 0x00, 0x00, 0x00, 0x00, 0x00, 0x00, 0x00, 0x00, 0x00, 0x00,
  0x00, 0x00, 0x00, 0x00, 0x00, 0x00, 0x00, 0x00, 0x00, 0x00, 0x00, 0x00,
  0x00, 0x00, 0x00, 0x00, 0x00, 0x00, 0x00, 0x00, 0x00, 0x00, 0x00, 0x00,
  0x00, 0x00, 0x00, 0x00, 0x00, 0x00, 0x00, 0x00, 0x00, 0x00, 0x00, 0x00,
  0x00, 0x00, 0x00, 0x00, 0x00, 0x00, 0x00, 0x00, 0x00, 0x00, 0x00, 0x00,
  0x00, 0x00, 0x00, 0x00, 0x00, 0x00, 0x00, 0x00, 0x00, 0x00, 0x00, 0x00,
  0x00, 0x00, 0x00, 0x00, 0x00, 0x00, 0x00, 0x00, 0x00, 0x00, 0x00, 0x00,
  0x00, 0x00, 0x00, 0x00, 0x00, 0x00, 0x00, 0x00, 0x00, 0x00, 0x00, 0x00,
  0x00, 0x00, 0x00, 0x00, 0x00, 0x00, 0x00, 0x00, 0x00, 0x00, 0x00, 0x00,
  0x00, 0x00, 0x00, 0x00, 0x00, 0x00, 0x00, 0x00, 0x00, 0x00, 0x00, 0x00,
  0x00, 0x00, 0x00, 0x00, 0x00, 0x00, 0x00, 0x00, 0x00, 0x00, 0x00, 0x00,
  0x00, 0x00, 0x00, 0x00, 0x00, 0x00, 0x00, 0x00, 0x00, 0x00, 0x00, 0x00,
  0x00, 0x00, 0x00, 0x00, 0x00, 0x00, 0x00, 0x00, 0x00, 0x00, 0x00, 0x00,
  0x00, 0x00, 0x00, 0x00, 0x00, 0x00, 0x00, 0x00, 0x00, 0x00, 0x00, 0x00,
  0x00, 0x00, 0x00, 0x00, 0x00, 0x00, 0x00, 0x00, 0x00, 0x00, 0x00, 0x00,
  0x00, 0x00, 0x00, 0x00, 0x00, 0x00, 0x00, 0x00, 0x00, 0x00, 0x00, 0x00,
  0x00, 0x00, 0x00, 0x00, 0x00, 0x00, 0x00, 0x00, 0x00, 0x00, 0x00, 0x00,
  0x00, 0x00, 0x00, 0x00, 0x00, 0x00, 0x00, 0x00, 0x00, 0x00, 0x00, 0x00,
  0x00, 0x00, 0x00, 0x00, 0x00, 0x00, 0x00, 0x00, 0x00, 0x00, 0x00, 0x00,
  0x00, 0x00, 0x00, 0x00, 0x00, 0x00, 0x00, 0x00, 0x00, 0x00, 0x00, 0x00,
  0x00, 0x00, 0x00, 0x00, 0x00, 0x00, 0x00, 0x00, 0x00, 0x00, 0x00, 0x00,
  0x00, 0x00, 0x00, 0x00, 0x00, 0x00, 0x00, 0x00, 0x00, 0x00, 0x00, 0x00,
  0x00, 0x00, 0x00, 0x00, 0x00, 0x00, 0x00, 0x00, 0x00, 0x00, 0x00, 0x00,
  0x00, 0x00, 0x00, 0x00, 0x00, 0x00, 0x00, 0x00, 0x00, 0x00, 0x00, 0x00,
  0x00, 0x00, 0x00, 0x00, 0x00, 0x00, 0x00, 0x00, 0x00, 0x00, 0x00, 0x00,
  0x00, 0x00, 0x00, 0x00, 0x00, 0x00, 0x00, 0x00, 0x00, 0x00, 0x00, 0x00,
  0x00, 0x00, 0x00, 0x00, 0x00, 0x00, 0x00, 0x00, 0x00, 0x00, 0x00, 0x00,
  0x00, 0x00, 0x00, 0x00, 0x00, 0x00, 0x00, 0x00, 0x00, 0x00, 0x00, 0x00,
  0x00, 0x00, 0x00, 0x00, 0x00, 0x00, 0x00, 0x00, 0x00, 0x00, 0x00, 0x00,
  0x00, 0x00, 0x00, 0x00, 0x00, 0x00, 0x00, 0x00, 0x00, 0x00, 0x00, 0x00,
  0x00, 0x00, 0x00, 0x00, 0x00, 0x00, 0x00, 0x00, 0x00, 0x00, 0x00, 0x00,
  0x00, 0x00, 0x00, 0x00, 0x00, 0x00, 0x00, 0x00, 0x00, 0x00, 0x00, 0x00,
  0x00, 0x00, 0x00, 0x00, 0x00, 0x00, 0x00, 0x00, 0x00, 0x00, 0x00, 0x00,
  0x00, 0x00, 0x00, 0x00, 0x00, 0x00, 0x00, 0x00, 0x00, 0x00, 0x00, 0x00,
  0x00, 0x00, 0x00, 0x00, 0x00, 0x00, 0x00, 0x00, 0x00, 0x00, 0x00, 0x00,
  0x00, 0x00, 0x00, 0x00, 0x00, 0x00, 0x00, 0x00, 0x00, 0x00, 0x00, 0x00,
  0x00, 0x00, 0x00, 0x00, 0x00, 0x00, 0x00, 0x00, 0x00, 0x00, 0x00, 0x00,
  0x00, 0x00, 0x00, 0x00, 0x00, 0x00, 0x00, 0x00, 0x00, 0x00, 0x00, 0x00,
  0x00, 0x00, 0x00, 0x00, 0x00, 0x00, 0x00, 0x00, 0x00, 0x00, 0x00, 0x00,
  0x00, 0x00, 0x00, 0x00, 0x00, 0x00, 0x00, 0x00, 0x00, 0x00, 0x00, 0x00,
  0x00, 0x00, 0x00, 0x00, 0x00, 0x00, 0x00, 0x00, 0x00, 0x00, 0x00, 0x00,
  0x00, 0x00, 0x00, 0x00, 0x00, 0x00, 0x00, 0x00, 0x00, 0x00, 0x00, 0x00,
  0x00, 0x00, 0x00, 0x00, 0x00, 0x00, 0x00, 0x00, 0x00, 0x00, 0x00, 0x00,
  0x00, 0x00, 0x00, 0x00, 0x00, 0x00, 0x00, 0x00, 0x00, 0x00, 0x00, 0x00,
  0x00, 0x00, 0x00, 0x00, 0x00, 0x00, 0x00, 0x00, 0x00, 0x00, 0x00, 0x00,
  0x00, 0x00, 0x00, 0x00, 0x00, 0x00, 0x00, 0x00, 0x00, 0x00, 0x00, 0x00,
  0x00, 0x00, 0x00, 0x00, 0x00, 0x00, 0x00, 0x00, 0x00, 0x00, 0x00, 0x00,
  0x00, 0x00, 0x00, 0x00, 0x00, 0x00, 0x00, 0x00, 0x00, 0x00, 0x00, 0x00,
  0x00, 0x00, 0x00, 0x00, 0x00, 0x00, 0x00, 0x00, 0x00, 0x00, 0x00, 0x00,
  0x00, 0x00, 0x00, 0x00, 0x00, 0x00, 0x00, 0x00, 0x00, 0x00, 0x00, 0x00,
  0x00, 0x00, 0x00, 0x00, 0x00, 0x00, 0x00, 0x00, 0x00, 0x00, 0x00, 0x00,
  0x00, 0x00, 0x00, 0x00, 0x00, 0x00, 0x00, 0x00, 0x00, 0x00, 0x00, 0x00,
  0x00, 0x00, 0x00, 0x00, 0x00, 0x00, 0x00, 0x00, 0x00, 0x00, 0x00, 0x00,
  0x00, 0x00, 0x00, 0x00, 0x00, 0x00, 0x00, 0x00, 0x00, 0x00, 0x00, 0x00,
  0x00, 0x00, 0x00, 0x00, 0x00, 0x00, 0x00, 0x00, 0x00, 0x00, 0x00, 0x00,
  0x00, 0x00, 0x00, 0x00, 0x00, 0x00, 0x00, 0x00, 0x00, 0x00, 0x00, 0x00,
  0x00, 0x00, 0x00, 0x00, 0x00, 0x00, 0x00, 0x00, 0x00, 0x00, 0x00, 0x00,
  0x00, 0x00, 0x00, 0x00, 0x00, 0x00, 0x00, 0x00, 0x00, 0x00, 0x00, 0x00,
  0x00, 0x00, 0x00, 0x00, 0x00, 0x00, 0x00, 0x00, 0x00, 0x00, 0x00, 0x00,
  0x00, 0x00, 0x00, 0x00, 0x00, 0x00, 0x00, 0x00, 0x00, 0x00, 0x00, 0x00,
  0x00, 0x00, 0x00, 0x00, 0x00, 0x00, 0x00, 0x00, 0x00, 0x00, 0x00, 0x00,
  0x00, 0x00, 0x00, 0x00, 0x00, 0x00, 0x00, 0x00, 0x00, 0x00, 0x00, 0x00,
  0x00, 0x00, 0x00, 0x00, 0x00, 0x00, 0x00, 0x00, 0x00, 0x00, 0x00, 0x00,
  0x00, 0x00, 0x00, 0x00, 0x00, 0x00, 0x00, 0x00, 0x00, 0x00, 0x00, 0x00,
  0x00, 0x00, 0x00, 0x00, 0x00, 0x00, 0x00, 0x00, 0x00, 0x00, 0x00, 0x00,
  0x00, 0x00, 0x00, 0x00, 0x00, 0x00, 0x00, 0x00, 0x00, 0x00, 0x00, 0x00,
  0x00, 0x00, 0x00, 0x00, 0x00, 0x00, 0x00, 0x00, 0x00, 0x00, 0x00, 0x00,
  0x00, 0x00, 0x00, 0x00, 0x00, 0x00, 0x00, 0x00, 0x00, 0x00, 0x00, 0x00,
  0x00, 0x00, 0x00, 0x00, 0x00, 0x00, 0x00, 0x00, 0x00, 0x00, 0x00, 0x00,
  0x00, 0x00, 0x00, 0x00, 0x00, 0x00, 0x00, 0x00, 0x00, 0x00, 0x00, 0x00,
  0x00, 0x00, 0x00, 0x00, 0x00, 0x00, 0x00, 0x00, 0x00, 0x00, 0x00, 0x00,
  0x00, 0x00, 0x00, 0x00, 0x00, 0x00, 0x00, 0x00, 0x00, 0x00, 0x00, 0x00,
  0x00, 0x00, 0x00, 0x00, 0x00, 0x00, 0x00, 0x00, 0x00, 0x00, 0x00, 0x00,
  0x00, 0x00, 0x00, 0x00, 0x00, 0x00, 0x00, 0x00, 0x00, 0x00, 0x00, 0x00,
  0x00, 0x00, 0x00, 0x00, 0x00, 0x00, 0x00, 0x00, 0x00, 0x00, 0x00, 0x00,
  0x00, 0x00, 0x00, 0x00, 0x00, 0x00, 0x00, 0x00, 0x00, 0x00, 0x00, 0x00,
  0x00, 0x00, 0x00, 0x00, 0x00, 0x00, 0x00, 0x00, 0x00, 0x00, 0x00, 0x00,
  0x00, 0x00, 0x00, 0x00, 0x00, 0x00, 0x00, 0x00, 0x00, 0x00, 0x00, 0x00,
  0x00, 0x00, 0x00, 0x00, 0x00, 0x00, 0x00, 0x00, 0x00, 0x00, 0x00, 0x00,
  0x00, 0x00, 0x00, 0x00, 0x00, 0x00, 0x00, 0x00, 0x00, 0x00, 0x00, 0x00,
  0x00, 0x00, 0x00, 0x00, 0x00, 0x00, 0x00, 0x00, 0x00, 0x00, 0x00, 0x00,
  0x00, 0x00, 0x00, 0x00, 0x00, 0x00, 0x00, 0x00, 0x00, 0x00, 0x00, 0x00,
  0x00, 0x00, 0x00, 0x00, 0x00, 0x00, 0x00, 0x00, 0x00, 0x00, 0x00, 0x00,
  0x00, 0x00, 0x00, 0x00, 0x00, 0x00, 0x00, 0x00, 0x00, 0x00, 0x00, 0x00,
  0x00, 0x00, 0x00, 0x00, 0x00, 0x00, 0x00, 0x00, 0x00, 0x00, 0x00, 0x00,
  0x00, 0x00, 0x00, 0x00, 0x00, 0x00, 0x00, 0x00, 0x00, 0x00, 0x00, 0x00,
  0x00, 0x00, 0x00, 0x00, 0x00, 0x00, 0x00, 0x00, 0x00, 0x00, 0x00, 0x00,
  0x00, 0x00, 0x00, 0x00, 0x00, 0x00, 0x00, 0x00, 0x00, 0x00, 0x00, 0x00,
  0x00, 0x00, 0x00, 0x00, 0x00, 0x00, 0x00, 0x00, 0x00, 0x00, 0x00, 0x00,
  0x00, 0x00, 0x00, 0x00, 0x00, 0x00, 0x00, 0x00, 0x00, 0x00, 0x00, 0x00,
  0x00, 0x00, 0x00, 0x00, 0x00, 0x00, 0x00, 0x00, 0x00, 0x00, 0x00, 0x00,
  0x00, 0x00, 0x00, 0x00, 0x00, 0x00, 0x00, 0x00, 0x00, 0x00, 0x00, 0x00,
  0x00, 0x00, 0x00, 0x00, 0x00, 0x00, 0x00, 0x00, 0x00, 0x00, 0x00, 0x00,
  0x00, 0x00, 0x00, 0x00, 0x00, 0x00, 0x00, 0x00, 0x00, 0x00, 0x00, 0x00,
  0x00, 0x00, 0x00, 0x00, 0x00, 0x00, 0x00, 0x00, 0x00, 0x00, 0x00, 0x00,
  0x00, 0x00, 0x00, 0x00, 0x00, 0x00, 0x00, 0x00, 0x00, 0x00, 0x00, 0x00,
  0x00, 0x00, 0x00, 0x00, 0x00, 0x00, 0x00, 0x00, 0x00, 0x00, 0x00, 0x00,
  0x00, 0x00, 0x00, 0x00, 0x00, 0x00, 0x00, 0x00, 0x00, 0x00, 0x00, 0x00,
  0x00, 0x00, 0x00, 0x00, 0x00, 0x00, 0x00, 0x00, 0x00, 0x00, 0x00, 0x00,
  0x00, 0x00, 0x00, 0x00, 0x00, 0x00, 0x00, 0x00, 0x00, 0x00, 0x00, 0x00,
  0x00, 0x00, 0x00, 0x00, 0x00, 0x00, 0x00, 0x00, 0x00, 0x00, 0x00, 0x00,
  0x00, 0x00, 0x00, 0x00, 0x00, 0x00, 0x00, 0x00, 0x00, 0x00, 0x00, 0x00,
  0x00, 0x00, 0x00, 0x00, 0x00, 0x00, 0x00, 0x00, 0x00, 0x00, 0x00, 0x00,
  0x00, 0x00, 0x00, 0x00, 0x00, 0x00, 0x00, 0x00, 0x00, 0x00, 0x00, 0x00,
  0x00, 0x00, 0x00, 0x00, 0x00, 0x00, 0x00, 0x00, 0x00, 0x00, 0x00, 0x00,
  0x00, 0x00, 0x00, 0x00, 0x00, 0x00, 0x00, 0x00, 0x00, 0x00, 0x00, 0x00,
  0x00, 0x00, 0x00, 0x00, 0x00, 0x00, 0x00, 0x00, 0x00, 0x00, 0x00, 0x00,
  0x00, 0x00, 0x00, 0x00, 0x00, 0x00, 0x00, 0x00, 0x00, 0x00, 0x00, 0x00,
  0x00, 0x00, 0x00, 0x00, 0x00, 0x00, 0x00, 0x00, 0x00, 0x00, 0x00, 0x00,
  0x00, 0x00, 0x00, 0x00, 0x00, 0x00, 0x00, 0x00, 0x00, 0x00, 0x00, 0x00,
  0x00, 0x00, 0x00, 0x00, 0x00, 0x00, 0x00, 0x00, 0x00, 0x00, 0x00, 0x00,
  0x00, 0x00, 0x00, 0x00, 0x00, 0x00, 0x00, 0x00, 0x00, 0x00, 0x00, 0x00,
  0x00, 0x00, 0x00, 0x00, 0x00, 0x00, 0x00, 0x00, 0x00, 0x00, 0x00, 0x00,
  0x00, 0x00, 0x00, 0x00, 0x00, 0x00, 0x00, 0x00, 0x00, 0x00, 0x00, 0x00,
  0x00, 0x00, 0x00, 0x00, 0x00, 0x00, 0x00, 0x00, 0x00, 0x00, 0x00, 0x00,
  0x00, 0x00, 0x00, 0x00, 0x00, 0x00, 0x00, 0x00, 0x00, 0x00, 0x00, 0x00,
  0x00, 0x00, 0x00, 0x00, 0x00, 0x00, 0x00, 0x00, 0x00, 0x00, 0x00, 0x00,
  0x00, 0x00, 0x00, 0x00, 0x00, 0x00, 0x00, 0x00, 0x00, 0x00, 0x00, 0x00,
  0x00, 0x00, 0x00, 0x00, 0x00, 0x00, 0x00, 0x00, 0x00, 0x00, 0x00, 0x00,
  0x00, 0x00, 0x00, 0x00, 0x00, 0x00, 0x00, 0x00, 0x00, 0x00, 0x00, 0x00,
  0x00, 0x00, 0x00, 0x00, 0x00, 0x00, 0x3c, 0xf5, 0xc2, 0x8f, 0x3e, 0x23,
  0xd7, 0x0a, 0x1e, 0x05, 0x58, 0x00, 0x20, 0x26, 0x2c, 0x2d, 0x39, 0x3f,
  0x43, 0x49, 0x4c, 0x48, 0x44, 0x3e, 0x34, 0x2f, 0x2b, 0x25, 0x0d, 0x00,
  0x6e, 0x00, 0x58, 0x0a, 0x00, 0x34, 0x20, 0xff, 0x74, 0x6f, 0xff, 0x53,
  0x05, 0x00, 0x05, 0x00, 0x77, 0x00, 0x50, 0x00, 0x3b, 0xff, 0x64, 0xe6,
  0x00, 0x01, 0xf4, 0x00, 0x05, 0x26, 0x1a, 0x26, 0x1a, 0xe1, 0x14, 0x10,
  0x00, 0x0e, 0x04, 0x0a, 0x07, 0x0c, 0x01, 0xa4, 0x02, 0x00, 0x00, 0x00,
  0x27, 0xba, 0xff, 0x67, 0x00, 0x9b, 0x00, 0x00, 0x00, 0x00, 0x00, 0x00,
  0x00, 0x00, 0x00, 0x00, 0x00, 0x00, 0x00, 0x00, 0x00, 0x00, 0x00, 0x00,
  0x00, 0x00, 0x00, 0x00, 0x00, 0x00, 0x00, 0x00, 0x00, 0x00, 0x00, 0x00,
  0x00, 0x00, 0x00, 0x00, 0x00, 0x00, 0x00, 0x00, 0x00, 0x00, 0x00, 0x00,
  0x00, 0x00, 0x00, 0x00, 0x00, 0x00, 0x00, 0x00, 0x00, 0x00, 0x00, 0x00,
  0x00, 0x00, 0x00, 0x00, 0x00, 0x00, 0x00, 0x00, 0x00, 0x00, 0x00, 0x00,
  0x00, 0x00, 0x00, 0x00, 0x00, 0x00, 0x00, 0x00, 0x00, 0x00, 0x00, 0x00,
  0x00, 0x00, 0x00, 0x00, 0x15, 0x8c, 0xff, 0x5c, 0x00, 0xaa, 0x00, 0x00,
  0x37, 0xb3, 0xff, 0x70, 0x00, 0x90, 0x01, 0x59, 0x01, 0x7c, 0x00, 0x00,
  0x11, 0x94, 0xff, 0x5c, 0x00, 0xaa, 0x00, 0x00, 0x3c, 0x8c, 0xff, 0x70,
  0x00, 0x90, 0x01, 0x63, 0x01, 0x84, 0x00, 0x00, 0x0d, 0xac, 0xff, 0x5c,
  0x00, 0xaa, 0x00, 0x00, 0x42, 0x68, 0xff, 0x70, 0x00, 0x90, 0x01, 0x6d,
  0x01, 0x8b, 0x08, 0x04, 0x01, 0x01, 0x4a, 0x00, 0xfa, 0x00, 0xdc, 0x00,
  0xcd, 0x00, 0xd2, 0x00, 0xfa, 0x01, 0x36, 0x01, 0x68, 0x0b, 0x22, 0x10,
  0x86, 0x13, 0x88, 0x19, 0x64, 0x00, 0xb4, 0x00, 0xb9, 0x07, 0xd0, 0x07,
  0xd0, 0x03, 0xe8, 0x00, 0x64, 0x0c, 0xd0, 0x00, 0x64, 0x0a, 0xfe, 0x01,
  0xfe, 0x01, 0xfe, 0x01, 0xfe, 0x0a, 0xf0, 0x00, 0xe0, 0x01, 0x20, 0x00,
  0xe0, 0x01, 0x20, 0xff, 0x00, 0x00, 0x27, 0x10, 0x3f, 0x8a, 0x3d, 0x71,
  0x40, 0x00, 0x00, 0x00, 0x3f, 0x8f, 0x5c, 0x29, 0x40, 0x33, 0x33, 0x33,
  0x3e, 0x99, 0x99, 0x9a, 0x0c, 0x07, 0x05, 0x05, 0x08, 0x18, 0x04, 0xb0,
  0x01, 0x02, 0x3f, 0x81, 0x47, 0xae, 0x3f, 0x82, 0x8f, 0x5c, 0x04, 0x02,
  0x02, 0x0c, 0x00, 0x64, 0x00, 0x6e, 0x00, 0x78, 0x00, 0x82, 0x00, 0x8e,
  0x00, 0x9a, 0x00, 0xa6, 0x00, 0xb6, 0x00, 0xc6, 0x00, 0xd6, 0x00, 0xea,
  0x00, 0xfe, 0x01, 0x16, 0x01, 0x2e, 0x01, 0x4c, 0x01, 0x6a, 0x01, 0x92,
  0x01, 0xba, 0x01, 0xec, 0x02, 0x1e, 0x02, 0x5a, 0x02, 0x96, 0x02, 0xdc,
  0x03, 0x22, 0x00, 0x00, 0x00, 0x00, 0x00, 0x00, 0x00, 0x00, 0x00, 0x00,
  0x00, 0x00, 0x00, 0x00, 0x00, 0x00, 0x00, 0xc8, 0x00, 0xa0, 0x00, 0x86,
  0x00, 0x72, 0x00, 0x60, 0x00, 0x50, 0x00, 0x44, 0x00, 0x3a, 0x00, 0x30,
  0x00, 0x28, 0x00, 0x22, 0x00, 0x1c, 0x00, 0x18, 0x00, 0x14, 0x00, 0x12,
  0x00, 0x10, 0x00, 0x0e, 0x00, 0x0c, 0x00, 0x0a, 0x00, 0x09, 0x00, 0x08,
  0x00, 0x07, 0x00, 0x06, 0x00, 0x05, 0x00, 0x00, 0x00, 0x00, 0x00, 0x00,
  0x00, 0x00, 0x00, 0x00, 0x00, 0x00, 0x00, 0x00, 0x00, 0x00, 0x00, 0x00,
  0x00, 0x00, 0x00, 0x00, 0x00, 0x00, 0x00, 0x00, 0x00, 0x00, 0x00, 0x00,
  0x00, 0x00, 0x00, 0x00, 0x00, 0x00, 0x00, 0x00, 0x00, 0x00, 0x0c, 0xe4,
  0x0f, 0xa0, 0x10, 0x10, 0x05, 0x01, 0x00, 0x0e, 0x62, 0xd0, 0x00, 0x00,
  0x33, 0xc9, 0x4d, 0xe7, 0x00, 0x03, 0xf0, 0x06, 0x00, 0x04, 0x3e, 0x31,
  0x00, 0x07, 0xc8, 0xd2, 0x07, 0x7f, 0x04, 0x37, 0x00, 0x38, 0x31, 0x01,
  0x00, 0x11, 0xc3, 0xd1, 0x00, 0x00, 0x02, 0x00, 0x00, 0x01, 0x00, 0x00,
  0x30, 0x00, 0x30, 0x00, 0x30, 0x00, 0x30, 0x00, 0x00, 0x02, 0x00, 0x00,
  0x30, 0x00, 0x30, 0x00, 0x30, 0x00, 0x30, 0x00, 0x00, 0x00, 0x00, 0x00,
  0x00, 0x00, 0x00, 0x00, 0x00, 0x00, 0x00, 0x00, 0x00, 0x00, 0x00, 0x00,
  0x00, 0x00, 0x00, 0x00, 0x00, 0x00, 0x00, 0x00, 0x00, 0x00, 0x00, 0x00,
  0x00, 0x00, 0x00, 0x00, 0x00, 0x00, 0x00, 0x00, 0x00, 0x00, 0x00, 0x00,
  0x00, 0x00, 0x00, 0x00, 0x00, 0x00, 0x00, 0x00, 0x00, 0x00, 0x00, 0x00,
  0x00, 0x00, 0x00, 0x00, 0x00, 0x00, 0x00, 0x00, 0x00, 0x00, 0x00, 0x00,
  0x00, 0x00, 0x00, 0x00, 0x00, 0x00, 0x00, 0x00, 0x50, 0x00, 0x90, 0x14,
  0x01, 0x32, 0x19, 0x00, 0x64, 0x08, 0x98, 0x0c, 0x1c, 0x0e, 0xd8, 0x12,
  0x5c, 0x17, 0x70, 0x1c, 0x20, 0x20, 0x08, 0x20, 0x20, 0x20, 0x20, 0x20,
  0x20, 0x20, 0x20, 0x20, 0x20, 0x20, 0x20, 0x20, 0x20, 0x20, 0x20, 0x20,
  0x20, 0x20, 0x20, 0x20, 0x20, 0x20, 0x20, 0x01, 0x9f, 0xff, 0x62, 0xff,
  0xff, 0xff, 0xe6, 0x01, 0x80, 0xff, 0x9a, 0x00, 0x0b, 0xff, 0x62, 0x01,
  0x93, 0x01, 0x9f, 0xff, 0x62, 0xff, 0xff, 0xff, 0xe6, 0x01, 0x80, 0xff,
  0x9a, 0x00, 0x0b, 0xff, 0x62, 0x01, 0x93, 0x01, 0xe5, 0xff, 0x8e, 0xff,
  0x8d, 0xff, 0xd4, 0x01, 0xae, 0xff, 0x7e, 0xff, 0xea, 0xff, 0x69, 0x01,
  0xad, 0x01, 0xd7, 0xff, 0x1e, 0x00, 0x0b, 0xff, 0xf8, 0x01, 0x0e, 0xff,
  0xfa, 0xff, 0xf0, 0xff, 0x23, 0x01, 0xed, 0x01, 0x6b, 0xff, 0xce, 0xff,
  0xc7, 0xff, 0xbe, 0x01, 0xbf, 0xff, 0x83, 0xff, 0x7a, 0xff, 0x06, 0x02,
  0x80, 0x01, 0x6b, 0xff, 0xce, 0xff, 0xc7, 0xff, 0xbe, 0x01, 0xbf, 0xff,
  0x83, 0xff, 0x7a, 0xff, 0x06, 0x02, 0x80, 0x01, 0x00, 0x00, 0x00, 0x00,
  0x00, 0x00, 0x00, 0x01, 0x00, 0x00, 0x00, 0x00, 0x00, 0x00, 0x00, 0x01,
  0x00, 0x01, 0x00, 0x00, 0x00, 0x00, 0x00, 0x00, 0x00, 0x01, 0x00, 0x00,
  0x00, 0x00, 0x00, 0x00, 0x00, 0x01, 0x00, 0x01, 0x00, 0x00, 0x00, 0x00,
  0x00, 0x00, 0x00, 0x01, 0x00, 0x00, 0x00, 0x00, 0x00, 0x00, 0x00, 0x01,
  0x00, 0x01, 0x00, 0x00, 0x00, 0x00, 0x00, 0x00, 0x00, 0x01, 0x00, 0x00,
  0x00, 0x00, 0x00, 0x00, 0x00, 0x01, 0x00, 0x01, 0x00, 0x00, 0x00, 0x00,
  0x00, 0x00, 0x00, 0x01, 0x00, 0x00, 0x00, 0x00, 0x00, 0x00, 0x00, 0x01,
  0x00, 0x01, 0x00, 0x00, 0x00, 0x00, 0x00, 0x00, 0x00, 0x01, 0x00, 0x00,
  0x00, 0x00, 0x00, 0x00, 0x00, 0x01, 0x00, 0x20, 0x08, 0x1e, 0x78, 0x15,
  0xe0, 0x13, 0x88, 0x0e, 0xd8, 0x0d, 0xac, 0x0a, 0x8c, 0x09, 0xc4, 0x07,
  0xd0, 0x07, 0x6c, 0x00, 0x40, 0x06, 0x00, 0x00, 0x09, 0x16, 0x23, 0x2f,
  0x3b, 0x46, 0x51, 0x5b, 0x6d, 0x7c, 0x86, 0x90, 0x99, 0xa2, 0xaa, 0xb1,
  0xb8, 0xbf, 0xc6, 0xcd, 0xdb, 0xe8, 0xf0, 0xf8, 0xfb, 0xfd, 0xfe, 0x00,
  0x0c, 0x18, 0x26, 0x34, 0x3f, 0x4a, 0x54, 0x5c, 0x6c, 0x7b, 0x88, 0x94,
  0x9f, 0xa9, 0xb2, 0xbb, 0xc2, 0xc9, 0xd0, 0xd5, 0xe1, 0xea, 0xf2, 0xf7,
  0xfb, 0xfd, 0xfe, 0x01, 0x80, 0x02, 0x00, 0x00, 0x28, 0x00, 0x28, 0x37,
  0x37, 0x37, 0x0a, 0xbe, 0x03, 0x01, 0xd0, 0x00, 0x10, 0x00, 0x30, 0x00,
  0x30, 0x00, 0xa0, 0x04, 0x00, 0x0a, 0x48, 0x01, 0x01, 0x01, 0x01, 0x01,
  0x01, 0x01, 0x01, 0x01, 0x01, 0x01, 0x01, 0x01, 0x01, 0x01, 0x01, 0x01,
  0x01, 0x01, 0x01, 0x01, 0x01, 0x01, 0x01, 0x01, 0x01, 0x01, 0x01, 0x01,
  0x01, 0x01, 0x01, 0x01, 0x01, 0x01, 0x01, 0x01, 0x01, 0x01, 0x01, 0x01,
  0x01, 0x01, 0x01, 0x01, 0x01, 0x01, 0x01, 0x01, 0x01, 0x01, 0x01, 0x01,
  0x01, 0x01, 0x01, 0x01, 0x01, 0x01, 0x01, 0x01, 0x01, 0x01, 0x01, 0x01,
  0x01, 0x01, 0x01, 0x01, 0x01, 0x01, 0x01, 0x01, 0x01, 0x01, 0x01, 0x01,
  0x01, 0x01, 0x01, 0x01, 0x01, 0x01, 0x01, 0x01, 0x01, 0x01, 0x01, 0x01,
  0x01, 0x01, 0x01, 0x01, 0x01, 0x01, 0x01, 0x01, 0x01, 0x01, 0x01, 0x00,
  0x06, 0x00, 0x00, 0x00, 0x20, 0x00, 0x00, 0x00, 0x40, 0x00, 0x00, 0x00,
  0x80, 0x00, 0x00, 0x01, 0x00, 0x00, 0x00, 0x01, 0x80, 0x00, 0x00, 0x00,
  0x00, 0x85, 0x00, 0x6e, 0x85, 0x01, 0x01, 0x85, 0x02, 0x84, 0x85, 0x03,
  0x03, 0x85, 0x06, 0x01, 0x85, 0x09, 0x01, 0x85, 0x22, 0x02, 0x85, 0x23,
  0x02, 0x85, 0x24, 0x12, 0x85, 0x25, 0x02, 0x85, 0x26, 0x04, 0x85, 0x27,
  0x02, 0x85, 0x2a, 0x00, 0x85, 0x2b, 0x02, 0x85, 0x2c, 0x04, 0x85, 0x2d,
  0xff, 0x85, 0x2e, 0x10, 0x85, 0x2f, 0x80, 0x85, 0x32, 0x06, 0x85, 0x33,
  0x04, 0x85, 0x34, 0x03, 0x84, 0xa0, 0x11, 0x84, 0xa1, 0xff, 0x84, 0xa2,
  0x00, 0x84, 0xa3, 0x00, 0x84, 0xa4, 0xff, 0x84, 0xa5, 0x02, 0x84, 0xa6,
  0x00, 0x85, 0x5e, 0xee, 0x85, 0x5f, 0x66, 0x85, 0x60, 0x1c, 0x85, 0x61,
  0x01, 0x85, 0x62, 0xf8, 0x85, 0x63, 0x00, 0x85, 0x64, 0x00, 0x85, 0x6a,
  0x08, 0x85, 0x6b, 0x0f, 0x85, 0x6c, 0x0f, 0x85, 0x6d, 0x02, 0x85, 0x6e,
  0x01, 0x85, 0x6f, 0x01, 0x85, 0xa3, 0x08, 0x85, 0xa4, 0xff, 0x85, 0xa5,
  0xfd, 0x85, 0xa9, 0x00, 0x85, 0xaa, 0x00, 0x85, 0xac, 0xf6, 0x85, 0xad,
  0x0f, 0x85, 0xae, 0x01, 0x85, 0xaf, 0x38, 0x85, 0xb0, 0x6e, 0x85, 0xb1,
  0x01, 0x85, 0xb2, 0xd0, 0x85, 0xb3, 0x02, 0x85, 0xb6, 0x00, 0x85, 0xc0,
  0x01, 0x85, 0xc2, 0x3f, 0x85, 0xc3, 0x05, 0x85, 0xc8, 0x6e, 0x85, 0xc9,
  0x7e, 0x85, 0xca, 0x84, 0x85, 0xcb, 0xa9, 0x85, 0xcc, 0x55, 0x85, 0xcd,
  0x7d, 0x85, 0xce, 0x84, 0x85, 0xcf, 0xb7, 0x85, 0xd0, 0x51, 0x85, 0xd1,
  0x7f, 0x85, 0xd2, 0x85, 0x85, 0xd3, 0xbb, 0x85, 0xd4, 0x54, 0x85, 0xd5,
  0x7c, 0x85, 0xd6, 0x85, 0x85, 0xd7, 0xb7, 0x85, 0xd8, 0x63, 0x85, 0xd9,
  0x7b, 0x85, 0xda, 0x83, 0x85, 0xdb, 0x94, 0x85, 0xdc, 0x08, 0x85, 0xdd,
  0xfe, 0x85, 0xde, 0xfd, 0x85, 0xe0, 0x00, 0x85, 0xe1, 0x02, 0x85, 0xe2,
  0x3f, 0x88, 0x82, 0x0e, 0x88, 0x83, 0x10, 0x88, 0x84, 0x00, 0x88, 0xa1,
  0x01, 0x88, 0xa2, 0x01, 0x88, 0xae, 0x01, 0x88, 0xaf, 0x01, 0x00, 0x00,
  0x00, 0x00, 0x00, 0x00, 0x00, 0x00, 0x00, 0x00, 0x00, 0x00, 0x00, 0x00,
  0x00, 0x00, 0x00, 0x00, 0x00, 0x00, 0x00, 0x00, 0x00, 0x00, 0x00, 0x00,
  0x00, 0x85, 0x04, 0x04, 0x85, 0x07, 0x22, 0x85, 0x1a, 0x02, 0x85, 0x20,
  0x81, 0x85, 0x31, 0x00, 0x85, 0x35, 0x82, 0x85, 0x37, 0xaf, 0x84, 0x60,
  0x01, 0x84, 0x65, 0x02, 0x84, 0x7d, 0x10, 0x84, 0x7e, 0x50, 0x84, 0x82,
  0xff, 0x85, 0x57, 0x03, 0x85, 0x58, 0x05, 0x85, 0x59, 0x07, 0x85, 0x5a,
  0x09, 0x85, 0x5b, 0x0b, 0x85, 0x65, 0x04, 0x85, 0x75, 0xe0, 0x85, 0xa7,
  0x00, 0x85, 0xb4, 0x16, 0x85, 0xc1, 0x0c, 0x85, 0xc4, 0x06, 0x85, 0xe4,
  0x08, 0x85, 0xe5, 0x0b, 0x85, 0xe6, 0x0d, 0x85, 0xe7, 0x0b, 0x85, 0xe8,
  0x0d, 0x85, 0xea, 0x0d, 0x85, 0xed, 0x0e, 0x85, 0xfa, 0x3f, 0x85, 0xfb,
  0x3f, 0x88, 0x86, 0x03, 0x88, 0x87, 0x07, 0x88, 0x8b, 0x04, 0x88, 0x8c,
  0x0b, 0x88, 0x91, 0x0a, 0x88, 0x92, 0x14, 0x88, 0x96, 0x04, 0x88, 0x97,
  0x09, 0x88, 0x9b, 0x04, 0x88, 0x9c, 0x0c, 0x88, 0xa3, 0x03, 0x88, 0xa7,
  0x05, 0x88, 0xab, 0x05, 0x88, 0xb4, 0x04, 0x88, 0xb9, 0x07, 0x00, 0x00,
  0x00, 0x00, 0x00, 0x00, 0x00, 0x00, 0x00, 0x00, 0x00, 0x00, 0x00, 0x00,
  0x00, 0x00, 0x00, 0x00, 0x00, 0x00, 0x00, 0x00, 0x00, 0x00, 0x00, 0x00,
  0x00, 0x00, 0x00, 0x00, 0x00, 0x00, 0x00, 0x00, 0x00, 0x00, 0x00, 0x00,
  0x00, 0x85, 0x0a, 0x02, 0x85, 0x0b, 0x00, 0x85, 0x0c, 0x01, 0x85, 0x0d,
  0x01, 0x85, 0x10, 0x01, 0x85, 0x11, 0x04, 0x85, 0x12, 0x02, 0x85, 0x13,
  0x0a, 0x85, 0x14, 0x03, 0x85, 0x15, 0x10, 0x85, 0x17, 0x02, 0x85, 0x19,
  0x02, 0x85, 0x1b, 0x02, 0x85, 0x1c, 0x02, 0x85, 0x1d, 0x0a, 0x85, 0x1f,
  0x11, 0x85, 0x30, 0x00, 0x85, 0x36, 0x40, 0x84, 0x61, 0x55, 0x84, 0x62,
  0x0d, 0x84, 0x63, 0x0d, 0x84, 0x64, 0x22, 0x84, 0x66, 0x11, 0x84, 0x67,
  0x50, 0x84, 0x68, 0x28, 0x84, 0x69, 0x20, 0x84, 0x6a, 0x82, 0x84, 0x6b,
  0x50, 0x84, 0x80, 0x07, 0x84, 0x81, 0x44, 0x84, 0x83, 0x80, 0x85, 0x50,
  0x17, 0x85, 0x51, 0x30, 0x85, 0x52, 0x14, 0x85, 0x53, 0xa2, 0x85, 0x54,
  0x0b, 0x85, 0x55, 0x0c, 0x85, 0x56, 0x01, 0x85, 0x5c, 0x40, 0x85, 0x5d,
  0x14, 0x85, 0x69, 0x07, 0x85, 0x70, 0x04, 0x85, 0x71, 0x12, 0x85, 0x72,
  0x90, 0x85, 0x73, 0x3f, 0x85, 0xa0, 0x01, 0x85, 0xa1, 0x18, 0x85, 0xa2,
  0x03, 0x85, 0xab, 0x00, 0x85, 0xdf, 0x02, 0x85, 0xe9, 0x0e, 0x85, 0xeb,
  0x0e, 0x85, 0xec, 0x11, 0x85, 0xee, 0x11, 0x85, 0xef, 0x0f, 0x85, 0xf0,
  0x0f, 0x85, 0xf1, 0x1f, 0x85, 0xf2, 0x00, 0x85, 0xf3, 0x01, 0x85, 0xf4,
  0x1f, 0x85, 0xf5, 0x0f, 0x85, 0xf6, 0x1f, 0x85, 0xf7, 0x00, 0x85, 0xf8,
  0x01, 0x85, 0xf9, 0x1f, 0x88, 0x81, 0x03, 0x88, 0x85, 0x0e, 0x88, 0x8a,
  0x0e, 0x88, 0x8f, 0x03, 0x88, 0x90, 0x0e, 0x88, 0x95, 0x0e, 0x88, 0x9a,
  0x0e, 0x88, 0x9f, 0x10, 0x88, 0xa0, 0x02, 0x88, 0xa6, 0x28, 0x88, 0xaa,
  0x50, 0x88, 0xb2, 0x00, 0x88, 0xb3, 0xf0, 0x88, 0xb7, 0x02, 0x88, 0xb8,
  0xd0, 0x88, 0xbc, 0x04, 0x88, 0xbd, 0x01, 0x88, 0xbe, 0x01, 0x88, 0xbf,
  0x01, 0x88, 0xc0, 0x00, 0x88, 0xc1, 0x01, 0x88, 0xc2, 0x08, 0x88, 0xc3,
  0x01, 0x88, 0xc4, 0x00, 0x88, 0xc5, 0x04, 0x88, 0xc6, 0x0c, 0x88, 0xc7,
  0x08, 0x88, 0xc8, 0x00, 0x88, 0xc9, 0x00, 0x88, 0xca, 0x04, 0x88, 0xcb,
  0x0f, 0x88, 0xcc, 0x02, 0x88, 0xe5, 0x0e, 0x88, 0xe6, 0x0e, 0x84, 0x2d,
  0x03, 0x84, 0x2e, 0x00, 0x84, 0x2f, 0x00, 0x84, 0x25, 0x20, 0x00, 0x00,
  0x00, 0x00, 0x00, 0x00, 0x00, 0x00, 0x00, 0x00, 0x00, 0x00, 0x00, 0x00,
  0x00, 0x00, 0x00, 0x00, 0x00, 0x00, 0x00, 0x85, 0x04, 0x04, 0x85, 0x07,
  0x22, 0x85, 0x1a, 0x06, 0x85, 0x20, 0x81, 0x85, 0x31, 0x04, 0x85, 0x35,
  0x82, 0x85, 0x37, 0x7e, 0x84, 0x60, 0x02, 0x84, 0x65, 0x02, 0x84, 0x7d,
  0x13, 0x84, 0x7e, 0x50, 0x84, 0x82, 0xee, 0x85, 0x57, 0x05, 0x85, 0x58,
  0x07, 0x85, 0x59, 0x09, 0x85, 0x5a, 0x0b, 0x85, 0x5b, 0x0d, 0x85, 0x65,
  0x08, 0x85, 0x75, 0xe0, 0x85, 0xa7, 0x00, 0x85, 0xb4, 0x16, 0x85, 0xc1,
  0x20, 0x85, 0xc4, 0x0a, 0x85, 0xe4, 0x06, 0x85, 0xe5, 0x09, 0x85, 0xe6,
  0x0b, 0x85, 0xe7, 0x09, 0x85, 0xe8, 0x0b, 0x85, 0xea, 0x0b, 0x85, 0xed,
  0x0e, 0x85, 0xfa, 0x3f, 0x85, 0xfb, 0x3f, 0x88, 0x86, 0x03, 0x88, 0x87,
  0x08, 0x88, 0x8b, 0x04, 0x88, 0x8c, 0x0c, 0x88, 0x91, 0x11, 0x88, 0x92,
  0x1b, 0x88, 0x96, 0x04, 0x88, 0x97, 0x09, 0x88, 0x9b, 0x05, 0x88, 0x9c,
  0x0d, 0x88, 0xa3, 0x03, 0x88, 0xa7, 0x05, 0x88, 0xab, 0x05, 0x88, 0xb4,
  0x04, 0x88, 0xb9, 0x07, 0x00, 0x00, 0x00, 0x00, 0x00, 0x00, 0x00, 0x00,
  0x00, 0x00, 0x00, 0x00, 0x00, 0x00, 0x00, 0x00, 0x00, 0x00, 0x00, 0x00,
  0x00, 0x00, 0x00, 0x00, 0x00, 0x00, 0x00, 0x00, 0x00, 0x00, 0x00, 0x00,
  0x00, 0x00, 0x00, 0x00, 0x00, 0x00, 0x00, 0x85, 0x0a, 0x02, 0x85, 0x0b,
  0x00, 0x85, 0x0c, 0x01, 0x85, 0x0d, 0x01, 0x85, 0x10, 0x01, 0x85, 0x11,
  0x04, 0x85, 0x12, 0x02, 0x85, 0x13, 0x0a, 0x85, 0x14, 0x03, 0x85, 0x15,
  0x10, 0x85, 0x17, 0x02, 0x85, 0x19, 0x02, 0x85, 0x1b, 0x02, 0x85, 0x1c,
  0x02, 0x85, 0x1d, 0x0a, 0x85, 0x1f, 0x11, 0x85, 0x30, 0x00, 0x85, 0x36,
  0x40, 0x84, 0x61, 0x55, 0x84, 0x62, 0x0d, 0x84, 0x63, 0x0d, 0x84, 0x64,
  0x22, 0x84, 0x66, 0x11, 0x84, 0x67, 0x50, 0x84, 0x68, 0x28, 0x84, 0x69,
  0x20, 0x84, 0x6a, 0x82, 0x84, 0x6b, 0x50, 0x84, 0x80, 0x07, 0x84, 0x81,
  0x44, 0x84, 0x83, 0x80, 0x85, 0x50, 0x17, 0x85, 0x51, 0x30, 0x85, 0x52,
  0x26, 0x85, 0x53, 0xa2, 0x85, 0x54, 0x0b, 0x85, 0x55, 0x0c, 0x85, 0x56,
  0x01, 0x85, 0x5c, 0x40, 0x85, 0x5d, 0x26, 0x85, 0x69, 0x07, 0x85, 0x70,
  0x04, 0x85, 0x71, 0x12, 0x85, 0x72, 0x90, 0x85, 0x73, 0x3f, 0x85, 0xa0,
  0x01, 0x85, 0xa1, 0x18, 0x85, 0xa2, 0x03, 0x85, 0xab, 0x00, 0x85, 0xdf,
  0x02, 0x85, 0xe9, 0x0e, 0x85, 0xeb, 0x0e, 0x85, 0xec, 0x11, 0x85, 0xee,
  0x11, 0x85, 0xef, 0x0f, 0x85, 0xf0, 0x0f, 0x85, 0xf1, 0x1f, 0x85, 0xf2,
  0x00, 0x85, 0xf3, 0x09, 0x85, 0xf4, 0x1c, 0x85, 0xf5, 0x0f, 0x85, 0xf6,
  0x1f, 0x85, 0xf7, 0x00, 0x85, 0xf8, 0x09, 0x85, 0xf9, 0x1c, 0x88, 0x81,
  0x03, 0x88, 0x85, 0x10, 0x88, 0x8a, 0x10, 0x88, 0x8f, 0x03, 0x88, 0x90,
  0x0f, 0x88, 0x95, 0x0f, 0x88, 0x9a, 0x0f, 0x88, 0x9f, 0x10, 0x88, 0xa0,
  0x02, 0x88, 0xa6, 0x28, 0x88, 0xaa, 0x50, 0x88, 0xb2, 0x00, 0x88, 0xb3,
  0xf0, 0x88, 0xb7, 0x02, 0x88, 0xb8, 0xd0, 0x88, 0xbc, 0x08, 0x88, 0xbd,
  0x01, 0x88, 0xbe, 0x01, 0x88, 0xbf, 0x01, 0x88, 0xc0, 0x00, 0x88, 0xc1,
  0x01, 0x88, 0xc2, 0x06, 0x88, 0xc3, 0x00, 0x88, 0xc4, 0xc0, 0x88, 0xc5,
  0x04, 0x88, 0xc6, 0x0c, 0x88, 0xc7, 0x06, 0x88, 0xc8, 0x00, 0x88, 0xc9,
  0x00, 0x88, 0xca, 0x05, 0x88, 0xcb, 0x10, 0x88, 0xcc, 0x02, 0x88, 0xe5,
  0x0e, 0x88, 0xe6, 0x0e, 0x84, 0x2d, 0x03, 0x84, 0x2e, 0x00, 0x84, 0x2f,
  0x00, 0x84, 0x25, 0x20, 0x00, 0x00, 0x00, 0x00, 0x00, 0x00, 0x00, 0x00,
  0x00, 0x00, 0x00, 0x00, 0x00, 0x00, 0x00, 0x00, 0x00, 0x00, 0x00, 0x00,
  0x00, 0x85, 0x04, 0x04, 0x85, 0x07, 0x22, 0x85, 0x1a, 0x06, 0x85, 0x20,
  0x81, 0x85, 0x31, 0x04, 0x85, 0x35, 0x82, 0x85, 0x37, 0x3a, 0x84, 0x60,
  0x04, 0x84, 0x65, 0x02, 0x84, 0x7d, 0x14, 0x84, 0x7e, 0x50, 0x84, 0x82,
  0xcc, 0x85, 0x57, 0x07, 0x85, 0x58, 0x09, 0x85, 0x59, 0x0b, 0x85, 0x5a,
  0x0d, 0x85, 0x5b, 0x0f, 0x85, 0x65, 0x0a, 0x85, 0x75, 0xe0, 0x85, 0xa7,
  0x00, 0x85, 0xb4, 0x16, 0x85, 0xc1, 0x28, 0x85, 0xc4, 0x0c, 0x85, 0xe4,
  0x05, 0x85, 0xe5, 0x08, 0x85, 0xe6, 0x0a, 0x85, 0xe7, 0x08, 0x85, 0xe8,
  0x0a, 0x85, 0xea, 0x0a, 0x85, 0xed, 0x0d, 0x85, 0xfa, 0x3f, 0x85, 0xfb,
  0x3f, 0x88, 0x86, 0x03, 0x88, 0x87, 0x08, 0x88, 0x8b, 0x05, 0x88, 0x8c,
  0x0d, 0x88, 0x91, 0x11, 0x88, 0x92, 0x1b, 0x88, 0x96, 0x05, 0x88, 0x97,
  0x0a, 0x88, 0x9b, 0x06, 0x88, 0x9c, 0x0e, 0x88, 0xa3, 0x03, 0x88, 0xa7,
  0x05, 0x88, 0xab, 0x05, 0x88, 0xb4, 0x04, 0x88, 0xb9, 0x07, 0x00, 0x00,
  0x00, 0x00, 0x00, 0x00, 0x00, 0x00, 0x00, 0x00, 0x00, 0x00, 0x00, 0x00,
  0x00, 0x00, 0x00, 0x00, 0x00, 0x00, 0x00, 0x00, 0x00, 0x00, 0x00, 0x00,
  0x00, 0x00, 0x00, 0x00, 0x00, 0x00, 0x00, 0x00, 0x00, 0x00, 0x00, 0x00,
  0x00, 0x85, 0x0a, 0x02, 0x85, 0x0b, 0x00, 0x85, 0x0c, 0x01, 0x85, 0x0d,
  0x01, 0x85, 0x10, 0x01, 0x85, 0x11, 0x04, 0x85, 0x12, 0x02, 0x85, 0x13,
  0x0a, 0x85, 0x14, 0x03, 0x85, 0x15, 0x10, 0x85, 0x17, 0x02, 0x85, 0x19,
  0x02, 0x85, 0x1b, 0x02, 0x85, 0x1c, 0x02, 0x85, 0x1d, 0x0a, 0x85, 0x1f,
  0x11, 0x85, 0x30, 0x00, 0x85, 0x36, 0x40, 0x84, 0x61, 0x55, 0x84, 0x62,
  0x0d, 0x84, 0x63, 0x0d, 0x84, 0x64, 0x22, 0x84, 0x66, 0x11, 0x84, 0x67,
  0x50, 0x84, 0x68, 0x28, 0x84, 0x69, 0x20, 0x84, 0x6a, 0x82, 0x84, 0x6b,
  0x50, 0x84, 0x80, 0x07, 0x84, 0x81, 0x44, 0x84, 0x83, 0x80, 0x85, 0x50,
  0x17, 0x85, 0x51, 0x30, 0x85, 0x52, 0x26, 0x85, 0x53, 0xa2, 0x85, 0x54,
  0x0b, 0x85, 0x55, 0x0c, 0x85, 0x56, 0x01, 0x85, 0x5c, 0x40, 0x85, 0x5d,
  0x37, 0x85, 0x69, 0x07, 0x85, 0x70, 0x04, 0x85, 0x71, 0x12, 0x85, 0x72,
  0x90, 0x85, 0x73, 0x3f, 0x85, 0xa0, 0x01, 0x85, 0xa1, 0x18, 0x85, 0xa2,
  0x03, 0x85, 0xab, 0x00, 0x85, 0xdf, 0x02, 0x85, 0xe9, 0x0d, 0x85, 0xeb,
  0x0d, 0x85, 0xec, 0x11, 0x85, 0xee, 0x11, 0x85, 0xef, 0x0f, 0x85, 0xf0,
  0x0f, 0x85, 0xf1, 0x1f, 0x85, 0xf2, 0x00, 0x85, 0xf3, 0x09, 0x85, 0xf4,
  0x1c, 0x85, 0xf5, 0x0f, 0x85, 0xf6, 0x1f, 0x85, 0xf7, 0x00, 0x85, 0xf8,
  0x09, 0x85, 0xf9, 0x1c, 0x88, 0x81, 0x03, 0x88, 0x85, 0x10, 0x88, 0x8a,
  0x10, 0x88, 0x8f, 0x03, 0x88, 0x90, 0x0f, 0x88, 0x95, 0x0f, 0x88, 0x9a,
  0x0f, 0x88, 0x9f, 0x10, 0x88, 0xa0, 0x06, 0x88, 0xa6, 0x28, 0x88, 0xaa,
  0x50, 0x88, 0xb2, 0x00, 0x88, 0xb3, 0xf0, 0x88, 0xb7, 0x02, 0x88, 0xb8,
  0xd0, 0x88, 0xbc, 0x10, 0x88, 0xbd, 0x04, 0x88, 0xbe, 0x04, 0x88, 0xbf,
  0x04, 0x88, 0xc0, 0x00, 0x88, 0xc1, 0x01, 0x88, 0xc2, 0x08, 0x88, 0xc3,
  0x01, 0x88, 0xc4, 0x00, 0x88, 0xc5, 0x05, 0x88, 0xc6, 0x0d, 0x88, 0xc7,
  0x08, 0x88, 0xc8, 0x00, 0x88, 0xc9, 0x00, 0x88, 0xca, 0x06, 0x88, 0xcb,
  0x11, 0x88, 0xcc, 0x06, 0x88, 0xe5, 0x0e, 0x88, 0xe6, 0x0e, 0x84, 0x2d,
  0x03, 0x84, 0x2e, 0x01, 0x84, 0x2f, 0x01, 0x84, 0x25, 0x20, 0x00, 0x00,
  0x00, 0x00, 0x00, 0x00, 0x00, 0x00, 0x00, 0x00, 0x00, 0x00, 0x00, 0x00,
  0x00, 0x00, 0x00, 0x00, 0x00, 0x00, 0x00, 0x85, 0x04, 0x04, 0x85, 0x07,
  0x22, 0x85, 0x1a, 0x06, 0x85, 0x20, 0x81, 0x85, 0x31, 0x06, 0x85, 0x35,
  0x84, 0x85, 0x37, 0x17, 0x84, 0x60, 0x06, 0x84, 0x65, 0x02, 0x84, 0x7d,
  0x17, 0x84, 0x7e, 0x50, 0x84, 0x82, 0xaa, 0x85, 0x57, 0x09, 0x85, 0x58,
  0x0b, 0x85, 0x59, 0x0d, 0x85, 0x5a, 0x0f, 0x85, 0x5b, 0x11, 0x85, 0x65,
  0x0c, 0x85, 0x75, 0xb6, 0x85, 0xa7, 0x00, 0x85, 0xb4, 0x16, 0x85, 0xc1,
  0x3f, 0x85, 0xc4, 0x12, 0x85, 0xe4, 0x04, 0x85, 0xe5, 0x07, 0x85, 0xe6,
  0x0a, 0x85, 0xe7, 0x07, 0x85, 0xe8, 0x0a, 0x85, 0xea, 0x0a, 0x85, 0xed,
  0x0d, 0x85, 0xfa, 0x3f, 0x85, 0xfb, 0x3f, 0x88, 0x86, 0x04, 0x88, 0x87,
  0x09, 0x88, 0x8b, 0x06, 0x88, 0x8c, 0x0e, 0x88, 0x91, 0x11, 0x88, 0x92,
  0x1b, 0x88, 0x96, 0x06, 0x88, 0x97, 0x0b, 0x88, 0x9b, 0x07, 0x88, 0x9c,
  0x0f, 0x88, 0xa3, 0x03, 0x88, 0xa7, 0x05, 0x88, 0xab, 0x05, 0x88, 0xb4,
  0x04, 0x88, 0xb9, 0x07, 0x00, 0x00, 0x00, 0x00, 0x00, 0x00, 0x00, 0x00,
  0x00, 0x00, 0x00, 0x00, 0x00, 0x00, 0x00, 0x00, 0x00, 0x00, 0x00, 0x00,
  0x00, 0x00, 0x00, 0x00, 0x00, 0x00, 0x00, 0x00, 0x00, 0x00, 0x00, 0x00,
  0x00, 0x00, 0x00, 0x00, 0x00, 0x00, 0x00, 0x85, 0x0a, 0x02, 0x85, 0x0b,
  0x00, 0x85, 0x0c, 0x01, 0x85, 0x0d, 0x01, 0x85, 0x10, 0x01, 0x85, 0x11,
  0x04, 0x85, 0x12, 0x02, 0x85, 0x13, 0x0a, 0x85, 0x14, 0x03, 0x85, 0x15,
  0x10, 0x85, 0x17, 0x02, 0x85, 0x19, 0x02, 0x85, 0x1b, 0x02, 0x85, 0x1c,
  0x02, 0x85, 0x1d, 0x0a, 0x85, 0x1f, 0x22, 0x85, 0x30, 0x00, 0x85, 0x36,
  0x40, 0x84, 0x61, 0x55, 0x84, 0x62, 0x0d, 0x84, 0x63, 0x0d, 0x84, 0x64,
  0x22, 0x84, 0x66, 0x11, 0x84, 0x67, 0x50, 0x84, 0x68, 0x28, 0x84, 0x69,
  0x20, 0x84, 0x6a, 0x82, 0x84, 0x6b, 0x50, 0x84, 0x80, 0x07, 0x84, 0x81,
  0x44, 0x84, 0x83, 0x80, 0x85, 0x50, 0x17, 0x85, 0x51, 0x30, 0x85, 0x52,
  0x37, 0x85, 0x53, 0xa2, 0x85, 0x54, 0x0b, 0x85, 0x55, 0x0c, 0x85, 0x56,
  0x01, 0x85, 0x5c, 0x40, 0x85, 0x5d, 0x49, 0x85, 0x69, 0x07, 0x85, 0x70,
  0x04, 0x85, 0x71, 0x12, 0x85, 0x72, 0x90, 0x85, 0x73, 0x3f, 0x85, 0xa0,
  0x01, 0x85, 0xa1, 0x18, 0x85, 0xa2, 0x03, 0x85, 0xab, 0x00, 0x85, 0xdf,
  0x02, 0x85, 0xe9, 0x0d, 0x85, 0xeb, 0x0d, 0x85, 0xec, 0x11, 0x85, 0xee,
  0x11, 0x85, 0xef, 0x0f, 0x85, 0xf0, 0x0f, 0x85, 0xf1, 0x1f, 0x85, 0xf2,
  0x04, 0x85, 0xf3, 0x0d, 0x85, 0xf4, 0x1c, 0x85, 0xf5, 0x0f, 0x85, 0xf6,
  0x1f, 0x85, 0xf7, 0x05, 0x85, 0xf8, 0x0e, 0x85, 0xf9, 0x1c, 0x88, 0x81,
  0x03, 0x88, 0x85, 0x10, 0x88, 0x8a, 0x10, 0x88, 0x8f, 0x03, 0x88, 0x90,
  0x0f, 0x88, 0x95, 0x0f, 0x88, 0x9a, 0x0f, 0x88, 0x9f, 0x10, 0x88, 0xa0,
  0x06, 0x88, 0xa6, 0x28, 0x88, 0xaa, 0x50, 0x88, 0xb2, 0x00, 0x88, 0xb3,
  0xf0, 0x88, 0xb7, 0x02, 0x88, 0xb8, 0xd0, 0x88, 0xbc, 0x14, 0x88, 0xbd,
  0x06, 0x88, 0xbe, 0x06, 0x88, 0xbf, 0x06, 0x88, 0xc0, 0x00, 0x88, 0xc1,
  0x01, 0x88, 0xc2, 0x08, 0x88, 0xc3, 0x01, 0x88, 0xc4, 0x00, 0x88, 0xc5,
  0x06, 0x88, 0xc6, 0x0e, 0x88, 0xc7, 0x08, 0x88, 0xc8, 0x00, 0x88, 0xc9,
  0x00, 0x88, 0xca, 0x09, 0x88, 0xcb, 0x14, 0x88, 0xcc, 0x06, 0x88, 0xe5,
  0x0e, 0x88, 0xe6, 0x0e, 0x84, 0x2d, 0x03, 0x84, 0x2e, 0x02, 0x84, 0x2f,
  0x02, 0x84, 0x25, 0x20, 0x00, 0x00, 0x00, 0x00, 0x00, 0x00, 0x00, 0x00,
  0x00, 0x00, 0x00, 0x00, 0x00, 0x00, 0x00, 0x00, 0x00, 0x00, 0x00, 0x00,
  0x00, 0x85, 0x04, 0x04, 0x85, 0x07, 0x22, 0x85, 0x1a, 0x06, 0x85, 0x20,
  0x81, 0x85, 0x31, 0x06, 0x85, 0x35, 0x84, 0x85, 0x37, 0x03, 0x84, 0x60,
  0x06, 0x84, 0x65, 0x02, 0x84, 0x7d, 0x19, 0x84, 0x7e, 0x50, 0x84, 0x82,
  0x88, 0x85, 0x57, 0x0b, 0x85, 0x58, 0x0d, 0x85, 0x59, 0x0f, 0x85, 0x5a,
  0x11, 0x85, 0x5b, 0x13, 0x85, 0x65, 0x0c, 0x85, 0x75, 0xb5, 0x85, 0xa7,
  0x00, 0x85, 0xb4, 0x16, 0x85, 0xc1, 0x3f, 0x85, 0xc4, 0x16, 0x85, 0xe4,
  0x03, 0x85, 0xe5, 0x06, 0x85, 0xe6, 0x09, 0x85, 0xe7, 0x06, 0x85, 0xe8,
  0x09, 0x85, 0xea, 0x09, 0x85, 0xed, 0x0d, 0x85, 0xfa, 0x3f, 0x85, 0xfb,
  0x3f, 0x88, 0x86, 0x04, 0x88, 0x87, 0x09, 0x88, 0x8b, 0x07, 0x88, 0x8c,
  0x0f, 0x88, 0x91, 0x12, 0x88, 0x92, 0x1c, 0x88, 0x96, 0x06, 0x88, 0x97,
  0x0b, 0x88, 0x9b, 0x07, 0x88, 0x9c, 0x0f, 0x88, 0xa3, 0x03, 0x88, 0xa7,
  0x05, 0x88, 0xab, 0x05, 0x88, 0xb4, 0x04, 0x88, 0xb9, 0x07, 0x00, 0x00,
  0x00, 0x00, 0x00, 0x00, 0x00, 0x00, 0x00, 0x00, 0x00, 0x00, 0x00, 0x00,
  0x00, 0x00, 0x00, 0x00, 0x00, 0x00, 0x00, 0x00, 0x00, 0x00, 0x00, 0x00,
  0x00, 0x00, 0x00, 0x00, 0x00, 0x00, 0x00, 0x00, 0x00, 0x00, 0x00, 0x00,
  0x00, 0x85, 0x0a, 0x02, 0x85, 0x0b, 0x00, 0x85, 0x0c, 0x01, 0x85, 0x0d,
  0x01, 0x85, 0x10, 0x01, 0x85, 0x11, 0x04, 0x85, 0x12, 0x02, 0x85, 0x13,
  0x0a, 0x85, 0x14, 0x03, 0x85, 0x15, 0x10, 0x85, 0x17, 0x02, 0x85, 0x19,
  0x02, 0x85, 0x1b, 0x02, 0x85, 0x1c, 0x02, 0x85, 0x1d, 0x0a, 0x85, 0x1f,
  0x22, 0x85, 0x30, 0x00, 0x85, 0x36, 0x40, 0x84, 0x61, 0x55, 0x84, 0x62,
  0x0d, 0x84, 0x63, 0x0d, 0x84, 0x64, 0x22, 0x84, 0x66, 0x11, 0x84, 0x67,
  0x50, 0x84, 0x68, 0x28, 0x84, 0x69, 0x20, 0x84, 0x6a, 0x82, 0x84, 0x6b,
  0x50, 0x84, 0x80, 0x07, 0x84, 0x81, 0x44, 0x84, 0x83, 0x80, 0x85, 0x50,
  0x17, 0x85, 0x51, 0x30, 0x85, 0x52, 0x49, 0x85, 0x53, 0xa2, 0x85, 0x54,
  0x0b, 0x85, 0x55, 0x0c, 0x85, 0x56, 0x01, 0x85, 0x5c, 0x40, 0x85, 0x5d,
  0x5a, 0x85, 0x69, 0x07, 0x85, 0x70, 0x04, 0x85, 0x71, 0x12, 0x85, 0x72,
  0x90, 0x85, 0x73, 0x3f, 0x85, 0xa0, 0x01, 0x85, 0xa1, 0x18, 0x85, 0xa2,
  0x03, 0x85, 0xab, 0x00, 0x85, 0xdf, 0x02, 0x85, 0xe9, 0x0d, 0x85, 0xeb,
  0x0d, 0x85, 0xec, 0x11, 0x85, 0xee, 0x11, 0x85, 0xef, 0x0f, 0x85, 0xf0,
  0x0f, 0x85, 0xf1, 0x1f, 0x85, 0xf2, 0x07, 0x85, 0xf3, 0x10, 0x85, 0xf4,
  0x1c, 0x85, 0xf5, 0x0f, 0x85, 0xf6, 0x1f, 0x85, 0xf7, 0x09, 0x85, 0xf8,
  0x12, 0x85, 0xf9, 0x1c, 0x88, 0x81, 0x03, 0x88, 0x85, 0x10, 0x88, 0x8a,
  0x10, 0x88, 0x8f, 0x03, 0x88, 0x90, 0x0f, 0x88, 0x95, 0x0f, 0x88, 0x9a,
  0x0f, 0x88, 0x9f, 0x10, 0x88, 0xa0, 0x06, 0x88, 0xa6, 0x28, 0x88, 0xaa,
  0x50, 0x88, 0xb2, 0x00, 0x88, 0xb3, 0xf0, 0x88, 0xb7, 0x02, 0x88, 0xb8,
  0xd0, 0x88, 0xbc, 0x1e, 0x88, 0xbd, 0x08, 0x88, 0xbe, 0x08, 0x88, 0xbf,
  0x08, 0x88, 0xc0, 0x00, 0x88, 0xc1, 0x01, 0x88, 0xc2, 0x0a, 0x88, 0xc3,
  0x01, 0x88, 0xc4, 0x40, 0x88, 0xc5, 0x06, 0x88, 0xc6, 0x0e, 0x88, 0xc7,
  0x0a, 0x88, 0xc8, 0x00, 0x88, 0xc9, 0x00, 0x88, 0xca, 0x09, 0x88, 0xcb,
  0x14, 0x88, 0xcc, 0x06, 0x88, 0xe5, 0x0e, 0x88, 0xe6, 0x0e, 0x84, 0x2d,
  0x03, 0x84, 0x2e, 0x02, 0x84, 0x2f, 0x02, 0x84, 0x25, 0x20, 0x00, 0x00,
  0x00, 0x00, 0x00, 0x00, 0x00, 0x00, 0x00, 0x00, 0x00, 0x00, 0x00, 0x00,
  0x00, 0x00, 0x00, 0x00, 0x00, 0x00, 0x00, 0x85, 0x04, 0x04, 0x85, 0x07,
  0x22, 0x85, 0x1a, 0x06, 0x85, 0x20, 0x81, 0x85, 0x31, 0x06, 0x85, 0x35,
  0x84, 0x85, 0x37, 0x00, 0x84, 0x60, 0x08, 0x84, 0x65, 0x02, 0x84, 0x7d,
  0x1d, 0x84, 0x7e, 0x50, 0x84, 0x82, 0x66, 0x85, 0x57, 0x0d, 0x85, 0x58,
  0x0f, 0x85, 0x59, 0x11, 0x85, 0x5a, 0x13, 0x85, 0x5b, 0x15, 0x85, 0x65,
  0x0c, 0x85, 0x75, 0xb4, 0x85, 0xa7, 0x00, 0x85, 0xb4, 0x16, 0x85, 0xc1,
  0x3f, 0x85, 0xc4, 0x1a, 0x85, 0xe4, 0x03, 0x85, 0xe5, 0x06, 0x85, 0xe6,
  0x09, 0x85, 0xe7, 0x06, 0x85, 0xe8, 0x09, 0x85, 0xea, 0x09, 0x85, 0xed,
  0x0d, 0x85, 0xfa, 0x3f, 0x85, 0xfb, 0x3f, 0x88, 0x86, 0x04, 0x88, 0x87,
  0x09, 0x88, 0x8b, 0x07, 0x88, 0x8c, 0x0f, 0x88, 0x91, 0x03, 0x88, 0x92,
  0x09, 0x88, 0x96, 0x07, 0x88, 0x97, 0x0c, 0x88, 0x9b, 0x09, 0x88, 0x9c,
  0x11, 0x88, 0xa3, 0x03, 0x88, 0xa7, 0x05, 0x88, 0xab, 0x05, 0x88, 0xb4,
  0x04, 0x88, 0xb9, 0x07, 0x00, 0x00, 0x00, 0x00, 0x00, 0x00, 0x00, 0x00,
  0x00, 0x00, 0x00, 0x00, 0x00, 0x00, 0x00, 0x00, 0x00, 0x00, 0x00, 0x00,
  0x00, 0x00, 0x00, 0x00, 0x00, 0x00, 0x00, 0x00, 0x00, 0x00, 0x00, 0x00,
  0x00, 0x00, 0x00, 0x00, 0x00, 0x00, 0x00, 0x85, 0x0a, 0x02, 0x85, 0x0b,
  0x00, 0x85, 0x0c, 0x01, 0x85, 0x0d, 0x01, 0x85, 0x10, 0x01, 0x85, 0x11,
  0x04, 0x85, 0x12, 0x02, 0x85, 0x13, 0x0a, 0x85, 0x14, 0x03, 0x85, 0x15,
  0x10, 0x85, 0x17, 0x02, 0x85, 0x19, 0x02, 0x85, 0x1b, 0x02, 0x85, 0x1c,
  0x02, 0x85, 0x1d, 0x0a, 0x85, 0x1f, 0x33, 0x85, 0x30, 0x00, 0x85, 0x36,
  0x40, 0x84, 0x61, 0x55, 0x84, 0x62, 0x0d, 0x84, 0x63, 0x0d, 0x84, 0x64,
  0x22, 0x84, 0x66, 0x11, 0x84, 0x67, 0x50, 0x84, 0x68, 0x28, 0x84, 0x69,
  0x20, 0x84, 0x6a, 0x82, 0x84, 0x6b, 0x50, 0x84, 0x80, 0x07, 0x84, 0x81,
  0x44, 0x84, 0x83, 0x80, 0x85, 0x50, 0x17, 0x85, 0x51, 0x30, 0x85, 0x52,
  0x49, 0x85, 0x53, 0xa2, 0x85, 0x54, 0x0b, 0x85, 0x55, 0x0c, 0x85, 0x56,
  0x01, 0x85, 0x5c, 0x40, 0x85, 0x5d, 0x5a, 0x85, 0x69, 0x07, 0x85, 0x70,
  0x04, 0x85, 0x71, 0x12, 0x85, 0x72, 0x90, 0x85, 0x73, 0x3f, 0x85, 0xa0,
  0x01, 0x85, 0xa1, 0x18, 0x85, 0xa2, 0x03, 0x85, 0xab, 0x00, 0x85, 0xdf,
  0x02, 0x85, 0xe9, 0x0d, 0x85, 0xeb, 0x0d, 0x85, 0xec, 0x11, 0x85, 0xee,
  0x11, 0x85, 0xef, 0x0f, 0x85, 0xf0, 0x0f, 0x85, 0xf1, 0x1f, 0x85, 0xf2,
  0x0b, 0x85, 0xf3, 0x14, 0x85, 0xf4, 0x1c, 0x85, 0xf5, 0x0f, 0x85, 0xf6,
  0x1f, 0x85, 0xf7, 0x0d, 0x85, 0xf8, 0x16, 0x85, 0xf9, 0x1c, 0x88, 0x81,
  0x03, 0x88, 0x85, 0x10, 0x88, 0x8a, 0x10, 0x88, 0x8f, 0x00, 0x88, 0x90,
  0x0f, 0x88, 0x95, 0x0f, 0x88, 0x9a, 0x0f, 0x88, 0x9f, 0x10, 0x88, 0xa0,
  0x06, 0x88, 0xa6, 0x28, 0x88, 0xaa, 0x50, 0x88, 0xb2, 0x00, 0x88, 0xb3,
  0xf0, 0x88, 0xb7, 0x02, 0x88, 0xb8, 0xd0, 0x88, 0xbc, 0x26, 0x88, 0xbd,
  0x0e, 0x88, 0xbe, 0x0e, 0x88, 0xbf, 0x0e, 0x88, 0xc0, 0x00, 0x88, 0xc1,
  0x01, 0x88, 0xc2, 0x0c, 0x88, 0xc3, 0x01, 0x88, 0xc4, 0x80, 0x88, 0xc5,
  0x07, 0x88, 0xc6, 0x0f, 0x88, 0xc7, 0x0c, 0x88, 0xc8, 0x01, 0x88, 0xc9,
  0x01, 0x88, 0xca, 0x09, 0x88, 0xcb, 0x14, 0x88, 0xcc, 0x06, 0x88, 0xe5,
  0x0e, 0x88, 0xe6, 0x0e, 0x84, 0x2d, 0x03, 0x84, 0x2e, 0x03, 0x84, 0x2f,
  0x03, 0x84, 0x25, 0x20, 0x00, 0x00, 0x00, 0x00, 0x00, 0x00, 0x00, 0x00,
  0x00, 0x00, 0x00, 0x00, 0x00, 0x00, 0x00, 0x00, 0x00, 0x00, 0x00, 0x00,
  0x00, 0x00, 0x00, 0x00, 0x00, 0x00, 0x00, 0x00, 0x00, 0x00, 0x00, 0x00,
  0x00, 0x00, 0x00, 0x00, 0x00, 0x00, 0x00, 0x00, 0x00, 0x00, 0x00, 0x00,
  0x00, 0x00, 0x00, 0x00, 0x00, 0x00, 0x00, 0x00, 0x00, 0x00, 0x00, 0x00,
  0x00, 0x00, 0x00, 0x00, 0x00, 0x00, 0x00, 0x00, 0x00, 0x00, 0x00, 0x00,
  0x00, 0x00, 0x00, 0x00, 0x00, 0x00, 0x00, 0x00, 0x00, 0x00, 0x00, 0x00,
  0x00, 0x00, 0x00, 0x00, 0x00, 0x00, 0x00, 0x00, 0x00, 0x00, 0x00, 0x00,
  0x00, 0x00, 0x00, 0x00, 0x00, 0x00, 0x00, 0x00, 0x00, 0x00, 0x00, 0x00,
  0x00, 0x00, 0x00, 0x00, 0x00, 0x00, 0x00, 0x00, 0x00, 0x00, 0x00, 0x00,
  0x00, 0x00, 0x00, 0x00, 0x00, 0x00, 0x00, 0x00, 0x00, 0x00, 0x00, 0x00,
  0x00, 0x00, 0x00, 0x00, 0x00, 0x00, 0x00, 0x00, 0x00, 0x00, 0x00, 0x00,
  0x00, 0x00, 0x00, 0x00, 0x00, 0x00, 0x00, 0x00, 0x00, 0x00, 0x00, 0x00,
  0x00, 0x00, 0x00, 0x00, 0x00, 0x00, 0x00, 0x00, 0x00, 0x00, 0x00, 0x00,
  0x00, 0x00, 0x00, 0x00, 0x00, 0x00, 0x00, 0x00, 0x00, 0x00, 0x00, 0x00,
  0x00, 0x00, 0x00, 0x00, 0x00, 0x00, 0x00, 0x00, 0x00, 0x00, 0x00, 0x00,
  0x00, 0x00, 0x00, 0x00, 0x00, 0x00, 0x00, 0x00, 0x00, 0x00, 0x00, 0x00,
  0x00, 0x00, 0x00, 0x00, 0x00, 0x00, 0x00, 0x00, 0x00, 0x00, 0x00, 0x00,
  0x00, 0x00, 0x00, 0x00, 0x00, 0x00, 0x00, 0x00, 0x00, 0x00, 0x00, 0x00,
  0x00, 0x00, 0x00, 0x00, 0x00, 0x00, 0x00, 0x00, 0x00, 0x00, 0x00, 0x00,
  0x00, 0x00, 0x00, 0x00, 0x00, 0x00, 0x00, 0x00, 0x00, 0x00, 0x00, 0x00,
  0x00, 0x00, 0x00, 0x00, 0x00, 0x00, 0x00, 0x00, 0x00, 0x00, 0x00, 0x00,
  0x00, 0x00, 0x00, 0x00, 0x00, 0x00, 0x00, 0x00, 0x00, 0x00, 0x00, 0x00,
  0x00, 0x00, 0x00, 0x00, 0x00, 0x00, 0x00, 0x00, 0x00, 0x00, 0x00, 0x00,
  0x00, 0x00, 0x00, 0x00, 0x00, 0x00, 0x00, 0x00, 0x00, 0x00, 0x00, 0x00,
  0x00, 0x00, 0x00, 0x00, 0x00, 0x00, 0x00, 0x00, 0x00, 0x00, 0x00, 0x00,
  0x00, 0x00, 0x00, 0x00, 0x00, 0x00, 0x00, 0x00, 0x00, 0x00, 0x00, 0x00,
  0x00, 0x00, 0x00, 0x00, 0x00, 0x00, 0x00, 0x00, 0x00, 0x00, 0x00, 0x00,
  0x00, 0x00, 0x00, 0x00, 0x00, 0x00, 0x00, 0x00, 0x00, 0x00, 0x00, 0x00,
  0x00, 0x00, 0x00, 0x00, 0x00, 0x00, 0x00, 0x00, 0x00, 0x00, 0x00, 0x00,
  0x00, 0x00, 0x00, 0x00, 0x00, 0x00, 0x00, 0x00, 0x00, 0x00, 0x00, 0x00,
  0x00, 0x00, 0x00, 0x00, 0x00, 0x00, 0x00, 0x00, 0x00, 0x00, 0x00, 0x00,
  0x00, 0x00, 0x00, 0x00, 0x00, 0x00, 0x00, 0x00, 0x00, 0x00, 0x00, 0x00,
  0x00, 0x00, 0x00, 0x00, 0x00, 0x00, 0x00, 0x00, 0x00, 0x00, 0x00, 0x00,
  0x00, 0x00, 0x00, 0x00, 0x00, 0x00, 0x00, 0x00, 0x00, 0x00, 0x00, 0x00,
  0x00, 0x00, 0x00, 0x00, 0x00, 0x00, 0x00, 0x00, 0x00, 0x00, 0x00, 0x00,
  0x00, 0x00, 0x00, 0x00, 0x00, 0x00, 0x00, 0x00, 0x00, 0x00, 0x00, 0x00,
  0x00, 0x00, 0x00, 0x00, 0x00, 0x00, 0x00, 0x00, 0x00, 0x00, 0x00, 0x00,
  0x00, 0x00, 0x00, 0x00, 0x00, 0x00, 0x00, 0x00, 0x00, 0x00, 0x00, 0x00,
  0x00, 0x00, 0x00, 0x00, 0x00, 0x00, 0x00, 0x00, 0x00, 0x00, 0x00, 0x00,
  0x00, 0x00, 0x00, 0x00, 0x00, 0x00, 0x00, 0x00, 0x00, 0x00, 0x00, 0x00,
  0x00, 0x00, 0x00, 0x00, 0x00, 0x00, 0x00, 0x00, 0x00, 0x00, 0x00, 0x00,
  0x00, 0x00, 0x00, 0x00, 0x00, 0x00, 0x00, 0x00, 0x00, 0x00, 0x00, 0x00,
  0x00, 0x00, 0x00, 0x00, 0x00, 0x00, 0x00, 0x00, 0x00, 0x00, 0x00, 0x00,
  0x00, 0x00, 0x00, 0x00, 0x00, 0x00, 0x00, 0x00, 0xfd, 0x00, 0x03, 0x0c,
  0xe4, 0x0f, 0xa0, 0x00, 0x03, 0x00, 0x00, 0x00, 0x40, 0x00, 0x48, 0x00,
  0x48, 0x00, 0x48, 0x00, 0x48, 0x00, 0x00, 0x02, 0x80, 0x00, 0x48, 0x00,
  0x48, 0x00, 0x48, 0x00, 0x48, 0x00, 0x00, 0x04, 0x60, 0x00, 0x48, 0x00,
  0x44, 0x00, 0x44, 0x00, 0x48, 0x00, 0x00, 0x00, 0x00, 0x00, 0x00, 0x00,
  0x00, 0x00, 0x00, 0x00, 0x00, 0x00, 0x00, 0x00, 0x00, 0x00, 0x00, 0x00,
  0x00, 0x00, 0x00, 0x00, 0x00, 0x00, 0x00, 0x00, 0x00, 0x00, 0x00, 0x00,
  0x00, 0x00, 0x00, 0x00, 0x00, 0x00, 0x00, 0x00, 0x00, 0x00, 0x00, 0x00,
  0x00, 0x00, 0x00, 0x00, 0x00, 0x00, 0x00, 0x00, 0x00, 0x00, 0x00, 0x00,
  0x00, 0x00, 0x00, 0x00, 0x00, 0x00, 0x80, 0x01, 0x00, 0x20, 0x10, 0x32,
  0x19, 0x00, 0x64, 0x08, 0x98, 0x0c, 0x1c, 0x0e, 0x10, 0x11, 0x94, 0x16,
  0xa8, 0x1c, 0x20, 0x20, 0x08, 0x20, 0x20, 0x22, 0x20, 0x20, 0x22, 0x20,
  0x20, 0x22, 0x20, 0x20, 0x21, 0x20, 0x20, 0x20, 0x20, 0x20, 0x20, 0x20,
  0x20, 0x20, 0x20, 0x20, 0x20, 0x02, 0x0d, 0xfe, 0xf2, 0x00, 0x01, 0xff,
  0xb8, 0x01, 0xa9, 0xff, 0x9f, 0xff, 0xfa, 0xff, 0x03, 0x02, 0x03, 0x02,
  0x05, 0xfe, 0xfa, 0x00, 0x01, 0xff, 0xbc, 0x01, 0xa4, 0xff, 0xa0, 0xff,
  0xfc, 0xff, 0x0b, 0x01, 0xf9, 0x01, 0xfb, 0xfe, 0xd6, 0x00, 0x2f, 0xff,
  0xa3, 0x01, 0x93, 0xff, 0xca, 0xff, 0xdc, 0xfe, 0xf8, 0x02, 0x2c, 0x01,
  0xac, 0xff, 0x6a, 0xff, 0xea, 0xff, 0xac, 0x01, 0x90, 0xff, 0xc4, 0xff,
  0xbc, 0xff, 0x14, 0x02, 0x30, 0x01, 0xa2, 0xff, 0x78, 0xff, 0xe6, 0xff,
  0xb1, 0x01, 0x8c, 0xff, 0xc3, 0xff, 0x9e, 0xff, 0x00, 0x02, 0x62, 0x01,
  0xa8, 0xff, 0x5d, 0xff, 0xfb, 0xff, 0x9b, 0x01, 0x8e, 0xff, 0xd7, 0xff,
  0x69, 0xfe, 0x8d, 0x03, 0x0a, 0x01, 0x8e, 0xff, 0x72, 0x00, 0x00, 0xff,
  0xf4, 0x01, 0x4f, 0xff, 0xbd, 0x00, 0x21, 0xff, 0x7e, 0x01, 0x61, 0x01,
  0x8e, 0xff, 0x72, 0x00, 0x00, 0xff, 0xf4, 0x01, 0x4f, 0xff, 0xbd, 0x00,
  0x21, 0xff, 0x7e, 0x01, 0x61, 0x01, 0x84, 0xff, 0x7d, 0xff, 0xff, 0xff,
  0xed, 0x01, 0x52, 0xff, 0xc1, 0x00, 0x08, 0xff, 0x72, 0x01, 0x86, 0x01,
  0x49, 0xff, 0xc2, 0xff, 0xf5, 0xff, 0xd8, 0x01, 0x4d, 0xff, 0xdb, 0xff,
  0xe4, 0xff, 0x84, 0x01, 0x98, 0x01, 0x6a, 0xff, 0xaa, 0xff, 0xec, 0xff,
  0xc9, 0x01, 0x70, 0xff, 0xc7, 0xff, 0x9f, 0xff, 0x5f, 0x02, 0x02, 0x01,
  0x6a, 0xff, 0xaa, 0xff, 0xec, 0xff, 0xc9, 0x01, 0x70, 0xff, 0xc7, 0xff,
  0x9f, 0xff, 0x5f, 0x02, 0x02, 0x20, 0x08, 0x1b, 0x58, 0x13, 0xec, 0x13,
  0xec, 0x10, 0x04, 0x10, 0x04, 0x0c, 0x1c, 0x0c, 0x1c, 0x09, 0xc4, 0x08,
  0x98, 0x00, 0x20, 0x01, 0x00, 0x00, 0x10, 0x1f, 0x2d, 0x3a, 0x45, 0x4f,
  0x58, 0x60, 0x6e, 0x79, 0x83, 0x8c, 0x94, 0x9b, 0xa2, 0xa8, 0xae, 0xb3,
  0xb8, 0xbd, 0xc7, 0xd0, 0xd8, 0xe1, 0xe9, 0xf0, 0xf8, 0x00, 0x0f, 0x1d,
  0x2a, 0x35, 0x40, 0x49, 0x51, 0x58, 0x66, 0x70, 0x7b, 0x83, 0x8c, 0x93,
  0x9b, 0xa3, 0xaa, 0xb0, 0xb6, 0xbb, 0xc6, 0xd0, 0xd8, 0xe0, 0xe9, 0xf1,
  0xf8, 0x00, 0x40, 0x01, 0x00, 0x00, 0x28, 0x00, 0x28, 0x3c, 0x3c, 0x3c,
  0x14, 0xbe, 0x06, 0x05, 0x00, 0x02, 0x30, 0x02, 0x30, 0x04, 0xb0, 0x04,
  0xb0, 0x04, 0xb0, 0x14, 0x4b, 0x01, 0x01, 0x01, 0x01, 0x01, 0x01, 0x01,
  0x01, 0x01, 0x01, 0x01, 0x01, 0x01, 0x01, 0x01, 0x01, 0x01, 0x01, 0x01,
  0x01, 0x01, 0x01, 0x01, 0x01, 0x01, 0x01, 0x01, 0x01, 0x01, 0x01, 0x01,
  0x01, 0x01, 0x01, 0x01, 0x01, 0x01, 0x01, 0x01, 0x01, 0x01, 0x01, 0x01,
  0x01, 0x01, 0x01, 0x01, 0x01, 0x01, 0x01, 0x01, 0x01, 0x01, 0x01, 0x01,
  0x01, 0x01, 0x01, 0x01, 0x01, 0x01, 0x01, 0x01, 0x01, 0x01, 0x01, 0x01,
  0x01, 0x01, 0x01, 0x01, 0x01, 0x01, 0x01, 0x01, 0x01, 0x01, 0x01, 0x01,
  0x01, 0x01, 0x01, 0x01, 0x01, 0x01, 0x01, 0x01, 0x01, 0x01, 0x01, 0x01,
  0x01, 0x01, 0x01, 0x01, 0x01, 0x01, 0x01, 0x01, 0x01, 0x00, 0x07, 0x00,
  0x00, 0x00, 0x20, 0x00, 0x00, 0x00, 0x40, 0x00, 0x00, 0x00, 0x80, 0x00,
  0x00, 0x01, 0x00, 0x00, 0x00, 0x02, 0x00, 0x00, 0x00, 0x04, 0x00, 0x85,
  0x00, 0x6e, 0x85, 0x01, 0x01, 0x85, 0x02, 0x84, 0x85, 0x03, 0x03, 0x85,
  0x06, 0x00, 0x85, 0x09, 0x00, 0x85, 0x22, 0x02, 0x85, 0x23, 0x02, 0x85,
  0x24, 0x12, 0x85, 0x25, 0x02, 0x85, 0x26, 0x04, 0x85, 0x27, 0x02, 0x85,
  0x2a, 0x00, 0x85, 0x2b, 0x02, 0x85, 0x2c, 0x04, 0x85, 0x2d, 0xff, 0x85,
  0x2e, 0x10, 0x85, 0x2f, 0x80, 0x85, 0x32, 0x06, 0x85, 0x33, 0x04, 0x85,
  0x34, 0x03, 0x84, 0xa0, 0x11, 0x84, 0xa1, 0xff, 0x84, 0xa2, 0x00, 0x84,
  0xa3, 0x00, 0x84, 0xa4, 0xff, 0x84, 0xa5, 0x02, 0x84, 0xa6, 0x00, 0x85,
  0x5e, 0xee, 0x85, 0x5f, 0x66, 0x85, 0x60, 0x18, 0x85, 0x61, 0x00, 0x85,
  0x62, 0xff, 0x85, 0x63, 0xff, 0x85, 0x64, 0xfe, 0x85, 0x6a, 0x08, 0x85,
  0x6b, 0x0f, 0x85, 0x6c, 0x0f, 0x85, 0x6d, 0x02, 0x85, 0x6e, 0x01, 0x85,
  0x6f, 0x01, 0x85, 0xa3, 0x04, 0x85, 0xa4, 0x00, 0x85, 0xa5, 0xfe, 0x85,
  0xa9, 0x00, 0x85, 0xaa, 0x00, 0x85, 0xac, 0xf6, 0x85, 0xad, 0x0f, 0x85,
  0xae, 0x01, 0x85, 0xaf, 0x38, 0x85, 0xb0, 0x6e, 0x85, 0xb1, 0x01, 0x85,
  0xb2, 0xd0, 0x85, 0xb3, 0x02, 0x85, 0xb6, 0x00, 0x85, 0xc0, 0x01, 0x85,
  0xc2, 0x3f, 0x85, 0xc3, 0x05, 0x85, 0xc8, 0x6e, 0x85, 0xc9, 0x7e, 0x85,
  0xca, 0x84, 0x85, 0xcb, 0xa9, 0x85, 0xcc, 0x55, 0x85, 0xcd, 0x7d, 0x85,
  0xce, 0x84, 0x85, 0xcf, 0xb7, 0x85, 0xd0, 0x51, 0x85, 0xd1, 0x7f, 0x85,
  0xd2, 0x85, 0x85, 0xd3, 0xbb, 0x85, 0xd4, 0x54, 0x85, 0xd5, 0x7c, 0x85,
  0xd6, 0x85, 0x85, 0xd7, 0xb7, 0x85, 0xd8, 0x63, 0x85, 0xd9, 0x7b, 0x85,
  0xda, 0x83, 0x85, 0xdb, 0x94, 0x85, 0xdc, 0x08, 0x85, 0xdd, 0xfe, 0x85,
  0xde, 0xfd, 0x85, 0xe0, 0x00, 0x85, 0xe1, 0x02, 0x85, 0xe2, 0x3f, 0x88,
  0x82, 0x0e, 0x88, 0x83, 0x0e, 0x88, 0x84, 0x03, 0x88, 0xa1, 0x01, 0x88,
  0xa2, 0x01, 0x88, 0xae, 0x01, 0x88, 0xaf, 0x01, 0x00, 0x00, 0x00, 0x00,
  0x00, 0x00, 0x00, 0x00, 0x00, 0x00, 0x00, 0x00, 0x00, 0x00, 0x00, 0x00,
  0x00, 0x00, 0x00, 0x00, 0x00, 0x00, 0x00, 0x00, 0x00, 0x00, 0x00, 0x85,
  0x04, 0x00, 0x85, 0x07, 0x00, 0x85, 0x1a, 0x0a, 0x85, 0x20, 0x80, 0x85,
  0x31, 0x04, 0x85, 0x35, 0x80, 0x85, 0x37, 0x9e, 0x84, 0x60, 0x06, 0x84,
  0x65, 0x01, 0x84, 0x7d, 0x10, 0x84, 0x7e, 0x10, 0x84, 0x82, 0xee, 0x85,
  0x57, 0x06, 0x85, 0x58, 0x08, 0x85, 0x59, 0x0a, 0x85, 0x5a, 0x0c, 0x85,
  0x5b, 0x0e, 0x85, 0x65, 0x0a, 0x85, 0x75, 0xbe, 0x85, 0xa7, 0x00, 0x85,
  0xb4, 0x15, 0x85, 0xc1, 0x0c, 0x85, 0xc4, 0x0c, 0x85, 0xe4, 0x0c, 0x85,
  0xe5, 0x0b, 0x85, 0xe6, 0x0c, 0x85, 0xe7, 0x0f, 0x85, 0xe8, 0x0d, 0x85,
  0xea, 0x13, 0x85, 0xed, 0x15, 0x85, 0xfa, 0x28, 0x85, 0xfb, 0x28, 0x88,
  0x86, 0x04, 0x88, 0x87, 0x08, 0x88, 0x8b, 0x06, 0x88, 0x8c, 0x0c, 0x88,
  0x91, 0x04, 0x88, 0x92, 0x0a, 0x88, 0x96, 0x06, 0x88, 0x97, 0x0a, 0x88,
  0x9b, 0x06, 0x88, 0x9c, 0x0c, 0x88, 0xa3, 0x02, 0x88, 0xa7, 0x03, 0x88,
  0xab, 0x04, 0x88, 0xb4, 0x04, 0x88, 0xb9, 0x06, 0x00, 0x00, 0x00, 0x00,
  0x00, 0x00, 0x00, 0x00, 0x00, 0x00, 0x00, 0x00, 0x00, 0x00, 0x00, 0x00,
  0x00, 0x00, 0x00, 0x00, 0x00, 0x00, 0x00, 0x00, 0x00, 0x00, 0x00, 0x00,
  0x00, 0x00, 0x00, 0x00, 0x00, 0x00, 0x00, 0x00, 0x00, 0x00, 0x00, 0x85,
  0x0a, 0x02, 0x85, 0x0b, 0x00, 0x85, 0x0c, 0x00, 0x85, 0x0d, 0x00, 0x85,
  0x10, 0x01, 0x85, 0x11, 0x04, 0x85, 0x12, 0x02, 0x85, 0x13, 0x0a, 0x85,
  0x14, 0x03, 0x85, 0x15, 0x10, 0x85, 0x17, 0x02, 0x85, 0x19, 0x02, 0x85,
  0x1b, 0x02, 0x85, 0x1c, 0x02, 0x85, 0x1d, 0x0a, 0x85, 0x1f, 0x11, 0x85,
  0x30, 0x00, 0x85, 0x36, 0x40, 0x84, 0x61, 0x22, 0x84, 0x62, 0x08, 0x84,
  0x63, 0x08, 0x84, 0x64, 0x22, 0x84, 0x66, 0x11, 0x84, 0x67, 0x50, 0x84,
  0x68, 0x28, 0x84, 0x69, 0x20, 0x84, 0x6a, 0x82, 0x84, 0x6b, 0x50, 0x84,
  0x80, 0x06, 0x84, 0x81, 0x44, 0x84, 0x83, 0x80, 0x85, 0x50, 0x1f, 0x85,
  0x51, 0x40, 0x85, 0x52, 0x14, 0x85, 0x53, 0xaa, 0x85, 0x54, 0x0a, 0x85,
  0x55, 0x04, 0x85, 0x56, 0x01, 0x85, 0x5c, 0x40, 0x85, 0x5d, 0x14, 0x85,
  0x69, 0x03, 0x85, 0x70, 0x04, 0x85, 0x71, 0x12, 0x85, 0x72, 0x90, 0x85,
  0x73, 0x3f, 0x85, 0xa0, 0x01, 0x85, 0xa1, 0x18, 0x85, 0xa2, 0x03, 0x85,
  0xab, 0x00, 0x85, 0xdf, 0x02, 0x85, 0xe9, 0x0f, 0x85, 0xeb, 0x10, 0x85,
  0xec, 0x12, 0x85, 0xee, 0x19, 0x85, 0xef, 0x16, 0x85, 0xf0, 0x0f, 0x85,
  0xf1, 0x1f, 0x85, 0xf2, 0x0a, 0x85, 0xf3, 0x12, 0x85, 0xf4, 0x1f, 0x85,
  0xf5, 0x0f, 0x85, 0xf6, 0x1f, 0x85, 0xf7, 0x0a, 0x85, 0xf8, 0x12, 0x85,
  0xf9, 0x1f, 0x88, 0x81, 0x01, 0x88, 0x85, 0x0e, 0x88, 0x8a, 0x0e, 0x88,
  0x8f, 0x00, 0x88, 0x90, 0x0e, 0x88, 0x95, 0x0e, 0x88, 0x9a, 0x0e, 0x88,
  0x9f, 0x10, 0x88, 0xa0, 0x02, 0x88, 0xa6, 0x28, 0x88, 0xaa, 0x50, 0x88,
  0xac, 0x00, 0x88, 0xad, 0x66, 0x88, 0xb2, 0x00, 0x88, 0xb3, 0xf0, 0x88,
  0xb7, 0x02, 0x88, 0xb8, 0xd0, 0x88, 0xba, 0x00, 0x88, 0xbb, 0x44, 0x88,
  0xbc, 0x02, 0x88, 0xbd, 0x0e, 0x88, 0xbe, 0x01, 0x88, 0xbf, 0x66, 0x88,
  0xc0, 0x04, 0x88, 0xc1, 0x0c, 0x88, 0xc2, 0x0e, 0x88, 0xc3, 0x01, 0x88,
  0xc4, 0x66, 0x88, 0xc5, 0x06, 0x88, 0xc6, 0x10, 0x88, 0xc7, 0x0e, 0x88,
  0xc8, 0x01, 0x88, 0xc9, 0x66, 0x88, 0xca, 0x06, 0x88, 0xcb, 0x10, 0x88,
  0xcc, 0x02, 0x88, 0xe5, 0x0e, 0x88, 0xe6, 0x0e, 0x84, 0x2d, 0x03, 0x84,
  0x2e, 0x02, 0x84, 0x2f, 0x02, 0x84, 0x25, 0x20, 0x00, 0x00, 0x00, 0x00,
  0x00, 0x00, 0x00, 0x00, 0x00, 0x85, 0x04, 0x03, 0x85, 0x07, 0x00, 0x85,
  0x1a, 0x0e, 0x85, 0x20, 0x80, 0x85, 0x31, 0x0a, 0x85, 0x35, 0x80, 0x85,
  0x37, 0x9e, 0x84, 0x60, 0x06, 0x84, 0x65, 0x01, 0x84, 0x7d, 0x10, 0x84,
  0x7e, 0x10, 0x84, 0x82, 0xee, 0x85, 0x57, 0x06, 0x85, 0x58, 0x08, 0x85,
  0x59, 0x0a, 0x85, 0x5a, 0x0c, 0x85, 0x5b, 0x0e, 0x85, 0x65, 0x14, 0x85,
  0x75, 0xb9, 0x85, 0xa7, 0x00, 0x85, 0xb4, 0x15, 0x85, 0xc1, 0x0c, 0x85,
  0xc4, 0x0c, 0x85, 0xe4, 0x0c, 0x85, 0xe5, 0x0b, 0x85, 0xe6, 0x0c, 0x85,
  0xe7, 0x0e, 0x85, 0xe8, 0x0d, 0x85, 0xea, 0x10, 0x85, 0xed, 0x12, 0x85,
  0xfa, 0x28, 0x85, 0xfb, 0x28, 0x88, 0x86, 0x06, 0x88, 0x87, 0x0a, 0x88,
  0x8b, 0x09, 0x88, 0x8c, 0x0f, 0x88, 0x91, 0x08, 0x88, 0x92, 0x0e, 0x88,
  0x96, 0x07, 0x88, 0x97, 0x0b, 0x88, 0x9b, 0x09, 0x88, 0x9c, 0x0f, 0x88,
  0xa3, 0x02, 0x88, 0xa7, 0x03, 0x88, 0xab, 0x04, 0x88, 0xb4, 0x04, 0x88,
  0xb9, 0x06, 0x00, 0x00, 0x00, 0x00, 0x00, 0x00, 0x00, 0x00, 0x00, 0x00,
  0x00, 0x00, 0x00, 0x00, 0x00, 0x00, 0x00, 0x00, 0x00, 0x00, 0x00, 0x00,
  0x00, 0x00, 0x00, 0x00, 0x00, 0x00, 0x00, 0x00, 0x00, 0x00, 0x00, 0x00,
  0x00, 0x00, 0x00, 0x00, 0x00, 0x85, 0x0a, 0x02, 0x85, 0x0b, 0x00, 0x85,
  0x0c, 0x00, 0x85, 0x0d, 0x00, 0x85, 0x10, 0x01, 0x85, 0x11, 0x04, 0x85,
  0x12, 0x02, 0x85, 0x13, 0x0a, 0x85, 0x14, 0x03, 0x85, 0x15, 0x10, 0x85,
  0x17, 0x02, 0x85, 0x19, 0x02, 0x85, 0x1b, 0x02, 0x85, 0x1c, 0x02, 0x85,
  0x1d, 0x0a, 0x85, 0x1f, 0x11, 0x85, 0x30, 0x00, 0x85, 0x36, 0x40, 0x84,
  0x61, 0x22, 0x84, 0x62, 0x08, 0x84, 0x63, 0x08, 0x84, 0x64, 0x22, 0x84,
  0x66, 0x11, 0x84, 0x67, 0x50, 0x84, 0x68, 0x28, 0x84, 0x69, 0x20, 0x84,
  0x6a, 0x82, 0x84, 0x6b, 0x50, 0x84, 0x80, 0x06, 0x84, 0x81, 0x44, 0x84,
  0x83, 0x80, 0x85, 0x50, 0x17, 0x85, 0x51, 0x10, 0x85, 0x52, 0x14, 0x85,
  0x53, 0xa2, 0x85, 0x54, 0x0b, 0x85, 0x55, 0x0c, 0x85, 0x56, 0x01, 0x85,
  0x5c, 0x10, 0x85, 0x5d, 0x14, 0x85, 0x69, 0x03, 0x85, 0x70, 0x04, 0x85,
  0x71, 0x12, 0x85, 0x72, 0x90, 0x85, 0x73, 0x3f, 0x85, 0xa0, 0x01, 0x85,
  0xa1, 0x18, 0x85, 0xa2, 0x03, 0x85, 0xab, 0x00, 0x85, 0xdf, 0x02, 0x85,
  0xe9, 0x0f, 0x85, 0xeb, 0x10, 0x85, 0xec, 0x12, 0x85, 0xee, 0x14, 0x85,
  0xef, 0x16, 0x85, 0xf0, 0x0f, 0x85, 0xf1, 0x1f, 0x85, 0xf2, 0x0a, 0x85,
  0xf3, 0x12, 0x85, 0xf4, 0x1f, 0x85, 0xf5, 0x0f, 0x85, 0xf6, 0x1f, 0x85,
  0xf7, 0x0a, 0x85, 0xf8, 0x12, 0x85, 0xf9, 0x1f, 0x88, 0x81, 0x01, 0x88,
  0x85, 0x0e, 0x88, 0x8a, 0x0e, 0x88, 0x8f, 0x00, 0x88, 0x90, 0x0e, 0x88,
  0x95, 0x0e, 0x88, 0x9a, 0x0e, 0x88, 0x9f, 0x10, 0x88, 0xa0, 0x02, 0x88,
  0xa6, 0x28, 0x88, 0xaa, 0x50, 0x88, 0xac, 0x00, 0x88, 0xad, 0x66, 0x88,
  0xb2, 0x00, 0x88, 0xb3, 0xf0, 0x88, 0xb7, 0x02, 0x88, 0xb8, 0xd0, 0x88,
  0xba, 0x00, 0x88, 0xbb, 0x44, 0x88, 0xbc, 0x02, 0x88, 0xbd, 0x0e, 0x88,
  0xbe, 0x01, 0x88, 0xbf, 0x66, 0x88, 0xc0, 0x08, 0x88, 0xc1, 0x12, 0x88,
  0xc2, 0x0e, 0x88, 0xc3, 0x01, 0x88, 0xc4, 0x66, 0x88, 0xc5, 0x07, 0x88,
  0xc6, 0x11, 0x88, 0xc7, 0x0e, 0x88, 0xc8, 0x01, 0x88, 0xc9, 0x66, 0x88,
  0xca, 0x09, 0x88, 0xcb, 0x13, 0x88, 0xcc, 0x02, 0x88, 0xe5, 0x0e, 0x88,
  0xe6, 0x0e, 0x84, 0x2d, 0x03, 0x84, 0x2e, 0x02, 0x84, 0x2f, 0x02, 0x84,
  0x25, 0x20, 0x00, 0x00, 0x00, 0x00, 0x00, 0x00, 0x00, 0x00, 0x00, 0x85,
  0x04, 0x04, 0x85, 0x07, 0x00, 0x85, 0x1a, 0x12, 0x85, 0x20, 0x80, 0x85,
  0x31, 0x0a, 0x85, 0x35, 0x80, 0x85, 0x37, 0x9e, 0x84, 0x60, 0x06, 0x84,
  0x65, 0x01, 0x84, 0x7d, 0x10, 0x84, 0x7e, 0x10, 0x84, 0x82, 0xee, 0x85,
  0x57, 0x06, 0x85, 0x58, 0x08, 0x85, 0x59, 0x0a, 0x85, 0x5a, 0x0c, 0x85,
  0x5b, 0x0e, 0x85, 0x65, 0x1c, 0x85, 0x75, 0xb4, 0x85, 0xa7, 0x00, 0x85,
  0xb4, 0x07, 0x85, 0xc1, 0x0c, 0x85, 0xc4, 0x0c, 0x85, 0xe4, 0x0b, 0x85,
  0xe5, 0x0b, 0x85, 0xe6, 0x0c, 0x85, 0xe7, 0x0c, 0x85, 0xe8, 0x0d, 0x85,
  0xea, 0x0d, 0x85, 0xed, 0x0f, 0x85, 0xfa, 0x28, 0x85, 0xfb, 0x28, 0x88,
  0x86, 0x09, 0x88, 0x87, 0x0d, 0x88, 0x8b, 0x0b, 0x88, 0x8c, 0x10, 0x88,
  0x91, 0x08, 0x88, 0x92, 0x0e, 0x88, 0x96, 0x09, 0x88, 0x97, 0x0d, 0x88,
  0x9b, 0x0b, 0x88, 0x9c, 0x11, 0x88, 0xa3, 0x02, 0x88, 0xa7, 0x03, 0x88,
  0xab, 0x04, 0x88, 0xb4, 0x04, 0x88, 0xb9, 0x06, 0x00, 0x00, 0x00, 0x00,
  0x00, 0x00, 0x00, 0x00, 0x00, 0x00, 0x00, 0x00, 0x00, 0x00, 0x00, 0x00,
  0x00, 0x00, 0x00, 0x00, 0x00, 0x00, 0x00, 0x00, 0x00, 0x00, 0x00, 0x00,
  0x00, 0x00, 0x00, 0x00, 0x00, 0x00, 0x00, 0x00, 0x00, 0x00, 0x00, 0x85,
  0x0a, 0x02, 0x85, 0x0b, 0x00, 0x85, 0x0c, 0x01, 0x85, 0x0d, 0x01, 0x85,
  0x10, 0x01, 0x85, 0x11, 0x04, 0x85, 0x12, 0x02, 0x85, 0x13, 0x0a, 0x85,
  0x14, 0x03, 0x85, 0x15, 0x10, 0x85, 0x17, 0x02, 0x85, 0x19, 0x02, 0x85,
  0x1b, 0x02, 0x85, 0x1c, 0x02, 0x85, 0x1d, 0x0a, 0x85, 0x1f, 0x66, 0x85,
  0x30, 0x00, 0x85, 0x36, 0x40, 0x84, 0x61, 0x22, 0x84, 0x62, 0x08, 0x84,
  0x63, 0x08, 0x84, 0x64, 0x22, 0x84, 0x66, 0x11, 0x84, 0x67, 0x50, 0x84,
  0x68, 0x28, 0x84, 0x69, 0x20, 0x84, 0x6a, 0x82, 0x84, 0x6b, 0x50, 0x84,
  0x80, 0x06, 0x84, 0x81, 0x44, 0x84, 0x83, 0x80, 0x85, 0x50, 0x1d, 0x85,
  0x51, 0x30, 0x85, 0x52, 0x14, 0x85, 0x53, 0xa2, 0x85, 0x54, 0x0b, 0x85,
  0x55, 0x0c, 0x85, 0x56, 0x01, 0x85, 0x5c, 0x40, 0x85, 0x5d, 0x14, 0x85,
  0x69, 0x03, 0x85, 0x70, 0x04, 0x85, 0x71, 0x12, 0x85, 0x72, 0x90, 0x85,
  0x73, 0x3f, 0x85, 0xa0, 0x01, 0x85, 0xa1, 0x18, 0x85, 0xa2, 0x03, 0x85,
  0xab, 0x00, 0x85, 0xdf, 0x02, 0x85, 0xe9, 0x0f, 0x85, 0xeb, 0x10, 0x85,
  0xec, 0x12, 0x85, 0xee, 0x11, 0x85, 0xef, 0x13, 0x85, 0xf0, 0x0f, 0x85,
  0xf1, 0x1f, 0x85, 0xf2, 0x0a, 0x85, 0xf3, 0x12, 0x85, 0xf4, 0x1f, 0x85,
  0xf5, 0x0f, 0x85, 0xf6, 0x1f, 0x85, 0xf7, 0x0a, 0x85, 0xf8, 0x12, 0x85,
  0xf9, 0x1f, 0x88, 0x81, 0x01, 0x88, 0x85, 0x0e, 0x88, 0x8a, 0x0e, 0x88,
  0x8f, 0x00, 0x88, 0x90, 0x0e, 0x88, 0x95, 0x0e, 0x88, 0x9a, 0x0e, 0x88,
  0x9f, 0x10, 0x88, 0xa0, 0x02, 0x88, 0xa6, 0x28, 0x88, 0xaa, 0x50, 0x88,
  0xac, 0x00, 0x88, 0xad, 0x66, 0x88, 0xb2, 0x00, 0x88, 0xb3, 0xf0, 0x88,
  0xb7, 0x02, 0x88, 0xb8, 0xd0, 0x88, 0xba, 0x00, 0x88, 0xbb, 0x44, 0x88,
  0xbc, 0x03, 0x88, 0xbd, 0x0e, 0x88, 0xbe, 0x01, 0x88, 0xbf, 0xc0, 0x88,
  0xc0, 0x08, 0x88, 0xc1, 0x10, 0x88, 0xc2, 0x0e, 0x88, 0xc3, 0x01, 0x88,
  0xc4, 0x66, 0x88, 0xc5, 0x09, 0x88, 0xc6, 0x13, 0x88, 0xc7, 0x0e, 0x88,
  0xc8, 0x01, 0x88, 0xc9, 0x66, 0x88, 0xca, 0x0a, 0x88, 0xcb, 0x14, 0x88,
  0xcc, 0x02, 0x88, 0xe5, 0x0e, 0x88, 0xe6, 0x0e, 0x84, 0x2d, 0x03, 0x84,
  0x2e, 0x02, 0x84, 0x2f, 0x02, 0x84, 0x25, 0x20, 0x00, 0x00, 0x00, 0x00,
  0x00, 0x00, 0x00, 0x00, 0x00, 0x85, 0x04, 0x04, 0x85, 0x07, 0x00, 0x85,
  0x1a, 0x14, 0x85, 0x20, 0x80, 0x85, 0x31, 0x0c, 0x85, 0x35, 0x80, 0x85,
  0x37, 0x9e, 0x84, 0x60, 0x06, 0x84, 0x65, 0x01, 0x84, 0x7d, 0x10, 0x84,
  0x7e, 0x10, 0x84, 0x82, 0xee, 0x85, 0x57, 0x06, 0x85, 0x58, 0x08, 0x85,
  0x59, 0x0a, 0x85, 0x5a, 0x0c, 0x85, 0x5b, 0x0e, 0x85, 0x65, 0x1f, 0x85,
  0x75, 0xb0, 0x85, 0xa7, 0x00, 0x85, 0xb4, 0x11, 0x85, 0xc1, 0x0c, 0x85,
  0xc4, 0x0c, 0x85, 0xe4, 0x0a, 0x85, 0xe5, 0x0c, 0x85, 0xe6, 0x0d, 0x85,
  0xe7, 0x0b, 0x85, 0xe8, 0x0d, 0x85, 0xea, 0x0c, 0x85, 0xed, 0x0e, 0x85,
  0xfa, 0x2c, 0x85, 0xfb, 0x2c, 0x88, 0x86, 0x0a, 0x88, 0x87, 0x0e, 0x88,
  0x8b, 0x0b, 0x88, 0x8c, 0x10, 0x88, 0x91, 0x0b, 0x88, 0x92, 0x10, 0x88,
  0x96, 0x0a, 0x88, 0x97, 0x10, 0x88, 0x9b, 0x0a, 0x88, 0x9c, 0x10, 0x88,
  0xa3, 0x02, 0x88, 0xa7, 0x03, 0x88, 0xab, 0x04, 0x88, 0xb4, 0x04, 0x88,
  0xb9, 0x06, 0x00, 0x00, 0x00, 0x00, 0x00, 0x00, 0x00, 0x00, 0x00, 0x00,
  0x00, 0x00, 0x00, 0x00, 0x00, 0x00, 0x00, 0x00, 0x00, 0x00, 0x00, 0x00,
  0x00, 0x00, 0x00, 0x00, 0x00, 0x00, 0x00, 0x00, 0x00, 0x00, 0x00, 0x00,
  0x00, 0x00, 0x00, 0x00, 0x00, 0x85, 0x0a, 0x02, 0x85, 0x0b, 0x00, 0x85,
  0x0c, 0x01, 0x85, 0x0d, 0x01, 0x85, 0x10, 0x01, 0x85, 0x11, 0x04, 0x85,
  0x12, 0x02, 0x85, 0x13, 0x0a, 0x85, 0x14, 0x03, 0x85, 0x15, 0x10, 0x85,
  0x17, 0x02, 0x85, 0x19, 0x02, 0x85, 0x1b, 0x02, 0x85, 0x1c, 0x02, 0x85,
  0x1d, 0x0a, 0x85, 0x1f, 0x66, 0x85, 0x30, 0x00, 0x85, 0x36, 0x40, 0x84,
  0x61, 0x22, 0x84, 0x62, 0x08, 0x84, 0x63, 0x08, 0x84, 0x64, 0x22, 0x84,
  0x66, 0x11, 0x84, 0x67, 0x50, 0x84, 0x68, 0x28, 0x84, 0x69, 0x20, 0x84,
  0x6a, 0x82, 0x84, 0x6b, 0x50, 0x84, 0x80, 0x06, 0x84, 0x81, 0x44, 0x84,
  0x83, 0x80, 0x85, 0x50, 0x17, 0x85, 0x51, 0x30, 0x85, 0x52, 0x14, 0x85,
  0x53, 0xa2, 0x85, 0x54, 0x0b, 0x85, 0x55, 0x0c, 0x85, 0x56, 0x01, 0x85,
  0x5c, 0x40, 0x85, 0x5d, 0x14, 0x85, 0x69, 0x03, 0x85, 0x70, 0x04, 0x85,
  0x71, 0x12, 0x85, 0x72, 0x90, 0x85, 0x73, 0x3f, 0x85, 0xa0, 0x01, 0x85,
  0xa1, 0x18, 0x85, 0xa2, 0x03, 0x85, 0xab, 0x00, 0x85, 0xdf, 0x02, 0x85,
  0xe9, 0x0a, 0x85, 0xeb, 0x0b, 0x85, 0xec, 0x0c, 0x85, 0xee, 0x0e, 0x85,
  0xef, 0x0f, 0x85, 0xf0, 0x0f, 0x85, 0xf1, 0x1f, 0x85, 0xf2, 0x0a, 0x85,
  0xf3, 0x12, 0x85, 0xf4, 0x1f, 0x85, 0xf5, 0x0f, 0x85, 0xf6, 0x1f, 0x85,
  0xf7, 0x0a, 0x85, 0xf8, 0x12, 0x85, 0xf9, 0x1f, 0x88, 0x81, 0x01, 0x88,
  0x85, 0x0e, 0x88, 0x8a, 0x0e, 0x88, 0x8f, 0x00, 0x88, 0x90, 0x0e, 0x88,
  0x95, 0x0e, 0x88, 0x9a, 0x0e, 0x88, 0x9f, 0x10, 0x88, 0xa0, 0x02, 0x88,
  0xa6, 0x28, 0x88, 0xaa, 0x50, 0x88, 0xac, 0x00, 0x88, 0xad, 0x66, 0x88,
  0xb2, 0x00, 0x88, 0xb3, 0xf0, 0x88, 0xb7, 0x02, 0x88, 0xb8, 0xd0, 0x88,
  0xba, 0x00, 0x88, 0xbb, 0x44, 0x88, 0xbc, 0x04, 0x88, 0xbd, 0x0e, 0x88,
  0xbe, 0x01, 0x88, 0xbf, 0x66, 0x88, 0xc0, 0x0b, 0x88, 0xc1, 0x15, 0x88,
  0xc2, 0x0e, 0x88, 0xc3, 0x01, 0x88, 0xc4, 0x66, 0x88, 0xc5, 0x0a, 0x88,
  0xc6, 0x14, 0x88, 0xc7, 0x0e, 0x88, 0xc8, 0x01, 0x88, 0xc9, 0x66, 0x88,
  0xca, 0x0a, 0x88, 0xcb, 0x14, 0x88, 0xcc, 0x02, 0x88, 0xe5, 0x0e, 0x88,
  0xe6, 0x0e, 0x84, 0x2d, 0x03, 0x84, 0x2e, 0x02, 0x84, 0x2f, 0x02, 0x84,
  0x25, 0x20, 0x00, 0x00, 0x00, 0x00, 0x00, 0x00, 0x00, 0x00, 0x00, 0x85,
  0x04, 0x04, 0x85, 0x07, 0x00, 0x85, 0x1a, 0x18, 0x85, 0x20, 0x80, 0x85,
  0x31, 0x0e, 0x85, 0x35, 0x80, 0x85, 0x37, 0x9e, 0x84, 0x60, 0x06, 0x84,
  0x65, 0x01, 0x84, 0x7d, 0x10, 0x84, 0x7e, 0x10, 0x84, 0x82, 0xee, 0x85,
  0x57, 0x09, 0x85, 0x58, 0x0b, 0x85, 0x59, 0x0d, 0x85, 0x5a, 0x0f, 0x85,
  0x5b, 0x11, 0x85, 0x65, 0x28, 0x85, 0x75, 0xaa, 0x85, 0xa7, 0x00, 0x85,
  0xb4, 0x14, 0x85, 0xc1, 0x0c, 0x85, 0xc4, 0x0c, 0x85, 0xe4, 0x0a, 0x85,
  0xe5, 0x0b, 0x85, 0xe6, 0x0c, 0x85, 0xe7, 0x0b, 0x85, 0xe8, 0x0c, 0x85,
  0xea, 0x0b, 0x85, 0xed, 0x0d, 0x85, 0xfa, 0x32, 0x85, 0xfb, 0x32, 0x88,
  0x86, 0x08, 0x88, 0x87, 0x0c, 0x88, 0x8b, 0x0c, 0x88, 0x8c, 0x10, 0x88,
  0x91, 0x09, 0x88, 0x92, 0x0f, 0x88, 0x96, 0x09, 0x88, 0x97, 0x0f, 0x88,
  0x9b, 0x0b, 0x88, 0x9c, 0x12, 0x88, 0xa3, 0x03, 0x88, 0xa7, 0x04, 0x88,
  0xab, 0x05, 0x88, 0xb4, 0x04, 0x88, 0xb9, 0x06, 0x00, 0x00, 0x00, 0x00,
  0x00, 0x00, 0x00, 0x00, 0x00, 0x00, 0x00, 0x00, 0x00, 0x00, 0x00, 0x00,
  0x00, 0x00, 0x00, 0x00, 0x00, 0x00, 0x00, 0x00, 0x00, 0x00, 0x00, 0x00,
  0x00, 0x00, 0x00, 0x00, 0x00, 0x00, 0x00, 0x00, 0x00, 0x00, 0x00, 0x85,
  0x0a, 0x02, 0x85, 0x0b, 0x00, 0x85, 0x0c, 0x01, 0x85, 0x0d, 0x01, 0x85,
  0x10, 0x01, 0x85, 0x11, 0x04, 0x85, 0x12, 0x02, 0x85, 0x13, 0x0a, 0x85,
  0x14, 0x03, 0x85, 0x15, 0x10, 0x85, 0x17, 0x02, 0x85, 0x19, 0x02, 0x85,
  0x1b, 0x02, 0x85, 0x1c, 0x02, 0x85, 0x1d, 0x0a, 0x85, 0x1f, 0xbb, 0x85,
  0x30, 0x00, 0x85, 0x36, 0x40, 0x84, 0x61, 0x22, 0x84, 0x62, 0x08, 0x84,
  0x63, 0x08, 0x84, 0x64, 0x22, 0x84, 0x66, 0x11, 0x84, 0x67, 0x50, 0x84,
  0x68, 0x28, 0x84, 0x69, 0x20, 0x84, 0x6a, 0x82, 0x84, 0x6b, 0x50, 0x84,
  0x80, 0x06, 0x84, 0x81, 0x44, 0x84, 0x83, 0x80, 0x85, 0x50, 0x17, 0x85,
  0x51, 0x30, 0x85, 0x52, 0x14, 0x85, 0x53, 0xa2, 0x85, 0x54, 0x0b, 0x85,
  0x55, 0x0c, 0x85, 0x56, 0x01, 0x85, 0x5c, 0x40, 0x85, 0x5d, 0x14, 0x85,
  0x69, 0x03, 0x85, 0x70, 0x04, 0x85, 0x71, 0x12, 0x85, 0x72, 0x90, 0x85,
  0x73, 0x3f, 0x85, 0xa0, 0x01, 0x85, 0xa1, 0x18, 0x85, 0xa2, 0x03, 0x85,
  0xab, 0x00, 0x85, 0xdf, 0x02, 0x85, 0xe9, 0x0a, 0x85, 0xeb, 0x0b, 0x85,
  0xec, 0x0c, 0x85, 0xee, 0x0e, 0x85, 0xef, 0x0f, 0x85, 0xf0, 0x0f, 0x85,
  0xf1, 0x1f, 0x85, 0xf2, 0x0a, 0x85, 0xf3, 0x12, 0x85, 0xf4, 0x1f, 0x85,
  0xf5, 0x0f, 0x85, 0xf6, 0x1f, 0x85, 0xf7, 0x0a, 0x85, 0xf8, 0x12, 0x85,
  0xf9, 0x1f, 0x88, 0x81, 0x01, 0x88, 0x85, 0x0e, 0x88, 0x8a, 0x0e, 0x88,
  0x8f, 0x00, 0x88, 0x90, 0x0e, 0x88, 0x95, 0x0e, 0x88, 0x9a, 0x0e, 0x88,
  0x9f, 0x10, 0x88, 0xa0, 0x02, 0x88, 0xa6, 0x28, 0x88, 0xaa, 0x50, 0x88,
  0xac, 0x00, 0x88, 0xad, 0x66, 0x88, 0xb2, 0x00, 0x88, 0xb3, 0xf0, 0x88,
  0xb7, 0x02, 0x88, 0xb8, 0xd0, 0x88, 0xba, 0x00, 0x88, 0xbb, 0x44, 0x88,
  0xbc, 0x05, 0x88, 0xbd, 0x0e, 0x88, 0xbe, 0x01, 0x88, 0xbf, 0x66, 0x88,
  0xc0, 0x0b, 0x88, 0xc1, 0x15, 0x88, 0xc2, 0x0e, 0x88, 0xc3, 0x01, 0x88,
  0xc4, 0x66, 0x88, 0xc5, 0x0b, 0x88, 0xc6, 0x15, 0x88, 0xc7, 0x0e, 0x88,
  0xc8, 0x01, 0x88, 0xc9, 0x66, 0x88, 0xca, 0x0c, 0x88, 0xcb, 0x16, 0x88,
  0xcc, 0x02, 0x88, 0xe5, 0x0e, 0x88, 0xe6, 0x0e, 0x84, 0x2d, 0x03, 0x84,
  0x2e, 0x03, 0x84, 0x2f, 0x03, 0x84, 0x25, 0x1d, 0x00, 0x00, 0x00, 0x00,
  0x00, 0x00, 0x00, 0x00, 0x00, 0x85, 0x04, 0x04, 0x85, 0x07, 0x00, 0x85,
  0x1a, 0x18, 0x85, 0x20, 0x80, 0x85, 0x31, 0x0e, 0x85, 0x35, 0x80, 0x85,
  0x37, 0x9e, 0x84, 0x60, 0x06, 0x84, 0x65, 0x01, 0x84, 0x7d, 0x10, 0x84,
  0x7e, 0x10, 0x84, 0x82, 0xee, 0x85, 0x57, 0x0b, 0x85, 0x58, 0x0d, 0x85,
  0x59, 0x0f, 0x85, 0x5a, 0x11, 0x85, 0x5b, 0x13, 0x85, 0x65, 0x2a, 0x85,
  0x75, 0xa6, 0x85, 0xa7, 0x00, 0x85, 0xb4, 0x14, 0x85, 0xc1, 0x0c, 0x85,
  0xc4, 0x0c, 0x85, 0xe4, 0x09, 0x85, 0xe5, 0x0b, 0x85, 0xe6, 0x0c, 0x85,
  0xe7, 0x0a, 0x85, 0xe8, 0x0c, 0x85, 0xea, 0x0b, 0x85, 0xed, 0x0d, 0x85,
  0xfa, 0x32, 0x85, 0xfb, 0x32, 0x88, 0x86, 0x0c, 0x88, 0x87, 0x10, 0x88,
  0x8b, 0x12, 0x88, 0x8c, 0x16, 0x88, 0x91, 0x0e, 0x88, 0x92, 0x14, 0x88,
  0x96, 0x0e, 0x88, 0x97, 0x14, 0x88, 0x9b, 0x12, 0x88, 0x9c, 0x18, 0x88,
  0xa3, 0x04, 0x88, 0xa7, 0x05, 0x88, 0xab, 0x06, 0x88, 0xb4, 0x04, 0x88,
  0xb9, 0x06, 0x00, 0x00, 0x00, 0x00, 0x00, 0x00, 0x00, 0x00, 0x00, 0x00,
  0x00, 0x00, 0x00, 0x00, 0x00, 0x00, 0x00, 0x00, 0x00, 0x00, 0x00, 0x00,
  0x00, 0x00, 0x00, 0x00, 0x00, 0x00, 0x00, 0x00, 0x00, 0x00, 0x00, 0x00,
  0x00, 0x00, 0x00, 0x00, 0x00, 0x85, 0x0a, 0x02, 0x85, 0x0b, 0x00, 0x85,
  0x0c, 0x01, 0x85, 0x0d, 0x01, 0x85, 0x10, 0x01, 0x85, 0x11, 0x04, 0x85,
  0x12, 0x02, 0x85, 0x13, 0x0a, 0x85, 0x14, 0x03, 0x85, 0x15, 0x10, 0x85,
  0x17, 0x02, 0x85, 0x19, 0x02, 0x85, 0x1b, 0x02, 0x85, 0x1c, 0x02, 0x85,
  0x1d, 0x0a, 0x85, 0x1f, 0xbb, 0x85, 0x30, 0x00, 0x85, 0x36, 0x40, 0x84,
  0x61, 0x22, 0x84, 0x62, 0x08, 0x84, 0x63, 0x08, 0x84, 0x64, 0x22, 0x84,
  0x66, 0x11, 0x84, 0x67, 0x50, 0x84, 0x68, 0x28, 0x84, 0x69, 0x20, 0x84,
  0x6a, 0x82, 0x84, 0x6b, 0x50, 0x84, 0x80, 0x07, 0x84, 0x81, 0x44, 0x84,
  0x83, 0x80, 0x85, 0x50, 0x17, 0x85, 0x51, 0x50, 0x85, 0x52, 0x14, 0x85,
  0x53, 0xa2, 0x85, 0x54, 0x0b, 0x85, 0x55, 0x0c, 0x85, 0x56, 0x01, 0x85,
  0x5c, 0x50, 0x85, 0x5d, 0x14, 0x85, 0x69, 0x03, 0x85, 0x70, 0x04, 0x85,
  0x71, 0x12, 0x85, 0x72, 0x90, 0x85, 0x73, 0x3f, 0x85, 0xa0, 0x01, 0x85,
  0xa1, 0x18, 0x85, 0xa2, 0x03, 0x85, 0xab, 0x00, 0x85, 0xdf, 0x02, 0x85,
  0xe9, 0x0a, 0x85, 0xeb, 0x0d, 0x85, 0xec, 0x0e, 0x85, 0xee, 0x0e, 0x85,
  0xef, 0x0f, 0x85, 0xf0, 0x0f, 0x85, 0xf1, 0x1f, 0x85, 0xf2, 0x0a, 0x85,
  0xf3, 0x12, 0x85, 0xf4, 0x1f, 0x85, 0xf5, 0x0f, 0x85, 0xf6, 0x1f, 0x85,
  0xf7, 0x0a, 0x85, 0xf8, 0x12, 0x85, 0xf9, 0x1f, 0x88, 0x81, 0x01, 0x88,
  0x85, 0x0e, 0x88, 0x8a, 0x0f, 0x88, 0x8f, 0x00, 0x88, 0x90, 0x0e, 0x88,
  0x95, 0x0e, 0x88, 0x9a, 0x0e, 0x88, 0x9f, 0x10, 0x88, 0xa0, 0x02, 0x88,
  0xa6, 0x28, 0x88, 0xaa, 0x50, 0x88, 0xac, 0x00, 0x88, 0xad, 0x66, 0x88,
  0xb2, 0x00, 0x88, 0xb3, 0xf0, 0x88, 0xb7, 0x02, 0x88, 0xb8, 0xd0, 0x88,
  0xba, 0x00, 0x88, 0xbb, 0x44, 0x88, 0xbc, 0x06, 0x88, 0xbd, 0x0e, 0x88,
  0xbe, 0x01, 0x88, 0xbf, 0x66, 0x88, 0xc0, 0x0d, 0x88, 0xc1, 0x17, 0x88,
  0xc2, 0x0e, 0x88, 0xc3, 0x01, 0x88, 0xc4, 0x66, 0x88, 0xc5, 0x0d, 0x88,
  0xc6, 0x17, 0x88, 0xc7, 0x0e, 0x88, 0xc8, 0x01, 0x88, 0xc9, 0x66, 0x88,
  0xca, 0x12, 0x88, 0xcb, 0x1c, 0x88, 0xcc, 0x02, 0x88, 0xe5, 0x0e, 0x88,
  0xe6, 0x0e, 0x84, 0x2d, 0x03, 0x84, 0x2e, 0x03, 0x84, 0x2f, 0x03, 0x84,
  0x25, 0x1d, 0x00, 0x00, 0x00, 0x00, 0x00, 0x00, 0x00, 0x00, 0x00, 0x85,
  0x04, 0x04, 0x85, 0x07, 0x00, 0x85, 0x1a, 0x1a, 0x85, 0x20, 0x80, 0x85,
  0x31, 0x0e, 0x85, 0x35, 0x80, 0x85, 0x37, 0x9e, 0x84, 0x60, 0x06, 0x84,
  0x65, 0x01, 0x84, 0x7d, 0x16, 0x84, 0x7e, 0x10, 0x84, 0x82, 0x88, 0x85,
  0x57, 0x0c, 0x85, 0x58, 0x0e, 0x85, 0x59, 0x10, 0x85, 0x5a, 0x12, 0x85,
  0x5b, 0x14, 0x85, 0x65, 0x38, 0x85, 0x75, 0xa6, 0x85, 0xa7, 0x00, 0x85,
  0xb4, 0x15, 0x85, 0xc1, 0x0c, 0x85, 0xc4, 0x0c, 0x85, 0xe4, 0x09, 0x85,
  0xe5, 0x0b, 0x85, 0xe6, 0x0c, 0x85, 0xe7, 0x0a, 0x85, 0xe8, 0x0c, 0x85,
  0xea, 0x0b, 0x85, 0xed, 0x0d, 0x85, 0xfa, 0x32, 0x85, 0xfb, 0x32, 0x88,
  0x86, 0x0c, 0x88, 0x87, 0x10, 0x88, 0x8b, 0x13, 0x88, 0x8c, 0x17, 0x88,
  0x91, 0x0c, 0x88, 0x92, 0x12, 0x88, 0x96, 0x0d, 0x88, 0x97, 0x11, 0x88,
  0x9b, 0x12, 0x88, 0x9c, 0x18, 0x88, 0xa3, 0x05, 0x88, 0xa7, 0x06, 0x88,
  0xab, 0x07, 0x88, 0xb4, 0x04, 0x88, 0xb9, 0x06, 0x00, 0x00, 0x00, 0x00,
  0x00, 0x00, 0x00, 0x00, 0x00, 0x00, 0x00, 0x00, 0x00, 0x00, 0x00, 0x00,
  0x00, 0x00, 0x00, 0x00, 0x00, 0x00, 0x00, 0x00, 0x00, 0x00, 0x00, 0x00,
  0x00, 0x00, 0x00, 0x00, 0x00, 0x00, 0x00, 0x00, 0x00, 0x00, 0x00, 0x85,
  0x0a, 0x02, 0x85, 0x0b, 0x00, 0x85, 0x0c, 0x01, 0x85, 0x0d, 0x01, 0x85,
  0x10, 0x01, 0x85, 0x11, 0x04, 0x85, 0x12, 0x02, 0x85, 0x13, 0x0a, 0x85,
  0x14, 0x03, 0x85, 0x15, 0x10, 0x85, 0x17, 0x02, 0x85, 0x19, 0x02, 0x85,
  0x1b, 0x02, 0x85, 0x1c, 0x02, 0x85, 0x1d, 0x0a, 0x85, 0x1f, 0xbb, 0x85,
  0x30, 0x00, 0x85, 0x36, 0x40, 0x84, 0x61, 0x22, 0x84, 0x62, 0x08, 0x84,
  0x63, 0x08, 0x84, 0x64, 0x22, 0x84, 0x66, 0x11, 0x84, 0x67, 0x50, 0x84,
  0x68, 0x28, 0x84, 0x69, 0x20, 0x84, 0x6a, 0x82, 0x84, 0x6b, 0x50, 0x84,
  0x80, 0x07, 0x84, 0x81, 0x44, 0x84, 0x83, 0x80, 0x85, 0x50, 0x17, 0x85,
  0x51, 0x90, 0x85, 0x52, 0x14, 0x85, 0x53, 0xa2, 0x85, 0x54, 0x0b, 0x85,
  0x55, 0x0c, 0x85, 0x56, 0x01, 0x85, 0x5c, 0x90, 0x85, 0x5d, 0x14, 0x85,
  0x69, 0x03, 0x85, 0x70, 0x04, 0x85, 0x71, 0x12, 0x85, 0x72, 0x90, 0x85,
  0x73, 0x3f, 0x85, 0xa0, 0x01, 0x85, 0xa1, 0x18, 0x85, 0xa2, 0x03, 0x85,
  0xab, 0x00, 0x85, 0xdf, 0x02, 0x85, 0xe9, 0x0a, 0x85, 0xeb, 0x0d, 0x85,
  0xec, 0x0e, 0x85, 0xee, 0x0e, 0x85, 0xef, 0x0f, 0x85, 0xf0, 0x0f, 0x85,
  0xf1, 0x1f, 0x85, 0xf2, 0x0a, 0x85, 0xf3, 0x12, 0x85, 0xf4, 0x1f, 0x85,
  0xf5, 0x0f, 0x85, 0xf6, 0x1f, 0x85, 0xf7, 0x0a, 0x85, 0xf8, 0x12, 0x85,
  0xf9, 0x1f, 0x88, 0x81, 0x01, 0x88, 0x85, 0x0e, 0x88, 0x8a, 0x0e, 0x88,
  0x8f, 0x00, 0x88, 0x90, 0x0e, 0x88, 0x95, 0x0e, 0x88, 0x9a, 0x0e, 0x88,
  0x9f, 0x10, 0x88, 0xa0, 0x02, 0x88, 0xa6, 0x28, 0x88, 0xaa, 0x50, 0x88,
  0xac, 0x00, 0x88, 0xad, 0x66, 0x88, 0xb2, 0x00, 0x88, 0xb3, 0xf0, 0x88,
  0xb7, 0x02, 0x88, 0xb8, 0xd0, 0x88, 0xba, 0x00, 0x88, 0xbb, 0x44, 0x88,
  0xbc, 0x06, 0x88, 0xbd, 0x0e, 0x88, 0xbe, 0x01, 0x88, 0xbf, 0x66, 0x88,
  0xc0, 0x0c, 0x88, 0xc1, 0x16, 0x88, 0xc2, 0x0e, 0x88, 0xc3, 0x01, 0x88,
  0xc4, 0x66, 0x88, 0xc5, 0x0d, 0x88, 0xc6, 0x17, 0x88, 0xc7, 0x0e, 0x88,
  0xc8, 0x01, 0x88, 0xc9, 0x66, 0x88, 0xca, 0x12, 0x88, 0xcb, 0x1c, 0x88,
  0xcc, 0x02, 0x88, 0xe5, 0x0e, 0x88, 0xe6, 0x0e, 0x84, 0x2d, 0x03, 0x84,
  0x2e, 0x03, 0x84, 0x2f, 0x03, 0x84, 0x25, 0x1d, 0x00, 0x00, 0x00, 0x00,
  0x00, 0x00, 0x00, 0x00, 0x00, 0x00, 0x00, 0x00, 0x00, 0x0c, 0xe4, 0x0f,
  0xa0, 0x00, 0x02, 0x00, 0x00, 0x00, 0x40, 0x00, 0x30, 0x00, 0x30, 0x00,
  0x30, 0x00, 0x30, 0x00, 0x00, 0x01, 0x00, 0x00, 0x30, 0x00, 0x30, 0x00,
  0x30, 0x00, 0x30, 0x00, 0x00, 0x00, 0x00, 0x00, 0x00, 0x00, 0x00, 0x00,
  0x00, 0x00, 0x00, 0x00, 0x00, 0x00, 0x00, 0x00, 0x00, 0x00, 0x00, 0x00,
  0x00, 0x00, 0x00, 0x00, 0x00, 0x00, 0x00, 0x00, 0x00, 0x00, 0x00, 0x00,
  0x00, 0x00, 0x00, 0x00, 0x00, 0x00, 0x00, 0x00, 0x00, 0x00, 0x00, 0x00,
  0x00, 0x00, 0x00, 0x00, 0x00, 0x00, 0x00, 0x00, 0x00, 0x00, 0x00, 0x00,
  0x00, 0x00, 0x00, 0x00, 0x00, 0x00, 0x00, 0x00, 0x00, 0x00, 0x00, 0x00,
  0x00, 0x00, 0x00, 0x00, 0xa8, 0x01, 0xe0, 0x20, 0x00, 0x20, 0x20, 0x20,
  0x00, 0x10, 0x20, 0x2f, 0x3c, 0x48, 0x52, 0x5b, 0x63, 0x71, 0x7e, 0x89,
  0x92, 0x9b, 0xa2, 0xa9, 0xaf, 0xb4, 0xb9, 0xbe, 0xc3, 0xcc, 0xd4, 0xdc,
  0xe3, 0xea, 0xf1, 0xf8, 0x00, 0x14, 0x28, 0x38, 0x45, 0x50, 0x57, 0x5d,
  0x63, 0x6d, 0x77, 0x80, 0x88, 0x8f, 0x96, 0x9d, 0xa3, 0xa9, 0xaf, 0xb5,
  0xba, 0xc4, 0xce, 0xd7, 0xe0, 0xe8, 0xf0, 0xf8, 0x02, 0x58, 0x03, 0x20,
  0x00, 0x28, 0x00, 0x28, 0x3a, 0x3a, 0x3a, 0x0a, 0xbe, 0x03, 0x04, 0x00,
  0x00, 0x18, 0x00, 0x18, 0x00, 0x18, 0x00, 0x18, 0x00, 0x18, 0x0f, 0x5a,
  0x01, 0x01, 0x01, 0x01, 0x01, 0x01, 0x01, 0x01, 0x01, 0x01, 0x01, 0x01,
  0x01, 0x01, 0x01, 0x01, 0x01, 0x01, 0x01, 0x01, 0x01, 0x01, 0x02, 0x02,
  0x02, 0x02, 0x02, 0x02, 0x01, 0x01, 0x01, 0x01, 0x02, 0x02, 0x02, 0x02,
  0x02, 0x02, 0x01, 0x01, 0x01, 0x01, 0x02, 0x02, 0x02, 0x02, 0x02, 0x02,
  0x01, 0x01, 0x01, 0x01, 0x02, 0x02, 0x02, 0x02, 0x02, 0x02, 0x01, 0x01,
  0x01, 0x01, 0x02, 0x02, 0x02, 0x02, 0x02, 0x02, 0x01, 0x01, 0x01, 0x01,
  0x02, 0x02, 0x02, 0x02, 0x02, 0x02, 0x01, 0x01, 0x01, 0x01, 0x01, 0x01,
  0x01, 0x01, 0x01, 0x01, 0x01, 0x01, 0x01, 0x01, 0x01, 0x01, 0x01, 0x01,
  0x01, 0x01, 0x01, 0x01, 0x00, 0x06, 0x00, 0x00, 0x00, 0x20, 0x00, 0x00,
  0x00, 0x40, 0x00, 0x00, 0x00, 0x80, 0x00, 0x00, 0x01, 0x00, 0x00, 0x00,
  0x02, 0x00, 0x00, 0x00, 0x00, 0x00, 0x85, 0x00, 0x6e, 0x85, 0x01, 0x01,
  0x85, 0x02, 0xd0, 0x85, 0x03, 0x02, 0x85, 0x06, 0x01, 0x85, 0x09, 0x01,
  0x85, 0x22, 0x02, 0x85, 0x23, 0x02, 0x85, 0x24, 0x12, 0x85, 0x25, 0x02,
  0x85, 0x26, 0x04, 0x85, 0x27, 0x02, 0x85, 0x2a, 0x00, 0x85, 0x2b, 0x02,
  0x85, 0x2c, 0x04, 0x85, 0x2d, 0xff, 0x85, 0x2e, 0x10, 0x85, 0x2f, 0x80,
  0x85, 0x32, 0x06, 0x85, 0x33, 0x04, 0x85, 0x34, 0x03, 0x84, 0xa0, 0x01,
  0x84, 0xa1, 0xff, 0x84, 0xa2, 0x00, 0x84, 0xa3, 0x00, 0x84, 0xa4, 0xff,
  0x84, 0xa5, 0x02, 0x84, 0xa6, 0x00, 0x85, 0x5e, 0xee, 0x85, 0x5f, 0x66,
  0x85, 0x60, 0x18, 0x85, 0x61, 0x02, 0x85, 0x62, 0xfc, 0x85, 0x63, 0xfe,
  0x85, 0x64, 0xff, 0x85, 0x6a, 0x08, 0x85, 0x6b, 0x04, 0x85, 0x6c, 0x0a,
  0x85, 0x6d, 0x02, 0x85, 0x6e, 0x01, 0x85, 0x6f, 0x01, 0x85, 0xa3, 0x04,
  0x85, 0xa4, 0x00, 0x85, 0xa5, 0xfe, 0x85, 0xa9, 0x00, 0x85, 0xaa, 0x00,
  0x85, 0xac, 0xf6, 0x85, 0xad, 0x0f, 0x85, 0xae, 0x01, 0x85, 0xaf, 0x38,
  0x85, 0xb0, 0x6e, 0x85, 0xb1, 0x01, 0x85, 0xb2, 0xd0, 0x85, 0xb3, 0x02,
  0x85, 0xb6, 0x01, 0x85, 0xc0, 0x00, 0x85, 0xc2, 0x3c, 0x85, 0xc3, 0x0a,
  0x85, 0xc8, 0x6e, 0x85, 0xc9, 0x7e, 0x85, 0xca, 0x84, 0x85, 0xcb, 0xa9,
  0x85, 0xcc, 0x55, 0x85, 0xcd, 0x7d, 0x85, 0xce, 0x84, 0x85, 0xcf, 0xb7,
  0x85, 0xd0, 0x51, 0x85, 0xd1, 0x7f, 0x85, 0xd2, 0x85, 0x85, 0xd3, 0xbb,
  0x85, 0xd4, 0x54, 0x85, 0xd5, 0x7c, 0x85, 0xd6, 0x85, 0x85, 0xd7, 0xb7,
  0x85, 0xd8, 0x63, 0x85, 0xd9, 0x7b, 0x85, 0xda, 0x83, 0x85, 0xdb, 0x94,
  0x85, 0xdc, 0x08, 0x85, 0xdd, 0xfe, 0x85, 0xde, 0xfd, 0x85, 0xe0, 0x00,
  0x85, 0xe1, 0x02, 0x85, 0xe2, 0x3f, 0x88, 0x82, 0x0e, 0x88, 0x83, 0x0e,
  0x88, 0x84, 0x00, 0x88, 0xa1, 0x00, 0x88, 0xa2, 0x00, 0x88, 0xae, 0x01,
  0x88, 0xaf, 0x01, 0x00, 0x00, 0x00, 0x00, 0x00, 0x00, 0x00, 0x00, 0x00,
  0x00, 0x00, 0x00, 0x00, 0x00, 0x00, 0x00, 0x00, 0x00, 0x00, 0x00, 0x00,
  0x00, 0x00, 0x00, 0x00, 0x00, 0x00, 0x85, 0x04, 0x00, 0x85, 0x07, 0x02,
  0x85, 0x1a, 0x06, 0x85, 0x20, 0x80, 0x85, 0x31, 0x0e, 0x85, 0x35, 0x80,
  0x85, 0x37, 0x8f, 0x84, 0x60, 0x00, 0x84, 0x65, 0x02, 0x84, 0x7d, 0x11,
  0x84, 0x7e, 0x10, 0x84, 0x82, 0xcc, 0x85, 0x57, 0x08, 0x85, 0x58, 0x0a,
  0x85, 0x59, 0x0c, 0x85, 0x5a, 0x0e, 0x85, 0x5b, 0x10, 0x85, 0x65, 0x02,
  0x85, 0x75, 0xb4, 0x85, 0xa7, 0xb4, 0x85, 0xb4, 0x00, 0x85, 0xc1, 0x00,
  0x85, 0xc4, 0x0a, 0x85, 0xe4, 0x0a, 0x85, 0xe5, 0x0c, 0x85, 0xe6, 0x0e,
  0x85, 0xe7, 0x0c, 0x85, 0xe8, 0x0e, 0x85, 0xea, 0x0e, 0x85, 0xed, 0x10,
  0x85, 0xfa, 0x2c, 0x85, 0xfb, 0x2c, 0x88, 0x86, 0x02, 0x88, 0x87, 0x06,
  0x88, 0x8b, 0x03, 0x88, 0x8c, 0x07, 0x88, 0x91, 0x06, 0x88, 0x92, 0x0c,
  0x88, 0x96, 0x02, 0x88, 0x97, 0x08, 0x88, 0x9b, 0x05, 0x88, 0x9c, 0x0b,
  0x88, 0xa3, 0x00, 0x88, 0xa7, 0x01, 0x88, 0xab, 0x03, 0x88, 0xb4, 0x04,
  0x88, 0xb9, 0x08, 0x00, 0x00, 0x00, 0x00, 0x00, 0x00, 0x00, 0x00, 0x00,
  0x00, 0x00, 0x00, 0x00, 0x00, 0x00, 0x00, 0x00, 0x00, 0x00, 0x00, 0x00,
  0x00, 0x00, 0x00, 0x00, 0x00, 0x00, 0x00, 0x00, 0x00, 0x00, 0x00, 0x00,
  0x00, 0x00, 0x00, 0x00, 0x00, 0x00, 0x85, 0x0a, 0x02, 0x85, 0x0b, 0x00,
  0x85, 0x0c, 0x01, 0x85, 0x0d, 0x01, 0x85, 0x10, 0x01, 0x85, 0x11, 0x04,
  0x85, 0x12, 0x02, 0x85, 0x13, 0x0a, 0x85, 0x14, 0x03, 0x85, 0x15, 0x10,
  0x85, 0x17, 0x02, 0x85, 0x19, 0x02, 0x85, 0x1b, 0x02, 0x85, 0x1c, 0x02,
  0x85, 0x1d, 0x0a, 0x85, 0x1f, 0x11, 0x85, 0x30, 0x00, 0x85, 0x36, 0x62,
  0x84, 0x61, 0x22, 0x84, 0x62, 0x06, 0x84, 0x63, 0x08, 0x84, 0x64, 0x22,
  0x84, 0x66, 0x11, 0x84, 0x67, 0x50, 0x84, 0x68, 0x28, 0x84, 0x69, 0x20,
  0x84, 0x6a, 0x82, 0x84, 0x6b, 0x50, 0x84, 0x80, 0x07, 0x84, 0x81, 0x88,
  0x84, 0x83, 0x85, 0x85, 0x50, 0x17, 0x85, 0x51, 0x10, 0x85, 0x52, 0x14,
  0x85, 0x53, 0xa2, 0x85, 0x54, 0x0a, 0x85, 0x55, 0x0c, 0x85, 0x56, 0x01,
  0x85, 0x5c, 0x10, 0x85, 0x5d, 0x14, 0x85, 0x69, 0x05, 0x85, 0x70, 0x04,
  0x85, 0x71, 0x12, 0x85, 0x72, 0x90, 0x85, 0x73, 0x3f, 0x85, 0xa0, 0x01,
  0x85, 0xa1, 0x18, 0x85, 0xa2, 0x03, 0x85, 0xab, 0x00, 0x85, 0xdf, 0x02,
  0x85, 0xe9, 0x10, 0x85, 0xeb, 0x10, 0x85, 0xec, 0x12, 0x85, 0xee, 0x12,
  0x85, 0xef, 0x10, 0x85, 0xf0, 0x0f, 0x85, 0xf1, 0x1f, 0x85, 0xf2, 0x04,
  0x85, 0xf3, 0x0d, 0x85, 0xf4, 0x1c, 0x85, 0xf5, 0x0f, 0x85, 0xf6, 0x1f,
  0x85, 0xf7, 0x08, 0x85, 0xf8, 0x11, 0x85, 0xf9, 0x1c, 0x88, 0x81, 0x01,
  0x88, 0x85, 0x0e, 0x88, 0x8a, 0x0e, 0x88, 0x8f, 0x03, 0x88, 0x90, 0x0e,
  0x88, 0x95, 0x0e, 0x88, 0x9a, 0x0e, 0x88, 0x9f, 0x10, 0x88, 0xa0, 0x0c,
  0x88, 0xa6, 0x28, 0x88, 0xaa, 0x50, 0x88, 0xb2, 0x00, 0x88, 0xb3, 0xf0,
  0x88, 0xb7, 0x02, 0x88, 0xb8, 0xd0, 0x88, 0xbc, 0x01, 0x88, 0xbd, 0x10,
  0x88, 0xbe, 0x04, 0x88, 0xbf, 0x00, 0x88, 0xc0, 0x00, 0x88, 0xc1, 0x04,
  0x88, 0xc2, 0x0e, 0x88, 0xc3, 0x01, 0x88, 0xc4, 0x66, 0x88, 0xc5, 0x03,
  0x88, 0xc6, 0x0d, 0x88, 0xc7, 0x0e, 0x88, 0xc8, 0x02, 0x88, 0xc9, 0x55,
  0x88, 0xca, 0x05, 0x88, 0xcb, 0x0b, 0x88, 0xcc, 0x18, 0x88, 0xe5, 0x0e,
  0x88, 0xe6, 0x0e, 0x84, 0x25, 0x22, 0x00, 0x00, 0x00, 0x00, 0x00, 0x00,
  0x00, 0x00, 0x00, 0x00, 0x00, 0x00, 0x00, 0x00, 0x00, 0x00, 0x00, 0x00,
  0x00, 0x00, 0x00, 0x00, 0x00, 0x00, 0x00, 0x00, 0x00, 0x00, 0x00, 0x00,
  0x85, 0x04, 0x00, 0x85, 0x07, 0x05, 0x85, 0x1a, 0x08, 0x85, 0x20, 0x80,
  0x85, 0x31, 0x10, 0x85, 0x35, 0x80, 0x85, 0x37, 0x6d, 0x84, 0x60, 0x03,
  0x84, 0x65, 0x02, 0x84, 0x7d, 0x12, 0x84, 0x7e, 0x10, 0x84, 0x82, 0xaa,
  0x85, 0x57, 0x09, 0x85, 0x58, 0x0b, 0x85, 0x59, 0x0d, 0x85, 0x5a, 0x0f,
  0x85, 0x5b, 0x11, 0x85, 0x65, 0x04, 0x85, 0x75, 0xaf, 0x85, 0xa7, 0xaf,
  0x85, 0xb4, 0x00, 0x85, 0xc1, 0x00, 0x85, 0xc4, 0x0a, 0x85, 0xe4, 0x09,
  0x85, 0xe5, 0x0b, 0x85, 0xe6, 0x0d, 0x85, 0xe7, 0x0b, 0x85, 0xe8, 0x0d,
  0x85, 0xea, 0x0d, 0x85, 0xed, 0x10, 0x85, 0xfa, 0x2a, 0x85, 0xfb, 0x2a,
  0x88, 0x86, 0x02, 0x88, 0x87, 0x06, 0x88, 0x8b, 0x04, 0x88, 0x8c, 0x08,
  0x88, 0x91, 0x07, 0x88, 0x92, 0x0d, 0x88, 0x96, 0x03, 0x88, 0x97, 0x09,
  0x88, 0x9b, 0x05, 0x88, 0x9c, 0x0b, 0x88, 0xa3, 0x00, 0x88, 0xa7, 0x02,
  0x88, 0xab, 0x02, 0x88, 0xb4, 0x04, 0x88, 0xb9, 0x08, 0x00, 0x00, 0x00,
  0x00, 0x00, 0x00, 0x00, 0x00, 0x00, 0x00, 0x00, 0x00, 0x00, 0x00, 0x00,
  0x00, 0x00, 0x00, 0x00, 0x00, 0x00, 0x00, 0x00, 0x00, 0x00, 0x00, 0x00,
  0x00, 0x00, 0x00, 0x00, 0x00, 0x00, 0x00, 0x00, 0x00, 0x00, 0x00, 0x00,
  0x85, 0x0a, 0x02, 0x85, 0x0b, 0x00, 0x85, 0x0c, 0x01, 0x85, 0x0d, 0x01,
  0x85, 0x10, 0x01, 0x85, 0x11, 0x04, 0x85, 0x12, 0x02, 0x85, 0x13, 0x0a,
  0x85, 0x14, 0x03, 0x85, 0x15, 0x10, 0x85, 0x17, 0x02, 0x85, 0x19, 0x02,
  0x85, 0x1b, 0x02, 0x85, 0x1c, 0x02, 0x85, 0x1d, 0x0a, 0x85, 0x1f, 0x15,
  0x85, 0x30, 0x00, 0x85, 0x36, 0x62, 0x84, 0x61, 0x22, 0x84, 0x62, 0x06,
  0x84, 0x63, 0x08, 0x84, 0x64, 0x22, 0x84, 0x66, 0x11, 0x84, 0x67, 0x50,
  0x84, 0x68, 0x28, 0x84, 0x69, 0x20, 0x84, 0x6a, 0x82, 0x84, 0x6b, 0x50,
  0x84, 0x80, 0x07, 0x84, 0x81, 0x77, 0x84, 0x83, 0x85, 0x85, 0x50, 0x17,
  0x85, 0x51, 0x20, 0x85, 0x52, 0x25, 0x85, 0x53, 0xa2, 0x85, 0x54, 0x0a,
  0x85, 0x55, 0x0c, 0x85, 0x56, 0x01, 0x85, 0x5c, 0x20, 0x85, 0x5d, 0x25,
  0x85, 0x69, 0x05, 0x85, 0x70, 0x04, 0x85, 0x71, 0x12, 0x85, 0x72, 0x90,
  0x85, 0x73, 0x3f, 0x85, 0xa0, 0x01, 0x85, 0xa1, 0x18, 0x85, 0xa2, 0x03,
  0x85, 0xab, 0x00, 0x85, 0xdf, 0x02, 0x85, 0xe9, 0x10, 0x85, 0xeb, 0x10,
  0x85, 0xec, 0x12, 0x85, 0xee, 0x12, 0x85, 0xef, 0x10, 0x85, 0xf0, 0x0f,
  0x85, 0xf1, 0x1f, 0x85, 0xf2, 0x10, 0x85, 0xf3, 0x1f, 0x85, 0xf4, 0x11,
  0x85, 0xf5, 0x0f, 0x85, 0xf6, 0x1f, 0x85, 0xf7, 0x10, 0x85, 0xf8, 0x1f,
  0x85, 0xf9, 0x11, 0x88, 0x81, 0x01, 0x88, 0x85, 0x0e, 0x88, 0x8a, 0x0e,
  0x88, 0x8f, 0x03, 0x88, 0x90, 0x0e, 0x88, 0x95, 0x0e, 0x88, 0x9a, 0x0e,
  0x88, 0x9f, 0x15, 0x88, 0xa0, 0x0c, 0x88, 0xa6, 0x28, 0x88, 0xaa, 0x50,
  0x88, 0xb2, 0x00, 0x88, 0xb3, 0xf0, 0x88, 0xb7, 0x02, 0x88, 0xb8, 0xd0,
  0x88, 0xbc, 0x02, 0x88, 0xbd, 0x10, 0x88, 0xbe, 0x04, 0x88, 0xbf, 0x00,
  0x88, 0xc0, 0x00, 0x88, 0xc1, 0x04, 0x88, 0xc2, 0x0e, 0x88, 0xc3, 0x01,
  0x88, 0xc4, 0x66, 0x88, 0xc5, 0x04, 0x88, 0xc6, 0x0e, 0x88, 0xc7, 0x0e,
  0x88, 0xc8, 0x02, 0x88, 0xc9, 0x55, 0x88, 0xca, 0x06, 0x88, 0xcb, 0x0c,
  0x88, 0xcc, 0x18, 0x88, 0xe5, 0x0e, 0x88, 0xe6, 0x0e, 0x84, 0x25, 0x22,
  0x00, 0x00, 0x00, 0x00, 0x00, 0x00, 0x00, 0x00, 0x00, 0x00, 0x00, 0x00,
  0x00, 0x00, 0x00, 0x00, 0x00, 0x00, 0x00, 0x00, 0x00, 0x00, 0x00, 0x00,
  0x00, 0x00, 0x00, 0x00, 0x00, 0x00, 0x85, 0x04, 0x00, 0x85, 0x07, 0x08,
  0x85, 0x1a, 0x0a, 0x85, 0x20, 0x80, 0x85, 0x31, 0x12, 0x85, 0x35, 0x80,
  0x85, 0x37, 0x4b, 0x84, 0x60, 0x06, 0x84, 0x65, 0x02, 0x84, 0x7d, 0x12,
  0x84, 0x7e, 0x10, 0x84, 0x82, 0x88, 0x85, 0x57, 0x0a, 0x85, 0x58, 0x0c,
  0x85, 0x59, 0x0e, 0x85, 0x5a, 0x10, 0x85, 0x5b, 0x12, 0x85, 0x65, 0x06,
  0x85, 0x75, 0xaa, 0x85, 0xa7, 0xaa, 0x85, 0xb4, 0x00, 0x85, 0xc1, 0x00,
  0x85, 0xc4, 0x12, 0x85, 0xe4, 0x07, 0x85, 0xe5, 0x0a, 0x85, 0xe6, 0x0d,
  0x85, 0xe7, 0x0a, 0x85, 0xe8, 0x0d, 0x85, 0xea, 0x0d, 0x85, 0xed, 0x10,
  0x85, 0xfa, 0x28, 0x85, 0xfb, 0x28, 0x88, 0x86, 0x02, 0x88, 0x87, 0x06,
  0x88, 0x8b, 0x05, 0x88, 0x8c, 0x09, 0x88, 0x91, 0x01, 0x88, 0x92, 0x07,
  0x88, 0x96, 0x03, 0x88, 0x97, 0x09, 0x88, 0x9b, 0x05, 0x88, 0x9c, 0x0b,
  0x88, 0xa3, 0x00, 0x88, 0xa7, 0x02, 0x88, 0xab, 0x02, 0x88, 0xb4, 0x04,
  0x88, 0xb9, 0x08, 0x00, 0x00, 0x00, 0x00, 0x00, 0x00, 0x00, 0x00, 0x00,
  0x00, 0x00, 0x00, 0x00, 0x00, 0x00, 0x00, 0x00, 0x00, 0x00, 0x00, 0x00,
  0x00, 0x00, 0x00, 0x00, 0x00, 0x00, 0x00, 0x00, 0x00, 0x00, 0x00, 0x00,
  0x00, 0x00, 0x00, 0x00, 0x00, 0x00, 0x85, 0x0a, 0x02, 0x85, 0x0b, 0x00,
  0x85, 0x0c, 0x01, 0x85, 0x0d, 0x01, 0x85, 0x10, 0x01, 0x85, 0x11, 0x04,
  0x85, 0x12, 0x02, 0x85, 0x13, 0x0a, 0x85, 0x14, 0x03, 0x85, 0x15, 0x10,
  0x85, 0x17, 0x02, 0x85, 0x19, 0x02, 0x85, 0x1b, 0x02, 0x85, 0x1c, 0x02,
  0x85, 0x1d, 0x0a, 0x85, 0x1f, 0x55, 0x85, 0x30, 0x00, 0x85, 0x36, 0x62,
  0x84, 0x61, 0x22, 0x84, 0x62, 0x06, 0x84, 0x63, 0x08, 0x84, 0x64, 0x22,
  0x84, 0x66, 0x11, 0x84, 0x67, 0x50, 0x84, 0x68, 0x28, 0x84, 0x69, 0x20,
  0x84, 0x6a, 0x82, 0x84, 0x6b, 0x50, 0x84, 0x80, 0x07, 0x84, 0x81, 0x55,
  0x84, 0x83, 0x85, 0x85, 0x50, 0x17, 0x85, 0x51, 0x20, 0x85, 0x52, 0x25,
  0x85, 0x53, 0xa2, 0x85, 0x54, 0x0a, 0x85, 0x55, 0x0c, 0x85, 0x56, 0x01,
  0x85, 0x5c, 0x30, 0x85, 0x5d, 0x36, 0x85, 0x69, 0x05, 0x85, 0x70, 0x04,
  0x85, 0x71, 0x12, 0x85, 0x72, 0x90, 0x85, 0x73, 0x3f, 0x85, 0xa0, 0x01,
  0x85, 0xa1, 0x18, 0x85, 0xa2, 0x03, 0x85, 0xab, 0x00, 0x85, 0xdf, 0x02,
  0x85, 0xe9, 0x10, 0x85, 0xeb, 0x10, 0x85, 0xec, 0x12, 0x85, 0xee, 0x12,
  0x85, 0xef, 0x10, 0x85, 0xf0, 0x0f, 0x85, 0xf1, 0x1f, 0x85, 0xf2, 0x10,
  0x85, 0xf3, 0x1f, 0x85, 0xf4, 0x11, 0x85, 0xf5, 0x0f, 0x85, 0xf6, 0x1f,
  0x85, 0xf7, 0x10, 0x85, 0xf8, 0x1f, 0x85, 0xf9, 0x11, 0x88, 0x81, 0x01,
  0x88, 0x85, 0x0d, 0x88, 0x8a, 0x0d, 0x88, 0x8f, 0x00, 0x88, 0x90, 0x0d,
  0x88, 0x95, 0x0d, 0x88, 0x9a, 0x0d, 0x88, 0x9f, 0x1a, 0x88, 0xa0, 0x0c,
  0x88, 0xa6, 0x28, 0x88, 0xaa, 0x50, 0x88, 0xb2, 0x00, 0x88, 0xb3, 0xf0,
  0x88, 0xb7, 0x02, 0x88, 0xb8, 0xd0, 0x88, 0xbc, 0x02, 0x88, 0xbd, 0x10,
  0x88, 0xbe, 0x02, 0x88, 0xbf, 0xaa, 0x88, 0xc0, 0x03, 0x88, 0xc1, 0x09,
  0x88, 0xc2, 0x0e, 0x88, 0xc3, 0x01, 0x88, 0xc4, 0x8e, 0x88, 0xc5, 0x05,
  0x88, 0xc6, 0x0e, 0x88, 0xc7, 0x0e, 0x88, 0xc8, 0x01, 0x88, 0xc9, 0x8e,
  0x88, 0xca, 0x08, 0x88, 0xcb, 0x11, 0x88, 0xcc, 0x18, 0x88, 0xe5, 0x0e,
  0x88, 0xe6, 0x0e, 0x84, 0x25, 0x22, 0x00, 0x00, 0x00, 0x00, 0x00, 0x00,
  0x00, 0x00, 0x00, 0x00, 0x00, 0x00, 0x00, 0x00, 0x00, 0x00, 0x00, 0x00,
  0x00, 0x00, 0x00, 0x00, 0x00, 0x00, 0x00, 0x00, 0x00, 0x00, 0x00, 0x00,
  0x85, 0x04, 0x00, 0x85, 0x07, 0x08, 0x85, 0x1a, 0x10, 0x85, 0x20, 0x80,
  0x85, 0x31, 0x28, 0x85, 0x35, 0x80, 0x85, 0x37, 0x4c, 0x84, 0x60, 0x0d,
  0x84, 0x65, 0x02, 0x84, 0x7d, 0x18, 0x84, 0x7e, 0x10, 0x84, 0x82, 0x66,
  0x85, 0x57, 0x0b, 0x85, 0x58, 0x0d, 0x85, 0x59, 0x0f, 0x85, 0x5a, 0x11,
  0x85, 0x5b, 0x13, 0x85, 0x65, 0x06, 0x85, 0x75, 0x96, 0x85, 0xa7, 0x96,
  0x85, 0xb4, 0x00, 0x85, 0xc1, 0x00, 0x85, 0xc4, 0x12, 0x85, 0xe4, 0x05,
  0x85, 0xe5, 0x08, 0x85, 0xe6, 0x0b, 0x85, 0xe7, 0x08, 0x85, 0xe8, 0x0b,
  0x85, 0xea, 0x0b, 0x85, 0xed, 0x0f, 0x85, 0xfa, 0x26, 0x85, 0xfb, 0x26,
  0x88, 0x86, 0x03, 0x88, 0x87, 0x07, 0x88, 0x8b, 0x08, 0x88, 0x8c, 0x0c,
  0x88, 0x91, 0x03, 0x88, 0x92, 0x09, 0x88, 0x96, 0x04, 0x88, 0x97, 0x0a,
  0x88, 0x9b, 0x08, 0x88, 0x9c, 0x0e, 0x88, 0xa3, 0x00, 0x88, 0xa7, 0x01,
  0x88, 0xab, 0x03, 0x88, 0xb4, 0x04, 0x88, 0xb9, 0x08, 0x00, 0x00, 0x00,
  0x00, 0x00, 0x00, 0x00, 0x00, 0x00, 0x00, 0x00, 0x00, 0x00, 0x00, 0x00,
  0x00, 0x00, 0x00, 0x00, 0x00, 0x00, 0x00, 0x00, 0x00, 0x00, 0x00, 0x00,
  0x00, 0x00, 0x00, 0x00, 0x00, 0x00, 0x00, 0x00, 0x00, 0x00, 0x00, 0x00,
  0x85, 0x0a, 0x02, 0x85, 0x0b, 0x00, 0x85, 0x0c, 0x01, 0x85, 0x0d, 0x01,
  0x85, 0x10, 0x01, 0x85, 0x11, 0x04, 0x85, 0x12, 0x02, 0x85, 0x13, 0x0a,
  0x85, 0x14, 0x03, 0x85, 0x15, 0x10, 0x85, 0x17, 0x02, 0x85, 0x19, 0x02,
  0x85, 0x1b, 0x02, 0x85, 0x1c, 0x02, 0x85, 0x1d, 0x0a, 0x85, 0x1f, 0x55,
  0x85, 0x30, 0x00, 0x85, 0x36, 0x62, 0x84, 0x61, 0x22, 0x84, 0x62, 0x06,
  0x84, 0x63, 0x08, 0x84, 0x64, 0x22, 0x84, 0x66, 0x11, 0x84, 0x67, 0x50,
  0x84, 0x68, 0x28, 0x84, 0x69, 0x20, 0x84, 0x6a, 0x82, 0x84, 0x6b, 0x50,
  0x84, 0x80, 0x07, 0x84, 0x81, 0x55, 0x84, 0x83, 0x85, 0x85, 0x50, 0x17,
  0x85, 0x51, 0x30, 0x85, 0x52, 0x36, 0x85, 0x53, 0xa2, 0x85, 0x54, 0x0a,
  0x85, 0x55, 0x0c, 0x85, 0x56, 0x01, 0x85, 0x5c, 0x40, 0x85, 0x5d, 0x47,
  0x85, 0x69, 0x05, 0x85, 0x70, 0x04, 0x85, 0x71, 0x12, 0x85, 0x72, 0x90,
  0x85, 0x73, 0x3f, 0x85, 0xa0, 0x01, 0x85, 0xa1, 0x18, 0x85, 0xa2, 0x03,
  0x85, 0xab, 0x00, 0x85, 0xdf, 0x02, 0x85, 0xe9, 0x0f, 0x85, 0xeb, 0x0f,
  0x85, 0xec, 0x11, 0x85, 0xee, 0x11, 0x85, 0xef, 0x10, 0x85, 0xf0, 0x0f,
  0x85, 0xf1, 0x1f, 0x85, 0xf2, 0x14, 0x85, 0xf3, 0x1f, 0x85, 0xf4, 0x17,
  0x85, 0xf5, 0x0f, 0x85, 0xf6, 0x1f, 0x85, 0xf7, 0x14, 0x85, 0xf8, 0x1f,
  0x85, 0xf9, 0x17, 0x88, 0x81, 0x01, 0x88, 0x85, 0x0e, 0x88, 0x8a, 0x0e,
  0x88, 0x8f, 0x00, 0x88, 0x90, 0x0e, 0x88, 0x95, 0x0e, 0x88, 0x9a, 0x0e,
  0x88, 0x9f, 0x15, 0x88, 0xa0, 0x0c, 0x88, 0xa6, 0x28, 0x88, 0xaa, 0x50,
  0x88, 0xb2, 0x00, 0x88, 0xb3, 0xf0, 0x88, 0xb7, 0x02, 0x88, 0xb8, 0xd0,
  0x88, 0xbc, 0x03, 0x88, 0xbd, 0x10, 0x88, 0xbe, 0x02, 0x88, 0xbf, 0xaa,
  0x88, 0xc0, 0x04, 0x88, 0xc1, 0x0a, 0x88, 0xc2, 0x0e, 0x88, 0xc3, 0x01,
  0x88, 0xc4, 0x8e, 0x88, 0xc5, 0x06, 0x88, 0xc6, 0x0f, 0x88, 0xc7, 0x0e,
  0x88, 0xc8, 0x01, 0x88, 0xc9, 0x8e, 0x88, 0xca, 0x0a, 0x88, 0xcb, 0x13,
  0x88, 0xcc, 0x18, 0x88, 0xe5, 0x0e, 0x88, 0xe6, 0x0e, 0x84, 0x25, 0x22,
  0x00, 0x00, 0x00, 0x00, 0x00, 0x00, 0x00, 0x00, 0x00, 0x00, 0x00, 0x00,
  0x00, 0x00, 0x00, 0x00, 0x00, 0x00, 0x00, 0x00, 0x00, 0x00, 0x00, 0x00,
  0x00, 0x00, 0x00, 0x00, 0x00, 0x00, 0x85, 0x04, 0x00, 0x85, 0x07, 0x08,
  0x85, 0x1a, 0x15, 0x85, 0x20, 0x80, 0x85, 0x31, 0x3f, 0x85, 0x35, 0x80,
  0x85, 0x37, 0x3b, 0x84, 0x60, 0x14, 0x84, 0x65, 0x02, 0x84, 0x7d, 0x1f,
  0x84, 0x7e, 0x10, 0x84, 0x82, 0x33, 0x85, 0x57, 0x0d, 0x85, 0x58, 0x0f,
  0x85, 0x59, 0x11, 0x85, 0x5a, 0x13, 0x85, 0x5b, 0x15, 0x85, 0x65, 0x06,
  0x85, 0x75, 0x82, 0x85, 0xa7, 0x82, 0x85, 0xb4, 0x00, 0x85, 0xc1, 0x00,
  0x85, 0xc4, 0x12, 0x85, 0xe4, 0x03, 0x85, 0xe5, 0x05, 0x85, 0xe6, 0x09,
  0x85, 0xe7, 0x05, 0x85, 0xe8, 0x09, 0x85, 0xea, 0x09, 0x85, 0xed, 0x0c,
  0x85, 0xfa, 0x24, 0x85, 0xfb, 0x24, 0x88, 0x86, 0x05, 0x88, 0x87, 0x09,
  0x88, 0x8b, 0x09, 0x88, 0x8c, 0x0d, 0x88, 0x91, 0x05, 0x88, 0x92, 0x0b,
  0x88, 0x96, 0x06, 0x88, 0x97, 0x0c, 0x88, 0x9b, 0x0b, 0x88, 0x9c, 0x11,
  0x88, 0xa3, 0x00, 0x88, 0xa7, 0x01, 0x88, 0xab, 0x03, 0x88, 0xb4, 0x04,
  0x88, 0xb9, 0x08, 0x00, 0x00, 0x00, 0x00, 0x00, 0x00, 0x00, 0x00, 0x00,
  0x00, 0x00, 0x00, 0x00, 0x00, 0x00, 0x00, 0x00, 0x00, 0x00, 0x00, 0x00,
  0x00, 0x00, 0x00, 0x00, 0x00, 0x00, 0x00, 0x00, 0x00, 0x00, 0x00, 0x00,
  0x00, 0x00, 0x00, 0x00, 0x00, 0x00, 0x85, 0x0a, 0x02, 0x85, 0x0b, 0x00,
  0x85, 0x0c, 0x00, 0x85, 0x0d, 0x01, 0x85, 0x10, 0x01, 0x85, 0x11, 0x04,
  0x85, 0x12, 0x02, 0x85, 0x13, 0x0a, 0x85, 0x14, 0x03, 0x85, 0x15, 0x10,
  0x85, 0x17, 0x02, 0x85, 0x19, 0x02, 0x85, 0x1b, 0x02, 0x85, 0x1c, 0x02,
  0x85, 0x1d, 0x0a, 0x85, 0x1f, 0x55, 0x85, 0x30, 0x00, 0x85, 0x36, 0x62,
  0x84, 0x61, 0x22, 0x84, 0x62, 0x06, 0x84, 0x63, 0x08, 0x84, 0x64, 0x22,
  0x84, 0x66, 0x11, 0x84, 0x67, 0x50, 0x84, 0x68, 0x28, 0x84, 0x69, 0x20,
  0x84, 0x6a, 0x82, 0x84, 0x6b, 0x50, 0x84, 0x80, 0x07, 0x84, 0x81, 0x55,
  0x84, 0x83, 0x85, 0x85, 0x50, 0x17, 0x85, 0x51, 0x50, 0x85, 0x52, 0x58,
  0x85, 0x53, 0xa2, 0x85, 0x54, 0x0a, 0x85, 0x55, 0x0c, 0x85, 0x56, 0x01,
  0x85, 0x5c, 0x60, 0x85, 0x5d, 0x69, 0x85, 0x69, 0x05, 0x85, 0x70, 0x04,
  0x85, 0x71, 0x12, 0x85, 0x72, 0x90, 0x85, 0x73, 0x3f, 0x85, 0xa0, 0x01,
  0x85, 0xa1, 0x18, 0x85, 0xa2, 0x03, 0x85, 0xab, 0x00, 0x85, 0xdf, 0x02,
  0x85, 0xe9, 0x0c, 0x85, 0xeb, 0x0d, 0x85, 0xec, 0x10, 0x85, 0xee, 0x10,
  0x85, 0xef, 0x10, 0x85, 0xf0, 0x0f, 0x85, 0xf1, 0x1f, 0x85, 0xf2, 0x14,
  0x85, 0xf3, 0x1f, 0x85, 0xf4, 0x17, 0x85, 0xf5, 0x0f, 0x85, 0xf6, 0x1f,
  0x85, 0xf7, 0x14, 0x85, 0xf8, 0x1f, 0x85, 0xf9, 0x17, 0x88, 0x81, 0x01,
  0x88, 0x85, 0x0e, 0x88, 0x8a, 0x0e, 0x88, 0x8f, 0x00, 0x88, 0x90, 0x0e,
  0x88, 0x95, 0x0e, 0x88, 0x9a, 0x0e, 0x88, 0x9f, 0x10, 0x88, 0xa0, 0x0c,
  0x88, 0xa6, 0x28, 0x88, 0xaa, 0x50, 0x88, 0xb2, 0x00, 0x88, 0xb3, 0xf0,
  0x88, 0xb7, 0x02, 0x88, 0xb8, 0xd0, 0x88, 0xbc, 0x04, 0x88, 0xbd, 0x10,
  0x88, 0xbe, 0x02, 0x88, 0xbf, 0xaa, 0x88, 0xc0, 0x05, 0x88, 0xc1, 0x0b,
  0x88, 0xc2, 0x0e, 0x88, 0xc3, 0x01, 0x88, 0xc4, 0x66, 0x88, 0xc5, 0x07,
  0x88, 0xc6, 0x11, 0x88, 0xc7, 0x0e, 0x88, 0xc8, 0x01, 0x88, 0xc9, 0x66,
  0x88, 0xca, 0x0c, 0x88, 0xcb, 0x16, 0x88, 0xcc, 0x18, 0x88, 0xe5, 0x0e,
  0x88, 0xe6, 0x0e, 0x84, 0x25, 0x22, 0x00, 0x00, 0x00, 0x00, 0x00, 0x00,
  0x00, 0x00, 0x00, 0x00, 0x00, 0x00, 0x00, 0x00, 0x00, 0x00, 0x00, 0x00,
  0x00, 0x00, 0x00, 0x00, 0x00, 0x00, 0x00, 0x00, 0x00, 0x00, 0x00, 0x00,
  0x85, 0x04, 0x00, 0x85, 0x07, 0x08, 0x85, 0x1a, 0x1c, 0x85, 0x20, 0x80,
  0x85, 0x31, 0x3f, 0x85, 0x35, 0x80, 0x85, 0x37, 0x08, 0x84, 0x60, 0x1c,
  0x84, 0x65, 0x02, 0x84, 0x7d, 0x1f, 0x84, 0x7e, 0x10, 0x84, 0x82, 0x00,
  0x85, 0x57, 0x0f, 0x85, 0x58, 0x11, 0x85, 0x59, 0x13, 0x85, 0x5a, 0x15,
  0x85, 0x5b, 0x17, 0x85, 0x65, 0x0a, 0x85, 0x75, 0x7d, 0x85, 0xa7, 0x7d,
  0x85, 0xb4, 0x00, 0x85, 0xc1, 0x00, 0x85, 0xc4, 0x12, 0x85, 0xe4, 0x07,
  0x85, 0xe5, 0x07, 0x85, 0xe6, 0x09, 0x85, 0xe7, 0x08, 0x85, 0xe8, 0x09,
  0x85, 0xea, 0x09, 0x85, 0xed, 0x0c, 0x85, 0xfa, 0x1c, 0x85, 0xfb, 0x1c,
  0x88, 0x86, 0x06, 0x88, 0x87, 0x0a, 0x88, 0x8b, 0x0a, 0x88, 0x8c, 0x0e,
  0x88, 0x91, 0x06, 0x88, 0x92, 0x0c, 0x88, 0x96, 0x07, 0x88, 0x97, 0x0d,
  0x88, 0x9b, 0x0a, 0x88, 0x9c, 0x10, 0x88, 0xa3, 0x00, 0x88, 0xa7, 0x02,
  0x88, 0xab, 0x03, 0x88, 0xb4, 0x04, 0x88, 0xb9, 0x08, 0x00, 0x00, 0x00,
  0x00, 0x00, 0x00, 0x00, 0x00, 0x00, 0x00, 0x00, 0x00, 0x00, 0x00, 0x00,
  0x00, 0x00, 0x00, 0x00, 0x00, 0x00, 0x00, 0x00, 0x00, 0x00, 0x00, 0x00,
  0x00, 0x00, 0x00, 0x00, 0x00, 0x00, 0x00, 0x00, 0x00, 0x00, 0x00, 0x00,
  0x85, 0x0a, 0x02, 0x85, 0x0b, 0x00, 0x85, 0x0c, 0x00, 0x85, 0x0d, 0x01,
  0x85, 0x10, 0x01, 0x85, 0x11, 0x04, 0x85, 0x12, 0x02, 0x85, 0x13, 0x0a,
  0x85, 0x14, 0x03, 0x85, 0x15, 0x10, 0x85, 0x17, 0x02, 0x85, 0x19, 0x02,
  0x85, 0x1b, 0x02, 0x85, 0x1c, 0x02, 0x85, 0x1d, 0x0a, 0x85, 0x1f, 0x55,
  0x85, 0x30, 0x00, 0x85, 0x36, 0x62, 0x84, 0x61, 0x22, 0x84, 0x62, 0x06,
  0x84, 0x63, 0x08, 0x84, 0x64, 0x22, 0x84, 0x66, 0x11, 0x84, 0x67, 0x50,
  0x84, 0x68, 0x28, 0x84, 0x69, 0x20, 0x84, 0x6a, 0x82, 0x84, 0x6b, 0x50,
  0x84, 0x80, 0x07, 0x84, 0x81, 0x55, 0x84, 0x83, 0x85, 0x85, 0x50, 0x17,
  0x85, 0x51, 0x60, 0x85, 0x52, 0x7a, 0x85, 0x53, 0xa2, 0x85, 0x54, 0x0a,
  0x85, 0x55, 0x0c, 0x85, 0x56, 0x01, 0x85, 0x5c, 0x70, 0x85, 0x5d, 0x8b,
  0x85, 0x69, 0x05, 0x85, 0x70, 0x04, 0x85, 0x71, 0x12, 0x85, 0x72, 0x90,
  0x85, 0x73, 0x3f, 0x85, 0xa0, 0x01, 0x85, 0xa1, 0x18, 0x85, 0xa2, 0x03,
  0x85, 0xab, 0x00, 0x85, 0xdf, 0x02, 0x85, 0xe9, 0x0c, 0x85, 0xeb, 0x0c,
  0x85, 0xec, 0x0f, 0x85, 0xee, 0x0f, 0x85, 0xef, 0x10, 0x85, 0xf0, 0x0f,
  0x85, 0xf1, 0x1f, 0x85, 0xf2, 0x14, 0x85, 0xf3, 0x1f, 0x85, 0xf4, 0x17,
  0x85, 0xf5, 0x0f, 0x85, 0xf6, 0x1f, 0x85, 0xf7, 0x14, 0x85, 0xf8, 0x1f,
  0x85, 0xf9, 0x17, 0x88, 0x81, 0x01, 0x88, 0x85, 0x0f, 0x88, 0x8a, 0x0f,
  0x88, 0x8f, 0x00, 0x88, 0x90, 0x0f, 0x88, 0x95, 0x0f, 0x88, 0x9a, 0x0f,
  0x88, 0x9f, 0x10, 0x88, 0xa0, 0x0c, 0x88, 0xa6, 0x28, 0x88, 0xaa, 0x50,
  0x88, 0xb2, 0x00, 0x88, 0xb3, 0xf0, 0x88, 0xb7, 0x02, 0x88, 0xb8, 0xd0,
  0x88, 0xbc, 0x04, 0x88, 0xbd, 0x10, 0x88, 0xbe, 0x02, 0x88, 0xbf, 0xaa,
  0x88, 0xc0, 0x06, 0x88, 0xc1, 0x0c, 0x88, 0xc2, 0x0e, 0x88, 0xc3, 0x01,
  0x88, 0xc4, 0x66, 0x88, 0xc5, 0x07, 0x88, 0xc6, 0x11, 0x88, 0xc7, 0x0e,
  0x88, 0xc8, 0x01, 0x88, 0xc9, 0x66, 0x88, 0xca, 0x0a, 0x88, 0xcb, 0x14,
  0x88, 0xcc, 0x18, 0x88, 0xe5, 0x0e, 0x88, 0xe6, 0x0e, 0x84, 0x25, 0x22,
  0x00, 0x00, 0x00, 0x00, 0x00, 0x00, 0x00, 0x00, 0x00, 0x00, 0x00, 0x00,
  0x00, 0x00, 0x00, 0x00, 0x00, 0x00, 0x00, 0x00, 0x00, 0x00, 0x00, 0x00,
  0x00, 0x00, 0x00, 0x00, 0x00, 0x00, 0x00, 0x00, 0x00, 0x00, 0x00, 0x00,
  0x00, 0x00, 0x00, 0x00, 0x00, 0x00, 0x00, 0x00, 0x00, 0x00, 0x00, 0x00,
  0x00, 0x00, 0x00, 0x00, 0x00, 0x00, 0x00, 0x00, 0x00, 0x00, 0x00, 0x00,
  0x00, 0x00, 0x00, 0x00, 0x00, 0x00, 0x00, 0x00, 0x00, 0x00, 0x00, 0x00,
  0x00, 0x00, 0x00, 0x00, 0x00, 0x00, 0x00, 0x00, 0x00, 0x00, 0x00, 0x00,
  0x00, 0x00, 0x00, 0x00, 0x00, 0x00, 0x00, 0x00, 0x00, 0x00, 0x00, 0x00,
  0x00, 0x00, 0x00, 0x00, 0x00, 0x00, 0x00, 0x00, 0x00, 0x00, 0x00, 0x00,
  0x00, 0x00, 0x00, 0x00, 0x00, 0x00, 0x00, 0x00, 0x00, 0x00, 0x00, 0x00,
  0x00, 0x00, 0x00, 0x00, 0x00, 0x00, 0x00, 0x00, 0x00, 0x00, 0x00, 0x00,
  0x00, 0x00, 0x00, 0x00, 0x00, 0x00, 0x00, 0x00, 0x00, 0x00, 0x00, 0x00,
  0x00, 0x00, 0x00, 0x00, 0x00, 0x00, 0x00, 0x00, 0x00, 0x00, 0x00, 0x00,
  0x00, 0x00, 0x00, 0x00, 0x00, 0x00, 0x00, 0x00, 0x00, 0x00, 0x00, 0x00,
  0x00, 0x00, 0x00, 0x00, 0x00, 0x00, 0x00, 0x00, 0x00, 0x00, 0x00, 0x00,
  0x00, 0x00, 0x00, 0x00, 0x00, 0x00, 0x00, 0x00, 0x00, 0x00, 0x00, 0x00,
  0x00, 0x00, 0x00, 0x00, 0x00, 0x00, 0x00, 0x00, 0x00, 0x00, 0x00, 0x00,
  0x00, 0x00, 0x00, 0x00, 0x00, 0x00, 0x00, 0x00, 0x00, 0x00, 0x00, 0x00,
  0x00, 0x00, 0x00, 0x00, 0x00, 0x00, 0x00, 0x00, 0x00, 0x00, 0x00, 0x00,
  0x00, 0x00, 0x00, 0x00, 0x00, 0x00, 0x00, 0x00, 0x00, 0x00, 0x00, 0x00,
  0x00, 0x00, 0x00, 0x00, 0x00, 0x00, 0x00, 0x00, 0x00, 0x00, 0x00, 0x00,
  0x00, 0x00, 0x00, 0x00, 0x00, 0x00, 0x00, 0x00, 0x00, 0x00, 0x00, 0x00,
  0x00, 0x00, 0x00, 0x00, 0x00, 0x00, 0x00, 0x00, 0x00, 0x00, 0x00, 0x00,
  0x00, 0x00, 0x00, 0x00, 0x00, 0x00, 0x00, 0x00, 0x00, 0x00, 0x00, 0x00,
  0x00, 0x00, 0x00, 0x00, 0x00, 0x00, 0x00, 0x00, 0x00, 0x00, 0x00, 0x00,
  0x00, 0x00, 0x00, 0x00, 0x00, 0x00, 0x00, 0x00, 0x00, 0x00, 0x00, 0x00,
  0x00, 0x00, 0x00, 0x00, 0x00, 0x00, 0x00, 0x00, 0x00, 0x00, 0x00, 0x00,
  0x00, 0x00, 0x00, 0x00, 0x00, 0x00, 0x00, 0x00, 0x00, 0x00, 0x00, 0x00,
  0x00, 0x00, 0x00, 0x00, 0x00, 0x00, 0x00, 0x00, 0x00, 0x00, 0x00, 0x00,
  0x00, 0x00, 0x00, 0x00, 0x00, 0x00, 0x00, 0x00, 0x00, 0x00, 0x00, 0x00,
  0x00, 0x00, 0x00, 0x00, 0x00, 0x00, 0x00, 0x00, 0x00, 0x00, 0x00, 0x00,
  0x00, 0x00, 0x00, 0x00, 0x00, 0x00, 0x00, 0x00, 0x00, 0x00, 0x00, 0x00,
  0x00, 0x00, 0x00, 0x00, 0x00, 0x00, 0x00, 0x00, 0x00, 0x00, 0x00, 0x00,
  0x00, 0x00, 0x00, 0x00, 0x00, 0x00, 0x00, 0x00, 0x00, 0x00, 0x00, 0x00,
  0x00, 0x00, 0x00, 0x00, 0x00, 0x00, 0x00, 0x00, 0x00, 0x00, 0x00, 0x00,
  0x00, 0x00, 0x00, 0x00, 0x00, 0x00, 0x00, 0x00, 0x00, 0x00, 0x00, 0x00,
  0x00, 0x00, 0x00, 0x00, 0x00, 0x00, 0x00, 0x00, 0x00, 0x00, 0x00, 0x00,
  0x00, 0x00, 0x00, 0x00, 0x00, 0x00, 0x00, 0x00, 0x00, 0x00, 0x00, 0x00,
  0x00, 0x00, 0x00, 0x00, 0x00, 0x00, 0x00, 0x00, 0x00, 0x00, 0x00, 0x00,
  0x00, 0x00, 0x00, 0x00, 0x00, 0x00, 0x00, 0x00, 0x00, 0x00, 0x00, 0x00,
  0x00, 0x00, 0x00, 0x00, 0x00, 0x00, 0x00, 0x00, 0x00, 0x00, 0x00, 0x00,
  0x00, 0x00, 0x00, 0x00, 0x00, 0x00, 0x00, 0x00, 0x00, 0x00, 0x00, 0x00,
  0x00, 0x00, 0x00, 0x00, 0x00, 0x00, 0x00, 0x00, 0x00, 0x00, 0x00, 0x00,
  0x00, 0x00, 0x00, 0x00, 0x00, 0x00, 0x00, 0x00, 0x00, 0x00, 0x00, 0x00,
  0x00, 0x00, 0x00, 0x00, 0x00, 0x00, 0x00, 0x00, 0x00, 0x00, 0x00, 0x00,
  0x00, 0x02, 0x00, 0x00, 0x00, 0x40, 0x00, 0x00, 0x00, 0x00, 0x00, 0x00,
  0x00, 0x00, 0x00, 0x00, 0x01, 0x00, 0x00, 0x00, 0x00, 0x00, 0x00, 0x00,
  0x00, 0x00, 0x00, 0x00, 0x00, 0x00, 0x00, 0x00, 0x00, 0x00, 0x00, 0x00,
  0x00, 0x00, 0x00, 0x00, 0x00, 0x00, 0x00, 0x00, 0x00, 0x00, 0x00, 0x00,
  0x00, 0x00, 0x00, 0x00, 0x00, 0x00, 0x00, 0x00, 0x00, 0x00, 0x00, 0x00,
  0x00, 0x00, 0x00, 0x00, 0x00, 0x00, 0x00, 0x00, 0x00, 0x00, 0x00, 0x00,
  0x00, 0x00, 0x00, 0x00, 0x00, 0x00, 0x00, 0x00, 0x00, 0x00, 0x00, 0x00,
  0x00, 0x00, 0x00, 0x00, 0x00, 0x00, 0x00, 0x00, 0x00, 0x00, 0x00, 0x00,
  0x00, 0x00, 0x00, 0x40, 0x01, 0x00, 0x20, 0x00, 0x20, 0x20, 0x20, 0x00,
  0x0b, 0x15, 0x1f, 0x28, 0x30, 0x39, 0x3f, 0x46, 0x52, 0x5c, 0x66, 0x6f,
  0x77, 0x7e, 0x86, 0x8e, 0x95, 0x9c, 0xa3, 0xa8, 0xb5, 0xc1, 0xcc, 0xd6,
  0xe1, 0xeb, 0xf6, 0x00, 0x0b, 0x15, 0x1f, 0x28, 0x30, 0x39, 0x3f, 0x46,
  0x52, 0x5c, 0x66, 0x6f, 0x77, 0x7e, 0x86, 0x8e, 0x95, 0x9c, 0xa3, 0xa8,
  0xb5, 0xc1, 0xcc, 0xd6, 0xe1, 0xeb, 0xf6, 0x00, 0x40, 0x00, 0x80, 0x00,
  0x28, 0x00, 0x28, 0x34, 0x34, 0x34, 0x08, 0xbe, 0x03, 0x05, 0x00, 0x02,
  0x30, 0x02, 0x30, 0x04, 0xb0, 0x04, 0xb0, 0x04, 0xb0, 0x0f, 0x78, 0x01,
  0x01, 0x01, 0x01, 0x01, 0x01, 0x01, 0x01, 0x01, 0x01, 0x01, 0x01, 0x01,
  0x01, 0x01, 0x01, 0x01, 0x01, 0x01, 0x01, 0x01, 0x01, 0x01, 0x01, 0x01,
  0x01, 0x01, 0x01, 0x01, 0x01, 0x01, 0x01, 0x01, 0x01, 0x01, 0x01, 0x01,
  0x01, 0x01, 0x01, 0x01, 0x01, 0x01, 0x01, 0x01, 0x01, 0x01, 0x01, 0x01,
  0x01, 0x01, 0x01, 0x01, 0x01, 0x01, 0x01, 0x01, 0x01, 0x01, 0x01, 0x01,
  0x01, 0x01, 0x01, 0x01, 0x01, 0x01, 0x01, 0x01, 0x01, 0x01, 0x01, 0x01,
  0x01, 0x01, 0x01, 0x01, 0x01, 0x01, 0x01, 0x01, 0x01, 0x01, 0x01, 0x01,
  0x01, 0x01, 0x01, 0x01, 0x01, 0x01, 0x01, 0x01, 0x01, 0x01, 0x01, 0x01,
  0x01, 0x01, 0x01, 0x00, 0x07, 0x00, 0x00, 0x00, 0x20, 0x00, 0x00, 0x00,
  0x40, 0x00, 0x00, 0x00, 0x80, 0x00, 0x00, 0x01, 0x00, 0x00, 0x00, 0x02,
  0x00, 0x00, 0x00, 0x04, 0x00, 0x85, 0x00, 0x6e, 0x85, 0x01, 0x01, 0x85,
  0x02, 0xd0, 0x85, 0x03, 0x02, 0x85, 0x06, 0x00, 0x85, 0x09, 0x00, 0x85,
  0x22, 0x02, 0x85, 0x23, 0x02, 0x85, 0x24, 0x12, 0x85, 0x25, 0x02, 0x85,
  0x26, 0x04, 0x85, 0x27, 0x00, 0x85, 0x2a, 0x00, 0x85, 0x2b, 0x02, 0x85,
  0x2c, 0x04, 0x85, 0x2d, 0xff, 0x85, 0x2e, 0x10, 0x85, 0x2f, 0x80, 0x85,
  0x32, 0x06, 0x85, 0x33, 0x04, 0x85, 0x34, 0x03, 0x84, 0xa0, 0x01, 0x84,
  0xa1, 0xff, 0x84, 0xa2, 0x00, 0x84, 0xa3, 0x00, 0x84, 0xa4, 0xff, 0x84,
  0xa5, 0x02, 0x84, 0xa6, 0x00, 0x85, 0x5e, 0xee, 0x85, 0x5f, 0x66, 0x85,
  0x60, 0x18, 0x85, 0x61, 0x01, 0x85, 0x62, 0xff, 0x85, 0x63, 0xfe, 0x85,
  0x64, 0xfe, 0x85, 0x6a, 0x08, 0x85, 0x6b, 0x04, 0x85, 0x6c, 0x0a, 0x85,
  0x6d, 0x02, 0x85, 0x6e, 0x01, 0x85, 0x6f, 0x00, 0x85, 0xa3, 0x04, 0x85,
  0xa4, 0x00, 0x85, 0xa5, 0xfe, 0x85, 0xa9, 0x00, 0x85, 0xaa, 0x00, 0x85,
  0xac, 0xf6, 0x85, 0xad, 0x0f, 0x85, 0xae, 0x01, 0x85, 0xaf, 0x38, 0x85,
  0xb0, 0x6e, 0x85, 0xb1, 0x01, 0x85, 0xb2, 0xd0, 0x85, 0xb3, 0x02, 0x85,
  0xb6, 0x00, 0x85, 0xc0, 0x00, 0x85, 0xc2, 0x3c, 0x85, 0xc3, 0x0a, 0x85,
  0xc8, 0x6e, 0x85, 0xc9, 0x7e, 0x85, 0xca, 0x84, 0x85, 0xcb, 0xa9, 0x85,
  0xcc, 0x55, 0x85, 0xcd, 0x7d, 0x85, 0xce, 0x84, 0x85, 0xcf, 0xb7, 0x85,
  0xd0, 0x51, 0x85, 0xd1, 0x7f, 0x85, 0xd2, 0x85, 0x85, 0xd3, 0xbb, 0x85,
  0xd4, 0x54, 0x85, 0xd5, 0x7c, 0x85, 0xd6, 0x85, 0x85, 0xd7, 0xb7, 0x85,
  0xd8, 0x63, 0x85, 0xd9, 0x7b, 0x85, 0xda, 0x83, 0x85, 0xdb, 0x94, 0x85,
  0xdc, 0x08, 0x85, 0xdd, 0xfe, 0x85, 0xde, 0xfd, 0x85, 0xe0, 0x00, 0x85,
  0xe1, 0x02, 0x85, 0xe2, 0x3f, 0x88, 0x82, 0x0e, 0x88, 0x83, 0x0e, 0x88,
  0x84, 0x00, 0x88, 0xa1, 0x01, 0x88, 0xa2, 0x01, 0x88, 0xae, 0x01, 0x88,
  0xaf, 0x01, 0x00, 0x00, 0x00, 0x00, 0x00, 0x00, 0x00, 0x00, 0x00, 0x00,
  0x00, 0x00, 0x00, 0x00, 0x00, 0x00, 0x00, 0x00, 0x00, 0x00, 0x00, 0x00,
  0x00, 0x00, 0x00, 0x00, 0x00, 0x85, 0x04, 0x00, 0x85, 0x07, 0x08, 0x85,
  0x1a, 0x04, 0x85, 0x20, 0x80, 0x85, 0x31, 0x0b, 0x85, 0x35, 0x80, 0x85,
  0x37, 0x39, 0x84, 0x60, 0x02, 0x84, 0x65, 0x02, 0x84, 0x7d, 0x17, 0x84,
  0x7e, 0x10, 0x84, 0x82, 0x66, 0x85, 0x57, 0x0a, 0x85, 0x58, 0x0c, 0x85,
  0x59, 0x0e, 0x85, 0x5a, 0x10, 0x85, 0x5b, 0x12, 0x85, 0x65, 0x04, 0x85,
  0x75, 0xba, 0x85, 0xa7, 0x00, 0x85, 0xb4, 0x00, 0x85, 0xc1, 0x00, 0x85,
  0xc4, 0x12, 0x85, 0xe4, 0x0c, 0x85, 0xe5, 0x0d, 0x85, 0xe6, 0x0e, 0x85,
  0xe7, 0x0e, 0x85, 0xe8, 0x10, 0x85, 0xea, 0x10, 0x85, 0xed, 0x12, 0x85,
  0xfa, 0x32, 0x85, 0xfb, 0x32, 0x88, 0x86, 0x04, 0x88, 0x87, 0x08, 0x88,
  0x8b, 0x08, 0x88, 0x8c, 0x0c, 0x88, 0x91, 0x06, 0x88, 0x92, 0x0c, 0x88,
  0x96, 0x03, 0x88, 0x97, 0x09, 0x88, 0x9b, 0x08, 0x88, 0x9c, 0x0e, 0x88,
  0xa3, 0x00, 0x88, 0xa7, 0x01, 0x88, 0xab, 0x02, 0x88, 0xb4, 0x04, 0x88,
  0xb9, 0x08, 0x00, 0x00, 0x00, 0x00, 0x00, 0x00, 0x00, 0x00, 0x00, 0x00,
  0x00, 0x00, 0x00, 0x00, 0x00, 0x00, 0x00, 0x00, 0x00, 0x00, 0x00, 0x00,
  0x00, 0x00, 0x00, 0x00, 0x00, 0x00, 0x00, 0x00, 0x00, 0x00, 0x00, 0x00,
  0x00, 0x00, 0x00, 0x00, 0x00, 0x85, 0x0a, 0x02, 0x85, 0x0b, 0x00, 0x85,
  0x0c, 0x01, 0x85, 0x0d, 0x01, 0x85, 0x10, 0x01, 0x85, 0x11, 0x04, 0x85,
  0x12, 0x04, 0x85, 0x13, 0x10, 0x85, 0x14, 0x04, 0x85, 0x15, 0x10, 0x85,
  0x17, 0x02, 0x85, 0x19, 0x02, 0x85, 0x1b, 0x02, 0x85, 0x1c, 0x02, 0x85,
  0x1d, 0x0a, 0x85, 0x1f, 0x11, 0x85, 0x30, 0x00, 0x85, 0x36, 0x62, 0x84,
  0x61, 0x22, 0x84, 0x62, 0x06, 0x84, 0x63, 0x08, 0x84, 0x64, 0x02, 0x84,
  0x66, 0x11, 0x84, 0x67, 0x00, 0x84, 0x68, 0x00, 0x84, 0x69, 0x00, 0x84,
  0x6a, 0x82, 0x84, 0x6b, 0x00, 0x84, 0x80, 0x06, 0x84, 0x81, 0x55, 0x84,
  0x83, 0x85, 0x85, 0x50, 0x14, 0x85, 0x51, 0x30, 0x85, 0x52, 0x36, 0x85,
  0x53, 0xa2, 0x85, 0x54, 0x0a, 0x85, 0x55, 0x0c, 0x85, 0x56, 0x01, 0x85,
  0x5c, 0x40, 0x85, 0x5d, 0x47, 0x85, 0x69, 0x01, 0x85, 0x70, 0x04, 0x85,
  0x71, 0x12, 0x85, 0x72, 0x10, 0x85, 0x73, 0x3f, 0x85, 0xa0, 0x01, 0x85,
  0xa1, 0x18, 0x85, 0xa2, 0x03, 0x85, 0xab, 0x00, 0x85, 0xdf, 0x02, 0x85,
  0xe9, 0x11, 0x85, 0xeb, 0x14, 0x85, 0xec, 0x14, 0x85, 0xee, 0x16, 0x85,
  0xef, 0x18, 0x85, 0xf0, 0x0f, 0x85, 0xf1, 0x1f, 0x85, 0xf2, 0x14, 0x85,
  0xf3, 0x1c, 0x85, 0xf4, 0x1f, 0x85, 0xf5, 0x0f, 0x85, 0xf6, 0x1f, 0x85,
  0xf7, 0x14, 0x85, 0xf8, 0x1c, 0x85, 0xf9, 0x1f, 0x88, 0x81, 0x00, 0x88,
  0x85, 0x0e, 0x88, 0x8a, 0x0e, 0x88, 0x8f, 0x00, 0x88, 0x90, 0x0e, 0x88,
  0x95, 0x0e, 0x88, 0x9a, 0x0e, 0x88, 0x9f, 0x15, 0x88, 0xa0, 0x0c, 0x88,
  0xa6, 0x28, 0x88, 0xaa, 0x50, 0x88, 0xac, 0x00, 0x88, 0xad, 0x66, 0x88,
  0xb2, 0x00, 0x88, 0xb3, 0xf0, 0x88, 0xb7, 0x02, 0x88, 0xb8, 0xd0, 0x88,
  0xba, 0x00, 0x88, 0xbb, 0x44, 0x88, 0xbc, 0x01, 0x88, 0xbd, 0x10, 0x88,
  0xbe, 0x01, 0x88, 0xbf, 0x99, 0x88, 0xc0, 0x06, 0x88, 0xc1, 0x10, 0x88,
  0xc2, 0x0e, 0x88, 0xc3, 0x01, 0x88, 0xc4, 0x66, 0x88, 0xc5, 0x03, 0x88,
  0xc6, 0x0d, 0x88, 0xc7, 0x0e, 0x88, 0xc8, 0x01, 0x88, 0xc9, 0x66, 0x88,
  0xca, 0x08, 0x88, 0xcb, 0x12, 0x88, 0xcc, 0x18, 0x88, 0xe5, 0x0f, 0x88,
  0xe6, 0x04, 0x84, 0x25, 0x28, 0x00, 0x00, 0x00, 0x00, 0x00, 0x00, 0x00,
  0x00, 0x00, 0x00, 0x00, 0x00, 0x00, 0x00, 0x00, 0x00, 0x00, 0x00, 0x85,
  0x04, 0x00, 0x85, 0x07, 0x08, 0x85, 0x1a, 0x04, 0x85, 0x20, 0x80, 0x85,
  0x31, 0x0b, 0x85, 0x35, 0x80, 0x85, 0x37, 0x39, 0x84, 0x60, 0x02, 0x84,
  0x65, 0x02, 0x84, 0x7d, 0x17, 0x84, 0x7e, 0x10, 0x84, 0x82, 0x66, 0x85,
  0x57, 0x0a, 0x85, 0x58, 0x0c, 0x85, 0x59, 0x0e, 0x85, 0x5a, 0x10, 0x85,
  0x5b, 0x12, 0x85, 0x65, 0x04, 0x85, 0x75, 0xb9, 0x85, 0xa7, 0x00, 0x85,
  0xb4, 0x00, 0x85, 0xc1, 0x00, 0x85, 0xc4, 0x12, 0x85, 0xe4, 0x0c, 0x85,
  0xe5, 0x0d, 0x85, 0xe6, 0x0e, 0x85, 0xe7, 0x0e, 0x85, 0xe8, 0x10, 0x85,
  0xea, 0x10, 0x85, 0xed, 0x12, 0x85, 0xfa, 0x32, 0x85, 0xfb, 0x32, 0x88,
  0x86, 0x04, 0x88, 0x87, 0x08, 0x88, 0x8b, 0x08, 0x88, 0x8c, 0x0c, 0x88,
  0x91, 0x06, 0x88, 0x92, 0x0c, 0x88, 0x96, 0x03, 0x88, 0x97, 0x09, 0x88,
  0x9b, 0x08, 0x88, 0x9c, 0x0e, 0x88, 0xa3, 0x00, 0x88, 0xa7, 0x01, 0x88,
  0xab, 0x02, 0x88, 0xb4, 0x04, 0x88, 0xb9, 0x08, 0x00, 0x00, 0x00, 0x00,
  0x00, 0x00, 0x00, 0x00, 0x00, 0x00, 0x00, 0x00, 0x00, 0x00, 0x00, 0x00,
  0x00, 0x00, 0x00, 0x00, 0x00, 0x00, 0x00, 0x00, 0x00, 0x00, 0x00, 0x00,
  0x00, 0x00, 0x00, 0x00, 0x00, 0x00, 0x00, 0x00, 0x00, 0x00, 0x00, 0x85,
  0x0a, 0x02, 0x85, 0x0b, 0x00, 0x85, 0x0c, 0x01, 0x85, 0x0d, 0x01, 0x85,
  0x10, 0x01, 0x85, 0x11, 0x04, 0x85, 0x12, 0x04, 0x85, 0x13, 0x10, 0x85,
  0x14, 0x04, 0x85, 0x15, 0x10, 0x85, 0x17, 0x02, 0x85, 0x19, 0x02, 0x85,
  0x1b, 0x02, 0x85, 0x1c, 0x02, 0x85, 0x1d, 0x0a, 0x85, 0x1f, 0x11, 0x85,
  0x30, 0x00, 0x85, 0x36, 0x62, 0x84, 0x61, 0x22, 0x84, 0x62, 0x06, 0x84,
  0x63, 0x08, 0x84, 0x64, 0x02, 0x84, 0x66, 0x11, 0x84, 0x67, 0x00, 0x84,
  0x68, 0x00, 0x84, 0x69, 0x00, 0x84, 0x6a, 0x82, 0x84, 0x6b, 0x00, 0x84,
  0x80, 0x06, 0x84, 0x81, 0x55, 0x84, 0x83, 0x85, 0x85, 0x50, 0x14, 0x85,
  0x51, 0x30, 0x85, 0x52, 0x36, 0x85, 0x53, 0xa2, 0x85, 0x54, 0x0a, 0x85,
  0x55, 0x0c, 0x85, 0x56, 0x01, 0x85, 0x5c, 0x40, 0x85, 0x5d, 0x47, 0x85,
  0x69, 0x01, 0x85, 0x70, 0x04, 0x85, 0x71, 0x12, 0x85, 0x72, 0x10, 0x85,
  0x73, 0x3f, 0x85, 0xa0, 0x01, 0x85, 0xa1, 0x18, 0x85, 0xa2, 0x03, 0x85,
  0xab, 0x00, 0x85, 0xdf, 0x02, 0x85, 0xe9, 0x11, 0x85, 0xeb, 0x14, 0x85,
  0xec, 0x14, 0x85, 0xee, 0x16, 0x85, 0xef, 0x18, 0x85, 0xf0, 0x0f, 0x85,
  0xf1, 0x1f, 0x85, 0xf2, 0x14, 0x85, 0xf3, 0x1c, 0x85, 0xf4, 0x1f, 0x85,
  0xf5, 0x0f, 0x85, 0xf6, 0x1f, 0x85, 0xf7, 0x14, 0x85, 0xf8, 0x1c, 0x85,
  0xf9, 0x1f, 0x88, 0x81, 0x00, 0x88, 0x85, 0x0e, 0x88, 0x8a, 0x0e, 0x88,
  0x8f, 0x00, 0x88, 0x90, 0x0e, 0x88, 0x95, 0x0e, 0x88, 0x9a, 0x0e, 0x88,
  0x9f, 0x15, 0x88, 0xa0, 0x0c, 0x88, 0xa6, 0x28, 0x88, 0xaa, 0x50, 0x88,
  0xac, 0x00, 0x88, 0xad, 0x66, 0x88, 0xb2, 0x00, 0x88, 0xb3, 0xf0, 0x88,
  0xb7, 0x02, 0x88, 0xb8, 0xd0, 0x88, 0xba, 0x00, 0x88, 0xbb, 0x44, 0x88,
  0xbc, 0x01, 0x88, 0xbd, 0x10, 0x88, 0xbe, 0x01, 0x88, 0xbf, 0x99, 0x88,
  0xc0, 0x06, 0x88, 0xc1, 0x10, 0x88, 0xc2, 0x0e, 0x88, 0xc3, 0x01, 0x88,
  0xc4, 0x66, 0x88, 0xc5, 0x03, 0x88, 0xc6, 0x0d, 0x88, 0xc7, 0x0e, 0x88,
  0xc8, 0x01, 0x88, 0xc9, 0x66, 0x88, 0xca, 0x08, 0x88, 0xcb, 0x12, 0x88,
  0xcc, 0x18, 0x88, 0xe5, 0x0f, 0x88, 0xe6, 0x04, 0x84, 0x25, 0x28, 0x00,
  0x00, 0x00, 0x00, 0x00, 0x00, 0x00, 0x00, 0x00, 0x00, 0x00, 0x00, 0x00,
  0x00, 0x00, 0x00, 0x00, 0x00, 0x85, 0x04, 0x00, 0x85, 0x07, 0x08, 0x85,
  0x1a, 0x09, 0x85, 0x20, 0x80, 0x85, 0x31, 0x0b, 0x85, 0x35, 0x80, 0x85,
  0x37, 0x39, 0x84, 0x60, 0x04, 0x84, 0x65, 0x02, 0x84, 0x7d, 0x17, 0x84,
  0x7e, 0x10, 0x84, 0x82, 0x66, 0x85, 0x57, 0x0a, 0x85, 0x58, 0x0c, 0x85,
  0x59, 0x0e, 0x85, 0x5a, 0x10, 0x85, 0x5b, 0x12, 0x85, 0x65, 0x0a, 0x85,
  0x75, 0xb5, 0x85, 0xa7, 0x00, 0x85, 0xb4, 0x00, 0x85, 0xc1, 0x00, 0x85,
  0xc4, 0x12, 0x85, 0xe4, 0x0b, 0x85, 0xe5, 0x0b, 0x85, 0xe6, 0x0b, 0x85,
  0xe7, 0x0d, 0x85, 0xe8, 0x0d, 0x85, 0xea, 0x0f, 0x85, 0xed, 0x11, 0x85,
  0xfa, 0x28, 0x85, 0xfb, 0x28, 0x88, 0x86, 0x04, 0x88, 0x87, 0x08, 0x88,
  0x8b, 0x0e, 0x88, 0x8c, 0x12, 0x88, 0x91, 0x08, 0x88, 0x92, 0x0f, 0x88,
  0x96, 0x04, 0x88, 0x97, 0x0a, 0x88, 0x9b, 0x0e, 0x88, 0x9c, 0x14, 0x88,
  0xa3, 0x01, 0x88, 0xa7, 0x02, 0x88, 0xab, 0x03, 0x88, 0xb4, 0x04, 0x88,
  0xb9, 0x08, 0x00, 0x00, 0x00, 0x00, 0x00, 0x00, 0x00, 0x00, 0x00, 0x00,
  0x00, 0x00, 0x00, 0x00, 0x00, 0x00, 0x00, 0x00, 0x00, 0x00, 0x00, 0x00,
  0x00, 0x00, 0x00, 0x00, 0x00, 0x00, 0x00, 0x00, 0x00, 0x00, 0x00, 0x00,
  0x00, 0x00, 0x00, 0x00, 0x00, 0x85, 0x0a, 0x02, 0x85, 0x0b, 0x00, 0x85,
  0x0c, 0x01, 0x85, 0x0d, 0x01, 0x85, 0x10, 0x01, 0x85, 0x11, 0x04, 0x85,
  0x12, 0x02, 0x85, 0x13, 0x0a, 0x85, 0x14, 0x03, 0x85, 0x15, 0x10, 0x85,
  0x17, 0x02, 0x85, 0x19, 0x02, 0x85, 0x1b, 0x02, 0x85, 0x1c, 0x02, 0x85,
  0x1d, 0x0a, 0x85, 0x1f, 0x22, 0x85, 0x30, 0x00, 0x85, 0x36, 0x62, 0x84,
  0x61, 0x22, 0x84, 0x62, 0x06, 0x84, 0x63, 0x08, 0x84, 0x64, 0x22, 0x84,
  0x66, 0x11, 0x84, 0x67, 0x50, 0x84, 0x68, 0x28, 0x84, 0x69, 0x20, 0x84,
  0x6a, 0x82, 0x84, 0x6b, 0x50, 0x84, 0x80, 0x07, 0x84, 0x81, 0x55, 0x84,
  0x83, 0x85, 0x85, 0x50, 0x14, 0x85, 0x51, 0x30, 0x85, 0x52, 0x36, 0x85,
  0x53, 0xa2, 0x85, 0x54, 0x0a, 0x85, 0x55, 0x0c, 0x85, 0x56, 0x01, 0x85,
  0x5c, 0x40, 0x85, 0x5d, 0x47, 0x85, 0x69, 0x01, 0x85, 0x70, 0x04, 0x85,
  0x71, 0x12, 0x85, 0x72, 0x90, 0x85, 0x73, 0x3f, 0x85, 0xa0, 0x01, 0x85,
  0xa1, 0x18, 0x85, 0xa2, 0x03, 0x85, 0xab, 0x00, 0x85, 0xdf, 0x02, 0x85,
  0xe9, 0x0d, 0x85, 0xeb, 0x0f, 0x85, 0xec, 0x0f, 0x85, 0xee, 0x11, 0x85,
  0xef, 0x11, 0x85, 0xf0, 0x0f, 0x85, 0xf1, 0x1f, 0x85, 0xf2, 0x14, 0x85,
  0xf3, 0x1c, 0x85, 0xf4, 0x1f, 0x85, 0xf5, 0x0f, 0x85, 0xf6, 0x1f, 0x85,
  0xf7, 0x14, 0x85, 0xf8, 0x1c, 0x85, 0xf9, 0x1f, 0x88, 0x81, 0x01, 0x88,
  0x85, 0x0e, 0x88, 0x8a, 0x0e, 0x88, 0x8f, 0x00, 0x88, 0x90, 0x0e, 0x88,
  0x95, 0x0e, 0x88, 0x9a, 0x0e, 0x88, 0x9f, 0x15, 0x88, 0xa0, 0x0c, 0x88,
  0xa6, 0x28, 0x88, 0xaa, 0x50, 0x88, 0xac, 0x00, 0x88, 0xad, 0x66, 0x88,
  0xb2, 0x00, 0x88, 0xb3, 0xf0, 0x88, 0xb7, 0x02, 0x88, 0xb8, 0xd0, 0x88,
  0xba, 0x00, 0x88, 0xbb, 0x44, 0x88, 0xbc, 0x03, 0x88, 0xbd, 0x10, 0x88,
  0xbe, 0x01, 0x88, 0xbf, 0x99, 0x88, 0xc0, 0x06, 0x88, 0xc1, 0x10, 0x88,
  0xc2, 0x0e, 0x88, 0xc3, 0x01, 0x88, 0xc4, 0x66, 0x88, 0xc5, 0x04, 0x88,
  0xc6, 0x0e, 0x88, 0xc7, 0x0e, 0x88, 0xc8, 0x01, 0x88, 0xc9, 0x66, 0x88,
  0xca, 0x0e, 0x88, 0xcb, 0x18, 0x88, 0xcc, 0x18, 0x88, 0xe5, 0x0f, 0x88,
  0xe6, 0x04, 0x84, 0x25, 0x28, 0x00, 0x00, 0x00, 0x00, 0x00, 0x00, 0x00,
  0x00, 0x00, 0x00, 0x00, 0x00, 0x00, 0x00, 0x00, 0x00, 0x00, 0x00, 0x85,
  0x04, 0x00, 0x85, 0x07, 0x08, 0x85, 0x1a, 0x0e, 0x85, 0x20, 0x80, 0x85,
  0x31, 0x0a, 0x85, 0x35, 0x00, 0x85, 0x37, 0x39, 0x84, 0x60, 0x05, 0x84,
  0x65, 0x02, 0x84, 0x7d, 0x16, 0x84, 0x7e, 0x10, 0x84, 0x82, 0x66, 0x85,
  0x57, 0x0a, 0x85, 0x58, 0x0c, 0x85, 0x59, 0x0e, 0x85, 0x5a, 0x10, 0x85,
  0x5b, 0x12, 0x85, 0x65, 0x12, 0x85, 0x75, 0xb1, 0x85, 0xa7, 0x00, 0x85,
  0xb4, 0x00, 0x85, 0xc1, 0x00, 0x85, 0xc4, 0x12, 0x85, 0xe4, 0x0c, 0x85,
  0xe5, 0x0a, 0x85, 0xe6, 0x0a, 0x85, 0xe7, 0x0d, 0x85, 0xe8, 0x0c, 0x85,
  0xea, 0x0e, 0x85, 0xed, 0x10, 0x85, 0xfa, 0x28, 0x85, 0xfb, 0x28, 0x88,
  0x86, 0x04, 0x88, 0x87, 0x09, 0x88, 0x8b, 0x0a, 0x88, 0x8c, 0x0e, 0x88,
  0x91, 0x05, 0x88, 0x92, 0x0b, 0x88, 0x96, 0x05, 0x88, 0x97, 0x0b, 0x88,
  0x9b, 0x0b, 0x88, 0x9c, 0x12, 0x88, 0xa3, 0x01, 0x88, 0xa7, 0x02, 0x88,
  0xab, 0x03, 0x88, 0xb4, 0x04, 0x88, 0xb9, 0x08, 0x00, 0x00, 0x00, 0x00,
  0x00, 0x00, 0x00, 0x00, 0x00, 0x00, 0x00, 0x00, 0x00, 0x00, 0x00, 0x00,
  0x00, 0x00, 0x00, 0x00, 0x00, 0x00, 0x00, 0x00, 0x00, 0x00, 0x00, 0x00,
  0x00, 0x00, 0x00, 0x00, 0x00, 0x00, 0x00, 0x00, 0x00, 0x00, 0x00, 0x85,
  0x0a, 0x02, 0x85, 0x0b, 0x00, 0x85, 0x0c, 0x01, 0x85, 0x0d, 0x01, 0x85,
  0x10, 0x01, 0x85, 0x11, 0x04, 0x85, 0x12, 0x02, 0x85, 0x13, 0x0a, 0x85,
  0x14, 0x03, 0x85, 0x15, 0x10, 0x85, 0x17, 0x02, 0x85, 0x19, 0x02, 0x85,
  0x1b, 0x02, 0x85, 0x1c, 0x02, 0x85, 0x1d, 0x0a, 0x85, 0x1f, 0x77, 0x85,
  0x30, 0x00, 0x85, 0x36, 0x62, 0x84, 0x61, 0x22, 0x84, 0x62, 0x06, 0x84,
  0x63, 0x08, 0x84, 0x64, 0x02, 0x84, 0x66, 0x11, 0x84, 0x67, 0x00, 0x84,
  0x68, 0x00, 0x84, 0x69, 0x00, 0x84, 0x6a, 0x82, 0x84, 0x6b, 0x00, 0x84,
  0x80, 0x07, 0x84, 0x81, 0x55, 0x84, 0x83, 0x85, 0x85, 0x50, 0x14, 0x85,
  0x51, 0x30, 0x85, 0x52, 0x36, 0x85, 0x53, 0xa2, 0x85, 0x54, 0x0a, 0x85,
  0x55, 0x0c, 0x85, 0x56, 0x01, 0x85, 0x5c, 0x40, 0x85, 0x5d, 0x47, 0x85,
  0x69, 0x01, 0x85, 0x70, 0x04, 0x85, 0x71, 0x12, 0x85, 0x72, 0x06, 0x85,
  0x73, 0x3f, 0x85, 0xa0, 0x01, 0x85, 0xa1, 0x18, 0x85, 0xa2, 0x03, 0x85,
  0xab, 0x00, 0x85, 0xdf, 0x02, 0x85, 0xe9, 0x0c, 0x85, 0xeb, 0x0e, 0x85,
  0xec, 0x0e, 0x85, 0xee, 0x10, 0x85, 0xef, 0x10, 0x85, 0xf0, 0x0f, 0x85,
  0xf1, 0x1f, 0x85, 0xf2, 0x14, 0x85, 0xf3, 0x1c, 0x85, 0xf4, 0x1f, 0x85,
  0xf5, 0x0f, 0x85, 0xf6, 0x1f, 0x85, 0xf7, 0x14, 0x85, 0xf8, 0x1c, 0x85,
  0xf9, 0x1f, 0x88, 0x81, 0x01, 0x88, 0x85, 0x0e, 0x88, 0x8a, 0x0e, 0x88,
  0x8f, 0x00, 0x88, 0x90, 0x0e, 0x88, 0x95, 0x0e, 0x88, 0x9a, 0x0e, 0x88,
  0x9f, 0x15, 0x88, 0xa0, 0x0c, 0x88, 0xa6, 0x28, 0x88, 0xaa, 0x50, 0x88,
  0xac, 0x00, 0x88, 0xad, 0x66, 0x88, 0xb2, 0x00, 0x88, 0xb3, 0xf0, 0x88,
  0xb7, 0x02, 0x88, 0xb8, 0xd0, 0x88, 0xba, 0x00, 0x88, 0xbb, 0x44, 0x88,
  0xbc, 0x03, 0x88, 0xbd, 0x10, 0x88, 0xbe, 0x01, 0x88, 0xbf, 0x99, 0x88,
  0xc0, 0x08, 0x88, 0xc1, 0x12, 0x88, 0xc2, 0x0e, 0x88, 0xc3, 0x01, 0x88,
  0xc4, 0x66, 0x88, 0xc5, 0x05, 0x88, 0xc6, 0x0f, 0x88, 0xc7, 0x0e, 0x88,
  0xc8, 0x01, 0x88, 0xc9, 0x66, 0x88, 0xca, 0x0e, 0x88, 0xcb, 0x18, 0x88,
  0xcc, 0x18, 0x88, 0xe5, 0x0f, 0x88, 0xe6, 0x04, 0x84, 0x25, 0x28, 0x00,
  0x00, 0x00, 0x00, 0x00, 0x00, 0x00, 0x00, 0x00, 0x00, 0x00, 0x00, 0x00,
  0x00, 0x00, 0x00, 0x00, 0x00, 0x85, 0x04, 0x00, 0x85, 0x07, 0x08, 0x85,
  0x1a, 0x10, 0x85, 0x20, 0x80, 0x85, 0x31, 0x0a, 0x85, 0x35, 0x00, 0x85,
  0x37, 0x28, 0x84, 0x60, 0x06, 0x84, 0x65, 0x02, 0x84, 0x7d, 0x1b, 0x84,
  0x7e, 0x10, 0x84, 0x82, 0x33, 0x85, 0x57, 0x0a, 0x85, 0x58, 0x0c, 0x85,
  0x59, 0x0e, 0x85, 0x5a, 0x10, 0x85, 0x5b, 0x12, 0x85, 0x65, 0x14, 0x85,
  0x75, 0xaf, 0x85, 0xa7, 0x00, 0x85, 0xb4, 0x00, 0x85, 0xc1, 0x00, 0x85,
  0xc4, 0x12, 0x85, 0xe4, 0x0a, 0x85, 0xe5, 0x09, 0x85, 0xe6, 0x0a, 0x85,
  0xe7, 0x0b, 0x85, 0xe8, 0x0b, 0x85, 0xea, 0x0c, 0x85, 0xed, 0x0e, 0x85,
  0xfa, 0x28, 0x85, 0xfb, 0x28, 0x88, 0x86, 0x04, 0x88, 0x87, 0x09, 0x88,
  0x8b, 0x0a, 0x88, 0x8c, 0x0e, 0x88, 0x91, 0x05, 0x88, 0x92, 0x0b, 0x88,
  0x96, 0x05, 0x88, 0x97, 0x0b, 0x88, 0x9b, 0x0b, 0x88, 0x9c, 0x12, 0x88,
  0xa3, 0x02, 0x88, 0xa7, 0x03, 0x88, 0xab, 0x04, 0x88, 0xb4, 0x04, 0x88,
  0xb9, 0x08, 0x00, 0x00, 0x00, 0x00, 0x00, 0x00, 0x00, 0x00, 0x00, 0x00,
  0x00, 0x00, 0x00, 0x00, 0x00, 0x00, 0x00, 0x00, 0x00, 0x00, 0x00, 0x00,
  0x00, 0x00, 0x00, 0x00, 0x00, 0x00, 0x00, 0x00, 0x00, 0x00, 0x00, 0x00,
  0x00, 0x00, 0x00, 0x00, 0x00, 0x85, 0x0a, 0x02, 0x85, 0x0b, 0x00, 0x85,
  0x0c, 0x01, 0x85, 0x0d, 0x01, 0x85, 0x10, 0x01, 0x85, 0x11, 0x04, 0x85,
  0x12, 0x02, 0x85, 0x13, 0x0a, 0x85, 0x14, 0x03, 0x85, 0x15, 0x10, 0x85,
  0x17, 0x02, 0x85, 0x19, 0x02, 0x85, 0x1b, 0x02, 0x85, 0x1c, 0x02, 0x85,
  0x1d, 0x0a, 0x85, 0x1f, 0x77, 0x85, 0x30, 0x00, 0x85, 0x36, 0x62, 0x84,
  0x61, 0x22, 0x84, 0x62, 0x06, 0x84, 0x63, 0x08, 0x84, 0x64, 0x02, 0x84,
  0x66, 0x11, 0x84, 0x67, 0x00, 0x84, 0x68, 0x00, 0x84, 0x69, 0x00, 0x84,
  0x6a, 0x82, 0x84, 0x6b, 0x00, 0x84, 0x80, 0x07, 0x84, 0x81, 0x55, 0x84,
  0x83, 0x85, 0x85, 0x50, 0x14, 0x85, 0x51, 0x50, 0x85, 0x52, 0x58, 0x85,
  0x53, 0xa2, 0x85, 0x54, 0x0a, 0x85, 0x55, 0x0c, 0x85, 0x56, 0x01, 0x85,
  0x5c, 0x60, 0x85, 0x5d, 0x69, 0x85, 0x69, 0x01, 0x85, 0x70, 0x04, 0x85,
  0x71, 0x12, 0x85, 0x72, 0x06, 0x85, 0x73, 0x3f, 0x85, 0xa0, 0x01, 0x85,
  0xa1, 0x18, 0x85, 0xa2, 0x03, 0x85, 0xab, 0x00, 0x85, 0xdf, 0x02, 0x85,
  0xe9, 0x0c, 0x85, 0xeb, 0x0d, 0x85, 0xec, 0x0e, 0x85, 0xee, 0x0f, 0x85,
  0xef, 0x10, 0x85, 0xf0, 0x0f, 0x85, 0xf1, 0x1f, 0x85, 0xf2, 0x14, 0x85,
  0xf3, 0x1c, 0x85, 0xf4, 0x1f, 0x85, 0xf5, 0x0f, 0x85, 0xf6, 0x1f, 0x85,
  0xf7, 0x14, 0x85, 0xf8, 0x1c, 0x85, 0xf9, 0x1f, 0x88, 0x81, 0x01, 0x88,
  0x85, 0x0e, 0x88, 0x8a, 0x0e, 0x88, 0x8f, 0x00, 0x88, 0x90, 0x0e, 0x88,
  0x95, 0x0e, 0x88, 0x9a, 0x0e, 0x88, 0x9f, 0x10, 0x88, 0xa0, 0x0c, 0x88,
  0xa6, 0x28, 0x88, 0xaa, 0x50, 0x88, 0xac, 0x00, 0x88, 0xad, 0x66, 0x88,
  0xb2, 0x00, 0x88, 0xb3, 0xf0, 0x88, 0xb7, 0x02, 0x88, 0xb8, 0xd0, 0x88,
  0xba, 0x00, 0x88, 0xbb, 0x44, 0x88, 0xbc, 0x04, 0x88, 0xbd, 0x0e, 0x88,
  0xbe, 0x01, 0x88, 0xbf, 0x66, 0x88, 0xc0, 0x08, 0x88, 0xc1, 0x12, 0x88,
  0xc2, 0x0e, 0x88, 0xc3, 0x01, 0x88, 0xc4, 0x66, 0x88, 0xc5, 0x07, 0x88,
  0xc6, 0x11, 0x88, 0xc7, 0x0e, 0x88, 0xc8, 0x01, 0x88, 0xc9, 0x66, 0x88,
  0xca, 0x0f, 0x88, 0xcb, 0x19, 0x88, 0xcc, 0x18, 0x88, 0xe5, 0x0f, 0x88,
  0xe6, 0x02, 0x84, 0x25, 0x28, 0x00, 0x00, 0x00, 0x00, 0x00, 0x00, 0x00,
  0x00, 0x00, 0x00, 0x00, 0x00, 0x00, 0x00, 0x00, 0x00, 0x00, 0x00, 0x85,
  0x04, 0x00, 0x85, 0x07, 0x08, 0x85, 0x1a, 0x12, 0x85, 0x20, 0x80, 0x85,
  0x31, 0x0a, 0x85, 0x35, 0x00, 0x85, 0x37, 0x28, 0x84, 0x60, 0x08, 0x84,
  0x65, 0x02, 0x84, 0x7d, 0x1b, 0x84, 0x7e, 0x10, 0x84, 0x82, 0x33, 0x85,
  0x57, 0x0a, 0x85, 0x58, 0x0c, 0x85, 0x59, 0x0e, 0x85, 0x5a, 0x10, 0x85,
  0x5b, 0x12, 0x85, 0x65, 0x16, 0x85, 0x75, 0xad, 0x85, 0xa7, 0x00, 0x85,
  0xb4, 0x00, 0x85, 0xc1, 0x00, 0x85, 0xc4, 0x12, 0x85, 0xe4, 0x09, 0x85,
  0xe5, 0x09, 0x85, 0xe6, 0x0a, 0x85, 0xe7, 0x0a, 0x85, 0xe8, 0x0b, 0x85,
  0xea, 0x0b, 0x85, 0xed, 0x0d, 0x85, 0xfa, 0x28, 0x85, 0xfb, 0x28, 0x88,
  0x86, 0x07, 0x88, 0x87, 0x0b, 0x88, 0x8b, 0x0f, 0x88, 0x8c, 0x13, 0x88,
  0x91, 0x07, 0x88, 0x92, 0x0d, 0x88, 0x96, 0x06, 0x88, 0x97, 0x0c, 0x88,
  0x9b, 0x0f, 0x88, 0x9c, 0x14, 0x88, 0xa3, 0x03, 0x88, 0xa7, 0x04, 0x88,
  0xab, 0x05, 0x88, 0xb4, 0x04, 0x88, 0xb9, 0x08, 0x00, 0x00, 0x00, 0x00,
  0x00, 0x00, 0x00, 0x00, 0x00, 0x00, 0x00, 0x00, 0x00, 0x00, 0x00, 0x00,
  0x00, 0x00, 0x00, 0x00, 0x00, 0x00, 0x00, 0x00, 0x00, 0x00, 0x00, 0x00,
  0x00, 0x00, 0x00, 0x00, 0x00, 0x00, 0x00, 0x00, 0x00, 0x00, 0x00, 0x85,
  0x0a, 0x02, 0x85, 0x0b, 0x00, 0x85, 0x0c, 0x01, 0x85, 0x0d, 0x01, 0x85,
  0x10, 0x01, 0x85, 0x11, 0x04, 0x85, 0x12, 0x02, 0x85, 0x13, 0x0a, 0x85,
  0x14, 0x03, 0x85, 0x15, 0x10, 0x85, 0x17, 0x02, 0x85, 0x19, 0x02, 0x85,
  0x1b, 0x02, 0x85, 0x1c, 0x02, 0x85, 0x1d, 0x0a, 0x85, 0x1f, 0x77, 0x85,
  0x30, 0x00, 0x85, 0x36, 0x62, 0x84, 0x61, 0x22, 0x84, 0x62, 0x06, 0x84,
  0x63, 0x08, 0x84, 0x64, 0x02, 0x84, 0x66, 0x11, 0x84, 0x67, 0x00, 0x84,
  0x68, 0x00, 0x84, 0x69, 0x00, 0x84, 0x6a, 0x82, 0x84, 0x6b, 0x00, 0x84,
  0x80, 0x07, 0x84, 0x81, 0x55, 0x84, 0x83, 0x85, 0x85, 0x50, 0x14, 0x85,
  0x51, 0x50, 0x85, 0x52, 0x58, 0x85, 0x53, 0xa2, 0x85, 0x54, 0x0a, 0x85,
  0x55, 0x0c, 0x85, 0x56, 0x01, 0x85, 0x5c, 0x60, 0x85, 0x5d, 0x69, 0x85,
  0x69, 0x01, 0x85, 0x70, 0x04, 0x85, 0x71, 0x12, 0x85, 0x72, 0x06, 0x85,
  0x73, 0x3f, 0x85, 0xa0, 0x01, 0x85, 0xa1, 0x18, 0x85, 0xa2, 0x03, 0x85,
  0xab, 0x00, 0x85, 0xdf, 0x02, 0x85, 0xe9, 0x0c, 0x85, 0xeb, 0x0d, 0x85,
  0xec, 0x0e, 0x85, 0xee, 0x0f, 0x85, 0xef, 0x10, 0x85, 0xf0, 0x0f, 0x85,
  0xf1, 0x1f, 0x85, 0xf2, 0x14, 0x85, 0xf3, 0x1c, 0x85, 0xf4, 0x1f, 0x85,
  0xf5, 0x0f, 0x85, 0xf6, 0x1f, 0x85, 0xf7, 0x14, 0x85, 0xf8, 0x1c, 0x85,
  0xf9, 0x1f, 0x88, 0x81, 0x01, 0x88, 0x85, 0x0e, 0x88, 0x8a, 0x0e, 0x88,
  0x8f, 0x00, 0x88, 0x90, 0x0e, 0x88, 0x95, 0x0e, 0x88, 0x9a, 0x0e, 0x88,
  0x9f, 0x10, 0x88, 0xa0, 0x0c, 0x88, 0xa6, 0x28, 0x88, 0xaa, 0x50, 0x88,
  0xac, 0x00, 0x88, 0xad, 0x66, 0x88, 0xb2, 0x00, 0x88, 0xb3, 0xf0, 0x88,
  0xb7, 0x02, 0x88, 0xb8, 0xd0, 0x88, 0xba, 0x00, 0x88, 0xbb, 0x44, 0x88,
  0xbc, 0x05, 0x88, 0xbd, 0x0e, 0x88, 0xbe, 0x01, 0x88, 0xbf, 0x66, 0x88,
  0xc0, 0x09, 0x88, 0xc1, 0x13, 0x88, 0xc2, 0x0e, 0x88, 0xc3, 0x01, 0x88,
  0xc4, 0x66, 0x88, 0xc5, 0x08, 0x88, 0xc6, 0x12, 0x88, 0xc7, 0x0e, 0x88,
  0xc8, 0x01, 0x88, 0xc9, 0x66, 0x88, 0xca, 0x10, 0x88, 0xcb, 0x1a, 0x88,
  0xcc, 0x18, 0x88, 0xe5, 0x0f, 0x88, 0xe6, 0x02, 0x84, 0x25, 0x26, 0x00,
  0x00, 0x00, 0x00, 0x00, 0x00, 0x00, 0x00, 0x00, 0x00, 0x00, 0x00, 0x00,
  0x00, 0x00, 0x00, 0x00, 0x00, 0x85, 0x04, 0x00, 0x85, 0x07, 0x08, 0x85,
  0x1a, 0x14, 0x85, 0x20, 0x80, 0x85, 0x31, 0x0a, 0x85, 0x35, 0x00, 0x85,
  0x37, 0x28, 0x84, 0x60, 0x0a, 0x84, 0x65, 0x02, 0x84, 0x7d, 0x1b, 0x84,
  0x7e, 0x10, 0x84, 0x82, 0x33, 0x85, 0x57, 0x0a, 0x85, 0x58, 0x0c, 0x85,
  0x59, 0x0e, 0x85, 0x5a, 0x10, 0x85, 0x5b, 0x12, 0x85, 0x65, 0x18, 0x85,
  0x75, 0xab, 0x85, 0xa7, 0x00, 0x85, 0xb4, 0x00, 0x85, 0xc1, 0x00, 0x85,
  0xc4, 0x12, 0x85, 0xe4, 0x09, 0x85, 0xe5, 0x09, 0x85, 0xe6, 0x0a, 0x85,
  0xe7, 0x0a, 0x85, 0xe8, 0x0b, 0x85, 0xea, 0x0b, 0x85, 0xed, 0x0d, 0x85,
  0xfa, 0x28, 0x85, 0xfb, 0x28, 0x88, 0x86, 0x07, 0x88, 0x87, 0x0b, 0x88,
  0x8b, 0x0f, 0x88, 0x8c, 0x13, 0x88, 0x91, 0x07, 0x88, 0x92, 0x0d, 0x88,
  0x96, 0x06, 0x88, 0x97, 0x0c, 0x88, 0x9b, 0x0f, 0x88, 0x9c, 0x14, 0x88,
  0xa3, 0x03, 0x88, 0xa7, 0x04, 0x88, 0xab, 0x05, 0x88, 0xb4, 0x04, 0x88,
  0xb9, 0x08, 0x00, 0x00, 0x00, 0x00, 0x00, 0x00, 0x00, 0x00, 0x00, 0x00,
  0x00, 0x00, 0x00, 0x00, 0x00, 0x00, 0x00, 0x00, 0x00, 0x00, 0x00, 0x00,
  0x00, 0x00, 0x00, 0x00, 0x00, 0x00, 0x00, 0x00, 0x00, 0x00, 0x00, 0x00,
  0x00, 0x00, 0x00, 0x00, 0x00, 0x85, 0x0a, 0x02, 0x85, 0x0b, 0x00, 0x85,
  0x0c, 0x01, 0x85, 0x0d, 0x01, 0x85, 0x10, 0x01, 0x85, 0x11, 0x04, 0x85,
  0x12, 0x02, 0x85, 0x13, 0x0a, 0x85, 0x14, 0x03, 0x85, 0x15, 0x10, 0x85,
  0x17, 0x02, 0x85, 0x19, 0x02, 0x85, 0x1b, 0x02, 0x85, 0x1c, 0x02, 0x85,
  0x1d, 0x0a, 0x85, 0x1f, 0x77, 0x85, 0x30, 0x00, 0x85, 0x36, 0x62, 0x84,
  0x61, 0x22, 0x84, 0x62, 0x06, 0x84, 0x63, 0x08, 0x84, 0x64, 0x02, 0x84,
  0x66, 0x11, 0x84, 0x67, 0x00, 0x84, 0x68, 0x00, 0x84, 0x69, 0x00, 0x84,
  0x6a, 0x82, 0x84, 0x6b, 0x00, 0x84, 0x80, 0x07, 0x84, 0x81, 0x55, 0x84,
  0x83, 0x85, 0x85, 0x50, 0x14, 0x85, 0x51, 0x50, 0x85, 0x52, 0x58, 0x85,
  0x53, 0xa2, 0x85, 0x54, 0x0a, 0x85, 0x55, 0x0c, 0x85, 0x56, 0x01, 0x85,
  0x5c, 0x60, 0x85, 0x5d, 0x69, 0x85, 0x69, 0x01, 0x85, 0x70, 0x04, 0x85,
  0x71, 0x12, 0x85, 0x72, 0x06, 0x85, 0x73, 0x3f, 0x85, 0xa0, 0x01, 0x85,
  0xa1, 0x18, 0x85, 0xa2, 0x03, 0x85, 0xab, 0x00, 0x85, 0xdf, 0x02, 0x85,
  0xe9, 0x0c, 0x85, 0xeb, 0x0d, 0x85, 0xec, 0x0e, 0x85, 0xee, 0x0f, 0x85,
  0xef, 0x10, 0x85, 0xf0, 0x0f, 0x85, 0xf1, 0x1f, 0x85, 0xf2, 0x14, 0x85,
  0xf3, 0x1c, 0x85, 0xf4, 0x1f, 0x85, 0xf5, 0x0f, 0x85, 0xf6, 0x1f, 0x85,
  0xf7, 0x14, 0x85, 0xf8, 0x1c, 0x85, 0xf9, 0x1f, 0x88, 0x81, 0x01, 0x88,
  0x85, 0x0e, 0x88, 0x8a, 0x0e, 0x88, 0x8f, 0x00, 0x88, 0x90, 0x0e, 0x88,
  0x95, 0x0e, 0x88, 0x9a, 0x0e, 0x88, 0x9f, 0x10, 0x88, 0xa0, 0x0c, 0x88,
  0xa6, 0x28, 0x88, 0xaa, 0x50, 0x88, 0xac, 0x00, 0x88, 0xad, 0x66, 0x88,
  0xb2, 0x00, 0x88, 0xb3, 0xf0, 0x88, 0xb7, 0x02, 0x88, 0xb8, 0xd0, 0x88,
  0xba, 0x00, 0x88, 0xbb, 0x44, 0x88, 0xbc, 0x05, 0x88, 0xbd, 0x0e, 0x88,
  0xbe, 0x01, 0x88, 0xbf, 0x66, 0x88, 0xc0, 0x09, 0x88, 0xc1, 0x13, 0x88,
  0xc2, 0x0e, 0x88, 0xc3, 0x01, 0x88, 0xc4, 0x66, 0x88, 0xc5, 0x08, 0x88,
  0xc6, 0x12, 0x88, 0xc7, 0x0e, 0x88, 0xc8, 0x01, 0x88, 0xc9, 0x66, 0x88,
  0xca, 0x10, 0x88, 0xcb, 0x1a, 0x88, 0xcc, 0x18, 0x88, 0xe5, 0x0f, 0x88,
  0xe6, 0x02, 0x84, 0x25, 0x28, 0x00, 0x00, 0x00, 0x00, 0x00, 0x00, 0x00,
  0x00, 0x00, 0x00, 0x00, 0x00, 0x00, 0x00, 0x00, 0x00, 0x00, 0x00, 0x0a,
  0x0f, 0x00, 0x00, 0x05, 0x26, 0x5c, 0x00, 0x0f, 0x0f, 0x00, 0x00, 0x05,
  0x26, 0x5c, 0x00, 0x14, 0x0f, 0x00, 0x00, 0x05, 0x26, 0x5c, 0x00, 0x19,
  0x0d, 0x80, 0x00, 0x07, 0xb9, 0x8a, 0x00, 0x1e, 0x0d, 0x80, 0x00, 0x07,
  0xb9, 0x8a, 0x00, 0x0a, 0x09, 0x60, 0x00, 0x05, 0x20, 0x41, 0x80, 0x0f,
  0x09, 0x60, 0x00, 0x05, 0x20, 0x41, 0x80, 0x14, 0x09, 0x60, 0x00, 0x05,
  0x20, 0x41, 0x80, 0x19, 0x09, 0x60, 0x00, 0x05, 0x20, 0x41, 0x80, 0x1e,
  0x09, 0x60, 0x00, 0x05, 0x20, 0x41, 0x80, 0x12, 0x60, 0x48, 0x8a, 0x48,
  0x0a, 0x0e, 0x11, 0x0f, 0x14, 0x10, 0x30, 0x11, 0x80, 0x0d, 0xf0, 0x5f,
  0x42, 0x60, 0x2b, 0x58, 0x12, 0x57, 0x60, 0x9d, 0x00, 0x20, 0xc0, 0x21,
  0x06, 0x22, 0xe2, 0x23, 0x04, 0x24, 0xc4, 0x25, 0x40, 0x26, 0x43, 0x27,
  0x5c, 0x28, 0x19, 0x29, 0x06, 0x2a, 0x4c, 0x2b, 0x16, 0x2c, 0x00, 0x2d,
  0x00, 0x2e, 0x16, 0x2f, 0x44, 0x41, 0xcc, 0x42, 0x3b, 0x47, 0x62, 0x76,
  0x6a, 0x77, 0x09, 0x1d, 0x00, 0x1e, 0x04, 0x6c, 0x40, 0x6e, 0x2c, 0x70,
  0xdc, 0x71, 0xd3, 0x72, 0xd4, 0x73, 0x58, 0x74, 0x02, 0x78, 0x96, 0x89,
  0x01, 0x6b, 0x20, 0x86, 0x40, 0x31, 0x0c, 0x32, 0x38, 0x33, 0x6c, 0x34,
  0x88, 0x35, 0x88, 0x3a, 0xaf, 0x3b, 0x00, 0x3c, 0x57, 0x3d, 0x78, 0x3e,
  0xff, 0x3f, 0xf8, 0x40, 0xff, 0x56, 0xb2, 0x59, 0xe8, 0x5a, 0x04, 0x85,
  0x70, 0x8a, 0x04, 0x91, 0x13, 0x9b, 0x03, 0x9c, 0xe1, 0xa9, 0x78, 0x5b,
  0xb0, 0x5c, 0x71, 0x5d, 0xf6, 0x5e, 0x14, 0x62, 0x01, 0x63, 0x0f, 0x64,
  0xc0, 0x65, 0x02, 0x67, 0x65, 0x66, 0x04, 0x68, 0x00, 0x69, 0x7c, 0x6a,
  0x12, 0x7a, 0x80, 0x82, 0x21, 0x8f, 0x91, 0xae, 0x30, 0x13, 0x81, 0x96,
  0x04, 0x4a, 0x05, 0x7e, 0xcd, 0x50, 0x02, 0x49, 0x10, 0xaf, 0x12, 0x80,
  0x41, 0x7b, 0x4a, 0x7c, 0x08, 0x7f, 0x57, 0x90, 0x00, 0x8c, 0xff, 0x8d,
  0xc7, 0x8e, 0x00, 0x8b, 0x01, 0x0c, 0x00, 0x81, 0x74, 0x19, 0x20, 0x46,
  0x00, 0x12, 0x20, 0x48, 0x8a, 0x48, 0x0a, 0x12, 0x60, 0x48, 0x85, 0x48,
  0x05, 0x0e, 0x11, 0x0f, 0x14, 0x10, 0x40, 0x11, 0x80, 0x0d, 0xf0, 0x5f,
  0x42, 0x60, 0x2b, 0x58, 0x12, 0x57, 0x60, 0x9d, 0x00, 0x20, 0x80, 0x21,
  0x07, 0x22, 0x65, 0x23, 0x04, 0x24, 0xc4, 0x25, 0x40, 0x26, 0x43, 0x27,
  0x18, 0x28, 0x11, 0x29, 0x07, 0x2a, 0x0c, 0x2b, 0x17, 0x2c, 0x00, 0x2d,
  0x00, 0x2e, 0x14, 0x2f, 0x44, 0x41, 0xc7, 0x42, 0x3b, 0x47, 0x42, 0x76,
  0x6a, 0x77, 0x09, 0x1d, 0x00, 0x1e, 0x04, 0x6c, 0x50, 0x6e, 0x2c, 0x70,
  0xdc, 0x71, 0xd3, 0x72, 0xd4, 0x73, 0x58, 0x74, 0x02, 0x78, 0x8b, 0x89,
  0x01, 0x6b, 0x20, 0x86, 0x40, 0x31, 0x08, 0x32, 0x27, 0x33, 0x60, 0x34,
  0x5e, 0x35, 0x5e, 0x3a, 0xaf, 0x3b, 0x00, 0x3c, 0x48, 0x3d, 0x5b, 0x3e,
  0xff, 0x3f, 0xa8, 0x40, 0xff, 0x56, 0xb2, 0x59, 0x9e, 0x5a, 0x04, 0x85,
  0x4d, 0x8a, 0x04, 0x91, 0x13, 0x9b, 0x03, 0x9c, 0xe1, 0xa9, 0x78, 0x5b,
  0xb0, 0x5c, 0x71, 0x5d, 0xf6, 0x5e, 0x14, 0x62, 0x01, 0x63, 0x0f, 0x64,
  0xc0, 0x65, 0x02, 0x67, 0x65, 0x66, 0x04, 0x68, 0x00, 0x69, 0x7c, 0x6a,
  0x12, 0x7a, 0x80, 0x82, 0x21, 0x8f, 0x91, 0xae, 0x30, 0x13, 0x81, 0x96,
  0x04, 0x4a, 0x05, 0x7e, 0xcd, 0x50, 0x02, 0x49, 0x10, 0xaf, 0x12, 0x80,
  0x41, 0x7b, 0x4a, 0x7c, 0x08, 0x7f, 0x57, 0x90, 0x00, 0x8c, 0xff, 0x8d,
  0xc7, 0x8e, 0x00, 0x8b, 0x01, 0x0c, 0x00, 0x81, 0x74, 0x19, 0x20, 0x46,
  0x00, 0x12, 0x20, 0x48, 0x85, 0x48, 0x05, 0x12, 0x60, 0x48, 0x85, 0x48,
  0x05, 0x0e, 0x11, 0x0f, 0x14, 0x10, 0x40, 0x11, 0x80, 0x0d, 0xf0, 0x5f,
  0x42, 0x60, 0x2b, 0x58, 0x12, 0x57, 0x60, 0x9d, 0x00, 0x20, 0xb0, 0x21,
  0x04, 0x22, 0xb0, 0x23, 0x04, 0x24, 0xc4, 0x25, 0x40, 0x26, 0x43, 0x27,
  0x47, 0x28, 0x19, 0x29, 0x04, 0x2a, 0x3c, 0x2b, 0x14, 0x2c, 0x00, 0x2d,
  0x00, 0x2e, 0x16, 0x2f, 0x44, 0x41, 0xc7, 0x42, 0x3b, 0x47, 0x62, 0x76,
  0x6a, 0x77, 0x09, 0x1d, 0xff, 0x1e, 0x1f, 0x6c, 0xc0, 0x31, 0x08, 0x32,
  0x27, 0x33, 0x60, 0x34, 0x5e, 0x35, 0x5e, 0x3a, 0xaf, 0x3b, 0x00, 0x3c,
  0x48, 0x3d, 0x5b, 0x3e, 0xff, 0x3f, 0xa8, 0x40, 0xff, 0x56, 0xb2, 0x59,
  0xbe, 0x5a, 0x04, 0x85, 0x4d, 0x8a, 0x04, 0x91, 0x13, 0x9b, 0x03, 0x9c,
  0xe1, 0xa9, 0x78, 0x5b, 0xb0, 0x5c, 0x71, 0x5d, 0xf6, 0x5e, 0x14, 0x62,
  0x01, 0x63, 0x0f, 0x64, 0xc0, 0x65, 0x02, 0x67, 0x65, 0x66, 0x04, 0x68,
  0x00, 0x69, 0x7c, 0x6a, 0x12, 0x7a, 0x80, 0x82, 0x21, 0x8f, 0x91, 0xae,
  0x30, 0x13, 0x81, 0x96, 0x04, 0x4a, 0x05, 0x7e, 0xcd, 0x50, 0x02, 0x49,
  0x10, 0xaf, 0x12, 0x80, 0x41, 0x7b, 0x4a, 0x7c, 0x08, 0x7f, 0x57, 0x90,
  0x00, 0x8c, 0xff, 0x8d, 0xc7, 0x8e, 0x00, 0x8b, 0x01, 0x0c, 0x00, 0x81,
  0x74, 0x19, 0x20, 0x46, 0x00, 0x12, 0x20, 0x48, 0x85, 0x48, 0x05, 0x4a,
  0x58, 0x46, 0x33, 0x37, 0x00, 0x00, 0x00, 0x00, 0x00, 0x00, 0x00, 0x00,
  0x00, 0x00, 0x00, 0x90, 0xc1, 0x91, 0x74, 0x05, 0xf0, 0xa3, 0xe4, 0xf1,
  0x7a, 0x90, 0xc1, 0x0d, 0x74, 0x06, 0xf0, 0x90, 0xc1, 0x4b, 0xe4, 0xf0,
  0xa3, 0x04, 0xf0, 0x90, 0xc1, 0x53, 0xe4, 0xf0, 0xa3, 0x04, 0xf0, 0x90,
  0xc1, 0x5b, 0xe4, 0xf0, 0xa3, 0x04, 0xf0, 0x90, 0xc1, 0x27, 0xe4, 0xf0,
  0xa3, 0x04, 0xf0, 0x90, 0xc1, 0x2f, 0xe4, 0xf0, 0xa3, 0x04, 0xf0, 0x90,
  0xc1, 0x37, 0x12, 0x1f, 0x87, 0xa3, 0x04, 0xf0, 0x90, 0xc1, 0x41, 0xe4,
  0xf0, 0xa3, 0x04, 0xf0, 0x90, 0xc1, 0x49, 0xe4, 0xf0, 0xa3, 0x04, 0xf0,
  0x78, 0x59, 0x7c, 0xd2, 0xfd, 0xfb, 0x7a, 0xc1, 0x79, 0x4b, 0x7e, 0x00,
  0x7f, 0x12, 0x12, 0x15, 0x3e, 0xe4, 0x90, 0xc1, 0x25, 0xf0, 0xa3, 0xf0,
  0x90, 0xc2, 0x1d, 0x04, 0xf0, 0x90, 0xc2, 0x1b, 0xe4, 0xf0, 0xa3, 0x74,
  0x0a, 0xf0, 0x90, 0xc1, 0x0c, 0x74, 0x1e, 0xf0, 0x90, 0xc1, 0x0a, 0xf0,
  0x90, 0xc2, 0x02, 0x74, 0x40, 0xf0, 0xa3, 0x74, 0x20, 0xf0, 0x90, 0xc2,
  0x00, 0x74, 0x22, 0xf0, 0xa3, 0x74, 0x26, 0xf0, 0x90, 0xc2, 0x1f, 0x74,
  0x05, 0xf0, 0x7b, 0x01, 0x7a, 0xc0, 0x79, 0x2b, 0x12, 0x1f, 0xeb, 0x90,
  0xc1, 0x95, 0x74, 0x04, 0xf0, 0x90, 0xc1, 0x9a, 0x04, 0xf0, 0xa3, 0x74,
  0x19, 0xf0, 0x90, 0xc1, 0x97, 0x74, 0x20, 0xf0, 0xa3, 0xf0, 0xa3, 0xf0,
  0x90, 0xc1, 0x09, 0x74, 0x02, 0xf0, 0x90, 0xc1, 0x9d, 0x12, 0x1a, 0xf5,
  0x3f, 0x80, 0x00, 0x00, 0x90, 0xc1, 0xfa, 0x74, 0x0e, 0xf0, 0xa3, 0x74,
  0x08, 0xf0, 0xa3, 0x74, 0x05, 0xf0, 0xe4, 0xa3, 0xf0, 0x90, 0xc1, 0xff,
  0xf0, 0x90, 0xd2, 0x20, 0x74, 0x3c, 0xf0, 0x90, 0xd0, 0xdb, 0xe4, 0xf0,
  0xa3, 0x74, 0x80, 0xf0, 0x90, 0xd0, 0xd8, 0xe4, 0xf0, 0xa3, 0x74, 0xff,
  0xf0, 0x90, 0xd2, 0x4f, 0x74, 0x05, 0xf0, 0xe4, 0x90, 0xd0, 0xda, 0xf0,
  0x90, 0xd0, 0xdd, 0x74, 0x5f, 0xf0, 0x90, 0xd2, 0x56, 0x74, 0x32, 0xf0,
  0x90, 0xd2, 0x71, 0x74, 0x01, 0xf0, 0x90, 0xc1, 0x0e, 0x74, 0x04, 0xf0,
  0xa3, 0xf0, 0x90, 0xd2, 0x46, 0x74, 0x01, 0xf0, 0x90, 0xc2, 0x45, 0x74,
  0x64, 0xf0, 0xa3, 0xf0, 0xa3, 0x74, 0x0f, 0xf0, 0x90, 0xc2, 0x4c, 0x12,
  0x1a, 0xf5, 0x45, 0xbb, 0x80, 0x00, 0x90, 0xc2, 0x48, 0x12, 0x1a, 0xf5,
  0x46, 0x1c, 0x40, 0x00, 0x22, 0x90, 0xc4, 0x4c, 0x74, 0x01, 0x12, 0x1f,
  0x85, 0x12, 0x1f, 0x89, 0x90, 0xc4, 0x3c, 0x04, 0x12, 0x1f, 0x85, 0x90,
  0xc4, 0x46, 0x04, 0xf0, 0xa3, 0xe4, 0xf0, 0x90, 0xc4, 0x44, 0x04, 0xf0,
  0xa3, 0xe4, 0xf0, 0x90, 0xc7, 0x73, 0x74, 0x02, 0xf0, 0x90, 0xc4, 0x42,
  0x14, 0xf0, 0xa3, 0xe4, 0xf0, 0x90, 0xc4, 0x40, 0x04, 0xf0, 0xa3, 0xe4,
  0xf0, 0x90, 0xc4, 0x48, 0x04, 0x12, 0x1f, 0x85, 0x90, 0xc7, 0x78, 0x74,
  0x0a, 0xf0, 0xa3, 0xe4, 0xf0, 0x90, 0xc7, 0x7b, 0x74, 0x14, 0xf0, 0xe4,
  0x90, 0xc7, 0x7e, 0x12, 0x8c, 0x78, 0x90, 0xc3, 0x4b, 0x12, 0x1a, 0xf5,
  0x00, 0x00, 0x00, 0x00, 0x90, 0xc3, 0x86, 0x71, 0xd5, 0x90, 0xc3, 0x7d,
  0x04, 0xf0, 0xa3, 0xe4, 0xf0, 0x90, 0xc7, 0x87, 0x74, 0x23, 0xf0, 0x22,
  0x90, 0xcf, 0x17, 0x74, 0x10, 0xf0, 0xa3, 0x74, 0x01, 0xf0, 0xe4, 0x90,
  0xd0, 0x78, 0xf0, 0x90, 0xcf, 0x8c, 0x74, 0x24, 0xf0, 0x90, 0xcf, 0x91,
  0x74, 0x06, 0xf0, 0xe4, 0x90, 0xcf, 0x1a, 0xf0, 0x90, 0xcf, 0xbd, 0x12,
  0x1f, 0xf0, 0x90, 0xce, 0xe9, 0xf1, 0x60, 0x90, 0xce, 0xb3, 0x12, 0x1a,
  0xf5, 0x00, 0xb7, 0x1b, 0x00, 0x90, 0xcf, 0x46, 0x12, 0x1f, 0xf0, 0xe4,
  0x90, 0xcf, 0x5d, 0xf0, 0x90, 0xce, 0xc3, 0x04, 0xf0, 0x90, 0xce, 0x4c,
  0x12, 0x1a, 0xf5, 0x01, 0x31, 0x2d, 0x00, 0x90, 0xd0, 0x4d, 0x74, 0x01,
  0xf0, 0x22, 0xe4, 0x90, 0xce, 0x97, 0xf0, 0xff, 0x12, 0x8a, 0xb6, 0xe4,
  0xf0, 0xa3, 0xf0, 0xef, 0x12, 0x8d, 0xfe, 0xe4, 0xf0, 0x0f, 0xef, 0xb4,
  0x05, 0xee, 0x90, 0xce, 0x1d, 0x12, 0x1a, 0xf5, 0x00, 0x00, 0x00, 0x00,
  0x90, 0xcf, 0x9a, 0x74, 0x0f, 0x71, 0xa9, 0x74, 0x04, 0xf0, 0x7b, 0x01,
  0x7a, 0xd0, 0x79, 0x22, 0xa3, 0x12, 0x1b, 0x63, 0x90, 0xce, 0x68, 0x71,
  0xb3, 0x74, 0x01, 0xf0, 0x7a, 0xce, 0x79, 0x81, 0xa3, 0x12, 0x1b, 0x63,
  0x90, 0xcf, 0x37, 0x71, 0xa7, 0x74, 0x01, 0xf0, 0x7a, 0xcf, 0x79, 0x60,
  0xa3, 0x12, 0x1b, 0x63, 0x90, 0xce, 0x88, 0x71, 0xbf, 0x74, 0x02, 0xf0,
  0x7a, 0xce, 0x79, 0xd0, 0xa3, 0x12, 0x1b, 0x63, 0x90, 0xcf, 0xa1, 0x71,
  0xa7, 0x74, 0x02, 0xf0, 0x7a, 0xd0, 0x79, 0x3a, 0xa3, 0x12, 0x1b, 0x63,
  0x90, 0xce, 0x8f, 0x71, 0xbf, 0x74, 0x02, 0xf0, 0x7a, 0xce, 0x79, 0xdd,
  0xa3, 0x12, 0x1b, 0x63, 0x90, 0xce, 0xeb, 0x71, 0xa7, 0x74, 0x02, 0xf0,
  0x7a, 0xcf, 0x79, 0x22, 0xa3, 0x12, 0x1b, 0x63, 0x90, 0xcf, 0x1b, 0x71,
  0xa7, 0x74, 0x02, 0xf0, 0x7a, 0xcf, 0x79, 0x51, 0xa3, 0x12, 0x1b, 0x63,
  0x90, 0xd0, 0x4e, 0x71, 0xa7, 0x74, 0x02, 0xf0, 0x7a, 0xd0, 0x79, 0x7b,
  0xa3, 0x12, 0x1b, 0x63, 0x90, 0xcf, 0x48, 0x74, 0x0f, 0x71, 0xb5, 0x74,
  0x02, 0xf0, 0x7a, 0xcf, 0x79, 0xaa, 0xa3, 0x12, 0x1b, 0x63, 0x90, 0xd0,
  0x62, 0x74, 0x0f, 0x71, 0xb5, 0x74, 0x06, 0x71, 0xcb, 0x90, 0xce, 0x16,
  0x71, 0xa7, 0x74, 0x02, 0xf0, 0x0b, 0x7a, 0xce, 0x79, 0x5c, 0xa3, 0x12,
  0x1b, 0x63, 0x90, 0xce, 0x0f, 0x71, 0xa7, 0x74, 0x02, 0xf0, 0x7a, 0xce,
  0x79, 0x50, 0xa3, 0x12, 0x1b, 0x63, 0x90, 0xcf, 0xb6, 0x71, 0xa7, 0x74,
  0x01, 0xf0, 0x7a, 0xd0, 0x79, 0x47, 0xa3, 0x12, 0x1b, 0x63, 0x90, 0xcf,
  0x0a, 0x71, 0xb3, 0x74, 0x01, 0xf0, 0x7a, 0xcf, 0x79, 0x3f, 0xa3, 0x12,
  0x1b, 0x63, 0x90, 0xcf, 0x30, 0x71, 0xbf, 0x74, 0x08, 0x71, 0xcb, 0x90,
  0xce, 0x98, 0x71, 0xa7, 0x74, 0x02, 0xf0, 0x0b, 0x7a, 0xce, 0x79, 0xf8,
  0xa3, 0x12, 0x1b, 0x63, 0x90, 0xce, 0x7a, 0x71, 0xbf, 0x74, 0x02, 0xf0,
  0x7a, 0xce, 0x79, 0x9f, 0xa3, 0x12, 0x1b, 0x63, 0x12, 0x03, 0x14, 0x12,
  0x03, 0x19, 0x12, 0x03, 0x1e, 0x12, 0x03, 0x23, 0x12, 0x03, 0x28, 0x12,
  0x03, 0x2d, 0x90, 0xcd, 0xe5, 0x71, 0xb3, 0x74, 0x04, 0xf0, 0x7b, 0x01,
  0x7a, 0xce, 0x79, 0x34, 0xa3, 0x12, 0x1b, 0x63, 0x02, 0x03, 0x0f, 0x74,
  0x03, 0xf0, 0xe4, 0xa3, 0xf0, 0xa3, 0x74, 0x3f, 0xf0, 0xa3, 0x22, 0x74,
  0x03, 0xf0, 0xe4, 0xa3, 0xf0, 0xa3, 0x74, 0x7f, 0xf0, 0xa3, 0x22, 0x74,
  0x03, 0xf0, 0xe4, 0xa3, 0xf0, 0xa3, 0x74, 0xbf, 0xf0, 0xa3, 0x22, 0xf0,
  0x1b, 0x7a, 0x00, 0x79, 0x00, 0xa3, 0x02, 0x1b, 0x63, 0x74, 0x01, 0xf0,
  0xa3, 0xe4, 0xf0, 0x22, 0x90, 0xc4, 0x4c, 0x91, 0x59, 0x90, 0xc4, 0x4e,
  0x71, 0xd5, 0x90, 0xc4, 0x50, 0x91, 0x51, 0x90, 0xc4, 0x3c, 0x91, 0x59,
  0x90, 0xc4, 0x3e, 0x91, 0x51, 0xe4, 0x90, 0xd2, 0x71, 0xf0, 0x90, 0xc2,
  0x02, 0x74, 0x40, 0xf0, 0x90, 0xc2, 0x03, 0x74, 0x20, 0xf0, 0x90, 0xc1,
  0x00, 0x74, 0x0a, 0xf0, 0xa3, 0x74, 0xdd, 0xf0, 0x90, 0xc0, 0x90, 0x74,
  0x03, 0xf0, 0xa3, 0x74, 0x0f, 0xf0, 0xa3, 0x74, 0xa0, 0xf0, 0xa3, 0x74,
  0x0e, 0xf0, 0xa3, 0x74, 0xd8, 0xf0, 0xa3, 0x74, 0x18, 0xf0, 0xa3, 0x74,
  0x38, 0xf0, 0xa3, 0x74, 0x17, 0xf0, 0xa3, 0x74, 0x70, 0xf0, 0xe4, 0x90,
  0xc0, 0xa5, 0x91, 0x61, 0xf0, 0xa3, 0xf0, 0x78, 0x16, 0x7c, 0xc0, 0x7d,
  0x01, 0x7b, 0xff, 0x7a, 0x0f, 0x79, 0x90, 0xfe, 0x7f, 0x5d, 0x02, 0x15,
  0x3e, 0x74, 0x02, 0xf0, 0xa3, 0x74, 0x26, 0xf0, 0x22, 0x74, 0x01, 0xf0,
  0xa3, 0x74, 0x7c, 0xf0, 0x22, 0xf0, 0xa3, 0xf0, 0xa3, 0xf0, 0xa3, 0xf0,
  0xa3, 0x22, 0x78, 0x91, 0x7c, 0xd2, 0x7d, 0x01, 0x7b, 0xff, 0x7a, 0x78,
  0x79, 0x23, 0xf1, 0x6a, 0x7b, 0x01, 0x7a, 0xd2, 0x79, 0x91, 0xf1, 0x71,
  0xe4, 0x90, 0xd0, 0x4d, 0xf0, 0x90, 0xce, 0x87, 0xf0, 0x90, 0xcf, 0x1a,
  0x74, 0x07, 0xf0, 0x90, 0xcf, 0x4f, 0x74, 0x10, 0xf0, 0xa3, 0xe4, 0xf0,
  0x90, 0xce, 0xc3, 0x04, 0xf0, 0x90, 0xcf, 0x89, 0x74, 0x12, 0xf0, 0xa3,
  0x74, 0x1c, 0xf0, 0xa3, 0x74, 0x12, 0xf0, 0xa3, 0x74, 0x21, 0xf0, 0xa3,
  0xf1, 0xd5, 0xe4, 0xa3, 0xf0, 0xa3, 0xf0, 0xa3, 0x74, 0x12, 0xf0, 0xe4,
  0x91, 0x62, 0xf0, 0x78, 0x8e, 0x7c, 0xc3, 0x7d, 0x01, 0x7b, 0xff, 0x7a,
  0x0f, 0x79, 0x58, 0xfe, 0x7f, 0x30, 0x12, 0x15, 0x3e, 0xe4, 0xfb, 0xb1,
  0x60, 0x74, 0x03, 0xf0, 0xeb, 0xb1, 0x43, 0x74, 0x07, 0xb1, 0x6e, 0xf1,
  0xdc, 0x0b, 0xeb, 0xb1, 0x60, 0x74, 0x01, 0xf0, 0xb1, 0x43, 0x74, 0x02,
  0xb1, 0x6e, 0x74, 0x01, 0xf0, 0xa3, 0x74, 0x68, 0xf0, 0x0b, 0xeb, 0xb1,
  0x60, 0x74, 0x01, 0xf0, 0x04, 0xb1, 0x43, 0xe4, 0xf0, 0xa3, 0x74, 0xc0,
  0xb1, 0x72, 0xe4, 0xf0, 0xa3, 0x74, 0x6c, 0xf0, 0x0b, 0x90, 0xcf, 0xca,
  0xeb, 0xf0, 0xe4, 0xfb, 0x0b, 0xb1, 0x51, 0x12, 0x1a, 0xf5, 0x00, 0x07,
  0xa1, 0x20, 0x0b, 0x74, 0x01, 0xb1, 0x51, 0x12, 0x1a, 0xf5, 0x00, 0x0a,
  0x2c, 0x2a, 0x0b, 0x74, 0x02, 0xb1, 0x51, 0x12, 0x1a, 0xf5, 0x00, 0x0f,
  0x42, 0x40, 0x90, 0xcf, 0xe4, 0x74, 0x03, 0xf0, 0x90, 0xd0, 0x7a, 0x14,
  0xf0, 0x61, 0xdc, 0x75, 0xf0, 0x05, 0xa4, 0x24, 0xcb, 0xf5, 0x82, 0xe4,
  0x34, 0xcf, 0xf5, 0x83, 0x22, 0x25, 0xe0, 0x25, 0xe0, 0x24, 0xe5, 0xf5,
  0x82, 0xe4, 0x34, 0xcf, 0xf5, 0x83, 0x22, 0xef, 0x75, 0xf0, 0x05, 0xa4,
  0x24, 0xcf, 0xf5, 0x82, 0xe4, 0x34, 0xcf, 0xf5, 0x83, 0x22, 0xf0, 0xa3,
  0x74, 0x80, 0xf0, 0xeb, 0x75, 0xf0, 0x05, 0xa4, 0x24, 0xcd, 0xf5, 0x82,
  0xe4, 0x34, 0xcf, 0xf5, 0x83, 0x22, 0x90, 0xca, 0x6b, 0x74, 0x0e, 0xf0,
  0x90, 0xc3, 0x2f, 0x12, 0x1a, 0xf5, 0x3b, 0x80, 0x00, 0x00, 0x90, 0xc3,
  0x36, 0x12, 0x1a, 0xf5, 0x3b, 0x80, 0x00, 0x00, 0x90, 0xc3, 0x54, 0x12,
  0x1a, 0xf5, 0x3f, 0x80, 0x00, 0x00, 0x90, 0xcb, 0x5c, 0x12, 0x1a, 0xf5,
  0x3f, 0x80, 0x00, 0x00, 0x90, 0xcb, 0x60, 0x12, 0x1a, 0xf5, 0x43, 0x48,
  0x00, 0x00, 0x90, 0xcb, 0xde, 0x12, 0x1a, 0xf5, 0x3f, 0x80, 0x00, 0x00,
  0xe4, 0x90, 0xc3, 0x47, 0xf0, 0x90, 0xcb, 0x73, 0x12, 0x1a, 0xf5, 0x42,
  0xc8, 0x00, 0x00, 0x90, 0xcb, 0x55, 0x74, 0x14, 0xf0, 0x90, 0xcb, 0x6a,
  0x12, 0x1a, 0xf5, 0x3f, 0x80, 0x00, 0x00, 0x90, 0xca, 0x6e, 0x74, 0x0a,
  0xf0, 0xa3, 0x74, 0xbe, 0xf0, 0x90, 0xcb, 0xea, 0x12, 0x1a, 0xf5, 0x3e,
  0xcc, 0xcc, 0xcd, 0x90, 0xca, 0x70, 0x74, 0x3c, 0xf0, 0x90, 0xc3, 0x5b,
  0x12, 0x1a, 0xf5, 0x3e, 0x99, 0x99, 0x9a, 0x90, 0xc3, 0x6f, 0x74, 0x32,
  0xf0, 0x90, 0xc2, 0xfd, 0x74, 0x0a, 0xf0, 0x90, 0xc2, 0xfb, 0x74, 0xf0,
  0xf0, 0x90, 0xc3, 0x80, 0x74, 0x19, 0xf0, 0x90, 0xc3, 0x7f, 0x74, 0xc8,
  0xf0, 0x90, 0xcc, 0x1b, 0x74, 0x07, 0xf0, 0xa3, 0x74, 0x0e, 0xf0, 0xa3,
  0x74, 0x15, 0xf1, 0x4e, 0x74, 0x28, 0xf0, 0xa3, 0x74, 0x3c, 0xf0, 0x90,
  0xcc, 0x14, 0x74, 0x0a, 0xf1, 0x52, 0x74, 0x1e, 0xf0, 0xa3, 0x74, 0x02,
  0xf1, 0x4e, 0x74, 0x32, 0xf0, 0x90, 0xc3, 0x7c, 0x74, 0x0a, 0xf0, 0xe4,
  0x90, 0xc3, 0x70, 0xf0, 0x90, 0xc3, 0x17, 0xf0, 0xa3, 0x74, 0xc8, 0xf0,
  0x90, 0xc3, 0x1b, 0xf1, 0x84, 0x74, 0x40, 0xf0, 0x90, 0xc3, 0x2c, 0x74,
  0x0c, 0xf0, 0xa3, 0x74, 0x80, 0xf0, 0x90, 0xc3, 0x35, 0x74, 0x03, 0xf0,
  0x90, 0xc3, 0x3b, 0x74, 0x06, 0xf0, 0x90, 0xc3, 0x3d, 0x74, 0x09, 0xf0,
  0x90, 0xc3, 0x63, 0xf1, 0x84, 0x74, 0x40, 0xf1, 0x59, 0x74, 0x80, 0xf0,
  0x90, 0xc3, 0x6d, 0x74, 0x19, 0xf0, 0xa3, 0xe4, 0xf0, 0x90, 0xc3, 0x71,
  0x74, 0x06, 0xf1, 0x59, 0x74, 0x12, 0xf0, 0xe4, 0x90, 0xcc, 0x02, 0xf0,
  0x90, 0xcb, 0x56, 0x74, 0x02, 0xf0, 0xa3, 0x74, 0xf8, 0xf1, 0x7a, 0x90,
  0xcb, 0x5b, 0x74, 0x01, 0xf0, 0x90, 0xcb, 0x6e, 0x12, 0x1a, 0xf5, 0x42,
  0xc8, 0x00, 0x00, 0x90, 0xcb, 0x72, 0x74, 0x06, 0xf0, 0x90, 0xcb, 0xe2,
  0x12, 0x1a, 0xf5, 0x41, 0x20, 0x00, 0x00, 0x90, 0xcb, 0xe6, 0x12, 0x1a,
  0xf5, 0x43, 0x3e, 0x00, 0x00, 0x90, 0xcb, 0xee, 0x12, 0x1a, 0xf5, 0x00,
  0x07, 0xd0, 0x00, 0xe4, 0x90, 0xc2, 0xfc, 0xf0, 0x90, 0xc3, 0x52, 0xf0,
  0x90, 0xcb, 0xf7, 0x91, 0x61, 0x12, 0x1f, 0xf0, 0xa3, 0xf1, 0x60, 0xe4,
  0x90, 0xc3, 0x3f, 0xf0, 0xa3, 0xf0, 0x90, 0xc3, 0x42, 0xf0, 0xa3, 0xf0,
  0x90, 0xc3, 0x50, 0xf0, 0xa3, 0xf0, 0x90, 0xc3, 0x19, 0xf0, 0xa3, 0xf0,
  0x90, 0xc3, 0x78, 0xf0, 0xa3, 0x74, 0x10, 0xf0, 0x90, 0xc3, 0x5f, 0x12,
  0x1a, 0xf5, 0x00, 0x00, 0x4e, 0x20, 0x90, 0xcc, 0x0b, 0x74, 0x02, 0xf1,
  0x52, 0x74, 0x32, 0xf0, 0x90, 0xcc, 0x10, 0xf1, 0x46, 0x90, 0xcc, 0x08,
  0x74, 0x10, 0xf0, 0xa3, 0x74, 0x28, 0xf0, 0xa3, 0x74, 0x50, 0xf0, 0x90,
  0xcc, 0x12, 0x74, 0x04, 0xf0, 0xa3, 0x74, 0x0e, 0xf0, 0x22, 0xf0, 0xa3,
  0x74, 0x08, 0xf0, 0xa3, 0x74, 0x14, 0xf0, 0xa3, 0x22, 0xf0, 0xa3, 0x74,
  0x0c, 0xf0, 0xa3, 0x22, 0x74, 0x01, 0xf0, 0xa3, 0x74, 0xe0, 0xf0, 0x22,
  0x7d, 0x01, 0x7e, 0x00, 0x7f, 0x10, 0x02, 0x15, 0x3e, 0x78, 0xd0, 0x7c,
  0xc3, 0xf1, 0x68, 0x7f, 0x00, 0x22, 0xf0, 0xa3, 0x74, 0x03, 0xf0, 0xa3,
  0x74, 0x20, 0xf0, 0x22, 0x74, 0x03, 0xf0, 0xa3, 0x74, 0x20, 0xf0, 0xa3,
  0x74, 0x06, 0xf0, 0xa3, 0x22, 0x90, 0xd2, 0xe8, 0x12, 0x1b, 0x63, 0x90,
  0xd2, 0xe8, 0xf1, 0xaf, 0x70, 0x03, 0x7f, 0xff, 0x22, 0x90, 0xd2, 0xe8,
  0xf1, 0xe4, 0x7a, 0xc3, 0x79, 0xd0, 0xf1, 0x6a, 0x7f, 0x00, 0x22, 0x12,
  0x1b, 0x43, 0xea, 0x49, 0x4b, 0x22, 0x90, 0xc3, 0xce, 0x74, 0x58, 0xf0,
  0x90, 0xc3, 0x8d, 0x74, 0x4b, 0xf0, 0x90, 0xc3, 0xe0, 0x74, 0x50, 0xf0,
  0x90, 0xc3, 0xcf, 0x74, 0x43, 0xf0, 0x90, 0xd2, 0x1f, 0x74, 0x02, 0xf0,
  0x22, 0xe4, 0xf0, 0xa3, 0x74, 0x64, 0xf0, 0x22, 0x74, 0x04, 0xf0, 0xa3,
  0x74, 0x38, 0xf0, 0x22, 0x12, 0x1b, 0x43, 0xa8, 0x01, 0xac, 0x02, 0xad,
  0x03, 0x7b, 0x01, 0x22, 0x90, 0xcd, 0x68, 0x74, 0x46, 0xf0, 0xa3, 0x74,
  0x32, 0xf0, 0xa3, 0xf0, 0xa3, 0x74, 0x26, 0xf0, 0x90, 0xcd, 0x67, 0x74,
  0x46, 0xf0, 0x90, 0xcd, 0x71, 0x74, 0x0a, 0xf0, 0xa3, 0xf0, 0x90, 0xcd,
  0x6c, 0x74, 0x05, 0xf0, 0x90, 0xcd, 0x6e, 0x74, 0x1e, 0xf0, 0x90, 0xcd,
  0x60, 0x74, 0x19, 0xf0, 0xa3, 0x74, 0x06, 0xf0, 0x90, 0xcd, 0x6f, 0x74,
  0x08, 0xf0, 0x90, 0xcd, 0x75, 0x74, 0x01, 0xf0, 0x90, 0xcd, 0x73, 0xf0,
  0xe4, 0x90, 0xcd, 0x77, 0xf0, 0x90, 0xcd, 0x62, 0xf0, 0x22, 0x90, 0xcd,
  0xb1, 0x11, 0xe5, 0xa3, 0x74, 0x01, 0xf0, 0x90, 0xcd, 0xd8, 0x74, 0x30,
  0xf0, 0x90, 0xcd, 0xb4, 0x12, 0x1a, 0xf5, 0x3f, 0xd9, 0x99, 0x9a, 0x90,
  0xcd, 0xb8, 0x12, 0x1a, 0xf5, 0x3f, 0xcc, 0xcc, 0xcd, 0x90, 0xcd, 0xbc,
  0x12, 0x1a, 0xf5, 0x3f, 0xc0, 0x00, 0x00, 0x90, 0xcd, 0xc0, 0x12, 0x1a,
  0xf5, 0x3f, 0xb3, 0x33, 0x33, 0x90, 0xcd, 0xc4, 0x12, 0x1a, 0xf5, 0x3f,
  0xa6, 0x66, 0x66, 0x90, 0xcd, 0xc8, 0x12, 0x1a, 0xf5, 0x3f, 0x99, 0x99,
  0x9a, 0x90, 0xcd, 0xcc, 0x12, 0x1a, 0xf5, 0x3f, 0x8c, 0xcc, 0xcd, 0x90,
  0xcd, 0xd0, 0x12, 0x1a, 0xf5, 0x3f, 0x80, 0x00, 0x00, 0x90, 0xcd, 0xa5,
  0x74, 0x6e, 0xf0, 0xe4, 0x90, 0xcd, 0xae, 0xf0, 0x90, 0xcd, 0xa7, 0xf0,
  0x90, 0xcd, 0xa6, 0x04, 0xf0, 0x90, 0x44, 0xf2, 0xe4, 0x93, 0xff, 0x90,
  0xcd, 0xa8, 0xf0, 0x90, 0x44, 0xf1, 0xe4, 0x93, 0xfe, 0x90, 0xcd, 0xa9,
  0xf0, 0x90, 0x44, 0xf3, 0xe4, 0x93, 0xfd, 0x90, 0xcd, 0xaa, 0x11, 0xed,
  0xa3, 0xed, 0xf0, 0xe4, 0x90, 0xcd, 0xaf, 0xf0, 0xa3, 0xf0, 0x90, 0xcd,
  0xd4, 0x74, 0xc8, 0xf0, 0xa3, 0x74, 0x04, 0xf0, 0xa3, 0x74, 0x1e, 0xf0,
  0xa3, 0x74, 0x0a, 0xf0, 0x22, 0xf0, 0xa3, 0xef, 0xf0, 0xa3, 0xee, 0xf0,
  0x22, 0x31, 0x21, 0x7d, 0x01, 0x7f, 0x01, 0x12, 0x02, 0x15, 0x31, 0x2b,
  0x7f, 0x1f, 0x12, 0x01, 0xfc, 0x7f, 0x01, 0x12, 0x01, 0xed, 0x12, 0x00,
  0x2a, 0x12, 0x02, 0x1a, 0x7f, 0x0c, 0x12, 0x02, 0xbf, 0x31, 0x21, 0x90,
  0xd0, 0x78, 0x74, 0x01, 0xf0, 0xff, 0x02, 0x02, 0xbf, 0x12, 0x02, 0x1f,
  0x7f, 0x01, 0x7e, 0x00, 0x02, 0x02, 0x56, 0x7f, 0x01, 0x7e, 0x00, 0x02,
  0x02, 0x5b, 0x90, 0xd2, 0xf0, 0xef, 0xf0, 0x12, 0x02, 0x1a, 0x90, 0xd2,
  0xf0, 0xe0, 0xb4, 0x01, 0x07, 0x7f, 0x01, 0x7e, 0x00, 0x12, 0x02, 0x5b,
  0xe4, 0xff, 0x12, 0x01, 0xed, 0x90, 0xd2, 0xf0, 0xe0, 0xb4, 0x01, 0x02,
  0x31, 0x2b, 0x90, 0xd2, 0xf0, 0xe0, 0xfd, 0xe4, 0xff, 0x12, 0x02, 0x15,
  0x12, 0x03, 0x55, 0xe4, 0x90, 0xd0, 0x78, 0xf0, 0x22, 0x80, 0xc7, 0x71,
  0xb6, 0xab, 0x05, 0x90, 0xcb, 0x66, 0x12, 0x1a, 0xf5, 0x00, 0x00, 0x00,
  0x00, 0x12, 0x00, 0x31, 0x90, 0xd3, 0x04, 0x71, 0x81, 0x90, 0xd3, 0x06,
  0xed, 0xf0, 0x90, 0xd0, 0x4d, 0xe0, 0x70, 0x35, 0x51, 0xd0, 0x7a, 0x75,
  0x79, 0x5f, 0x51, 0xd8, 0x51, 0xc8, 0x60, 0x04, 0xef, 0xb4, 0x19, 0x08,
  0x7b, 0xff, 0x7a, 0x75, 0x79, 0xaf, 0x80, 0x19, 0x90, 0xd3, 0x06, 0xe0,
  0xff, 0x64, 0x14, 0x60, 0x0a, 0xef, 0x64, 0x0f, 0x60, 0x05, 0xef, 0x64,
  0x0a, 0x70, 0x1f, 0x7b, 0xff, 0x7a, 0x76, 0x79, 0x87, 0x7f, 0x6c, 0x80,
  0x10, 0x51, 0xd0, 0x7a, 0x75, 0x79, 0x87, 0x51, 0xd8, 0x7b, 0xff, 0x7a,
  0x77, 0x79, 0x5f, 0x7f, 0x62, 0x7e, 0x00, 0x12, 0x03, 0x87, 0x51, 0xba,
  0x90, 0x00, 0x01, 0x12, 0x16, 0xf4, 0x71, 0x99, 0xc0, 0x04, 0xc0, 0x05,
  0xc0, 0x06, 0xc0, 0x07, 0x51, 0xba, 0x71, 0x6d, 0xd0, 0x03, 0xd0, 0x02,
  0xd0, 0x01, 0xd0, 0x00, 0x12, 0x18, 0xa3, 0xc0, 0x07, 0x90, 0xd3, 0x06,
  0x71, 0x7a, 0xd0, 0x07, 0x12, 0x18, 0xa3, 0x90, 0xd3, 0x07, 0x71, 0xa0,
  0xfd, 0x7c, 0x00, 0x7f, 0x22, 0x7e, 0x00, 0x12, 0x03, 0x6e, 0x90, 0xd3,
  0x07, 0xe0, 0xfd, 0x7c, 0x00, 0x7f, 0x23, 0x7e, 0x00, 0x12, 0x03, 0x6e,
  0x90, 0xd3, 0x06, 0xe0, 0xfd, 0x7f, 0x00, 0x7e, 0x10, 0x71, 0x29, 0x71,
  0xbf, 0x24, 0xfc, 0xfe, 0xec, 0x34, 0xff, 0x90, 0xcb, 0x56, 0xf0, 0xa3,
  0xce, 0xf0, 0x90, 0xcb, 0x58, 0xec, 0xf0, 0xa3, 0xed, 0xf0, 0x7f, 0x03,
  0x12, 0x03, 0x46, 0x90, 0xc1, 0x91, 0x51, 0xc0, 0x90, 0xc1, 0x93, 0x12,
  0x7f, 0xdc, 0x90, 0xd0, 0x4d, 0xe0, 0x70, 0x36, 0x51, 0xc8, 0x60, 0x04,
  0xef, 0xb4, 0x19, 0x08, 0x90, 0xce, 0xf6, 0x74, 0x03, 0xf0, 0x80, 0x14,
  0xef, 0x64, 0x14, 0x60, 0x09, 0xef, 0x64, 0x0f, 0x60, 0x04, 0xef, 0xb4,
  0x0a, 0x06, 0x90, 0xce, 0xf6, 0x74, 0x01, 0xf0, 0x90, 0xcf, 0x19, 0x74,
  0x01, 0xf0, 0x90, 0xce, 0xdc, 0x74, 0x2b, 0xf0, 0x90, 0xce, 0xf7, 0x74,
  0x66, 0xf0, 0xe4, 0x90, 0xcb, 0xf7, 0xf0, 0xa3, 0xf0, 0x90, 0xcb, 0xf9,
  0xf0, 0xa3, 0xf0, 0x90, 0xcb, 0xfb, 0x51, 0xc0, 0x90, 0xcb, 0xfd, 0x12,
  0x7f, 0xdc, 0x90, 0xcb, 0x58, 0x71, 0x8c, 0x74, 0xff, 0x9f, 0x90, 0xc3,
  0x59, 0xf0, 0x74, 0xff, 0x9e, 0x90, 0xc3, 0x58, 0xf0, 0x22, 0x90, 0xd3,
  0x09, 0x02, 0x1b, 0x43, 0x74, 0x07, 0xf0, 0xa3, 0x74, 0x80, 0xf0, 0x22,
  0x90, 0xd3, 0x06, 0xe0, 0xff, 0x64, 0x1e, 0x22, 0x90, 0xd3, 0x06, 0xe0,
  0xff, 0x7b, 0xff, 0x22, 0x90, 0xd3, 0x13, 0x74, 0x05, 0xf0, 0x51, 0xe6,
  0x90, 0xd3, 0x09, 0x02, 0x1b, 0x63, 0x90, 0xd3, 0x0f, 0x71, 0xae, 0xff,
  0xfe, 0x90, 0xd3, 0x13, 0xe0, 0xfd, 0xee, 0xc3, 0x9d, 0x50, 0x1e, 0x90,
  0xd3, 0x10, 0x12, 0x1b, 0x43, 0x75, 0xf0, 0x08, 0xee, 0x71, 0xa7, 0x12,
  0x15, 0x7d, 0xfd, 0x90, 0xd3, 0x0f, 0xe0, 0xb5, 0x05, 0x04, 0xaf, 0x06,
  0x80, 0x03, 0x0e, 0x80, 0xd8, 0xef, 0x75, 0xf0, 0x08, 0xa4, 0xff, 0x90,
  0xd3, 0x10, 0x12, 0x1b, 0x43, 0xe9, 0x2f, 0xf9, 0xea, 0x35, 0xf0, 0xfa,
  0x22, 0x90, 0xd0, 0x4d, 0xe0, 0xaf, 0x05, 0x7b, 0xff, 0x70, 0x06, 0x7a,
  0x75, 0x79, 0x5f, 0x80, 0x04, 0x7a, 0x75, 0x79, 0x87, 0x90, 0xd3, 0x13,
  0x74, 0x05, 0xf0, 0x51, 0xe6, 0x71, 0x93, 0x90, 0xd3, 0x0c, 0x12, 0x1b,
  0x43, 0x90, 0x00, 0x01, 0x12, 0x16, 0xf4, 0xff, 0x90, 0xcf, 0x46, 0x71,
  0x73, 0x71, 0x6d, 0x90, 0xce, 0xb3, 0x12, 0x1a, 0xe9, 0x90, 0xce, 0xb3,
  0x12, 0x1a, 0x4c, 0x90, 0xce, 0x4c, 0x02, 0x1a, 0xe9, 0x90, 0x00, 0x04,
  0x02, 0x19, 0xde, 0xe5, 0xf0, 0xf0, 0xa3, 0xef, 0xf0, 0x22, 0xe0, 0xfb,
  0xe4, 0xfa, 0xf9, 0xf8, 0x22, 0xe0, 0xfe, 0xa3, 0xe0, 0xff, 0xad, 0x03,
  0x22, 0x90, 0xd3, 0x11, 0xe0, 0xfe, 0xa3, 0xe0, 0xff, 0xc3, 0x22, 0x90,
  0xd3, 0x0c, 0x02, 0x1b, 0x63, 0xff, 0xae, 0xf0, 0xe4, 0xfc, 0xfd, 0x22,
  0xee, 0xf0, 0xa3, 0xef, 0xf0, 0xe0, 0x22, 0xa4, 0xf5, 0x82, 0x85, 0xf0,
  0x83, 0x22, 0xef, 0xf0, 0xa3, 0x12, 0x1b, 0x63, 0xe4, 0x22, 0x90, 0xd3,
  0x04, 0xee, 0xf0, 0xa3, 0xef, 0xf0, 0x22, 0x90, 0xd3, 0x07, 0xe0, 0xfc,
  0xa3, 0xe0, 0xfd, 0x22, 0x90, 0xd3, 0x10, 0x12, 0x1a, 0xe9, 0xd1, 0xbf,
  0xd1, 0x59, 0x12, 0x11, 0x18, 0xc0, 0x04, 0xc0, 0x05, 0xc0, 0x06, 0xc0,
  0x07, 0x90, 0xd3, 0x10, 0x91, 0x37, 0xd0, 0x03, 0xd0, 0x02, 0xd0, 0x01,
  0xd0, 0x00, 0xd1, 0xb3, 0xab, 0x07, 0xaa, 0x06, 0xeb, 0x4a, 0x70, 0x03,
  0xfa, 0x7b, 0x01, 0x91, 0x2e, 0x90, 0xc3, 0x5f, 0x12, 0x1a, 0xe9, 0xae,
  0x02, 0xaf, 0x03, 0x90, 0xd3, 0x14, 0xee, 0xf0, 0xa3, 0xef, 0xf0, 0x7d,
  0x01, 0x7c, 0x00, 0x7f, 0xc0, 0x7e, 0x00, 0x12, 0x03, 0x6e, 0x90, 0xd3,
  0x15, 0x91, 0x5f, 0xd1, 0x81, 0xd1, 0x5f, 0x90, 0xd3, 0x14, 0xe0, 0xfd,
  0x7c, 0x00, 0x7f, 0xc3, 0x91, 0xc7, 0x02, 0x03, 0x82, 0xf0, 0x90, 0xd3,
  0x10, 0x02, 0x1a, 0x4c, 0x90, 0xce, 0xb3, 0x12, 0x1a, 0x4c, 0xe4, 0x02,
  0x13, 0x37, 0xa3, 0xe0, 0xff, 0x90, 0xcb, 0x65, 0xe0, 0x2f, 0xff, 0x90,
  0xcb, 0x64, 0xe0, 0x3e, 0x90, 0xd3, 0x28, 0xf0, 0xa3, 0xef, 0xf0, 0xe4,
  0xfd, 0xfc, 0x7f, 0xc0, 0xfe, 0x12, 0x03, 0x6e, 0x90, 0xd3, 0x2a, 0xe0,
  0xfd, 0x7c, 0x00, 0x7f, 0xc1, 0x22, 0xb1, 0xd1, 0x90, 0xd3, 0x10, 0x12,
  0x1a, 0x68, 0xb1, 0xcb, 0xb1, 0xdf, 0x90, 0xd3, 0x14, 0xef, 0xf0, 0xd1,
  0x14, 0x90, 0xd3, 0x15, 0x12, 0x1a, 0xe9, 0xd1, 0x6e, 0x90, 0xd3, 0x14,
  0x91, 0x5f, 0x91, 0xc7, 0x12, 0x03, 0x82, 0x90, 0xd3, 0x15, 0xb1, 0x8f,
  0x91, 0x2e, 0x02, 0x03, 0xfa, 0x7e, 0x00, 0x12, 0x03, 0x6e, 0x7d, 0x22,
  0x7c, 0x00, 0x7f, 0xc6, 0x7e, 0x00, 0x12, 0x03, 0x6e, 0x90, 0xd3, 0x29,
  0xe0, 0xfd, 0x7c, 0x00, 0x7f, 0xc7, 0x7e, 0x00, 0x12, 0x03, 0x6e, 0x7d,
  0x23, 0x7c, 0x00, 0x7f, 0xc8, 0x7e, 0x00, 0x12, 0x03, 0x6e, 0x90, 0xd3,
  0x28, 0xe0, 0xfd, 0x7c, 0x00, 0x7f, 0xc9, 0x7e, 0x00, 0x12, 0x03, 0x6e,
  0x7b, 0x80, 0x7a, 0x00, 0x7d, 0x80, 0x7c, 0x00, 0x7f, 0x1f, 0x7e, 0x00,
  0x22, 0xd1, 0xad, 0xd1, 0x59, 0x90, 0xd3, 0x20, 0xd1, 0x77, 0xf9, 0xd1,
  0x66, 0xb1, 0x9f, 0x90, 0xd3, 0x2f, 0xe0, 0xfe, 0xa3, 0xe0, 0xff, 0x90,
  0xcb, 0x64, 0xe0, 0xfc, 0xa3, 0xe0, 0xfd, 0x90, 0xcb, 0x57, 0xe0, 0x2d,
  0xfb, 0x90, 0xcb, 0x56, 0xe0, 0x3c, 0xfa, 0xe4, 0xfd, 0xfc, 0x12, 0x02,
  0x65, 0xb1, 0x9f, 0xb1, 0xd7, 0x90, 0xd3, 0x24, 0x12, 0x1a, 0x68, 0xb1,
  0xcb, 0xb1, 0xdf, 0x90, 0xd3, 0x2a, 0xef, 0xf0, 0xd1, 0x14, 0xd1, 0xb9,
  0x90, 0xd3, 0x20, 0x12, 0x1a, 0x68, 0x90, 0xcb, 0x66, 0x12, 0x1a, 0x4c,
  0xd1, 0x53, 0x7b, 0x17, 0x7a, 0xb7, 0x79, 0xd1, 0x78, 0x38, 0x12, 0x12,
  0xbe, 0x90, 0xcb, 0x58, 0xe0, 0xfe, 0x50, 0x3a, 0x91, 0x3e, 0x7e, 0x00,
  0x12, 0x03, 0x6e, 0x7d, 0x01, 0x7c, 0x00, 0xd1, 0x5f, 0x90, 0xd3, 0x30,
  0xe0, 0xfd, 0x7c, 0x00, 0x7f, 0xc3, 0xd1, 0x81, 0x7f, 0xc4, 0x7e, 0x00,
  0x12, 0x03, 0x6e, 0x90, 0xd3, 0x2f, 0xe0, 0xfd, 0x7c, 0x00, 0x7f, 0xc5,
  0x91, 0x95, 0xb1, 0x89, 0xb1, 0x80, 0x90, 0xd3, 0x20, 0x12, 0x1a, 0x4c,
  0x90, 0xcb, 0x66, 0x02, 0x1a, 0xe9, 0x91, 0x3e, 0x91, 0x95, 0xb1, 0x89,
  0x90, 0xd3, 0x24, 0x12, 0x1a, 0x4c, 0x02, 0x03, 0xfa, 0x12, 0x03, 0x82,
  0x90, 0xd3, 0x2b, 0x12, 0x1a, 0x4c, 0x90, 0xd3, 0x35, 0x12, 0x1a, 0xe9,
  0x90, 0xd3, 0x39, 0x74, 0x03, 0xf0, 0x22, 0x90, 0xd3, 0x2f, 0xee, 0xf0,
  0xa3, 0xef, 0xf0, 0x22, 0x90, 0xd2, 0xee, 0xb1, 0xd4, 0x90, 0xd2, 0xee,
  0x12, 0x1a, 0x68, 0xb1, 0xcb, 0xb1, 0xdf, 0x90, 0xd2, 0xf2, 0xef, 0xf0,
  0xd1, 0x6e, 0x90, 0xd2, 0xf2, 0x91, 0x5f, 0x91, 0xc7, 0x12, 0x03, 0x82,
  0x7f, 0x00, 0x22, 0x12, 0x11, 0x18, 0x02, 0x13, 0x75, 0x90, 0xd3, 0x10,
  0x12, 0x1a, 0xe9, 0xe4, 0xff, 0xfe, 0x7d, 0x80, 0x7c, 0x41, 0x22, 0xe4,
  0xfd, 0xd3, 0xef, 0x94, 0xf8, 0xee, 0x94, 0x00, 0x40, 0x04, 0x7e, 0x00,
  0x7f, 0xf8, 0xe4, 0xfc, 0xc3, 0xef, 0x94, 0x20, 0xee, 0x94, 0x00, 0x40,
  0x0c, 0xee, 0x13, 0xfe, 0xef, 0x13, 0xff, 0x74, 0x10, 0x2d, 0xfd, 0x80,
  0x07, 0xef, 0x24, 0xf0, 0x2d, 0xfd, 0x80, 0x05, 0x0c, 0xec, 0xb4, 0x05,
  0xdf, 0xaf, 0x05, 0x22, 0xad, 0x07, 0xed, 0x54, 0x0f, 0x24, 0x10, 0xff,
  0xe4, 0x33, 0xfe, 0xd1, 0xc7, 0xed, 0x30, 0xe0, 0x1a, 0x74, 0x01, 0xa8,
  0x04, 0x08, 0x80, 0x02, 0xc3, 0x33, 0xd8, 0xfc, 0xfb, 0xef, 0xa8, 0x03,
  0x08, 0x80, 0x05, 0xc3, 0x33, 0xce, 0x33, 0xce, 0xd8, 0xf9, 0xff, 0xed,
  0xc3, 0x13, 0xfd, 0x0c, 0xec, 0xb4, 0x03, 0xd9, 0xad, 0x07, 0xac, 0x06,
  0xf1, 0x35, 0x78, 0x41, 0x02, 0x12, 0x21, 0x12, 0x10, 0x23, 0x02, 0x0d,
  0x41, 0x90, 0xcb, 0x5c, 0x02, 0x1a, 0x68, 0x7f, 0xc2, 0x7e, 0x00, 0x02,
  0x03, 0x6e, 0x78, 0x3f, 0x12, 0x10, 0x27, 0x02, 0x13, 0x75, 0xe4, 0xfd,
  0xfc, 0x7f, 0xc0, 0xfe, 0x02, 0x03, 0x6e, 0x12, 0x1a, 0x4c, 0x12, 0x12,
  0x21, 0xe4, 0xfb, 0xfa, 0x22, 0x7e, 0x00, 0x12, 0x03, 0x6e, 0x7d, 0x02,
  0x7c, 0x00, 0x22, 0xc0, 0x04, 0xc0, 0x05, 0xc0, 0x06, 0xc0, 0x07, 0xd1,
  0xa5, 0x90, 0xd3, 0x24, 0x12, 0x1a, 0xe9, 0xd0, 0x07, 0xd0, 0x06, 0xd0,
  0x05, 0xd0, 0x04, 0x81, 0xd9, 0x90, 0xd3, 0x1c, 0x02, 0x1a, 0x4c, 0x81,
  0x66, 0x90, 0xd3, 0x20, 0x02, 0x1a, 0xe9, 0x12, 0x12, 0x21, 0x02, 0x13,
  0x75, 0x90, 0xd3, 0x2b, 0x02, 0x1a, 0xe9, 0xe4, 0xff, 0xfe, 0x7d, 0xc8,
  0x7c, 0x42, 0x22, 0xed, 0xc4, 0x54, 0x0f, 0xfd, 0xe4, 0xfc, 0x22, 0x7b,
  0x01, 0x7a, 0xd2, 0x79, 0xee, 0xe4, 0xff, 0xfe, 0x12, 0x03, 0x69, 0x90,
  0xd2, 0xee, 0xa3, 0xe0, 0xfd, 0x54, 0x0f, 0x24, 0x10, 0xfe, 0xe4, 0x33,
  0x90, 0xd2, 0xee, 0xf0, 0xa3, 0xce, 0xf0, 0xd1, 0xc7, 0xed, 0x30, 0xe0,
  0x25, 0x74, 0x01, 0xa8, 0x04, 0x08, 0x80, 0x02, 0xc3, 0x33, 0xd8, 0xfc,
  0xff, 0x90, 0xd2, 0xee, 0xe0, 0xfe, 0xa3, 0xe0, 0xa8, 0x07, 0x08, 0x80,
  0x05, 0xc3, 0x33, 0xce, 0x33, 0xce, 0xd8, 0xf9, 0xf0, 0xee, 0x90, 0xd2,
  0xee, 0xf0, 0xed, 0xc3, 0x13, 0xfd, 0x0c, 0xec, 0xb4, 0x03, 0xce, 0x90,
  0xd2, 0xee, 0xf1, 0x30, 0x78, 0x41, 0x02, 0x12, 0x21, 0x90, 0xd0, 0x95,
  0xe0, 0xfc, 0xa3, 0xe0, 0xfd, 0xe4, 0x12, 0x13, 0x3c, 0xe4, 0xfb, 0xfa,
  0x79, 0x80, 0x22, 0xad, 0x07, 0xac, 0x06, 0xf1, 0x35, 0x78, 0x43, 0x12,
  0x12, 0x21, 0xa1, 0xa8, 0x80, 0x81, 0xad, 0x07, 0xac, 0x06, 0xf1, 0x35,
  0x78, 0x43, 0x12, 0x12, 0x21, 0x7f, 0x00, 0x22, 0x90, 0xcf, 0x5d, 0xe0,
  0x70, 0x21, 0xef, 0x64, 0x01, 0x60, 0x1c, 0x90, 0xcb, 0x66, 0x12, 0x1a,
  0xf5, 0x00, 0x00, 0x00, 0x00, 0xf1, 0x84, 0x12, 0x00, 0x9e, 0xf1, 0x84,
  0xf1, 0x8a, 0xf1, 0x84, 0xf1, 0x90, 0xf1, 0x97, 0x12, 0x04, 0x4a, 0x22,
  0x90, 0xcb, 0x60, 0x02, 0x1a, 0x4c, 0x90, 0xcb, 0x6e, 0x02, 0x1a, 0xe9,
  0x90, 0xd3, 0x14, 0x02, 0x1a, 0xe9, 0xf0, 0x90, 0xcb, 0xde, 0x02, 0x1a,
  0x4c, 0xe4, 0xff, 0xfe, 0x7d, 0x80, 0x7c, 0x3f, 0x22, 0x90, 0xcf, 0x5d,
  0xe0, 0x70, 0x0d, 0x90, 0xce, 0x66, 0xe0, 0x70, 0x03, 0xa3, 0xe0, 0x6f,
  0x60, 0x02, 0xf1, 0xb9, 0x22, 0x90, 0xcb, 0x77, 0x74, 0x01, 0xf0, 0x22,
  0x90, 0xcf, 0x5d, 0xe0, 0x70, 0x09, 0x90, 0xd0, 0x4c, 0xe0, 0x6d, 0x60,
  0x02, 0xf1, 0xb9, 0x22, 0x30, 0x01, 0x13, 0x12, 0x03, 0x8c, 0x78, 0x18,
  0x7c, 0xd3, 0x12, 0x8d, 0x60, 0x90, 0xd3, 0x1a, 0x12, 0x8a, 0xaa, 0x12,
  0x8b, 0x4c, 0x90, 0xcf, 0x5d, 0xe0, 0x70, 0x12, 0xae, 0x04, 0xaf, 0x05,
  0xac, 0x02, 0xad, 0x03, 0x90, 0xd3, 0x16, 0x12, 0x88, 0x12, 0xf0, 0x12,
  0x00, 0xd0, 0x22, 0x90, 0xc4, 0x4c, 0xe0, 0xfe, 0xa3, 0xe0, 0xff, 0x90,
  0xc4, 0x4e, 0xe0, 0xfc, 0xa3, 0xe0, 0xfd, 0x90, 0xc4, 0x50, 0xe0, 0xfa,
  0xa3, 0xe0, 0xfb, 0xe4, 0x90, 0xd3, 0x26, 0x22, 0x90, 0xcf, 0x5d, 0xe0,
  0x70, 0x22, 0xef, 0x64, 0x01, 0x70, 0x1d, 0x90, 0xd2, 0x72, 0xe0, 0x70,
  0x06, 0x12, 0x87, 0xff, 0xf0, 0x80, 0x0e, 0xe4, 0x90, 0xd3, 0x26, 0xf0,
  0xfb, 0x7a, 0x01, 0xfd, 0x7c, 0x01, 0xff, 0x7e, 0x01, 0x12, 0x00, 0xd0,
  0x22, 0x90, 0xd3, 0x10, 0xef, 0xf0, 0x11, 0x5c, 0x90, 0xd3, 0x10, 0xe0,
  0xff, 0x12, 0x04, 0x90, 0x90, 0xd3, 0x10, 0xe0, 0xff, 0x02, 0x04, 0x95,
  0x90, 0xd3, 0x11, 0xef, 0xf0, 0x90, 0x80, 0x2a, 0xe4, 0xf0, 0xa3, 0x74,
  0x81, 0xf0, 0x7d, 0x04, 0x7f, 0x01, 0x12, 0x04, 0x7c, 0x90, 0xd3, 0x11,
  0xe0, 0x24, 0xfe, 0x60, 0x19, 0x14, 0x60, 0x26, 0x24, 0x02, 0x70, 0x34,
  0xe4, 0xfd, 0xfc, 0x7f, 0x12, 0xfe, 0x11, 0xdd, 0x70, 0x03, 0xfd, 0x80,
  0x3a, 0xe4, 0xfd, 0xfc, 0x80, 0x3e, 0x11, 0xd5, 0x7d, 0x01, 0x70, 0x02,
  0x80, 0x0d, 0x7c, 0x00, 0x7f, 0x01, 0x7e, 0x00, 0x80, 0x30, 0x11, 0xd5,
  0x70, 0x06, 0xfd, 0xfc, 0x7f, 0x01, 0x80, 0x1d, 0xe4, 0xfd, 0xfc, 0x7f,
  0x01, 0xfe, 0x80, 0x1e, 0x7d, 0x20, 0x7c, 0x00, 0x7f, 0x12, 0x7e, 0x00,
  0x12, 0x03, 0x6e, 0x7d, 0x17, 0x11, 0xe2, 0x7d, 0x01, 0x70, 0x06, 0xfc,
  0xff, 0xfe, 0x02, 0x03, 0xd2, 0x7c, 0x00, 0xe4, 0xff, 0xfe, 0x02, 0x03,
  0x3c, 0x7d, 0x10, 0x7c, 0x00, 0x7f, 0x12, 0x7e, 0x00, 0x12, 0x03, 0x6e,
  0x7d, 0x13, 0x7c, 0x00, 0x7f, 0x28, 0x7e, 0x00, 0x12, 0x03, 0x6e, 0x90,
  0xd0, 0x4d, 0xe0, 0x22, 0x90, 0xc2, 0x20, 0xe0, 0x60, 0x02, 0x21, 0x99,
  0x90, 0xd3, 0x1c, 0xf0, 0x31, 0xcc, 0xfd, 0x7c, 0x00, 0xc0, 0x04, 0xc0,
  0x05, 0xef, 0x90, 0x0f, 0x80, 0x93, 0x31, 0xf5, 0x12, 0x87, 0x96, 0x31,
  0xfe, 0xd0, 0x05, 0xd0, 0x04, 0x7b, 0x10, 0x7a, 0x00, 0x7f, 0x04, 0x7e,
  0x00, 0x12, 0x02, 0x8d, 0x90, 0xd3, 0x1c, 0x31, 0xe1, 0x31, 0xee, 0x04,
  0xf0, 0xe0, 0xc3, 0x94, 0x10, 0x40, 0xcd, 0x31, 0xd6, 0x90, 0xcc, 0x0e,
  0x74, 0x02, 0xf0, 0x90, 0xcc, 0x13, 0x74, 0x04, 0xf0, 0x7f, 0x02, 0x12,
  0x01, 0x2a, 0x90, 0x80, 0x01, 0x74, 0xff, 0xf0, 0x90, 0xc1, 0x0b, 0xe0,
  0x12, 0x1c, 0x64, 0x89, 0x68, 0x00, 0x89, 0x6f, 0x01, 0x89, 0x76, 0x02,
  0x89, 0x7d, 0x03, 0x89, 0x84, 0x04, 0x89, 0x8b, 0x05, 0x89, 0x92, 0x06,
  0x00, 0x00, 0x89, 0xcb, 0x90, 0xcd, 0xb0, 0x74, 0x28, 0xf0, 0x22, 0x90,
  0xcd, 0xb0, 0x74, 0x1e, 0xf0, 0x22, 0x90, 0xcd, 0xb0, 0x74, 0x19, 0xf0,
  0x22, 0x90, 0xcd, 0xb0, 0x74, 0x14, 0xf0, 0x22, 0x90, 0xcd, 0xb0, 0x74,
  0x0f, 0xf0, 0x22, 0x90, 0xcd, 0xb0, 0x74, 0x0a, 0xf0, 0x22, 0x90, 0xcd,
  0xb0, 0x74, 0x05, 0xf0, 0x22, 0xe4, 0x90, 0xd3, 0x1c, 0xf0, 0x31, 0xcc,
  0xfe, 0x74, 0x79, 0x2f, 0x31, 0xe4, 0xee, 0xf0, 0x90, 0xd3, 0x1c, 0xe0,
  0x04, 0xf0, 0xe0, 0xb4, 0x10, 0xec, 0x31, 0xd6, 0x90, 0xcc, 0x0e, 0x74,
  0x02, 0xf0, 0x90, 0xcc, 0x11, 0x74, 0x06, 0xf0, 0xe4, 0xff, 0x12, 0x01,
  0x2a, 0x90, 0x80, 0x01, 0x74, 0x2f, 0xf0, 0x22, 0x90, 0xd3, 0x1c, 0xe0,
  0xff, 0x90, 0x0f, 0x70, 0x93, 0x22, 0x90, 0xd0, 0x85, 0xe0, 0xfe, 0xa3,
  0xe0, 0xff, 0x02, 0x03, 0xb4, 0xe0, 0x24, 0x79, 0xf5, 0x82, 0xe4, 0x34,
  0xc1, 0xf5, 0x83, 0x22, 0xf0, 0xa3, 0xef, 0xf0, 0x90, 0xd3, 0x1c, 0xe0,
  0x22, 0xff, 0x90, 0xd3, 0x23, 0xe4, 0xf0, 0xa3, 0xef, 0x22, 0x12, 0x13,
  0x75, 0x90, 0xd3, 0x25, 0xee, 0xf0, 0xa3, 0xef, 0xf0, 0x22, 0x02, 0x0f,
  0xfe, 0x51, 0x12, 0x7f, 0x00, 0x22, 0x02, 0x02, 0x1a, 0x90, 0xce, 0x70,
  0x74, 0x80, 0xf0, 0xa3, 0x74, 0x01, 0xf0, 0x90, 0xcf, 0x17, 0x74, 0x20,
  0xf0, 0xa3, 0x74, 0x06, 0xf0, 0xe4, 0x90, 0xcf, 0x5d, 0xf0, 0x22, 0x90,
  0xcb, 0xea, 0x12, 0x1a, 0x68, 0xe4, 0xff, 0xfe, 0x7d, 0x80, 0x7c, 0x3f,
  0x12, 0x10, 0x23, 0x90, 0xd3, 0x1b, 0x02, 0x1a, 0xe9, 0x7b, 0x01, 0x7a,
  0xd2, 0x79, 0xc7, 0x90, 0xd2, 0xc1, 0xe0, 0xfc, 0xa3, 0xe0, 0xfd, 0xa3,
  0xe0, 0xff, 0xa3, 0xe0, 0x90, 0xd2, 0xe4, 0xcf, 0xf0, 0xa3, 0xef, 0xf0,
  0x22, 0x12, 0x1b, 0x43, 0xe9, 0x24, 0x04, 0xf9, 0xe4, 0x3a, 0xfa, 0x12,
  0x16, 0xc9, 0x54, 0xfe, 0xff, 0xe5, 0xf0, 0x8f, 0xf0, 0x02, 0x17, 0xb1,
  0x90, 0xd3, 0x0f, 0xee, 0xf0, 0xa3, 0xef, 0xf0, 0xa3, 0xec, 0xf0, 0xa3,
  0xed, 0xf0, 0x22, 0xe0, 0xfe, 0xa3, 0xe0, 0xfb, 0xaa, 0x06, 0xe4, 0xf9,
  0xf8, 0x22, 0x12, 0x1b, 0x43, 0x90, 0x00, 0x08, 0x02, 0x16, 0xf4, 0x12,
  0x1b, 0x43, 0x90, 0x00, 0x02, 0x02, 0x16, 0xf4, 0xe0, 0xfe, 0xa3, 0xe0,
  0xff, 0xa3, 0xe0, 0xfc, 0xa3, 0xe0, 0xfd, 0xa3, 0xe0, 0xfa, 0xa3, 0xe0,
  0xfb, 0x22, 0xef, 0x75, 0xf0, 0x07, 0xa4, 0x24, 0x68, 0xf5, 0x82, 0xe4,
  0x34, 0xcf, 0xf5, 0x83, 0xe4, 0xf0, 0xa3, 0xf0, 0xef, 0x75, 0xf0, 0x07,
  0xa4, 0x24, 0x6a, 0xf5, 0x82, 0xe4, 0x34, 0xcf, 0xf5, 0x83, 0x22, 0x90,
  0xd2, 0xba, 0x12, 0x1a, 0x68, 0xc3, 0x02, 0x19, 0x73, 0xff, 0x90, 0x00,
  0x0a, 0xe5, 0xf0, 0x8f, 0xf0, 0x02, 0x17, 0xd0, 0x90, 0x00, 0x0d, 0xee,
  0x8f, 0xf0, 0x02, 0x17, 0xd0, 0x90, 0xd3, 0x2d, 0xe0, 0xfc, 0xa3, 0xe0,
  0xfd, 0xd3, 0x22, 0xee, 0xf0, 0xa3, 0xef, 0xf0, 0xa3, 0x22, 0xe0, 0xfe,
  0xa3, 0xe0, 0xff, 0xee, 0x33, 0x95, 0xe0, 0xfd, 0xfc, 0x22, 0x90, 0xc3,
  0x3e, 0x74, 0x05, 0xf0, 0x90, 0xc3, 0x48, 0x74, 0x19, 0xf0, 0x90, 0xc3,
  0x41, 0x74, 0x02, 0xf0, 0x90, 0xc3, 0x49, 0x74, 0x0c, 0xf0, 0x90, 0xc3,
  0x3a, 0x74, 0x05, 0xf0, 0x90, 0xc3, 0x44, 0x74, 0x19, 0xf0, 0x90, 0xc3,
  0x3c, 0x74, 0x02, 0xf0, 0x90, 0xc3, 0x45, 0x74, 0x0c, 0xf0, 0x22, 0xed,
  0xf0, 0xa3, 0xea, 0xf0, 0xa3, 0xeb, 0xf0, 0x22, 0xa3, 0xe0, 0xff, 0xa3,
  0xe0, 0x90, 0xd3, 0x16, 0xcf, 0xf0, 0xa3, 0xef, 0xf0, 0x22, 0x90, 0xcb,
  0xf9, 0xe0, 0xfc, 0xa3, 0xe0, 0xfd, 0x90, 0xcb, 0xfb, 0xe0, 0xfa, 0xa3,
  0xe0, 0xfb, 0x90, 0xcb, 0xfd, 0xe0, 0xff, 0xa3, 0xe0, 0x90, 0xd3, 0x15,
  0xcf, 0xf0, 0xa3, 0xef, 0xf0, 0x22, 0x90, 0x00, 0x04, 0x02, 0x16, 0xf4,
  0x90, 0xfe, 0x86, 0xe0, 0x54, 0xef, 0xf0, 0x22, 0x7d, 0x01, 0x7b, 0x01,
  0x7a, 0xca, 0x79, 0xf1, 0x7e, 0x00, 0x7f, 0x64, 0x02, 0x15, 0x3e, 0xe0,
  0xff, 0x7b, 0x01, 0x7a, 0x72, 0x79, 0x00, 0x22, 0x12, 0x1b, 0x43, 0x02,
  0x16, 0xc9, 0xff, 0x7e, 0x00, 0x02, 0x16, 0x00, 0x90, 0x00, 0x08, 0x02,
  0x15, 0x7d, 0x90, 0x00, 0x01, 0x02, 0x15, 0x7d, 0xfe, 0x90, 0xd0, 0xd7,
  0xe0, 0x2f, 0xff, 0xec, 0x3e, 0xc3, 0x13, 0xfe, 0xef, 0x13, 0x22, 0x90,
  0xd3, 0x23, 0x12, 0x1b, 0x63, 0x90, 0xc1, 0x91, 0xe0, 0xfa, 0xa3, 0xe0,
  0xfb, 0x22, 0x12, 0x1a, 0x4c, 0x90, 0xd2, 0xba, 0x02, 0x1a, 0xe9, 0x90,
  0xd2, 0xb9, 0xe0, 0x04, 0xf0, 0xe0, 0xc3, 0x94, 0x0a, 0x22, 0xe4, 0xf0,
  0xa3, 0x74, 0x40, 0xf0, 0xa3, 0xe4, 0xf0, 0xa3, 0x74, 0x40, 0x22, 0xd3,
  0xef, 0x9d, 0xec, 0x64, 0x80, 0xf8, 0xee, 0x64, 0x80, 0x98, 0x22, 0xe4,
  0x7b, 0x64, 0xfa, 0xf9, 0xf8, 0x02, 0x18, 0xa3, 0x7f, 0x00, 0x7e, 0x00,
  0x7d, 0x00, 0x7c, 0x40, 0x02, 0x08, 0x8f, 0x7f, 0x00, 0x7e, 0x00, 0x7d,
  0x20, 0x7c, 0x41, 0x02, 0x08, 0x8f, 0xe0, 0xfc, 0xa3, 0xe0, 0xfd, 0xf5,
  0x82, 0x8c, 0x83, 0x22, 0x8d, 0x82, 0x8c, 0x83, 0x7b, 0x01, 0x7a, 0xd3,
  0x79, 0x12, 0xad, 0x07, 0xac, 0x06, 0xae, 0x83, 0xaf, 0x82, 0x90, 0xd3,
  0x1b, 0xee, 0xf0, 0xa3, 0xef, 0xf0, 0x22, 0xcf, 0xf0, 0xa3, 0xef, 0xf0,
  0x90, 0xd2, 0xbb, 0xe0, 0x22, 0xe0, 0xfe, 0xa3, 0xe0, 0xff, 0x7d, 0x00,
  0x7c, 0x72, 0x22, 0x90, 0xcb, 0xea, 0x02, 0x1a, 0x4c, 0x90, 0xd3, 0x55,
  0x74, 0x0a, 0xf0, 0xe4, 0xfb, 0x22, 0x25, 0xe0, 0x25, 0xe0, 0x24, 0xff,
  0xf5, 0x82, 0xe4, 0x34, 0xc2, 0xf5, 0x83, 0x22, 0xf0, 0x90, 0xc3, 0x81,
  0x04, 0xf0, 0xe4, 0x90, 0xc3, 0x33, 0xf0, 0x90, 0xc3, 0x82, 0xf0, 0xa3,
  0xf0, 0x90, 0xc3, 0x7a, 0xf0, 0xa3, 0xf0, 0x22, 0xe0, 0xfe, 0xa3, 0xe0,
  0xff, 0xa3, 0xe0, 0xfc, 0xa3, 0xe0, 0xfd, 0x22, 0xee, 0xf0, 0xa3, 0xef,
  0xf0, 0x90, 0xd3, 0x19, 0xe0, 0x22, 0xe0, 0x90, 0x72, 0x03, 0xf0, 0x90,
  0xd2, 0xc4, 0xe0, 0x90, 0x72, 0x04, 0xf0, 0x90, 0xd2, 0xc3, 0xe0, 0x90,
  0x72, 0x05, 0x22, 0x12, 0x1a, 0x68, 0xc3, 0x02, 0x19, 0x5d, 0xf0, 0x90,
  0xd2, 0xba, 0x02, 0x1a, 0x4c, 0x12, 0x1b, 0x43, 0xef, 0x02, 0x15, 0xcc,
  0xf5, 0x83, 0xee, 0xf0, 0xa3, 0xef, 0xf0, 0x22, 0xe0, 0xff, 0xa3, 0xe0,
  0x90, 0xd2, 0xbb, 0xcf, 0xf0, 0xa3, 0xef, 0x22, 0xcf, 0xf0, 0xa3, 0xef,
  0xf0, 0x90, 0xd2, 0xfc, 0xe0, 0xff, 0xa3, 0x22, 0x54, 0x07, 0xfe, 0xef,
  0xa8, 0x06, 0x08, 0x22, 0x7e, 0x00, 0x7f, 0x16, 0x02, 0x15, 0x3e, 0xe0,
  0xfc, 0xa3, 0xe0, 0xfd, 0xef, 0x22, 0x90, 0xd2, 0xbb, 0xe0, 0xfe, 0xa3,
  0xe0, 0xff, 0x22, 0x90, 0xd2, 0xbd, 0x02, 0x1a, 0x4c, 0xe0, 0xc3, 0x9f,
  0xff, 0xe4, 0x94, 0x00, 0xfe, 0x22, 0x12, 0x1b, 0x43, 0xe9, 0x2f, 0xf9,
  0xea, 0x3e, 0xfa, 0x22, 0x90, 0xd2, 0xc3, 0xee, 0xf0, 0xa3, 0xef, 0xf0,
  0x22, 0x90, 0x00, 0x05, 0x02, 0x15, 0xde, 0xe0, 0xfe, 0xa3, 0xe0, 0xff,
  0xed, 0x22, 0xe0, 0xfd, 0x7c, 0x00, 0x02, 0x1c, 0xf1, 0xf5, 0x82, 0xe4,
  0x34, 0xc4, 0xf5, 0x83, 0xe0, 0x22, 0xf5, 0x82, 0xe4, 0x34, 0xc4, 0xf5,
  0x83, 0xe0, 0x22, 0x90, 0xd2, 0xe2, 0xe0, 0xfe, 0xa3, 0xe0, 0xff, 0x22,
  0x7d, 0x01, 0x7e, 0x00, 0x7f, 0x08, 0x02, 0x15, 0x3e, 0x12, 0x1b, 0x43,
  0x8d, 0x82, 0x8c, 0x83, 0x02, 0x15, 0x7d, 0x90, 0xd2, 0xc0, 0xe0, 0x90,
  0x72, 0x00, 0xf0, 0x90, 0xd2, 0xbf, 0xe0, 0x90, 0x72, 0x01, 0xf0, 0x22,
  0x12, 0x1b, 0x43, 0x90, 0x00, 0x02, 0xec, 0x8d, 0xf0, 0x12, 0x17, 0xd0,
  0xef, 0x22, 0xa3, 0xe0, 0xfe, 0xa3, 0xe0, 0xff, 0x22, 0xee, 0xf0, 0xa3,
  0xef, 0xf0, 0xc3, 0x22, 0x12, 0x1a, 0x68, 0xd3, 0x02, 0x19, 0x5d, 0x90,
  0x00, 0x06, 0x12, 0x16, 0xf4, 0xff, 0x22, 0xe4, 0x75, 0xf0, 0x01, 0x02,
  0x16, 0x9d, 0xe9, 0x24, 0x02, 0xf9, 0xe4, 0x3a, 0xfa, 0x22, 0x90, 0xd2,
  0xbb, 0xe0, 0x04, 0xf0, 0x22, 0x90, 0xce, 0xa9, 0xa3, 0xe0, 0xff, 0x90,
  0xce, 0x73, 0xe0, 0x6f, 0xff, 0x22, 0xfa, 0xf9, 0xf8, 0xc3, 0x02, 0x19,
  0x73, 0xf9, 0xe4, 0x3a, 0xfa, 0x90, 0xd2, 0xd7, 0x22, 0x90, 0xd3, 0x2b,
  0xe0, 0xfe, 0xa3, 0xe0, 0xff, 0x22, 0x90, 0xd2, 0xc1, 0xee, 0xf0, 0xa3,
  0xef, 0xf0, 0x22, 0xe0, 0xfa, 0xa3, 0xe0, 0xfb, 0xa3, 0xe0, 0xff, 0xa3,
  0xe0, 0x22, 0x75, 0xf0, 0x07, 0xa4, 0x24, 0x6c, 0xf5, 0x82, 0xe4, 0x34,
  0xcf, 0xf5, 0x83, 0x22, 0x90, 0xc1, 0x91, 0xe0, 0xfc, 0xa3, 0xe0, 0xfd,
  0x22, 0xe4, 0x90, 0xd2, 0xbf, 0xf0, 0xa3, 0x74, 0xff, 0xf0, 0x90, 0xd2,
  0xbd, 0xe0, 0x22, 0x90, 0xc4, 0x4a, 0xee, 0xf0, 0xa3, 0xef, 0xf0, 0x22,
  0x90, 0x00, 0x06, 0x02, 0x15, 0x7d, 0xee, 0x8f, 0xf0, 0x02, 0x17, 0xb1,
  0xf5, 0x83, 0xe0, 0xfc, 0xa3, 0xe0, 0x22, 0xcf, 0xf0, 0xa3, 0xef, 0xf0,
  0x90, 0xd3, 0x11, 0x22, 0x90, 0x00, 0x06, 0xcf, 0x8f, 0xf0, 0x02, 0x17,
  0xd0, 0x90, 0xd2, 0xb9, 0xe0, 0x04, 0xf0, 0x22, 0xef, 0x9d, 0xff, 0xee,
  0x9c, 0xfe, 0x22, 0x90, 0xd3, 0x27, 0x12, 0x1a, 0xe9, 0x90, 0xd3, 0x27,
  0x02, 0x1a, 0x4c, 0xe0, 0xfc, 0xa3, 0xe0, 0xfd, 0xe4, 0x22, 0x90, 0x00,
  0x06, 0xee, 0x8f, 0xf0, 0x22, 0xf0, 0x90, 0xd3, 0x15, 0xe0, 0xff, 0xa3,
  0xe0, 0x22, 0x90, 0xd3, 0x32, 0x02, 0x1b, 0x63, 0xe0, 0xff, 0xa3, 0xe0,
  0x90, 0xd2, 0xbf, 0xcf, 0xf0, 0xa3, 0xef, 0xf0, 0x22, 0xe0, 0xfc, 0xa3,
  0xe0, 0x29, 0xf9, 0xea, 0x3c, 0xfa, 0x02, 0x15, 0x64, 0x12, 0x11, 0x18,
  0x90, 0xcb, 0xe2, 0x22, 0x90, 0xd0, 0xd4, 0x02, 0x1b, 0x43, 0xcf, 0xf0,
  0xa3, 0xef, 0xf0, 0x90, 0xd3, 0x1d, 0x22, 0xf0, 0xa3, 0xef, 0xf0, 0xae,
  0x02, 0xaf, 0x03, 0x22, 0xe4, 0xfb, 0xfa, 0xf9, 0x78, 0x40, 0x22, 0x90,
  0xd2, 0xc0, 0x02, 0x1a, 0x4c, 0x12, 0x1b, 0x43, 0x02, 0x19, 0xbe, 0x8f,
  0x82, 0x8e, 0x83, 0x02, 0x15, 0x7d, 0xfd, 0xac, 0xf0, 0xe4, 0x02, 0x13,
  0x3c, 0x90, 0x72, 0x00, 0xf0, 0x12, 0x15, 0x64, 0x90, 0x72, 0x01, 0xf0,
  0x22, 0x90, 0x00, 0x0a, 0x12, 0x16, 0xf4, 0xff, 0x22, 0xe0, 0xff, 0xa3,
  0xe0, 0x90, 0xd2, 0xc1, 0xcf, 0xf0, 0xa3, 0xef, 0x22, 0xff, 0xc3, 0xed,
  0x9f, 0xec, 0x95, 0xf0, 0x22, 0x7b, 0x08, 0x7a, 0x00, 0x7d, 0x01, 0x7c,
  0x00, 0x22, 0xaf, 0x03, 0xae, 0x02, 0x02, 0x16, 0x00, 0xc3, 0x90, 0xd3,
  0x12, 0xe0, 0x9f, 0xff, 0x90, 0xd3, 0x11, 0xe0, 0x22, 0xc3, 0x90, 0xd3,
  0x10, 0xe0, 0x9f, 0xff, 0x90, 0xd3, 0x0f, 0xe0, 0x22, 0xe0, 0xfe, 0xa3,
  0xe0, 0xff, 0x7d, 0x02, 0x22, 0x7e, 0x00, 0x7f, 0x0a, 0x02, 0x15, 0x3e,
  0xe4, 0x75, 0xf0, 0x01, 0x02, 0x1b, 0x4c, 0x7c, 0x00, 0x7d, 0x64, 0x02,
  0x16, 0x12, 0xc3, 0x90, 0xd2, 0xf8, 0xe0, 0x9f, 0xff, 0x90, 0xd2, 0xf7,
  0xe0, 0x22, 0x90, 0xd3, 0x3f, 0xe0, 0x04, 0xf0, 0xe0, 0x22, 0xcf, 0xf0,
  0xa3, 0xef, 0xf0, 0xaf, 0x05, 0x22, 0xee, 0xf0, 0xa3, 0xef, 0xf0, 0xd2,
  0x00, 0x22, 0x90, 0xd2, 0xb8, 0xef, 0xf0, 0x90, 0xd2, 0xba, 0xeb, 0xf0,
  0x22, 0xe4, 0xfb, 0xfa, 0x79, 0xc8, 0x78, 0x42, 0x02, 0x12, 0x21, 0x90,
  0xc2, 0x20, 0xe0, 0xff, 0x90, 0xc2, 0x44, 0xe0, 0xfd, 0x22, 0x90, 0xd3,
  0x14, 0x02, 0x1a, 0x4c, 0x2f, 0xff, 0xee, 0x35, 0xf0, 0xfe, 0x22, 0x12,
  0x1a, 0x4c, 0x90, 0xd2, 0xc3, 0x22, 0x90, 0xd3, 0x1f, 0x02, 0x1a, 0x4c,
  0xec, 0x8d, 0xf0, 0x02, 0x17, 0xd0, 0x90, 0xd2, 0xb9, 0xe0, 0xff, 0xc3,
  0x22, 0x90, 0xd2, 0xbd, 0x02, 0x1a, 0x68, 0x12, 0x1a, 0x68, 0x02, 0x18,
  0x18, 0xf5, 0x83, 0xe0, 0xfe, 0xa3, 0xe0, 0x22, 0x90, 0xd2, 0xd4, 0x02,
  0x1b, 0x43, 0x90, 0xcb, 0x60, 0x02, 0x1a, 0x68, 0x90, 0xcd, 0x77, 0xf0,
  0x90, 0xcd, 0x75, 0x04, 0xf0, 0x22, 0x90, 0xd2, 0xbd, 0x02, 0x1a, 0xe9,
  0x90, 0xd2, 0xd7, 0x02, 0x1b, 0x63, 0xec, 0xf0, 0xa3, 0xed, 0xf0, 0x90,
  0xd3, 0x17, 0xe0, 0x22, 0x90, 0xd0, 0x4c, 0xe0, 0x64, 0x03, 0x22, 0x90,
  0xd3, 0x30, 0x02, 0x1b, 0x63, 0x7b, 0x01, 0x7a, 0xc4, 0x79, 0xb6, 0x22,
  0x7b, 0x01, 0x7a, 0xc4, 0x79, 0x52, 0x22, 0x90, 0x84, 0x23, 0x74, 0x20,
  0xf0, 0x90, 0x84, 0x21, 0x22, 0x90, 0xd2, 0xb9, 0xef, 0xf0, 0xe4, 0x22,
  0x90, 0x80, 0x09, 0x74, 0x04, 0xf0, 0x22, 0x90, 0xd2, 0xf1, 0x02, 0x1a,
  0x4c, 0x90, 0xd2, 0xf1, 0x02, 0x1a, 0xe9, 0x90, 0x00, 0x10, 0x02, 0x1a,
  0x28, 0xee, 0xf0, 0xa3, 0xef, 0xf0, 0xed, 0x22, 0xfb, 0xc3, 0xed, 0x9b,
  0x74, 0x80, 0xf8, 0x6c, 0x98, 0x22, 0xef, 0xf0, 0x90, 0xcf, 0x44, 0xe0,
  0x22, 0x90, 0xd2, 0xc3, 0x02, 0x1b, 0x63, 0xfd, 0xc3, 0xef, 0x9d, 0xfd,
  0xee, 0x95, 0xf0, 0xfc, 0x22, 0xfd, 0xc3, 0xef, 0x9d, 0xff, 0xee, 0x95,
  0xf0, 0xfe, 0x22, 0x90, 0xd2, 0xef, 0x02, 0x1b, 0x63, 0x90, 0xce, 0x86,
  0xe0, 0x64, 0x08, 0x22, 0x12, 0x1a, 0x4c, 0x90, 0xd2, 0xcb, 0x02, 0x1a,
  0xe9, 0x90, 0xd2, 0xe2, 0xee, 0xf0, 0xa3, 0xef, 0xf0, 0x22, 0x90, 0xd2,
  0xd8, 0xee, 0xf0, 0xa3, 0xef, 0xf0, 0x22, 0xf0, 0x90, 0xd3, 0x2d, 0xe0,
  0x90, 0xd3, 0x43, 0x22, 0x90, 0xd0, 0x85, 0xe0, 0xfe, 0xa3, 0xe0, 0xff,
  0x22, 0xaa, 0x06, 0xea, 0x33, 0x95, 0xe0, 0xf9, 0xf8, 0x22, 0x90, 0xd2,
  0xcc, 0xe0, 0xfe, 0xa3, 0xe0, 0xff, 0x22, 0x90, 0xcb, 0xf7, 0xe0, 0xfe,
  0xa3, 0xe0, 0xff, 0x22, 0x12, 0x16, 0xf4, 0xf5, 0x82, 0x85, 0xf0, 0x83,
  0x22, 0xe0, 0x90, 0x72, 0x02, 0xf0, 0x90, 0xd2, 0xbd, 0x22, 0x90, 0xd2,
  0xf7, 0xee, 0xf0, 0xa3, 0xef, 0xf0, 0x22, 0xe0, 0xfe, 0xa3, 0xe0, 0xff,
  0x90, 0xd2, 0xf1, 0x22, 0xcf, 0xf0, 0xa3, 0xef, 0xf0, 0x90, 0xc3, 0x7a,
  0x22, 0xf5, 0x83, 0xec, 0xf0, 0xa3, 0xed, 0xf0, 0x22, 0x24, 0x52, 0xf5,
  0x82, 0xe4, 0x34, 0xc4, 0x22, 0x24, 0xb6, 0xf5, 0x82, 0xe4, 0x34, 0xc4,
  0x22, 0x24, 0x1a, 0xf5, 0x82, 0xe4, 0x34, 0xc5, 0x22, 0xf0, 0xa3, 0xef,
  0xf0, 0x90, 0xd2, 0xc3, 0x22, 0xe0, 0x90, 0x00, 0x02, 0x02, 0x15, 0xde,
  0x7e, 0x00, 0x7f, 0x06, 0x02, 0x15, 0x3e, 0x90, 0xd3, 0x17, 0xf0, 0xa3,
  0xef, 0xf0, 0x22, 0xee, 0xf0, 0xa3, 0xef, 0xf0, 0x7c, 0x00, 0x22, 0xe0,
  0xc3, 0x13, 0xfe, 0xa3, 0xe0, 0x13, 0x22, 0xf0, 0xa3, 0xef, 0xf0, 0x90,
  0xd2, 0xfe, 0x22, 0xee, 0xf0, 0xfc, 0xa3, 0xef, 0xf0, 0xfd, 0x22, 0x90,
  0xd3, 0x2e, 0xe0, 0xfe, 0xa3, 0xe0, 0x22, 0xe5, 0x09, 0xf0, 0xa3, 0xe5,
  0x0a, 0xf0, 0x22, 0x90, 0x80, 0x02, 0xe0, 0x54, 0xc4, 0xf0, 0x22, 0xe0,
  0x04, 0xf0, 0xe0, 0xc3, 0x94, 0x03, 0x22, 0xe0, 0xff, 0xa3, 0xe0, 0x5f,
  0xf5, 0x08, 0x22, 0xe0, 0xfb, 0xef, 0x2b, 0xff, 0xe4, 0x33, 0x22, 0xe0,
  0xfa, 0xa3, 0xe0, 0x2f, 0xff, 0xea, 0x22, 0xe0, 0x5e, 0xfe, 0xa3, 0xe0,
  0x5f, 0xff, 0x22, 0xe0, 0x90, 0x00, 0x03, 0x02, 0x15, 0xde, 0xf5, 0x82,
  0xe4, 0x34, 0xca, 0xf5, 0x83, 0x22, 0xe0, 0x90, 0x00, 0x09, 0x02, 0x15,
  0xde, 0xe0, 0x90, 0x00, 0x08, 0x02, 0x15, 0xde, 0x90, 0xd2, 0xf7, 0xe0,
  0xff, 0xa3, 0xe0, 0x22, 0xef, 0xf0, 0x90, 0xd2, 0xf9, 0xe0, 0xff, 0x22,
  0xf0, 0xa3, 0xef, 0xf0, 0x90, 0xd2, 0x91, 0x22, 0x90, 0xc3, 0x82, 0xe0,
  0xff, 0xa3, 0xe0, 0x22, 0xff, 0xff, 0xff, 0xff, 0xff, 0xff, 0xff, 0xff,
  0xff, 0xff, 0xff, 0xff, 0xff, 0xff, 0xff, 0xff, 0xff, 0xff, 0xff, 0xff,
  0xff, 0xff, 0xff, 0xff, 0xff, 0xff, 0xff, 0xff, 0xff, 0xff, 0xff, 0xff,
  0xff, 0xff, 0xff, 0xff, 0xff, 0xff, 0xff, 0xff, 0xff, 0xff, 0xff, 0xff,
  0xff, 0xff, 0xff, 0xff, 0xff, 0xff, 0xff, 0xff, 0xff, 0xff, 0xff, 0xff,
  0xff, 0xff, 0xff, 0xff, 0xff, 0xff, 0xff, 0xff, 0xff, 0xff, 0xff, 0xff,
  0xff, 0xff, 0xff, 0xff, 0xff, 0xff, 0xff, 0xff, 0xff, 0xff, 0xff, 0xff,
  0xff, 0xff, 0xff, 0xff, 0xff, 0xff, 0xff, 0xff, 0xff, 0xff, 0xff, 0xff,
  0xff, 0xff, 0xff, 0xff, 0xff, 0xff, 0xff, 0xff, 0xff, 0xff, 0xff, 0xff,
  0xff, 0xff, 0xff, 0xff, 0xff, 0xff, 0xff, 0xff, 0xff, 0xff, 0xff, 0xff,
  0xff, 0xff, 0xff, 0xff, 0xff, 0xff, 0xff, 0xff, 0xff, 0xff, 0xff, 0xff,
  0xff, 0xff, 0xff, 0xff, 0xff, 0xff, 0xff, 0xff, 0xff, 0xff, 0xff, 0xff,
  0xff, 0xff, 0xff, 0xff, 0xff, 0xff, 0xff, 0xff, 0xff, 0xff, 0xff, 0xff,
  0xff, 0xff, 0xff, 0xff, 0xff, 0xff, 0xff, 0xff, 0xff, 0xff, 0xff, 0xff,
  0xff, 0xff, 0xff, 0xff, 0xff, 0xff, 0xff, 0xff, 0xff, 0xff, 0xff, 0xff,
  0xff, 0xff, 0xff, 0xff, 0xff, 0xff, 0xff, 0xff, 0xff, 0xff, 0xff, 0xff,
  0xff, 0xff, 0xff, 0xff, 0xff, 0xff, 0xff, 0xff, 0xff, 0xff, 0xff, 0xff,
  0xff, 0xff, 0xff, 0xff, 0xff, 0xff, 0xff, 0xff, 0xff, 0xff, 0xff, 0xff,
  0xff, 0xff, 0xff, 0xff, 0xff, 0xff, 0xff, 0xff, 0xff, 0xff, 0xff, 0xff,
  0xff, 0xff, 0xff, 0xff, 0xff, 0xff, 0xff, 0xff, 0xff, 0xff, 0xff, 0xff,
  0xff, 0xff, 0xff, 0xff, 0xff, 0xff, 0xff, 0xff, 0xff, 0xff, 0xff, 0xff,
  0xff, 0xff, 0xff, 0xff, 0xff, 0xff, 0xff, 0xff, 0xff, 0xff, 0xff, 0xff,
  0xff, 0xff, 0xff, 0xff, 0xff, 0xff, 0xff, 0xff, 0xff, 0xff, 0xff, 0xff,
  0xff, 0xff, 0xff, 0xff, 0xff, 0xff, 0xff, 0xff, 0xff, 0xff, 0xff, 0xff,
  0xff, 0xff, 0xff, 0xff, 0xff, 0xff, 0xff, 0xff, 0xff, 0xff, 0xff, 0xff,
  0xff, 0xff, 0xff, 0xff, 0xff, 0xff, 0xff, 0xff, 0xff, 0xff, 0xff, 0xff,
  0xff, 0xff, 0xff, 0xff, 0xff, 0xff, 0xff, 0xff, 0xff, 0xff, 0xff, 0xff,
  0xff, 0xff, 0xff, 0xff, 0xff, 0xff, 0xff, 0xff, 0xff, 0xff, 0xff, 0xff,
  0xff, 0xff, 0xff, 0xff, 0xff, 0xff, 0xff, 0xff, 0xff, 0xff, 0xff, 0xff,
  0xff, 0xff, 0xff, 0xff, 0xff, 0xff, 0xff, 0xff, 0xff, 0xff, 0xff, 0xff,
  0xff, 0xff, 0xff, 0xff, 0xff, 0xff, 0xff, 0xff, 0xff, 0xff, 0xff, 0xff,
  0xff, 0xff, 0xff, 0xff, 0xff, 0xff, 0xff, 0xff, 0xff, 0xff, 0xff, 0xff,
  0xff, 0xff, 0xff, 0xff, 0xff, 0xff, 0xff, 0xff, 0xff, 0xff, 0xff, 0xff,
  0xff, 0xff, 0xff, 0xff, 0xff, 0xff, 0xff, 0xff, 0xff, 0xff, 0xff, 0xff,
  0xff, 0xff, 0xff, 0xff, 0xff, 0xff, 0xff, 0xff, 0xff, 0xff, 0xff, 0xff,
  0xff, 0xff, 0xff, 0xff, 0xff, 0xff, 0xff, 0xff, 0xff, 0xff, 0xff, 0xff,
  0xff, 0xff, 0xff, 0xff, 0xff, 0xff, 0xff, 0xff, 0xff, 0xff, 0xff, 0xff,
  0xff, 0xff, 0xff, 0xff, 0xff, 0xff, 0xff, 0xff, 0xff, 0xff, 0xff, 0xff,
  0xff, 0xff, 0xff, 0xff, 0xff, 0xff, 0xff, 0xff, 0xff, 0xff, 0xff, 0xff,
  0xff, 0xff, 0xff, 0xff, 0xff, 0xff, 0xff, 0xff, 0xff, 0xff, 0xff, 0xff,
  0xff, 0xff, 0xff, 0xff, 0xff, 0xff, 0xff, 0xff, 0xff, 0xff, 0xff, 0xff,
  0xff, 0xff, 0xff, 0xff, 0xff, 0xff, 0xff, 0xff, 0xff, 0xff, 0xff, 0xff,
  0xff, 0xff, 0xff, 0xff, 0xff, 0xff, 0xff, 0xff, 0xff, 0xff, 0xff, 0xff,
  0xff, 0xff, 0xff, 0xff, 0xff, 0xff, 0xff, 0xff, 0xff, 0xff, 0xff, 0xff,
  0xff, 0xff, 0xff, 0xff, 0xff, 0xff, 0xff, 0xff, 0xff, 0xff, 0xff, 0xff,
  0xff, 0xff, 0xff, 0xff, 0xff, 0xff, 0xff, 0xff, 0xff, 0xff, 0xff, 0xff,
  0xff, 0xff, 0xff, 0xff, 0xff, 0xff, 0xff, 0xff, 0xff, 0xff, 0xff, 0xff,
  0xff, 0xff, 0xff, 0xff, 0xff, 0xff, 0xff, 0xff, 0xff, 0xff, 0xff, 0xff,
  0xff, 0xff, 0xff, 0xff, 0xff, 0xff, 0xff, 0xff, 0xff, 0xff, 0xff, 0xff,
  0xff, 0xff, 0xff, 0xff, 0xff, 0xff, 0xff, 0xff, 0xff, 0xff, 0xff, 0xff,
  0xff, 0xff, 0xff, 0xff, 0xff, 0xff, 0xff, 0xff, 0xff, 0xff, 0xff, 0xff,
  0xff, 0xff, 0xff, 0xff, 0xff, 0xff, 0xff, 0xff, 0xff, 0xff, 0xff, 0xff,
  0xff, 0xff, 0xff, 0xff, 0xff, 0xff, 0xff, 0xff, 0xff, 0xff, 0xff, 0xff,
  0xff, 0xff, 0xff, 0xff, 0xff, 0xff, 0xff, 0xff, 0xff, 0xff, 0xff, 0xff,
  0xff, 0xff, 0xff, 0xff, 0xff, 0xff, 0xff, 0xff, 0xff, 0xff, 0xff, 0xff,
  0xff, 0xff, 0xff, 0xff, 0xff, 0xff, 0xff, 0xff, 0xff, 0xff, 0xff, 0xff,
  0xff, 0xff, 0xff, 0xff, 0xff, 0xff, 0xff, 0xff, 0xff, 0xff, 0xff, 0xff,
  0xff, 0xff, 0xff, 0xff, 0xff, 0xff, 0xff, 0xff, 0xff, 0xff, 0xff, 0xff,
  0xff, 0xff, 0xff, 0xff, 0xff, 0xff, 0xff, 0xff, 0xff, 0xff, 0xff, 0xff,
  0xff, 0xff, 0xff, 0xff, 0xff, 0xff, 0xff, 0xff, 0xff, 0xff, 0xff, 0xff,
  0xff, 0xff, 0xff, 0xff, 0xff, 0xff, 0xff, 0xff, 0xff, 0xff, 0xff, 0xff,
  0xff, 0xff, 0xff, 0xff, 0xff, 0xff, 0xff, 0xff, 0xff, 0xff, 0xff, 0xff,
  0xff, 0xff, 0xff, 0xff, 0xff, 0xff, 0xff, 0xff, 0xff, 0xff, 0xff, 0xff,
  0xff, 0xff, 0xff, 0xff, 0xff, 0xff, 0xff, 0xff, 0xff, 0xff, 0xff, 0xff,
  0xff, 0xff, 0xff, 0xff, 0xff, 0xff, 0xff, 0xff, 0xff, 0xff, 0xff, 0xff,
  0xff, 0xff, 0xff, 0xff, 0xff, 0xff, 0xff, 0xff, 0xff, 0xff, 0xff, 0xff,
  0xff, 0xff, 0xff, 0xff, 0xff, 0xff, 0xff, 0xff, 0xff, 0xff, 0xff, 0xff,
  0xff, 0xff, 0xff, 0xff, 0xff, 0xff, 0xff, 0xff, 0xff, 0xff, 0xff, 0xff,
  0xff, 0xff, 0xff, 0xff, 0xff, 0xff, 0xff, 0xff, 0xff, 0xff, 0xff, 0xff,
  0xff, 0xff, 0xff, 0xff, 0xff, 0xff, 0xff, 0xff, 0xff, 0xff, 0xff, 0xff,
  0xff, 0xff, 0xff, 0xff, 0xff, 0xff, 0xff, 0xff, 0xff, 0xff, 0xff, 0xff,
  0xff, 0xff, 0xff, 0xff, 0xff, 0xff, 0xff, 0xff, 0xff, 0xff, 0xff, 0xff,
  0xff, 0xff, 0xff, 0xff, 0xff, 0xff, 0xff, 0xff, 0xff, 0xff, 0xff, 0xff,
  0xff, 0xff, 0xff, 0xff, 0xff, 0xff, 0xff, 0xff, 0xff, 0xff, 0xff, 0xff,
  0xff, 0xff, 0xff, 0xff, 0xff, 0xff, 0xff, 0xff, 0xff, 0xff, 0xff, 0xff,
  0xff, 0xff, 0xff, 0xff, 0xff, 0xff, 0xff, 0xff, 0xff, 0xff, 0xff, 0xff,
  0xff, 0xff, 0xff, 0xff, 0xff, 0xff, 0xff, 0xff, 0xff, 0xff, 0xff, 0xff,
  0xff, 0xff, 0xff, 0xff, 0xff, 0xff, 0xff, 0xff, 0xff, 0xff, 0xff, 0xff,
  0xff, 0xff, 0xff, 0xff, 0xff, 0xff, 0xff, 0xff, 0xff, 0xff, 0xff, 0xff,
  0xff, 0xff, 0xff, 0xff, 0xff, 0xff, 0xff, 0xff, 0xff, 0xff, 0xff, 0xff,
  0xff, 0xff, 0xff, 0xff, 0xff, 0xff, 0xff, 0xff, 0xff, 0xff, 0xff, 0xff,
  0xff, 0xff, 0xff, 0xff, 0xff, 0xff, 0xff, 0xff, 0xff, 0xff, 0xff, 0xff,
  0xff, 0xff, 0xff, 0xff, 0xff, 0xff, 0xff, 0xff, 0xff, 0xff, 0xff, 0xff,
  0xff, 0xff, 0xff, 0xff, 0xff, 0xff, 0xff, 0xff, 0xff, 0xff, 0xff, 0xff,
  0xff, 0xff, 0xff, 0xff, 0xff, 0xff, 0xff, 0xff, 0xff, 0xff, 0xff, 0xff,
  0xff, 0xff, 0xff, 0xff, 0xff, 0xff, 0xff, 0xff, 0xff, 0xff, 0xff, 0xff,
  0xff, 0xff, 0xff, 0xff, 0xff, 0xff, 0xff, 0xff, 0xff, 0xff, 0xff, 0xff,
  0xff, 0xff, 0xff, 0xff, 0xff, 0xff, 0xff, 0xff, 0xff, 0xff, 0xff, 0xff,
  0xff, 0xff, 0xff, 0xff, 0xff, 0xff, 0xff, 0xff, 0xff, 0xff, 0xff, 0xff,
  0xff, 0xff, 0xff, 0xff, 0xff, 0xff, 0xff, 0xff, 0xff, 0xff, 0xff, 0xff,
  0xff, 0xff, 0xff, 0xff, 0xff, 0xff, 0xff, 0xff, 0xff, 0xff, 0xff, 0xff,
  0xff, 0xff, 0xff, 0xff, 0xff, 0xff, 0xff, 0xff, 0xff, 0xff, 0xff, 0xff,
  0xff, 0xff, 0xff, 0xff, 0xff, 0xff, 0xff, 0xff, 0xff, 0xff, 0xff, 0xff,
  0xff, 0xff, 0xff, 0xff, 0xff, 0xff, 0xff, 0xff, 0xff, 0xff, 0xff, 0xff,
  0xff, 0xff, 0xff, 0xff, 0xff, 0xff, 0xff, 0xff, 0xff, 0xff, 0xff, 0xff,
  0xff, 0xff, 0xff, 0xff, 0xff, 0xff, 0xff, 0xff, 0xff, 0xff, 0xff, 0xff,
  0xff, 0xff, 0xff, 0xff, 0xff, 0xff, 0xff, 0xff, 0xff, 0xff, 0xff, 0xff,
  0xff, 0xff, 0xff, 0xff, 0xff, 0xff, 0xff, 0xff, 0xff, 0xff, 0xff, 0xff,
  0xff, 0xff, 0xff, 0xff, 0xff, 0xff, 0xff, 0xff, 0xff, 0xff, 0xff, 0xff,
  0xff, 0xff, 0xff, 0xff, 0xff, 0xff, 0xff, 0xff, 0xff, 0xff, 0xff, 0xff,
  0xff, 0xff, 0xff, 0xff, 0xff, 0xff, 0xff, 0xff, 0xff, 0xff, 0xff, 0xff,
  0xff, 0xff, 0xff, 0xff, 0xff, 0xff, 0xff, 0xff, 0xff, 0xff, 0xff, 0xff,
  0xff, 0xff, 0xff, 0xff, 0xff, 0xff, 0xff, 0xff, 0xff, 0xff, 0xff, 0xff,
  0xff, 0xff, 0xff, 0xff, 0xff, 0xff, 0xff, 0xff, 0xff, 0xff, 0xff, 0xff,
  0xff, 0xff, 0xff, 0xff, 0xff, 0xff, 0xff, 0xff, 0xff, 0xff, 0xff, 0xff,
  0xff, 0xff, 0xff, 0xff, 0xff, 0xff, 0xff, 0xff, 0xff, 0xff, 0xff, 0xff,
  0xff, 0xff, 0xff, 0xff, 0xff, 0xff, 0xff, 0xff, 0xff, 0xff, 0xff, 0xff,
  0xff, 0xff, 0xff, 0xff, 0xff, 0xff, 0xff, 0xff, 0xff, 0xff, 0xff, 0xff,
  0xff, 0xff, 0xff, 0xff, 0xff, 0xff, 0xff, 0xff, 0xff, 0xff, 0xff, 0xff,
  0xff, 0xff, 0xff, 0xff, 0xff, 0xff, 0xff, 0xff, 0xff, 0xff, 0xff, 0xff,
  0xff, 0xff, 0xff, 0xff, 0xff, 0xff, 0xff, 0xff, 0xff, 0xff, 0xff, 0xff,
  0xff, 0xff, 0xff, 0xff, 0xff, 0xff, 0xff, 0xff, 0xff, 0xff, 0xff, 0xff,
  0xff, 0xff, 0xff, 0xff, 0xff, 0xff, 0xff, 0xff, 0xff, 0xff, 0xff, 0xff,
  0xff, 0xff, 0xff, 0xff, 0xff, 0xff, 0xff, 0xff, 0xff, 0xff, 0xff, 0xff,
  0xff, 0xff, 0xff, 0xff, 0xff, 0xff, 0xff, 0xff, 0xff, 0xff, 0xff, 0xff,
  0xff, 0xff, 0xff, 0xff, 0xff, 0xff, 0xff, 0xff, 0xff, 0xff, 0xff, 0xff,
  0xff, 0xff, 0xff, 0xff, 0xff, 0xff, 0xff, 0xff, 0xff, 0xff, 0xff, 0xff,
  0xff, 0xff, 0xff, 0xff, 0xff, 0xff, 0xff, 0xff, 0xff, 0xff, 0xff, 0xff,
  0xff, 0xff, 0xff, 0xff, 0xff, 0xff, 0xff, 0xff, 0xff, 0xff, 0xff, 0xff,
  0xff, 0xff, 0xff, 0xff, 0xff, 0xff, 0xff, 0xff, 0xff, 0xff, 0xff, 0xff,
  0xff, 0xff, 0xff, 0xff, 0xff, 0xff, 0xff, 0xff, 0xff, 0xff, 0xff, 0xff,
  0xff, 0xff, 0xff, 0xff, 0xff, 0xff, 0xff, 0xff, 0xff, 0xff, 0xff, 0xff,
  0xff, 0xff, 0xff, 0xff, 0xff, 0xff, 0xff, 0xff, 0xff, 0xff, 0xff, 0xff,
  0xff, 0xff, 0xff, 0xff, 0xff, 0xff, 0xff, 0xff, 0xff, 0xff, 0xff, 0xff,
  0xff, 0xff, 0xff, 0xff, 0xff, 0xff, 0xff, 0xff, 0xff, 0xff, 0xff, 0xff,
  0xff, 0xff, 0xff, 0xff, 0xff, 0xff, 0xff, 0xff, 0xff, 0xff, 0xff, 0xff,
  0xff, 0xff, 0xff, 0xff, 0xff, 0xff, 0xff, 0xff, 0xff, 0xff, 0xff, 0xff,
  0xff, 0xff, 0xff, 0xff, 0xff, 0xff, 0xff, 0xff, 0xff, 0xff, 0xff, 0xff,
  0xff, 0xff, 0xff, 0xff, 0xff, 0xff, 0xff, 0xff, 0xff, 0xff, 0xff, 0xff,
  0xff, 0xff, 0xff, 0xff, 0xff, 0xff, 0xff, 0xff, 0xff, 0xff, 0xff, 0xff,
  0xff, 0xff, 0xff, 0xff, 0xff, 0xff, 0xff, 0xff, 0xff, 0xff, 0xff, 0xff,
  0xff, 0xff, 0xff, 0xff, 0xff, 0xff, 0xff, 0xff, 0xff, 0xff, 0xff, 0xff,
  0xff, 0xff, 0xff, 0xff, 0xff, 0xff, 0xff, 0xff, 0xff, 0xff, 0xff, 0xff,
  0xff, 0xff, 0xff, 0xff, 0xff, 0xff, 0xff, 0xff, 0xff, 0xff, 0xff, 0xff,
  0xff, 0xff, 0xff, 0xff, 0xff, 0xff, 0xff, 0xff, 0xff, 0xff, 0xff, 0xff,
  0xff, 0xff, 0xff, 0xff, 0xff, 0xff, 0xff, 0xff, 0xff, 0xff, 0xff, 0xff,
  0xff, 0xff, 0xff, 0xff, 0xff, 0xff, 0xff, 0xff, 0xff, 0xff, 0xff, 0xff,
  0xff, 0xff, 0xff, 0xff, 0xff, 0xff, 0xff, 0xff, 0xff, 0xff, 0xff, 0xff,
  0xff, 0xff, 0xff, 0xff, 0xff, 0xff, 0xff, 0xff, 0xff, 0xff, 0xff, 0xff,
  0xff, 0xff, 0xff, 0xff, 0xff, 0xff, 0xff, 0xff, 0xff, 0xff, 0xff, 0xff,
  0xff, 0xff, 0xff, 0xff, 0xff, 0xff, 0xff, 0xff, 0xff, 0xff, 0xff, 0xff,
  0xff, 0xff, 0xff, 0xff, 0xff, 0xff, 0xff, 0xff, 0xff, 0xff, 0xff, 0xff,
  0xff, 0xff, 0xff, 0xff, 0xff, 0xff, 0xff, 0xff, 0xff, 0xff, 0xff, 0xff,
  0xff, 0xff, 0xff, 0xff, 0xff, 0xff, 0xff, 0xff, 0xff, 0xff, 0xff, 0xff,
  0xff, 0xff, 0xff, 0xff, 0xff, 0xff, 0xff, 0xff, 0xff, 0xff, 0xff, 0xff,
  0xff, 0xff, 0xff, 0xff, 0xff, 0xff, 0xff, 0xff, 0xff, 0xff, 0xff, 0xff,
  0xff, 0xff, 0xff, 0xff, 0xff, 0xff, 0xff, 0xff, 0xff, 0xff, 0xff, 0xff,
  0xff, 0xff, 0xff, 0xff, 0xff, 0xff, 0xff, 0xff, 0xff, 0xff, 0xff, 0xff,
  0xff, 0xff, 0xff, 0xff, 0xff, 0xff, 0xff, 0xff, 0xff, 0xff, 0xff, 0xff,
  0xff, 0xff, 0xff, 0xff, 0xff, 0xff, 0xff, 0xff, 0xff, 0xff, 0xff, 0xff,
  0xff, 0xff, 0xff, 0xff, 0xff, 0xff, 0xff, 0xff, 0xff, 0xff, 0xff, 0xff,
  0xff, 0xff, 0xff, 0xff, 0xff, 0xff, 0xff, 0xff, 0xff, 0xff, 0xff, 0xff,
  0xff, 0xff, 0xff, 0xff, 0xff, 0xff, 0xff, 0xff, 0xff, 0xff, 0xff, 0xff,
  0xff, 0xff, 0xff, 0xff, 0xff, 0xff, 0xff, 0xff, 0xff, 0xff, 0xff, 0xff,
  0xff, 0xff, 0xff, 0xff, 0xff, 0xff, 0xff, 0xff, 0xff, 0xff, 0xff, 0xff,
  0xff, 0xff, 0xff, 0xff, 0xff, 0xff, 0xff, 0xff, 0xff, 0xff, 0xff, 0xff,
  0xff, 0xff, 0xff, 0xff, 0xff, 0xff, 0xff, 0xff, 0xff, 0xff, 0xff, 0xff,
  0xff, 0xff, 0xff, 0xff, 0xff, 0xff, 0xff, 0xff, 0xff, 0xff, 0xff, 0xff,
  0xff, 0xff, 0xff, 0xff, 0xff, 0xff, 0xff, 0xff, 0xff, 0xff, 0xff, 0xff,
  0xff, 0xff, 0xff, 0xff, 0xff, 0xff, 0xff, 0xff, 0xff, 0xff, 0xff, 0xff,
  0xff, 0xff, 0xff, 0xff, 0xff, 0xff, 0xff, 0xff, 0xff, 0xff, 0xff, 0xff,
  0xff, 0xff, 0xff, 0xff, 0xff, 0xff, 0xff, 0xff, 0xff, 0xff, 0xff, 0xff,
  0xff, 0xff, 0xff, 0xff, 0xff, 0xff, 0xff, 0xff, 0xff, 0xff, 0xff, 0xff,
  0xff, 0xff, 0xff, 0xff, 0xff, 0xff, 0xff, 0xff, 0xff, 0xff, 0xff, 0xff,
  0xff, 0xff, 0xff, 0xff, 0xff, 0xff, 0xff, 0xff, 0xff, 0xff, 0xff, 0xff,
  0xff, 0xff, 0xff, 0xff, 0xff, 0xff, 0xff, 0xff, 0xff, 0xff, 0xff, 0xff,
  0xff, 0xff, 0xff, 0xff, 0xff, 0xff, 0xff, 0xff, 0xff, 0xff, 0xff, 0xff,
  0xff, 0xff, 0xff, 0xff, 0xff, 0xff, 0xff, 0xff, 0xff, 0xff, 0xff, 0xff,
  0xff, 0xff, 0xff, 0xff, 0xff, 0xff, 0xff, 0xff, 0xff, 0xff, 0xff, 0xff,
  0xff, 0xff, 0xff, 0xff, 0xff, 0xff, 0xff, 0xff, 0xff, 0xff, 0xff, 0xff,
  0xff, 0xff, 0xff, 0xff, 0xff, 0xff, 0xff, 0xff, 0xff, 0xff, 0xff, 0xff,
  0xff, 0xff, 0xff, 0xff, 0xff, 0xff, 0xff, 0xff, 0xff, 0xff, 0xff, 0xff,
  0xff, 0xff, 0xff, 0xff, 0xff, 0xff, 0xff, 0xff, 0xff, 0xff, 0xff, 0xff,
  0xff, 0xff, 0xff, 0xff, 0xff, 0xff, 0xff, 0xff, 0xff, 0xff, 0xff, 0xff,
  0xff, 0xff, 0xff, 0xff, 0xff, 0xff, 0xff, 0xff, 0xff, 0xff, 0xff, 0xff,
  0xff, 0xff, 0xff, 0xff, 0xff, 0xff, 0xff, 0xff, 0xff, 0xff, 0xff, 0xff,
  0xff, 0xff, 0xff, 0xff, 0xff, 0xff, 0xff, 0xff, 0xff, 0xff, 0xff, 0xff,
  0xff, 0xff, 0xff, 0xff, 0xff, 0xff, 0xff, 0xff, 0xff, 0xff, 0xff, 0xff,
  0xff, 0xff, 0xff, 0xff, 0xff, 0xff, 0xff, 0xff, 0xff, 0xff, 0xff, 0xff,
  0xff, 0xff, 0xff, 0xff, 0xff, 0xff, 0xff, 0xff, 0xff, 0xff, 0xff, 0xff,
  0xff, 0xff, 0xff, 0xff, 0xff, 0xff, 0xff, 0xff, 0xff, 0xff, 0xff, 0xff,
  0xff, 0xff, 0xff, 0xff, 0xff, 0xff, 0xff, 0xff, 0xff, 0xff, 0xff, 0xff,
  0xff, 0xff, 0xff, 0xff, 0xff, 0xff, 0xff, 0xff, 0xff, 0xff, 0xff, 0xff,
  0xff, 0xff, 0xff, 0xff, 0xff, 0xff, 0xff, 0xff, 0xff, 0xff, 0xff, 0xff,
  0xff, 0xff, 0xff, 0xff, 0xff, 0xff, 0xff, 0xff, 0xff, 0xff, 0xff, 0xff,
  0xff, 0xff, 0xff, 0xff, 0xff, 0xff, 0xff, 0xff, 0xff, 0xff, 0xff, 0xff,
  0xff, 0xff, 0xff, 0xff, 0xff, 0xff, 0xff, 0xff, 0xff, 0xff, 0xff, 0xff,
  0xff, 0xff, 0xff, 0xff, 0xff, 0xff, 0xff, 0xff, 0xff, 0xff, 0xff, 0xff,
  0xff, 0xff, 0xff, 0xff, 0xff, 0xff, 0xff, 0xff, 0xff, 0xff, 0xff, 0xff,
  0xff, 0xff, 0xff, 0xff, 0xff, 0xff, 0xff, 0xff, 0xff, 0xff, 0xff, 0xff,
  0xff, 0xff, 0xff, 0xff, 0xff, 0xff, 0xff, 0xff, 0xff, 0xff, 0xff, 0xff,
  0xff, 0xff, 0xff, 0xff, 0xff, 0xff, 0xff, 0xff, 0xff, 0xff, 0xff, 0xff,
  0xff, 0xff, 0xff, 0xff, 0xff, 0xff, 0xff, 0xff, 0xff, 0xff, 0xff, 0xff,
  0xff, 0xff, 0xff, 0xff, 0xff, 0xff, 0xff, 0xff, 0xff, 0xff, 0xff, 0xff,
  0xff, 0xff, 0xff, 0xff, 0xff, 0xff, 0xff, 0xff, 0xff, 0xff, 0xff, 0xff,
  0xff, 0xff, 0xff, 0xff, 0xff, 0xff, 0xff, 0xff, 0xff, 0xff, 0xff, 0xff,
  0xff, 0xff, 0xff, 0xff, 0xff, 0xff, 0xff, 0xff, 0xff, 0xff, 0xff, 0xff,
  0xff, 0xff, 0xff, 0xff, 0xff, 0xff, 0xff, 0xff, 0xff, 0xff, 0xff, 0xff,
  0xff, 0xff, 0xff, 0xff, 0xff, 0xff, 0xff, 0xff, 0xff, 0xff, 0xff, 0xff,
  0xff, 0xff, 0xff, 0xff, 0xff, 0xff, 0xff, 0xff, 0xff, 0xff, 0xff, 0xff,
  0xff, 0xff, 0xff, 0xff, 0xff, 0xff, 0xff, 0xff, 0xff, 0xff, 0xff, 0xff,
  0xff, 0xff, 0xff, 0xff, 0xff, 0xff, 0xff, 0xff, 0xff, 0xff, 0xff, 0xff,
  0xff, 0xff, 0xff, 0xff, 0xff, 0xff, 0xff, 0xff, 0xff, 0xff, 0xff, 0xff,
  0xff, 0xff, 0xff, 0xff, 0xff, 0xff, 0xff, 0xff, 0xff, 0xff, 0xff, 0xff,
  0xff, 0xff, 0xff, 0xff, 0xff, 0xff, 0xff, 0xff, 0xff, 0xff, 0xff, 0xff,
  0xff, 0xff, 0xff, 0xff, 0xff, 0xff, 0xff, 0xff, 0xff, 0xff, 0xff, 0xff,
  0xff, 0xff, 0xff, 0xff, 0xff, 0xff, 0xff, 0xff, 0xff, 0xff, 0xff, 0xff,
  0xff, 0xff, 0xff, 0xff, 0xff, 0xff, 0xff, 0xff, 0xff, 0xff, 0xff, 0xff,
  0xff, 0xff, 0xff, 0xff, 0xff, 0xff, 0xff, 0xff, 0xff, 0xff, 0xff, 0xff,
  0xff, 0xff, 0xff, 0xff, 0xff, 0xff, 0xff, 0xff, 0xff, 0xff, 0xff, 0xff,
  0xff, 0xff, 0xff, 0xff, 0xff, 0xff, 0xff, 0xff, 0xff, 0xff, 0xff, 0xff,
  0xff, 0xff, 0xff, 0xff, 0xff, 0xff, 0xff, 0xff, 0xff, 0xff, 0xff, 0xff,
  0xff, 0xff, 0xff, 0xff, 0xff, 0xff, 0xff, 0xff, 0xff, 0xff, 0xff, 0xff,
  0xff, 0xff, 0xff, 0xff, 0xff, 0xff, 0xff, 0xff, 0xff, 0xff, 0xff, 0xff,
  0xff, 0xff, 0xff, 0xff, 0xff, 0xff, 0xff, 0xff, 0xff, 0xff, 0xff, 0xff,
  0xff, 0xff, 0xff, 0xff, 0xff, 0xff, 0xff, 0xff, 0xff, 0xff, 0xff, 0xff,
  0xff, 0xff, 0xff, 0xff, 0xff, 0xff, 0xff, 0xff, 0xff, 0xff, 0xff, 0xff,
  0xff, 0xff, 0xff, 0xff, 0xff, 0xff, 0xff, 0xff, 0xff, 0xff, 0xff, 0xff,
  0xff, 0xff, 0xff, 0xff, 0xff, 0xff, 0xff, 0xff, 0xff, 0xff, 0xff, 0xff,
  0xff, 0xff, 0xff, 0xff, 0xff, 0xff, 0xff, 0xff, 0xff, 0xff, 0xff, 0xff,
  0xff, 0xff, 0xff, 0xff, 0xff, 0xff, 0xff, 0xff, 0xff, 0xff, 0xff, 0xff,
  0xff, 0xff, 0xff, 0xff, 0xff, 0xff, 0xff, 0xff, 0xff, 0xff, 0xff, 0xff,
  0xff, 0xff, 0xff, 0xff, 0xff, 0xff, 0xff, 0xff, 0xff, 0xff, 0xff, 0xff,
  0xff, 0xff, 0xff, 0xff, 0xff, 0xff, 0xff, 0xff, 0xff, 0xff, 0xff, 0xff,
  0xff, 0xff, 0xff, 0xff, 0xff, 0xff, 0xff, 0xff, 0xff, 0xff, 0xff, 0xff,
  0xff, 0xff, 0xff, 0xff, 0xff, 0xff, 0xff, 0xff, 0xff, 0xff, 0xff, 0xff,
  0xff, 0xff, 0xff, 0xff, 0xff, 0xff, 0xff, 0xff, 0xff, 0xff, 0xff, 0xff,
  0xff, 0xff, 0xff, 0xff, 0xff, 0xff, 0xff, 0xff, 0xff, 0xff, 0xff, 0xff,
  0xff, 0xff, 0xff, 0xff, 0xff, 0xff, 0xff, 0xff, 0xff, 0xff, 0xff, 0xff,
  0xff, 0xff, 0xff, 0xff, 0xff, 0xff, 0xff, 0xff, 0xff, 0xff, 0xff, 0xff,
  0xff, 0xff, 0xff, 0xff, 0xff, 0xff, 0xff, 0xff, 0xff, 0xff, 0xff, 0xff,
  0xff, 0xff, 0xff, 0xff, 0xff, 0xff, 0xff, 0xff, 0xff, 0xff, 0xff, 0xff,
  0xff, 0xff, 0xff, 0xff, 0xff, 0xff, 0xff, 0xff, 0xff, 0xff, 0xff, 0xff,
  0xff, 0xff, 0xff, 0xff, 0xff, 0xff, 0xff, 0xff, 0xff, 0xff, 0xff, 0xff,
  0xff, 0xff, 0xff, 0xff, 0xff, 0xff, 0xff, 0xff, 0xff, 0xff, 0xff, 0xff,
  0xff, 0xff, 0xff, 0xff, 0xff, 0xff, 0xff, 0xff, 0xff, 0xff, 0xff, 0xff,
  0xff, 0xff, 0xff, 0xff, 0xff, 0xff, 0xff, 0xff, 0xff, 0xff, 0xff, 0xff,
  0xff, 0xff, 0xff, 0xff, 0xff, 0xff, 0xff, 0xff, 0xff, 0xff, 0xff, 0xff,
  0xff, 0xff, 0xff, 0xff, 0xff, 0xff, 0xff, 0xff, 0xff, 0xff, 0xff, 0xff,
  0xff, 0xff, 0xff, 0xff, 0xff, 0xff, 0xff, 0xff, 0xff, 0xff, 0xff, 0xff,
  0xff, 0xff, 0xff, 0xff, 0xff, 0xff, 0xff, 0xff, 0xff, 0xff, 0xff, 0xff,
  0xff, 0xff, 0xff, 0xff, 0xff, 0xff, 0xff, 0xff, 0xff, 0xff, 0xff, 0xff,
  0xff, 0xff, 0xff, 0xff, 0xff, 0xff, 0xff, 0xff, 0xff, 0xff, 0xff, 0xff,
  0xff, 0xff, 0xff, 0xff, 0xff, 0xff, 0xff, 0xff, 0xff, 0xff, 0xff, 0xff,
  0xff, 0xff, 0xff, 0xff, 0xff, 0xff, 0xff, 0xff, 0xff, 0xff, 0xff, 0xff,
  0xff, 0xff, 0xff, 0xff, 0xff, 0xff, 0xff, 0xff, 0xff, 0xff, 0xff, 0xff,
  0xff, 0xff, 0xff, 0xff, 0xff, 0xff, 0xff, 0xff, 0xff, 0xff, 0xff, 0xff,
  0xff, 0xff, 0xff, 0xff, 0xff, 0xff, 0xff, 0xff, 0xff, 0xff, 0xff, 0xff,
  0xff, 0xff, 0xff, 0xff, 0xff, 0xff, 0xff, 0xff, 0xff, 0xff, 0xff, 0xff,
  0xff, 0xff, 0xff, 0xff, 0xff, 0xff, 0xff, 0xff, 0xff, 0xff, 0xff, 0xff,
  0xff, 0xff, 0xff, 0xff, 0xff, 0xff, 0xff, 0xff, 0xff, 0xff, 0xff, 0xff,
  0xff, 0xff, 0xff, 0xff, 0xff, 0xff, 0xff, 0xff, 0xff, 0xff, 0xff, 0xff,
  0xff, 0xff, 0xff, 0xff, 0xff, 0xff, 0xff, 0xff, 0xff, 0xff, 0xff, 0xff,
  0xff, 0xff, 0xff, 0xff, 0xff, 0xff, 0xff, 0xff, 0xff, 0xff, 0xff, 0xff,
  0xff, 0xff, 0xff, 0xff, 0xff, 0xff, 0xff, 0xff, 0xff, 0xff, 0xff, 0xff,
  0xff, 0xff, 0xff, 0xff, 0xff, 0xff, 0xff, 0xff, 0xff, 0xff, 0xff, 0xff,
  0xff, 0xff, 0xff, 0xff, 0xff, 0xff, 0xff, 0xff, 0xff, 0xff, 0xff, 0xff,
  0xff, 0xff, 0xff, 0xff, 0xff, 0xff, 0xff, 0xff, 0xff, 0xff, 0xff, 0xff,
  0xff, 0xff, 0xff, 0xff, 0xff, 0xff, 0xff, 0xff, 0xff, 0xff, 0xff, 0xff,
  0xff, 0xff, 0xff, 0xff, 0xff, 0xff, 0xff, 0xff, 0xff, 0xff, 0xff, 0xff,
  0xff, 0xff, 0xff, 0xff, 0xff, 0xff, 0xff, 0xff, 0xff, 0xff, 0xff, 0xff,
  0xff, 0xff, 0xff, 0xff, 0xff, 0xff, 0xff, 0xff, 0xff, 0xff, 0xff, 0xff,
  0xff, 0xff, 0xff, 0xff, 0xff, 0xff, 0xff, 0xff, 0xff, 0xff, 0xff, 0xff,
  0xff, 0xff, 0xff, 0xff, 0xff, 0xff, 0xff, 0xff, 0xff, 0xff, 0xff, 0xff,
  0xff, 0xff, 0xff, 0xff, 0xff, 0xff, 0xff, 0xff, 0xff, 0xff, 0xff, 0xff,
  0xff, 0xff, 0xff, 0xff, 0xff, 0xff, 0xff, 0xff, 0xff, 0xff, 0xff, 0xff,
  0xff, 0xff, 0xff, 0xff, 0xff, 0xff, 0xff, 0xff, 0xff, 0xff, 0xff, 0xff,
  0xff, 0xff, 0xff, 0xff, 0xff, 0xff, 0xff, 0xff, 0xff, 0xff, 0xff, 0xff,
  0xff, 0xff, 0xff, 0xff, 0xff, 0xff, 0xff, 0xff, 0xff, 0xff, 0xff, 0xff,
  0xff, 0xff, 0xff, 0xff, 0xff, 0xff, 0xff, 0xff, 0xff, 0xff, 0xff, 0xff,
  0xff, 0xff, 0xff, 0xff, 0xff, 0xff, 0xff, 0xff, 0xff, 0xff, 0xff, 0xff,
  0xff, 0xff, 0xff, 0xff, 0xff, 0xff, 0xff, 0xff, 0xff, 0xff, 0xff, 0xff,
  0xff, 0xff, 0xff, 0xff, 0xff, 0xff, 0xff, 0xff, 0xff, 0xff, 0xff, 0xff,
  0xff, 0xff, 0xff, 0xff, 0xff, 0xff, 0xff, 0xff, 0xff, 0xff, 0xff, 0xff,
  0xff, 0xff, 0xff, 0xff, 0xff, 0xff, 0xff, 0xff, 0xff, 0xff, 0xff, 0xff,
  0xff, 0xff, 0xff, 0xff, 0xff, 0xff, 0xff, 0xff, 0xff, 0xff, 0xff, 0xff,
  0xff, 0xff, 0xff, 0xff, 0xff, 0xff, 0xff, 0xff, 0xff, 0xff, 0xff, 0xff,
  0xff, 0xff, 0xff, 0xff, 0xff, 0xff, 0xff, 0xff, 0xff, 0xff, 0xff, 0xff,
  0xff, 0xff, 0xff, 0xff, 0xff, 0xff, 0xff, 0xff, 0xff, 0xff, 0xff, 0xff,
  0xff, 0xff, 0xff, 0xff, 0xff, 0xff, 0xff, 0xff, 0xff, 0xff, 0xff, 0xff,
  0xff, 0xff, 0xff, 0xff, 0xff, 0xff, 0xff, 0xff, 0xff, 0xff, 0xff, 0xff,
  0xff, 0xff, 0xff, 0xff, 0xff, 0xff, 0xff, 0xff, 0xff, 0xff, 0xff, 0xff,
  0xff, 0xff, 0xff, 0xff, 0xff, 0xff, 0xff, 0xff, 0xff, 0xff, 0xff, 0xff,
  0xff, 0xff, 0xff, 0xff, 0xff, 0xff, 0xff, 0xff, 0xff, 0xff, 0xff, 0xff,
  0xff, 0xff, 0xff, 0xff, 0xff, 0xff, 0xff, 0xff, 0xff, 0xff, 0xff, 0xff,
  0xff, 0xff, 0xff, 0xff, 0xff, 0xff, 0xff, 0xff, 0xff, 0xff, 0xff, 0xff,
  0xff, 0xff, 0xff, 0xff, 0xff, 0xff, 0xff, 0xff, 0xff, 0xff, 0xff, 0xff,
  0xff, 0xff, 0xff, 0xff, 0xff, 0xff, 0xff, 0xff, 0xff, 0xff, 0xff, 0xff,
  0xff, 0xff, 0xff, 0xff, 0xff, 0xff, 0xff, 0xff, 0xff, 0xff, 0xff, 0xff,
  0xff, 0xff, 0xff, 0xff, 0xff, 0xff, 0xff, 0xff, 0xff, 0xff, 0xff, 0xff,
  0xff, 0xff, 0xff, 0xff, 0xff, 0xff, 0xff, 0xff, 0xff, 0xff, 0xff, 0xff,
  0xff, 0xff, 0xff, 0xff, 0xff, 0xff, 0xff, 0xff, 0xff, 0xff, 0xff, 0xff,
  0xff, 0xff, 0xff, 0xff, 0xff, 0xff, 0xff, 0xff, 0xff, 0xff, 0xff, 0xff,
  0xff, 0xff, 0xff, 0xff, 0xff, 0xff, 0xff, 0xff, 0xff, 0xff, 0xff, 0xff,
  0xff, 0xff, 0xff, 0xff, 0xff, 0xff, 0xff, 0xff, 0xff, 0xff, 0xff, 0xff,
  0xff, 0xff, 0xff, 0xff, 0xff, 0xff, 0xff, 0xff, 0xff, 0xff, 0xff, 0xff,
  0xff, 0xff, 0xff, 0xff, 0xff, 0xff, 0xff, 0xff, 0xff, 0xff, 0xff, 0xff,
  0xff, 0xff, 0xff, 0xff, 0xff, 0xff, 0xff, 0xff, 0xff, 0xff, 0xff, 0xff,
  0xff, 0xff, 0xff, 0xff, 0xff, 0xff, 0xff, 0xff, 0xff, 0xff, 0xff, 0xff,
  0xff, 0xff, 0xff, 0xff, 0xff, 0xff, 0xff, 0xff, 0xff, 0xff, 0xff, 0xff,
  0xff, 0xff, 0xff, 0xff, 0xff, 0xff, 0xff, 0xff, 0xff, 0xff, 0xff, 0xff,
  0xff, 0xff, 0xff, 0xff, 0xff, 0xff, 0xff, 0xff, 0xff, 0xff, 0xff, 0xff,
  0xff, 0xff, 0xff, 0xff, 0xff, 0xff, 0xff, 0xff, 0xff, 0xff, 0xff, 0xff,
  0xff, 0xff, 0xff, 0xff, 0xff, 0xff, 0xff, 0xff, 0xff, 0xff, 0xff, 0xff,
  0xff, 0xff, 0xff, 0xff, 0xff, 0xff, 0xff, 0xff, 0xff, 0xff, 0xff, 0xff,
  0xff, 0xff, 0xff, 0xff, 0xff, 0xff, 0xff, 0xff, 0xff, 0xff, 0xff, 0xff,
  0xff, 0xff, 0xff, 0xff, 0xff, 0xff, 0xff, 0xff, 0xff, 0xff, 0xff, 0xff,
  0xff, 0xff, 0xff, 0xff, 0xff, 0xff, 0xff, 0xff, 0xff, 0xff, 0xff, 0xff,
  0xff, 0xff, 0xff, 0xff, 0xff, 0xff, 0xff, 0xff, 0xff, 0xff, 0xff, 0xff,
  0xff, 0xff, 0xff, 0xff, 0xff, 0xff, 0xff, 0xff, 0xff, 0xff, 0xff, 0xff,
  0xff, 0xff, 0xff, 0xff, 0xff, 0xff, 0xff, 0xff, 0xff, 0xff, 0xff, 0xff,
  0xff, 0xff, 0xff, 0xff, 0xff, 0xff, 0xff, 0xff, 0xff, 0xff, 0xff, 0xff,
  0xff, 0xff, 0xff, 0xff, 0xff, 0xff, 0xff, 0xff, 0xff, 0xff, 0xff, 0xff,
  0xff, 0xff, 0xff, 0xff, 0xff, 0xff, 0xff, 0xff, 0xff, 0xff, 0xff, 0xff,
  0xff, 0xff, 0xff, 0xff, 0xff, 0xff, 0xff, 0xff, 0xff, 0xff, 0xff, 0xff,
  0xff, 0xff, 0xff, 0xff, 0xff, 0xff, 0xff, 0xff, 0xff, 0xff, 0xff, 0xff,
  0xff, 0xff, 0xff, 0xff, 0xff, 0xff, 0xff, 0xff, 0xff, 0xff, 0xff, 0xff,
  0xff, 0xff, 0xff, 0xff, 0xff, 0xff, 0xff, 0xff, 0xff, 0xff, 0xff, 0xff,
  0xff, 0xff, 0xff, 0xff, 0xff, 0xff, 0xff, 0xff, 0xff, 0xff, 0xff, 0xff,
  0xff, 0xff, 0xff, 0xff, 0xff, 0xff, 0xff, 0xff, 0xff, 0xff, 0xff, 0xff,
  0xff, 0xff, 0xff, 0xff, 0xff, 0xff, 0xff, 0xff, 0xff, 0xff, 0xff, 0xff,
  0xff, 0xff, 0xff, 0xff, 0xff, 0xff, 0xff, 0xff, 0xff, 0xff, 0xff, 0xff,
  0xff, 0xff, 0xff, 0xff, 0xff, 0xff, 0xff, 0xff, 0xff, 0xff, 0xff, 0xff,
  0xff, 0xff, 0xff, 0xff, 0xff, 0xff, 0xff, 0xff, 0xff, 0xff, 0xff, 0xff,
  0xff, 0xff, 0xff, 0xff, 0xff, 0xff, 0xff, 0xff, 0xff, 0xff, 0xff, 0xff,
  0xff, 0xff, 0xff, 0xff, 0xff, 0xff, 0xff, 0xff, 0xff, 0xff, 0xff, 0xff,
  0xff, 0xff, 0xff, 0xff, 0xff, 0xff, 0xff, 0xff, 0xff, 0xff, 0xff, 0xff,
  0xff, 0xff, 0xff, 0xff, 0xff, 0xff, 0xff, 0xff, 0xff, 0xff, 0xff, 0xff,
  0xff, 0xff, 0xff, 0xff, 0xff, 0xff, 0xff, 0xff, 0xff, 0xff, 0xff, 0xff,
  0xff, 0xff, 0xff, 0xff, 0xff, 0xff, 0xff, 0xff, 0xff, 0xff, 0xff, 0xff,
  0xff, 0xff, 0xff, 0xff, 0xff, 0xff, 0xff, 0xff, 0xff, 0xff, 0xff, 0xff,
  0xff, 0xff, 0xff, 0xff, 0xff, 0xff, 0xff, 0xff, 0xff, 0xff, 0xff, 0xff,
  0xff, 0xff, 0xff, 0xff, 0xff, 0xff, 0xff, 0xff, 0xff, 0xff, 0xff, 0xff,
  0xff, 0xff, 0xff, 0xff, 0xff, 0xff, 0xff, 0xff, 0xff, 0xff, 0xff, 0xff,
  0xff, 0xff, 0xff, 0xff, 0xff, 0xff, 0xff, 0xff, 0xff, 0xff, 0xff, 0xff,
  0xff, 0xff, 0xff, 0xff, 0xff, 0xff, 0xff, 0xff, 0xff, 0xff, 0xff, 0xff,
  0xff, 0xff, 0xff, 0xff, 0xff, 0xff, 0xff, 0xff, 0xff, 0xff, 0xff, 0xff,
  0xff, 0xff, 0xff, 0xff, 0xff, 0xff, 0xff, 0xff, 0xff, 0xff, 0xff, 0xff,
  0xff, 0xff, 0xff, 0xff, 0xff, 0xff, 0xff, 0xff, 0xff, 0xff, 0xff, 0xff,
  0xff, 0xff, 0xff, 0xff, 0xff, 0xff, 0xff, 0xff, 0xff, 0xff, 0xff, 0xff,
  0xff, 0xff, 0xff, 0xff, 0xff, 0xff, 0xff, 0xff, 0xff, 0xff, 0xff, 0xff,
  0xff, 0xff, 0xff, 0xff, 0xff, 0xff, 0xff, 0xff, 0xff, 0xff, 0xff, 0xff,
  0xff, 0xff, 0xff, 0xff, 0xff, 0xff, 0xff, 0xff, 0xff, 0xff, 0xff, 0xff,
  0xff, 0xff, 0xff, 0xff, 0xff, 0xff, 0xff, 0xff, 0xff, 0xff, 0xff, 0xff,
  0xff, 0xff, 0xff, 0xff, 0xff, 0xff, 0xff, 0xff, 0xff, 0xff, 0xff, 0xff,
  0xff, 0xff, 0xff, 0xff, 0xff, 0xff, 0xff, 0xff, 0xff, 0xff, 0xff, 0xff,
  0xff, 0xff, 0xff, 0xff, 0xff, 0xff, 0xff, 0xff, 0xff, 0xff, 0xff, 0xff,
  0xff, 0xff, 0xff, 0xff, 0xff, 0xff, 0xff, 0xff, 0xff, 0xff, 0xff, 0xff,
  0xff, 0xff, 0xff, 0xff, 0xff, 0xff, 0xff, 0xff, 0xff, 0xff, 0xff, 0xff,
  0xff, 0xff, 0xff, 0xff, 0xff, 0xff, 0xff, 0xff, 0xff, 0xff, 0xff, 0xff,
  0xff, 0xff, 0xff, 0xff, 0xff, 0xff, 0xff, 0xff, 0xff, 0xff, 0xff, 0xff,
  0xff, 0xff, 0xff, 0xff, 0xff, 0xff, 0xff, 0xff, 0xff, 0xff, 0xff, 0xff,
  0xff, 0xff, 0xff, 0xff, 0xff, 0xff, 0xff, 0xff, 0xff, 0xff, 0xff, 0xff,
  0xff, 0xff, 0xff, 0xff, 0xff, 0xff, 0xff, 0xff, 0xff, 0xff, 0xff, 0xff,
  0xff, 0xff, 0xff, 0xff, 0xff, 0xff, 0xff, 0xff, 0xff, 0xff, 0xff, 0xff,
  0xff, 0xff, 0xff, 0xff, 0xff, 0xff, 0xff, 0xff, 0xff, 0xff, 0xff, 0xff,
  0xff, 0xff, 0xff, 0xff, 0xff, 0xff, 0xff, 0xff, 0xff, 0xff, 0xff, 0xff,
  0xff, 0xff, 0xff, 0xff, 0xff, 0xff, 0xff, 0xff, 0xff, 0xff, 0xff, 0xff,
  0xff, 0xff, 0xff, 0xff, 0xff, 0xff, 0xff, 0xff, 0xff, 0xff, 0xff, 0xff,
  0xff, 0xff, 0xff, 0xff, 0xff, 0xff, 0xff, 0xff, 0xff, 0xff, 0xff, 0xff,
  0xff, 0xff, 0xff, 0xff, 0xff, 0xff, 0xff, 0xff, 0xff, 0xff, 0xff, 0xff,
  0xff, 0xff, 0xff, 0xff, 0xff, 0xff, 0xff, 0xff, 0xff, 0xff, 0xff, 0xff,
  0xff, 0xff, 0xff, 0xff, 0xff, 0xff, 0xff, 0xff, 0xff, 0xff, 0xff, 0xff,
  0xff, 0xff, 0xff, 0xff, 0xff, 0xff, 0xff, 0xff, 0xff, 0xff, 0xff, 0xff,
  0xff, 0xff, 0xff, 0xff, 0xff, 0xff, 0xff, 0xff, 0xff, 0xff, 0xff, 0xff,
  0xff, 0xff, 0xff, 0xff, 0xff, 0xff, 0xff, 0xff, 0xff, 0xff, 0xff, 0xff,
  0xff, 0xff, 0xff, 0xff, 0xff, 0xff, 0xff, 0xff, 0xff, 0xff, 0xff, 0xff,
  0xff, 0xff, 0xff, 0xff, 0xff, 0xff, 0xff, 0xff, 0xff, 0xff, 0xff, 0xff,
  0xff, 0xff, 0xff, 0xff, 0xff, 0xff, 0xff, 0xff, 0xff, 0xff, 0xff, 0xff,
  0xff, 0xff, 0xff, 0xff, 0xff, 0xff, 0xff, 0xff, 0xff, 0xff, 0xff, 0xff,
  0xff, 0xff, 0xff, 0xff, 0xff, 0xff, 0xff, 0xff, 0xff, 0xff, 0xff, 0xff,
  0xff, 0xff, 0xff, 0xff, 0xff, 0xff, 0xff, 0xff, 0xff, 0xff, 0xff, 0xff,
  0xff, 0xff, 0xff, 0xff, 0xff, 0xff, 0xff, 0xff, 0xff, 0xff, 0xff, 0xff,
  0xff, 0xff, 0xff, 0xff, 0xff, 0xff, 0xff, 0xff, 0xff, 0xff, 0xff, 0xff,
  0xff, 0xff, 0xff, 0xff, 0xff, 0xff, 0xff, 0xff, 0xff, 0xff, 0xff, 0xff,
  0xff, 0xff, 0xff, 0xff, 0xff, 0xff, 0xff, 0xff, 0xff, 0xff, 0xff, 0xff,
  0xff, 0xff, 0xff, 0xff, 0xff, 0xff, 0xff, 0xff, 0xff, 0xff, 0xff, 0xff,
  0xff, 0xff, 0xff, 0xff, 0xff, 0xff, 0xff, 0xff, 0xff, 0xff, 0xff, 0xff,
  0xff, 0xff, 0xff, 0xff, 0xff, 0xff, 0xff, 0xff, 0xff, 0xff, 0xff, 0xff,
  0xff, 0xff, 0xff, 0xff, 0xff, 0xff, 0xff, 0xff, 0xff, 0xff, 0xff, 0xff,
  0xff, 0xff, 0xff, 0xff, 0xff, 0xff, 0xff, 0xff, 0xff, 0xff, 0xff, 0xff,
  0xff, 0xff, 0xff, 0xff, 0xff, 0xff, 0xff, 0xff, 0xff, 0xff, 0xff, 0xff,
  0xff, 0xff, 0xff, 0xff, 0xff, 0xff, 0xff, 0xff, 0xff, 0xff, 0xff, 0xff,
  0xff, 0xff, 0xff, 0xff, 0xff, 0xff, 0xff, 0xff, 0xff, 0xff, 0xff, 0xff,
  0xff, 0xff, 0xff, 0xff, 0xff, 0xff, 0xff, 0xff, 0xff, 0xff, 0xff, 0xff,
  0xff, 0xff, 0xff, 0xff, 0xff, 0xff, 0xff, 0xff, 0xff, 0xff, 0xff, 0xff,
  0xff, 0xff, 0xff, 0xff, 0xff, 0xff, 0xff, 0xff, 0xff, 0xff, 0xff, 0xff,
  0xff, 0xff, 0xff, 0xff, 0xff, 0xff, 0xff, 0xff, 0xff, 0xff, 0xff, 0xff,
  0xff, 0xff, 0xff, 0xff, 0xff, 0xff, 0xff, 0xff, 0xff, 0xff, 0xff, 0xff,
  0xff, 0xff, 0xff, 0xff, 0xff, 0xff, 0xff, 0xff, 0xff, 0xff, 0xff, 0xff,
  0xff, 0xff, 0xff, 0xff, 0xff, 0xff, 0xff, 0xff, 0xff, 0xff, 0xff, 0xff,
  0xff, 0xff, 0xff, 0xff, 0xff, 0xff, 0xff, 0xff, 0xff, 0xff, 0xff, 0xff,
  0xff, 0xff, 0xff, 0xff, 0xff, 0xff, 0xff, 0xff, 0xff, 0xff, 0xff, 0xff,
  0xff, 0xff, 0xff, 0xff, 0xff, 0xff, 0xff, 0xff, 0xff, 0xff, 0xff, 0xff,
  0xff, 0xff, 0xff, 0xff, 0xff, 0xff, 0xff, 0xff, 0xff, 0xff, 0xff, 0xff,
  0xff, 0xff, 0xff, 0xff, 0xff, 0xff, 0xff, 0xff, 0xff, 0xff, 0xff, 0xff,
  0xff, 0xff, 0xff, 0xff, 0xff, 0xff, 0xff, 0xff, 0xff, 0xff, 0xff, 0xff,
  0xff, 0xff, 0xff, 0xff, 0xff, 0xff, 0xff, 0xff, 0xff, 0xff, 0xff, 0xff,
  0xff, 0xff, 0xff, 0xff, 0xff, 0xff, 0xff, 0xff, 0xff, 0xff, 0xff, 0xff,
  0xff, 0xff, 0xff, 0xff, 0xff, 0xff, 0xff, 0xff, 0xff, 0xff, 0xff, 0xff,
  0xff, 0xff, 0xff, 0xff, 0xff, 0xff, 0xff, 0xff, 0xff, 0xff, 0xff, 0xff,
  0xff, 0xff, 0xff, 0xff, 0xff, 0xff, 0xff, 0xff, 0xff, 0xff, 0xff, 0xff,
  0xff, 0xff, 0xff, 0xff, 0xff, 0xff, 0xff, 0xff, 0xff, 0xff, 0xff, 0xff,
  0xff, 0xff, 0xff, 0xff, 0xff, 0xff, 0xff, 0xff, 0xff, 0xff, 0xff, 0xff,
  0xff, 0xff, 0xff, 0xff, 0xff, 0xff, 0xff, 0xff, 0xff, 0xff, 0xff, 0xff,
  0xff, 0xff, 0xff, 0xff, 0xff, 0xff, 0xff, 0xff, 0xff, 0xff, 0xff, 0xff,
  0xff, 0xff, 0xff, 0xff, 0xff, 0xff, 0xff, 0xff, 0xff, 0xff, 0xff, 0xff,
  0xff, 0xff, 0xff, 0xff, 0xff, 0xff, 0xff, 0xff, 0xff, 0xff, 0xff, 0xff,
  0xff, 0xff, 0xff, 0xff, 0xff, 0xff, 0xff, 0xff, 0xff, 0xff, 0xff, 0xff,
  0xff, 0xff, 0xff, 0xff, 0xff, 0xff, 0xff, 0xff, 0xff, 0xff, 0xff, 0xff,
  0xff, 0xff, 0xff, 0xff, 0xff, 0xff, 0xff, 0xff, 0xff, 0xff, 0xff, 0xff,
  0xff, 0xff, 0xff, 0xff, 0xff, 0xff, 0xff, 0xff, 0xff, 0xff, 0xff, 0xff,
  0xff, 0xff, 0xff, 0xff, 0xff, 0xff, 0xff, 0xff, 0xff, 0xff, 0xff, 0xff,
  0xff, 0xff, 0xff, 0xff, 0xff, 0xff, 0xff, 0xff, 0xff, 0xff, 0xff, 0xff,
  0xff, 0xff, 0xff, 0xff, 0xff, 0xff, 0xff, 0xff, 0xff, 0xff, 0xff, 0xff,
  0xff, 0xff, 0xff, 0xff, 0xff, 0xff, 0xff, 0xff, 0xff, 0xff, 0xff, 0xff,
  0xff, 0xff, 0xff, 0xff, 0xff, 0xff, 0xff, 0xff, 0xff, 0xff, 0xff, 0xff,
  0xff, 0xff, 0xff, 0xff, 0xff, 0xff, 0xff, 0xff, 0xff, 0xff, 0xff, 0xff,
  0xff, 0xff, 0xff, 0xff, 0xff, 0xff, 0xff, 0xff, 0xff, 0xff, 0xff, 0xff,
  0xff, 0xff, 0xff, 0xff, 0xff, 0xff, 0xff, 0xff, 0xff, 0xff, 0xff, 0xff,
  0xff, 0xff, 0xff, 0xff, 0xff, 0xff, 0xff, 0xff, 0xff, 0xff, 0xff, 0xff,
  0xff, 0xff, 0xff, 0xff, 0xff, 0xff, 0xff, 0xff, 0xff, 0xff, 0xff, 0xff,
  0xff, 0xff, 0xff, 0xff, 0xff, 0xff, 0xff, 0xff, 0xff, 0xff, 0xff, 0xff,
  0xff, 0xff, 0xff, 0xff, 0xff, 0xff, 0xff, 0xff, 0xff, 0xff, 0xff, 0xff,
  0xff, 0xff, 0xff, 0xff, 0xff, 0xff, 0xff, 0xff, 0xff, 0xff, 0xff, 0xff,
  0xff, 0xff, 0xff, 0xff, 0xff, 0xff, 0xff, 0xff, 0xff, 0xff, 0xff, 0xff,
  0xff, 0xff, 0xff, 0xff, 0xff, 0xff, 0xff, 0xff, 0xff, 0xff, 0xff, 0xff,
  0xff, 0xff, 0xff, 0xff, 0xff, 0xff, 0xff, 0xff, 0xff, 0xff, 0xff, 0xff,
  0xff, 0xff, 0xff, 0xff, 0xff, 0xff, 0xff, 0xff, 0xff, 0xff, 0xff, 0xff,
  0xff, 0xff, 0xff, 0xff, 0xff, 0xff, 0xff, 0xff, 0xff, 0xff, 0xff, 0xff,
  0xff, 0xff, 0xff, 0xff, 0xff, 0xff, 0xff, 0xff, 0xff, 0xff, 0xff, 0xff,
  0xff, 0xff, 0xff, 0xff, 0xff, 0xff, 0xff, 0xff, 0xff, 0xff, 0xff, 0xff,
  0xff, 0xff, 0xff, 0xff, 0xff, 0xff, 0xff, 0xff, 0xff, 0xff, 0xff, 0xff,
  0xff, 0xff, 0xff, 0xff, 0xff, 0xff, 0xff, 0xff, 0xff, 0xff, 0xff, 0xff,
  0xff, 0xff, 0xff, 0xff, 0xff, 0xff, 0xff, 0xff, 0xff, 0xff, 0xff, 0xff,
  0xff, 0xff, 0xff, 0xff, 0xff, 0xff, 0xff, 0xff, 0xff, 0xff, 0xff, 0xff,
  0xff, 0xff, 0xff, 0xff, 0xff, 0xff, 0xff, 0xff, 0xff, 0xff, 0xff, 0xff,
  0xff, 0xff, 0xff, 0xff, 0xff, 0xff, 0xff, 0xff, 0xff, 0xff, 0xff, 0xff,
  0xff, 0xff, 0xff, 0xff, 0xff, 0xff, 0xff, 0xff, 0xff, 0xff, 0xff, 0xff,
  0xff, 0xff, 0xff, 0xff, 0xff, 0xff, 0xff, 0xff, 0xff, 0xff, 0xff, 0xff,
  0xff, 0xff, 0xff, 0xff, 0xff, 0xff, 0xff, 0xff, 0xff, 0xff, 0xff, 0xff,
  0xff, 0xff, 0xff, 0xff, 0xff, 0xff, 0xff, 0xff, 0xff, 0xff, 0xff, 0xff,
  0xff, 0xff, 0xff, 0xff, 0xff, 0xff, 0xff, 0xff, 0xff, 0xff, 0xff, 0xff,
  0xff, 0xff, 0xff, 0xff, 0xff, 0xff, 0xff, 0xff, 0xff, 0xff, 0xff, 0xff,
  0xff, 0xff, 0xff, 0xff, 0xff, 0xff, 0xff, 0xff, 0xff, 0xff, 0xff, 0xff,
  0xff, 0xff, 0xff, 0xff, 0xff, 0xff, 0xff, 0xff, 0xff, 0xff, 0xff, 0xff,
  0xff, 0xff, 0xff, 0xff, 0xff, 0xff, 0xff, 0xff, 0xff, 0xff, 0xff, 0xff,
  0xff, 0xff, 0xff, 0xff, 0xff, 0xff, 0xff, 0xff, 0xff, 0xff, 0xff, 0xff,
  0xff, 0xff, 0xff, 0xff, 0xff, 0xff, 0xff, 0xff, 0xff, 0xff, 0xff, 0xff,
  0xff, 0xff, 0xff, 0xff, 0xff, 0xff, 0xff, 0xff, 0xff, 0xff, 0xff, 0xff,
  0xff, 0xff, 0xff, 0xff, 0xff, 0xff, 0xff, 0xff, 0xff, 0xff, 0xff, 0xff,
  0xff, 0xff, 0xff, 0xff, 0xff, 0xff, 0xff, 0xff, 0xff, 0xff, 0xff, 0xff,
  0xff, 0xff, 0xff, 0xff, 0xff, 0xff, 0xff, 0xff, 0xff, 0xff, 0xff, 0xff,
  0xff, 0xff, 0xff, 0xff, 0xff, 0xff, 0xff, 0xff, 0xff, 0xff, 0xff, 0xff,
  0xff, 0xff, 0xff, 0xff, 0xff, 0xff, 0xff, 0xff, 0xff, 0xff, 0xff, 0xff,
  0xff, 0xff, 0xff, 0xff, 0xff, 0xff, 0xff, 0xff, 0xff, 0xff, 0xff, 0xff,
  0xff, 0xff, 0xff, 0xff, 0xff, 0xff, 0xff, 0xff, 0xff, 0xff, 0xff, 0xff,
  0xff, 0xff, 0xff, 0xff, 0xff, 0xff, 0xff, 0xff, 0xff, 0xff, 0xff, 0xff,
  0xff, 0xff, 0xff, 0xff, 0xff, 0xff, 0xff, 0xff, 0xff, 0xff, 0xff, 0xff,
  0xff, 0xff, 0xff, 0xff, 0xff, 0xff, 0xff, 0xff, 0xff, 0xff, 0xff, 0xff,
  0xff, 0xff, 0xff, 0xff, 0xff, 0xff, 0xff, 0xff, 0xff, 0xff, 0xff, 0xff,
  0xff, 0xff, 0xff, 0xff, 0xff, 0xff, 0xff, 0xff, 0xff, 0xff, 0xff, 0xff,
  0xff, 0xff, 0xff, 0xff, 0xff, 0xff, 0xff, 0xff, 0xff, 0xff, 0xff, 0xff,
  0xff, 0xff, 0xff, 0xff, 0xff, 0xff, 0xff, 0xff, 0xff, 0xff, 0xff, 0xff,
  0xff, 0xff, 0xff, 0xff, 0xff, 0xff, 0xff, 0xff, 0xff, 0xff, 0xff, 0xff,
  0xff, 0xff, 0xff, 0xff, 0xff, 0xff, 0xff, 0xff, 0xff, 0xff, 0xff, 0xff,
  0xff, 0xff, 0xff, 0xff, 0xff, 0xff, 0xff, 0xff, 0xff, 0xff, 0xff, 0xff,
  0xff, 0xff, 0xff, 0xff, 0xff, 0xff, 0xff, 0xff, 0xff, 0xff, 0xff, 0xff,
  0xff, 0xff, 0xff, 0xff, 0xff, 0xff, 0xff, 0xff, 0xff, 0xff, 0xff, 0xff,
  0xff, 0xff, 0xff, 0xff, 0xff, 0xff, 0xff, 0xff, 0xff, 0xff, 0xff, 0xff,
  0xff, 0xff, 0xff, 0xff, 0xff, 0xff, 0xff, 0xff, 0xff, 0xff, 0xff, 0xff,
  0xff, 0xff, 0xff, 0xff, 0xff, 0xff, 0xff, 0xff, 0xff, 0xff, 0xff, 0xff,
  0xff, 0xff, 0xff, 0xff, 0xff, 0xff, 0xff, 0xff, 0xff, 0xff, 0xff, 0xff,
  0xff, 0xff, 0xff, 0xff, 0xff, 0xff, 0xff, 0xff, 0xff, 0xff, 0xff, 0xff,
  0xff, 0xff, 0xff, 0xff, 0xff, 0xff, 0xff, 0xff, 0xff, 0xff, 0xff, 0xff,
  0xff, 0xff, 0xff, 0xff, 0xff, 0xff, 0xff, 0xff, 0xff, 0xff, 0xff, 0xff,
  0xff, 0xff, 0xff, 0xff, 0xff, 0xff, 0xff, 0xff, 0xff, 0xff, 0xff, 0xff,
  0xff, 0xff, 0xff, 0xff, 0xff, 0xff, 0xff, 0xff, 0xff, 0xff, 0xff, 0xff,
  0xff, 0xff, 0xff, 0xff, 0xff, 0xff, 0xff, 0xff, 0xff, 0xff, 0xff, 0xff,
  0xff, 0xff, 0xff, 0xff, 0xff, 0xff, 0xff, 0xff, 0xff, 0xff, 0xff, 0xff,
  0xff, 0xff, 0xff, 0xff, 0xff, 0xff, 0xff, 0xff, 0xff, 0xff, 0xff, 0xff,
  0xff, 0xff, 0xff, 0xff, 0xff, 0xff, 0xff, 0xff, 0xff, 0xff, 0xff, 0xff,
  0xff, 0xff, 0xff, 0xff, 0xff, 0xff, 0xff, 0xff, 0xff, 0xff, 0xff, 0xff,
  0xff, 0xff, 0xff, 0xff, 0xff, 0xff, 0xff, 0xff, 0xff, 0xff, 0xff, 0xff,
  0xff, 0xff, 0xff, 0xff, 0xff, 0xff, 0xff, 0xff, 0xff, 0xff, 0xff, 0xff,
  0xff, 0xff, 0xff, 0xff, 0xff, 0xff, 0xff, 0xff, 0xff, 0xff, 0xff, 0xff,
  0xff, 0xff, 0xff, 0xff, 0xff, 0xff, 0xff, 0xff, 0xff, 0xff, 0xff, 0xff,
  0xff, 0xff, 0xff, 0xff, 0xff, 0xff, 0xff, 0xff, 0xff, 0xff, 0xff, 0xff,
  0xff, 0xff, 0xff, 0xff, 0xff, 0xff, 0xff, 0xff, 0xff, 0xff, 0xff, 0xff,
  0xff, 0xff, 0xff, 0xff, 0xff, 0xff, 0xff, 0xff, 0xff, 0xff, 0xff, 0xff,
  0xff, 0xff, 0xff, 0xff, 0xff, 0xff, 0xff, 0xff, 0xff, 0xff, 0xff, 0xff,
  0xff, 0xff, 0xff, 0xff, 0xff, 0xff, 0xff, 0xff, 0xff, 0xff, 0xff, 0xff,
  0xff, 0xff, 0xff, 0xff, 0xff, 0xff, 0xff, 0xff, 0xff, 0xff, 0xff, 0xff,
  0xff, 0xff, 0xff, 0xff, 0xff, 0xff, 0xff, 0xff, 0xff, 0xff, 0xff, 0xff,
  0xff, 0xff, 0xff, 0xff, 0xff, 0xff, 0xff, 0xff, 0xff, 0xff, 0xff, 0xff,
  0xff, 0xff, 0xff, 0xff, 0xff, 0xff, 0xff, 0xff, 0xff, 0xff, 0xff, 0xff,
  0xff, 0xff, 0xff, 0xff, 0xff, 0xff, 0xff, 0xff, 0xff, 0xff, 0xff, 0xff,
  0xff, 0xff, 0xff, 0xff, 0xff, 0xff, 0xff, 0xff, 0xff, 0xff, 0xff, 0xff,
  0xff, 0xff, 0xff, 0xff, 0xff, 0xff, 0xff, 0xff, 0xff, 0xff, 0xff, 0xff,
  0xff, 0xff, 0xff, 0xff, 0xff, 0xff, 0xff, 0xff, 0xff, 0xff, 0xff, 0xff,
  0xff, 0xff, 0xff, 0xff, 0xff, 0xff, 0xff, 0xff, 0xff, 0xff, 0xff, 0xff,
  0xff, 0xff, 0xff, 0xff, 0xff, 0xff, 0xff, 0xff, 0xff, 0xff, 0xff, 0xff,
  0xff, 0xff, 0xff, 0xff, 0xff, 0xff, 0xff, 0xff, 0xff, 0xff, 0xff, 0xff,
  0xff, 0xff, 0xff, 0xff, 0xff, 0xff, 0xff, 0xff, 0xff, 0xff, 0xff, 0xff,
  0xff, 0xff, 0xff, 0xff, 0xff, 0xff, 0xff, 0xff, 0xff, 0xff, 0xff, 0xff,
  0xff, 0xff, 0xff, 0xff, 0xff, 0xff, 0xff, 0xff, 0xff, 0xff, 0xff, 0xff,
  0xff, 0xff, 0xff, 0xff, 0xff, 0xff, 0xff, 0xff, 0xff, 0xff, 0xff, 0xff,
  0xff, 0xff, 0xff, 0xff, 0xff, 0xff, 0xff, 0xff, 0xff, 0xff, 0xff, 0xff,
  0xff, 0xff, 0xff, 0xff, 0xff, 0xff, 0xff, 0xff, 0xff, 0xff, 0xff, 0xff,
  0xff, 0xff, 0xff, 0xff, 0xff, 0xff, 0xff, 0xff, 0xff, 0xff, 0xff, 0xff,
  0xff, 0xff, 0xff, 0xff, 0xff, 0xff, 0xff, 0xff, 0xff, 0xff, 0xff, 0xff,
  0xff, 0xff, 0xff, 0xff, 0xff, 0xff, 0xff, 0xff, 0xff, 0xff, 0xff, 0xff,
  0xff, 0xff, 0xff, 0xff, 0xff, 0xff, 0xff, 0xff, 0xff, 0xff, 0xff, 0xff,
  0xff, 0xff, 0xff, 0xff, 0xff, 0xff, 0xff, 0xff, 0xff, 0xff, 0xff, 0xff,
  0xff, 0xff, 0xff, 0xff, 0xff, 0xff, 0xff, 0xff, 0xff, 0xff, 0xff, 0xff,
  0xff, 0xff, 0xff, 0xff, 0xff, 0xff, 0xff, 0xff, 0xff, 0xff, 0xff, 0xff,
  0xff, 0xff, 0xff, 0xff, 0xff, 0xff, 0xff, 0xff, 0xff, 0xff, 0xff, 0xff,
  0xff, 0xff, 0xff, 0xff, 0xff, 0xff, 0xff, 0xff, 0xff, 0xff, 0xff, 0xff,
  0xff, 0xff, 0xff, 0xff, 0xff, 0xff, 0xff, 0xff, 0xff, 0xff, 0xff, 0xff,
  0xff, 0xff, 0xff, 0xff, 0xff, 0xff, 0xff, 0xff, 0xff, 0xff, 0xff, 0xff,
  0xff, 0xff, 0xff, 0xff, 0xff, 0xff, 0xff, 0xff, 0xff, 0xff, 0xff, 0xff,
  0xff, 0xff, 0xff, 0xff, 0xff, 0xff, 0xff, 0xff, 0xff, 0xff, 0xff, 0xff,
  0xff, 0xff, 0xff, 0xff, 0xff, 0xff, 0xff, 0xff, 0xff, 0xff, 0xff, 0xff,
  0xff, 0xff, 0xff, 0xff, 0xff, 0xff, 0xff, 0xff, 0xff, 0xff, 0xff, 0xff,
  0xff, 0xff, 0xff, 0xff, 0xff, 0xff, 0xff, 0xff, 0xff, 0xff, 0xff, 0xff,
  0xff, 0xff, 0xff, 0xff, 0xff, 0xff, 0xff, 0xff, 0xff, 0xff, 0xff, 0xff,
  0xff, 0xff, 0xff, 0xff, 0xff, 0xff, 0xff, 0xff, 0xff, 0xff, 0xff, 0xff,
  0xff, 0xff, 0xff, 0xff, 0xff, 0xff, 0xff, 0xff, 0xff, 0xff, 0xff, 0xff,
  0xff, 0xff, 0xff, 0xff, 0xff, 0xff, 0xff, 0xff, 0xff, 0xff, 0xff, 0xff,
  0xff, 0xff, 0xff, 0xff, 0xff, 0xff, 0xff, 0xff, 0xff, 0xff, 0xff, 0xff,
  0xff, 0xff, 0xff, 0xff, 0xff, 0xff, 0xff, 0xff, 0xff, 0xff, 0xff, 0xff,
  0xff, 0xff, 0xff, 0xff, 0xff, 0xff, 0xff, 0xff, 0xff, 0xff, 0xff, 0xff,
  0xff, 0xff, 0xff, 0xff, 0xff, 0xff, 0xff, 0xff, 0xff, 0xff, 0xff, 0xff,
  0xff, 0xff, 0xff, 0xff, 0xff, 0xff, 0xff, 0xff, 0xff, 0xff, 0xff, 0xff,
  0xff, 0xff, 0xff, 0xff, 0xff, 0xff, 0xff, 0xff, 0xff, 0xff, 0xff, 0xff,
  0xff, 0xff, 0xff, 0xff, 0xff, 0xff, 0xff, 0xff, 0xff, 0xff, 0xff, 0xff,
  0xff, 0xff, 0xff, 0xff, 0xff, 0xff, 0xff, 0xff, 0xff, 0xff, 0xff, 0xff,
  0xff, 0xff, 0xff, 0xff, 0xff, 0xff, 0xff, 0xff, 0xff, 0xff, 0xff, 0xff,
  0xff, 0xff, 0xff, 0xff, 0xff, 0xff, 0xff, 0xff, 0xff, 0xff, 0xff, 0xff,
  0xff, 0xff, 0xff, 0xff, 0xff, 0xff, 0xff, 0xff, 0xff, 0xff, 0xff, 0xff,
  0xff, 0xff, 0xff, 0xff, 0xff, 0xff, 0xff, 0xff, 0xff, 0xff, 0xff, 0xff,
  0xff, 0xff, 0xff, 0xff, 0xff, 0xff, 0xff, 0xff, 0xff, 0xff, 0xff, 0xff,
  0xff, 0xff, 0xff, 0xff, 0xff, 0xff, 0xff, 0xff, 0xff, 0xff, 0xff, 0xff,
  0xff, 0xff, 0xff, 0xff, 0xff, 0xff, 0xff, 0xff, 0xff, 0xff, 0xff, 0xff,
  0xff, 0xff, 0xff, 0xff, 0xff, 0xff, 0xff, 0xff, 0xff, 0xff, 0xff, 0xff,
  0xff, 0xff, 0xff, 0xff, 0xff, 0xff, 0xff, 0xff, 0xff, 0xff, 0xff, 0xff,
  0xff, 0xff, 0xff, 0xff, 0xff, 0xff, 0xff, 0xff, 0xff, 0xff, 0xff, 0xff,
  0xff, 0xff, 0xff, 0xff, 0xff, 0xff, 0xff, 0xff, 0xff, 0xff, 0xff, 0xff,
  0xff, 0xff, 0xff, 0xff, 0xff, 0xff, 0xff, 0xff, 0xff, 0xff, 0xff, 0xff,
  0xff, 0xff, 0xff, 0xff, 0xff, 0xff, 0xff, 0xff, 0xff, 0xff, 0xff, 0xff,
  0xff, 0xff, 0xff, 0xff, 0xff, 0xff, 0xff, 0xff, 0xff, 0xff, 0xff, 0xff,
  0xff, 0xff, 0xff, 0xff, 0xff, 0xff, 0xff, 0xff, 0xff, 0xff, 0xff, 0xff,
  0xff, 0xff, 0xff, 0xff, 0xff, 0xff, 0xff, 0xff, 0xff, 0xff, 0xff, 0xff,
  0xff, 0xff, 0xff, 0xff, 0xff, 0xff, 0xff, 0xff, 0xff, 0xff, 0xff, 0xff,
  0xff, 0xff, 0xff, 0xff, 0xff, 0xff, 0xff, 0xff, 0xff, 0xff, 0xff, 0xff,
  0xff, 0xff, 0xff, 0xff, 0xff, 0xff, 0xff, 0xff, 0xff, 0xff, 0xff, 0xff,
  0xff, 0xff, 0xff, 0xff, 0xff, 0xff, 0xff, 0xff, 0xff, 0xff, 0xff, 0xff,
  0xff, 0xff, 0xff, 0xff, 0xff, 0xff, 0xff, 0xff, 0xff, 0xff, 0xff, 0xff,
  0xff, 0xff, 0xff, 0xff, 0xff, 0xff, 0xff, 0xff, 0xff, 0xff, 0xff, 0xff,
  0xff, 0xff, 0xff, 0xff, 0xff, 0xff, 0xff, 0xff, 0xff, 0xff, 0xff, 0xff,
  0xff, 0xff, 0xff, 0xff, 0xff, 0xff, 0xff, 0xff, 0xff, 0xff, 0xff, 0xff,
  0xff, 0xff, 0xff, 0xff, 0xff, 0xff, 0xff, 0xff, 0xff, 0xff, 0xff, 0xff,
  0xff, 0xff, 0xff, 0xff, 0xff, 0xff, 0xff, 0xff, 0xff, 0xff, 0xff, 0xff,
  0xff, 0xff, 0xff, 0xff, 0xff, 0xff, 0xff, 0xff, 0xff, 0xff, 0xff, 0xff,
  0xff, 0xff, 0xff, 0xff, 0xff, 0xff, 0xff, 0xff, 0xff, 0xff, 0xff, 0xff,
  0xff, 0xff, 0xff, 0xff, 0xff, 0xff, 0xff, 0xff, 0xff, 0xff, 0xff, 0xff,
  0xff, 0xff, 0xff, 0xff, 0xff, 0xff, 0xff, 0xff, 0xff, 0xff, 0xff, 0xff,
  0xff, 0xff, 0xff, 0xff, 0xff, 0xff, 0xff, 0xff, 0xff, 0xff, 0xff, 0xff,
  0xff, 0xff, 0xff, 0xff, 0xff, 0xff, 0xff, 0xff, 0xff, 0xff, 0xff, 0xff,
  0xff, 0xff, 0xff, 0xff, 0xff, 0xff, 0xff, 0xff, 0xff, 0xff, 0xff, 0xff,
  0xff, 0xff, 0xff, 0xff, 0xff, 0xff, 0xff, 0xff, 0xff, 0xff, 0xff, 0xff,
  0xff, 0xff, 0xff, 0xff, 0xff, 0xff, 0xff, 0xff, 0xff, 0xff, 0xff, 0xff,
  0xff, 0xff, 0xff, 0xff, 0xff, 0xff, 0xff, 0xff, 0xff, 0xff, 0xff, 0xff,
  0xff, 0xff, 0xff, 0xff, 0xff, 0xff, 0xff, 0xff, 0xff, 0xff, 0xff, 0xff,
  0xff, 0xff, 0xff, 0xff, 0xff, 0xff, 0xff, 0xff, 0xff, 0xff, 0xff, 0xff,
  0xff, 0xff, 0xff, 0xff, 0xff, 0xff, 0xff, 0xff, 0xff, 0xff, 0xff, 0xff,
  0xff, 0xff, 0xff, 0xff, 0xff, 0xff, 0xff, 0xff, 0xff, 0xff, 0xff, 0xff,
  0xff, 0xff, 0xff, 0xff, 0xff, 0xff, 0xff, 0xff, 0xff, 0xff, 0xff, 0xff,
  0xff, 0xff, 0xff, 0xff, 0xff, 0xff, 0xff, 0xff, 0xff, 0xff, 0xff, 0xff,
  0xff, 0xff, 0xff, 0xff, 0xff, 0xff, 0xff, 0xff, 0xff, 0xff, 0xff, 0xff,
  0xff, 0xff, 0xff, 0xff, 0xff, 0xff, 0xff, 0xff, 0xff, 0xff, 0xff, 0xff,
  0xff, 0xff, 0xff, 0xff, 0xff, 0xff, 0xff, 0xff, 0xff, 0xff, 0xff, 0xff,
  0xff, 0xff, 0xff, 0xff, 0xff, 0xff, 0xff, 0xff, 0xff, 0xff, 0xff, 0xff,
  0xff, 0xff, 0xff, 0xff, 0xff, 0xff, 0xff, 0xff, 0xff, 0xff, 0xff, 0xff,
  0xff, 0xff, 0xff, 0xff, 0xff, 0xff, 0xff, 0xff, 0xff, 0xff, 0xff, 0xff,
  0xff, 0xff, 0xff, 0xff, 0xff, 0xff, 0xff, 0xff, 0xff, 0xff, 0xff, 0xff,
  0xff, 0xff, 0xff, 0xff, 0xff, 0xff, 0xff, 0xff, 0xff, 0xff, 0xff, 0xff,
  0xff, 0xff, 0xff, 0xff, 0xff, 0xff, 0xff, 0xff, 0xff, 0xff, 0xff, 0xff,
  0xff, 0xff, 0xff, 0xff, 0xff, 0xff, 0xff, 0xff, 0xff, 0xff, 0xff, 0xff,
  0xff, 0xff, 0xff, 0xff, 0xff, 0xff, 0xff, 0xff, 0xff, 0xff, 0xff, 0xff,
  0xff, 0xff, 0xff, 0xff, 0xff, 0xff, 0xff, 0xff, 0xff, 0xff, 0xff, 0xff,
  0xff, 0xff, 0xff, 0xff, 0xff, 0xff, 0xff, 0xff, 0xff, 0xff, 0xff, 0xff,
  0xff, 0xff, 0xff, 0xff, 0xff, 0xff, 0xff, 0xff, 0xff, 0xff, 0xff, 0xff,
  0xff, 0xff, 0xff, 0xff, 0xff, 0xff, 0xff, 0xff, 0xff, 0xff, 0xff, 0xff,
  0xff, 0xff, 0xff, 0xff, 0xff, 0xff, 0xff, 0xff, 0xff, 0xff, 0xff, 0xff,
  0xff, 0xff, 0xff, 0xff, 0xff, 0xff, 0xff, 0xff, 0xff, 0xff, 0xff, 0xff,
  0xff, 0xff, 0xff, 0xff, 0xff, 0xff, 0xff, 0xff, 0xff, 0xff, 0xff, 0xff,
  0xff, 0xff, 0xff, 0xff, 0xff, 0xff, 0xff, 0xff, 0xff, 0xff, 0xff, 0xff,
  0xff, 0xff, 0xff, 0xff, 0xff, 0xff, 0xff, 0xff, 0xff, 0xff, 0xff, 0xff,
  0xff, 0xff, 0xff, 0xff, 0xff, 0xff, 0xff, 0xff, 0xff, 0xff, 0xff, 0xff,
  0xff, 0xff, 0xff, 0xff, 0xff, 0xff, 0xff, 0xff, 0xff, 0xff, 0xff, 0xff,
  0xff, 0xff, 0xff, 0xff, 0xff, 0xff, 0xff, 0xff, 0xff, 0xff, 0xff, 0xff,
  0xff, 0xff, 0xff, 0xff, 0xff, 0xff, 0xff, 0xff, 0xff, 0xff, 0xff, 0xff,
  0xff, 0xff, 0xff, 0xff, 0xff, 0xff, 0xff, 0xff, 0xff, 0xff, 0xff, 0xff,
  0xff, 0xff, 0xff, 0xff, 0xff, 0xff, 0xff, 0xff, 0xff, 0xff, 0xff, 0xff,
  0xff, 0xff, 0xff, 0xff, 0xff, 0xff, 0xff, 0xff, 0xff, 0xff, 0xff, 0xff,
  0xff, 0xff, 0xff, 0xff, 0xff, 0xff, 0xff, 0xff, 0xff, 0xff, 0xff, 0xff,
  0xff, 0xff, 0xff, 0xff, 0xff, 0xff, 0xff, 0xff, 0xff, 0xff, 0xff, 0xff,
  0xff, 0xff, 0xff, 0xff, 0xff, 0xff, 0xff, 0xff, 0xff, 0xff, 0xff, 0xff,
  0xff, 0xff, 0xff, 0xff, 0xff, 0xff, 0xff, 0xff, 0xff, 0xff, 0xff, 0xff,
  0xff, 0xff, 0xff, 0xff, 0xff, 0xff, 0xff, 0xff, 0xff, 0xff, 0xff, 0xff,
  0xff, 0xff, 0xff, 0xff, 0xff, 0xff, 0xff, 0xff, 0xff, 0xff, 0xff, 0xff,
  0xff, 0xff, 0xff, 0xff, 0xff, 0xff, 0xff, 0xff, 0xff, 0xff, 0xff, 0xff,
  0xff, 0xff, 0xff, 0xff, 0xff, 0xff, 0xff, 0xff, 0xff, 0xff, 0xff, 0xff,
  0xff, 0xff, 0xff, 0xff, 0xff, 0xff, 0xff, 0xff, 0xff, 0xff, 0xff, 0xff,
  0xff, 0xff, 0xff, 0xff, 0xff, 0xff, 0xff, 0xff, 0xff, 0xff, 0xff, 0xff,
  0xff, 0xff, 0xff, 0xff, 0xff, 0xff, 0xff, 0xff, 0xff, 0xff, 0xff, 0xff,
  0xff, 0xff, 0xff, 0xff, 0xff, 0xff, 0xff, 0xff, 0xff, 0xff, 0xff, 0xff,
  0xff, 0xff, 0xff, 0xff, 0xff, 0xff, 0xff, 0xff, 0xff, 0xff, 0xff, 0xff,
  0xff, 0xff, 0xff, 0xff, 0xff, 0xff, 0xff, 0xff, 0xff, 0xff, 0xff, 0xff,
  0xff, 0xff, 0xff, 0xff, 0xff, 0xff, 0xff, 0xff, 0xff, 0xff, 0xff, 0xff,
  0xff, 0xff, 0xff, 0xff, 0xff, 0xff, 0xff, 0xff, 0xff, 0xff, 0xff, 0xff,
  0xff, 0xff, 0xff, 0xff, 0xff, 0xff, 0xff, 0xff, 0xff, 0xff, 0xff, 0xff,
  0xff, 0xff, 0xff, 0xff, 0xff, 0xff, 0xff, 0xff, 0xff, 0xff, 0xff, 0xff,
  0xff, 0xff, 0xff, 0xff, 0xff, 0xff, 0xff, 0xff, 0xff, 0xff, 0xff, 0xff,
  0xff, 0xff, 0xff, 0xff, 0xff, 0xff, 0xff, 0xff, 0xff, 0xff, 0xff, 0xff,
  0xff, 0xff, 0xff, 0xff, 0xff, 0xff, 0xff, 0xff, 0xff, 0xff, 0xff, 0xff,
  0xff, 0xff, 0xff, 0xff, 0xff, 0xff, 0xff, 0xff, 0xff, 0xff, 0xff, 0xff,
  0xff, 0xff, 0xff, 0xff, 0xff, 0xff, 0xff, 0xff, 0xff, 0xff, 0xff, 0xff,
  0xff, 0xff, 0xff, 0xff, 0xff, 0xff, 0xff, 0xff, 0xff, 0xff, 0xff, 0xff,
  0xff, 0xff, 0xff, 0xff, 0xff, 0xff, 0xff, 0xff, 0xff, 0xff, 0xff, 0xff,
  0xff, 0xff, 0xff, 0xff, 0xff, 0xff, 0xff, 0xff, 0xff, 0xff, 0xff, 0xff,
  0xff, 0xff, 0xff, 0xff, 0xff, 0xff, 0xff, 0xff, 0xff, 0xff, 0xff, 0xff,
  0xff, 0xff, 0xff, 0xff, 0xff, 0xff, 0xff, 0xff, 0xff, 0xff, 0xff, 0xff,
  0xff, 0xff, 0xff, 0xff, 0xff, 0xff, 0xff, 0xff, 0xff, 0xff, 0xff, 0xff,
  0xff, 0xff, 0xff, 0xff, 0xff, 0xff, 0xff, 0xff, 0xff, 0xff, 0xff, 0xff,
  0xff, 0xff, 0xff, 0xff, 0xff, 0xff, 0xff, 0xff, 0xff, 0xff, 0xff, 0xff,
  0xff, 0xff, 0xff, 0xff, 0xff, 0xff, 0xff, 0xff, 0xff, 0xff, 0xff, 0xff,
  0xff, 0xff, 0xff, 0xff, 0xff, 0xff, 0xff, 0xff, 0xff, 0xff, 0xff, 0xff,
  0xff, 0xff, 0xff, 0xff, 0xff, 0xff, 0xff, 0xff, 0xff, 0xff, 0xff, 0xff,
  0xff, 0xff, 0xff, 0xff, 0xff, 0xff, 0xff, 0xff, 0xff, 0xff, 0xff, 0xff,
  0xff, 0xff, 0xff, 0xff, 0xff, 0xff, 0xff, 0xff, 0xff, 0xff, 0xff, 0xff,
  0xff, 0xff, 0xff, 0xff, 0xff, 0xff, 0xff, 0xff, 0xff, 0xff, 0xff, 0xff,
  0xff, 0xff, 0xff, 0xff, 0xff, 0xff, 0xff, 0xff, 0xff, 0xff, 0xff, 0xff,
  0xff, 0xff, 0xff, 0xff, 0xff, 0xff, 0xff, 0xff, 0xe4, 0xff, 0xef, 0x24,
  0x40, 0x90, 0x82, 0x8c, 0xf0, 0xa3, 0xe0, 0xfe, 0x74, 0xf1, 0x2f, 0x12,
  0x91, 0x96, 0xee, 0xf0, 0x0f, 0xef, 0xb4, 0x64, 0xe9, 0xe4, 0xff, 0x90,
  0x82, 0x8c, 0xef, 0xf0, 0x90, 0x82, 0xbc, 0x12, 0x8c, 0xff, 0x25, 0xe0,
  0x24, 0x71, 0xf5, 0x82, 0xe4, 0x34, 0xca, 0x12, 0x90, 0xf1, 0x0f, 0xef,
  0xb4, 0x40, 0xe4, 0x22, 0x7e, 0x00, 0x7f, 0x0d, 0x7d, 0x00, 0x7b, 0x01,
  0x7a, 0xc3, 0x79, 0x1f, 0x12, 0x1d, 0x1e, 0xf1, 0xa9, 0x12, 0x8b, 0xa6,
  0xf1, 0x9d, 0x3e, 0x90, 0xd2, 0xbf, 0xf0, 0xa3, 0xef, 0xf0, 0xe4, 0x90,
  0xd2, 0xb9, 0xf0, 0xe4, 0x90, 0xd2, 0xba, 0xf0, 0x12, 0xf7, 0xed, 0xfe,
  0xf1, 0xec, 0xb1, 0xff, 0xe0, 0xfd, 0x90, 0xd2, 0xbb, 0xf0, 0xee, 0xf1,
  0xdf, 0xb1, 0xff, 0xe0, 0x90, 0xd2, 0xbc, 0xf0, 0xc2, 0x00, 0xed, 0x70,
  0x02, 0x41, 0x2a, 0xe0, 0x70, 0x02, 0x41, 0x2a, 0xf1, 0x24, 0xff, 0x7e,
  0x00, 0xb1, 0xce, 0x12, 0xf8, 0x32, 0xe0, 0x51, 0xbb, 0xb1, 0xab, 0x50,
  0x54, 0x12, 0xf9, 0xc1, 0x51, 0xbb, 0xee, 0xf1, 0x70, 0xb1, 0xb2, 0x40,
  0x48, 0x90, 0xd2, 0xbc, 0xe0, 0x12, 0xf9, 0x89, 0xb1, 0xc9, 0x90, 0xc4,
  0x26, 0xe0, 0x51, 0xbb, 0x90, 0xc4, 0x25, 0xf1, 0xd1, 0x90, 0xd2, 0xbb,
  0xe0, 0x75, 0xf0, 0x10, 0xa4, 0xfb, 0xaa, 0xf0, 0xd3, 0x9d, 0xec, 0xf1,
  0x81, 0x98, 0x50, 0x21, 0x90, 0xc4, 0x28, 0xe0, 0x51, 0xbb, 0x90, 0xc4,
  0x27, 0xe0, 0xf1, 0x70, 0xeb, 0x9f, 0xff, 0xea, 0x9e, 0xfe, 0x90, 0xc4,
  0x18, 0xe0, 0xf1, 0xb3, 0x90, 0xd2, 0xbc, 0xe0, 0x12, 0xf7, 0xe3, 0x40,
  0x69, 0xf1, 0x20, 0xff, 0x7e, 0x00, 0xb1, 0xce, 0x12, 0xf8, 0x32, 0xe0,
  0x51, 0xbb, 0xee, 0xf1, 0x70, 0xb1, 0xb2, 0x50, 0x4e, 0x12, 0xf9, 0xc1,
  0x51, 0xbb, 0xee, 0xc4, 0x54, 0xf0, 0x48, 0xfe, 0xb1, 0xb2, 0x40, 0x3f,
  0xd1, 0xf8, 0x51, 0xbb, 0xb1, 0xab, 0x40, 0x29, 0xb1, 0x55, 0xc0, 0x07,
  0xd1, 0xf8, 0xfd, 0xac, 0x06, 0x90, 0xd2, 0xbc, 0xe0, 0xfb, 0x90, 0xd2,
  0xbb, 0xb1, 0xd6, 0xd0, 0x07, 0xb1, 0x4a, 0xf1, 0xf8, 0x12, 0xf9, 0x99,
  0x50, 0x02, 0x21, 0xbe, 0x12, 0xf8, 0x8d, 0x40, 0x02, 0x21, 0xeb, 0x21,
  0xd1, 0x51, 0x8d, 0xf1, 0x77, 0x98, 0x50, 0x02, 0x41, 0x02, 0x12, 0xf8,
  0xb0, 0x41, 0x2f, 0xe4, 0x90, 0xd2, 0xbe, 0xf0, 0x41, 0x2f, 0x90, 0xd2,
  0xb9, 0xe0, 0x12, 0xf9, 0xb9, 0x7c, 0x00, 0x2f, 0xff, 0xec, 0x35, 0xf0,
  0xfe, 0xef, 0x78, 0x03, 0xce, 0xa2, 0xe7, 0x13, 0xce, 0x13, 0xd8, 0xf8,
  0x12, 0xf9, 0x28, 0xc0, 0x83, 0xc0, 0x82, 0x12, 0xf7, 0xf0, 0x75, 0xf0,
  0x0a, 0xa4, 0xfe, 0xa3, 0xe0, 0x2e, 0x54, 0x07, 0xfe, 0x74, 0x01, 0xa8,
  0x06, 0x08, 0x80, 0x02, 0xc3, 0x33, 0xd8, 0xfc, 0x4f, 0xd0, 0x82, 0xd0,
  0x83, 0xf0, 0xf1, 0x20, 0xff, 0x7e, 0x00, 0xb1, 0xce, 0x90, 0xd2, 0xbb,
  0xe0, 0xf9, 0xd1, 0xee, 0x51, 0xbb, 0xb1, 0xab, 0x40, 0x55, 0xb1, 0x55,
  0xc0, 0x07, 0xd1, 0xf8, 0xfd, 0xac, 0x06, 0xf1, 0xbb, 0xb1, 0xda, 0xd0,
  0x07, 0xb1, 0x4a, 0xf1, 0xf8, 0x12, 0xf9, 0x99, 0x50, 0x0e, 0x90, 0xc4,
  0x11, 0xa3, 0xe0, 0x90, 0xd2, 0xbd, 0xf0, 0xe4, 0xa3, 0xf0, 0x80, 0x67,
  0x12, 0xf8, 0x8d, 0x50, 0x1a, 0xe4, 0x90, 0xd2, 0xbd, 0xf1, 0xa8, 0x90,
  0xc4, 0x12, 0xe0, 0x51, 0xbb, 0x12, 0xf9, 0x56, 0xfe, 0x12, 0x16, 0x12,
  0x90, 0xd2, 0xbe, 0xef, 0xf0, 0x80, 0x48, 0x90, 0xd2, 0xbd, 0xeb, 0xf0,
  0x90, 0xd2, 0xc3, 0xa3, 0xe0, 0x90, 0xd2, 0xbe, 0xf0, 0x80, 0x38, 0x51,
  0x8d, 0xf1, 0x77, 0x98, 0x50, 0x1d, 0xb1, 0x55, 0xc0, 0x07, 0xf1, 0xbb,
  0xb1, 0xda, 0xd0, 0x07, 0xb1, 0x5d, 0x90, 0xd2, 0xbe, 0xb1, 0x52, 0x90,
  0xc4, 0x13, 0xf1, 0x00, 0x90, 0xd2, 0xbd, 0xef, 0xf0, 0x80, 0x14, 0x12,
  0xf8, 0xb0, 0x90, 0xd2, 0xbd, 0xf0, 0xd2, 0x00, 0x80, 0x09, 0xe4, 0x90,
  0xd2, 0xbe, 0xf0, 0x90, 0xd2, 0xbd, 0xf0, 0x90, 0xd2, 0xbe, 0xe0, 0xff,
  0x90, 0xd2, 0xba, 0xe0, 0xfe, 0x90, 0xd2, 0xb9, 0xe0, 0xfd, 0x12, 0xf8,
  0xec, 0xf5, 0x83, 0xe5, 0x82, 0x2e, 0xd1, 0x04, 0x12, 0xf9, 0x81, 0xed,
  0x12, 0xf8, 0xe0, 0xf5, 0x83, 0xe5, 0x82, 0x2e, 0xd1, 0x04, 0xef, 0xf0,
  0x90, 0xd2, 0xba, 0xe0, 0xff, 0xed, 0xb1, 0xf4, 0xe0, 0xff, 0xa2, 0x00,
  0xe4, 0x33, 0xfe, 0xc3, 0x74, 0x01, 0x9e, 0xfe, 0xef, 0xa8, 0x06, 0x08,
  0x80, 0x02, 0xc3, 0x13, 0xd8, 0xfc, 0xf0, 0x90, 0xd2, 0xba, 0x12, 0x8b,
  0xe2, 0x50, 0x02, 0x01, 0x60, 0x12, 0x8b, 0xdf, 0x50, 0x02, 0x01, 0x5b,
  0x22, 0x90, 0xd2, 0xbc, 0xe0, 0xfd, 0x7c, 0x00, 0x90, 0xc4, 0x10, 0xe0,
  0xff, 0x7e, 0x00, 0x12, 0x16, 0x00, 0xac, 0x06, 0xad, 0x07, 0x90, 0xd2,
  0xbb, 0xe0, 0xf9, 0x75, 0xf0, 0x10, 0xa4, 0x2d, 0xfb, 0xec, 0x35, 0xf0,
  0xfa, 0x90, 0xc4, 0x13, 0xe0, 0xfe, 0xa3, 0xe0, 0xfd, 0xac, 0x06, 0xc4,
  0xf8, 0x54, 0x0f, 0xc8, 0x68, 0xff, 0x22, 0x90, 0xc7, 0x75, 0xe0, 0x64,
  0x01, 0x70, 0x02, 0xa1, 0x49, 0x12, 0xf8, 0xbd, 0x12, 0xc8, 0xb6, 0x78,
  0x08, 0x12, 0x19, 0x84, 0x90, 0xc4, 0x48, 0x12, 0xc8, 0xa6, 0x78, 0x08,
  0x12, 0x19, 0x84, 0x12, 0x8e, 0x23, 0x90, 0xd4, 0x59, 0xe0, 0xb4, 0x01,
  0x03, 0xe4, 0xf0, 0x22, 0x90, 0xc4, 0x10, 0xe0, 0xfb, 0xfd, 0x7c, 0x00,
  0x12, 0x8b, 0xa6, 0xf1, 0x9d, 0x3e, 0x90, 0xd2, 0xb9, 0xf0, 0xa3, 0xef,
  0xf0, 0x7a, 0x00, 0x90, 0xc4, 0x15, 0xf1, 0xca, 0xeb, 0x2f, 0xff, 0xea,
  0x3e, 0x90, 0xd2, 0xbb, 0x12, 0xf9, 0xb1, 0xf1, 0xca, 0xeb, 0x2f, 0xff,
  0xea, 0x3e, 0x90, 0xd2, 0xbd, 0xf0, 0xa3, 0xef, 0xf0, 0xe4, 0x90, 0xd2,
  0xc9, 0xf0, 0x90, 0xc4, 0x48, 0xf1, 0x2c, 0xce, 0xc3, 0x13, 0xce, 0x13,
  0xd8, 0xf9, 0xff, 0x90, 0xd2, 0xc5, 0xf0, 0xfb, 0x90, 0xc4, 0x4a, 0xf1,
  0x2c, 0xce, 0xc3, 0x13, 0xce, 0x13, 0xd8, 0xf9, 0x90, 0xd2, 0xc6, 0xf0,
  0xf1, 0x24, 0xf9, 0xff, 0x7e, 0x00, 0xb1, 0xce, 0xeb, 0xd1, 0xee, 0x51,
  0xbb, 0xb1, 0xab, 0x40, 0x7c, 0xe9, 0xf4, 0x04, 0xff, 0xc0, 0x07, 0xd1,
  0xf8, 0xfd, 0xac, 0x06, 0x90, 0xd2, 0xc6, 0xe0, 0xfb, 0x90, 0xd2, 0xc5,
  0xe0, 0x90, 0xd3, 0x2d, 0xf0, 0x90, 0xd2, 0xb9, 0xb1, 0xde, 0xd0, 0x07,
  0xb1, 0x5d, 0x12, 0x8d, 0x28, 0xb1, 0x55, 0x12, 0xef, 0x47, 0x90, 0xd2,
  0xc3, 0xa3, 0xe0, 0xfb, 0xf1, 0x05, 0xc3, 0x90, 0xd2, 0xc3, 0xe0, 0x64,
  0x80, 0x94, 0x80, 0x50, 0x0e, 0x90, 0xc4, 0x11, 0xa3, 0xe0, 0x90, 0xd2,
  0xc7, 0xf0, 0xe4, 0xa3, 0xf0, 0x80, 0x6d, 0xc3, 0xee, 0x64, 0x80, 0x94,
  0x80, 0x50, 0x1a, 0xe4, 0x90, 0xd2, 0xc7, 0xf1, 0xa8, 0x90, 0xc4, 0x12,
  0xe0, 0x51, 0xbb, 0x12, 0xf9, 0x56, 0xfe, 0x12, 0x16, 0x12, 0x90, 0xd2,
  0xc8, 0xef, 0xf0, 0x80, 0x4b, 0x90, 0xd2, 0xc7, 0xef, 0xf0, 0x90, 0xd2,
  0xc3, 0xa3, 0xe0, 0x90, 0xd2, 0xc8, 0xf0, 0x80, 0x3b, 0x90, 0xd2, 0xc6,
  0xf1, 0x23, 0xff, 0x7e, 0x00, 0xb1, 0xce, 0x90, 0xd2, 0xc5, 0x51, 0xa5,
  0xf1, 0x77, 0x98, 0x50, 0x24, 0xb1, 0x55, 0xc0, 0x07, 0x90, 0xd2, 0xc6,
  0xf1, 0xbe, 0xf0, 0x90, 0xd2, 0xb9, 0xb1, 0xde, 0xd0, 0x07, 0xb1, 0x5d,
  0x90, 0xd2, 0xc8, 0xb1, 0x52, 0x90, 0xc4, 0x13, 0xf1, 0x00, 0x90, 0xd2,
  0xc7, 0xef, 0xf0, 0x80, 0x03, 0x12, 0xf7, 0xf7, 0x12, 0xf8, 0x47, 0x12,
  0xf9, 0x89, 0xfa, 0xb1, 0xc9, 0x90, 0xc4, 0x17, 0xe0, 0x51, 0xbb, 0x90,
  0xc4, 0x16, 0xf1, 0xd1, 0xeb, 0x12, 0xca, 0x3c, 0x40, 0x1e, 0xaf, 0x02,
  0xc0, 0x07, 0x12, 0xf9, 0x03, 0x90, 0xd2, 0xc5, 0xe0, 0x90, 0xd2, 0xef,
  0xf0, 0x90, 0xd2, 0xbb, 0x12, 0xbf, 0x8c, 0xd0, 0x07, 0xf1, 0x3b, 0x12,
  0xf9, 0x32, 0x80, 0x3b, 0x90, 0xd2, 0xc5, 0x12, 0xf8, 0xa9, 0x90, 0xc4,
  0x1a, 0xe0, 0x51, 0xbb, 0x90, 0xc4, 0x19, 0x12, 0xf8, 0x18, 0x90, 0xc4,
  0x18, 0xf1, 0xb1, 0x90, 0xd2, 0xc6, 0x12, 0xf7, 0xe1, 0x40, 0x26, 0xaf,
  0x02, 0xc0, 0x07, 0x90, 0xc4, 0x19, 0x12, 0xf7, 0x94, 0xe0, 0x90, 0xd2,
  0xef, 0xf0, 0x90, 0xd2, 0xbd, 0x12, 0xbf, 0x8c, 0xd0, 0x07, 0xf1, 0x3b,
  0x12, 0xf9, 0x3b, 0x12, 0xf4, 0xe7, 0x90, 0xd2, 0xc7, 0xef, 0xf0, 0x80,
  0x03, 0x12, 0xf7, 0xf7, 0x12, 0xf8, 0x47, 0x90, 0xc4, 0x1b, 0xe0, 0xfa,
  0xf1, 0x90, 0x3e, 0x90, 0xd2, 0xbf, 0xf1, 0x88, 0x3e, 0x90, 0xd2, 0xc1,
  0xf0, 0xa3, 0xef, 0xf0, 0xeb, 0x12, 0xf9, 0x1e, 0x51, 0xbb, 0x90, 0xc4,
  0x1c, 0x12, 0xf8, 0x18, 0xea, 0xf1, 0xb3, 0x90, 0xd2, 0xc6, 0xe0, 0xfb,
  0xc3, 0x12, 0xf7, 0xe4, 0x50, 0x16, 0x90, 0xc4, 0x1c, 0x12, 0xf7, 0x94,
  0xb1, 0xd6, 0x90, 0xc4, 0x1b, 0xe0, 0xff, 0xb1, 0x5d, 0xf1, 0x3d, 0x12,
  0xf9, 0x44, 0x80, 0x3b, 0x90, 0xd2, 0xc6, 0x12, 0xf9, 0xa9, 0xb1, 0xc7,
  0x90, 0xc4, 0x20, 0xe0, 0x51, 0xbb, 0x90, 0xc4, 0x1f, 0xf1, 0xd1, 0x90,
  0xd2, 0xc5, 0x12, 0xf9, 0xa1, 0x12, 0xca, 0x41, 0x50, 0x26, 0xaf, 0x03,
  0xc0, 0x07, 0x90, 0xc4, 0x1f, 0x12, 0xf9, 0x03, 0x90, 0xd3, 0x2d, 0xea,
  0xf0, 0x90, 0xd2, 0xc1, 0xb1, 0xde, 0xd0, 0x07, 0xb1, 0x5d, 0xf1, 0x3d,
  0x12, 0xf9, 0x4d, 0xf1, 0x00, 0x90, 0xd2, 0xc7, 0xef, 0xf0, 0x80, 0x03,
  0x12, 0xf7, 0xf7, 0x90, 0xd2, 0xc9, 0xe0, 0x64, 0x03, 0x60, 0x1e, 0x90,
  0xd2, 0xc7, 0xe0, 0x75, 0xf0, 0x08, 0xa4, 0xff, 0x90, 0xc4, 0x48, 0x12,
  0x83, 0x73, 0x90, 0xd2, 0xc8, 0xe0, 0x75, 0xf0, 0x08, 0xa4, 0xff, 0x90,
  0xc4, 0x4a, 0x12, 0x83, 0x73, 0x22, 0xb1, 0x5d, 0x90, 0xd2, 0xc3, 0xee,
  0xf0, 0xa3, 0xef, 0xf0, 0xfb, 0x90, 0xc4, 0x10, 0xe0, 0xf4, 0x04, 0xff,
  0x22, 0x90, 0xd3, 0x2c, 0xeb, 0xf0, 0x90, 0xd3, 0x29, 0xef, 0xf0, 0x33,
  0x95, 0xe0, 0xfe, 0x12, 0x16, 0x00, 0x12, 0x8b, 0x0b, 0x12, 0xc6, 0x4c,
  0x90, 0xd3, 0x2c, 0x12, 0xee, 0x65, 0x12, 0x8b, 0x0b, 0x12, 0x18, 0x0a,
  0xc0, 0x04, 0x12, 0xc6, 0x4e, 0xa3, 0xe0, 0xfd, 0x7c, 0x00, 0x90, 0xd3,
  0x29, 0xf1, 0xca, 0x12, 0x16, 0x00, 0x12, 0x8b, 0x0b, 0xd0, 0x00, 0x12,
  0x17, 0xfd, 0xc0, 0x06, 0xc0, 0x07, 0x12, 0x91, 0x4f, 0x12, 0xda, 0xfa,
  0xd0, 0x07, 0xd0, 0x06, 0x02, 0x0c, 0xfd, 0xee, 0xc4, 0x54, 0xf0, 0x48,
  0xfe, 0xd3, 0xed, 0x9f, 0xee, 0x64, 0x80, 0xf8, 0xec, 0x64, 0x80, 0x98,
  0x22, 0x90, 0xd2, 0xc0, 0xe0, 0xfd, 0x7c, 0x00, 0x90, 0xc4, 0x15, 0xe0,
  0xfb, 0xff, 0x33, 0x95, 0xe0, 0xfe, 0x12, 0x16, 0x00, 0xac, 0x06, 0xad,
  0x07, 0x22, 0xe0, 0x90, 0xd3, 0x2d, 0xf0, 0x90, 0xd2, 0xbf, 0xe0, 0xff,
  0xa3, 0xe0, 0x90, 0xd3, 0x2e, 0xcf, 0xf0, 0xa3, 0xef, 0xf0, 0x22, 0x90,
  0xd2, 0xba, 0xe0, 0xff, 0x90, 0xd2, 0xb9, 0xe0, 0x75, 0xf0, 0x0a, 0xa4,
  0x24, 0x46, 0xf5, 0x82, 0xe4, 0x34, 0xc6, 0xf5, 0x83, 0xe5, 0x82, 0x2f,
  0xf5, 0x82, 0xe4, 0x35, 0x83, 0xf5, 0x83, 0x22, 0xe4, 0x90, 0xc7, 0x88,
  0xf0, 0xfb, 0xe4, 0xff, 0xeb, 0x75, 0xf0, 0x0a, 0xa4, 0x2f, 0x12, 0xf7,
  0xbb, 0xf1, 0x33, 0x12, 0x90, 0xf9, 0xb1, 0xff, 0xee, 0xf0, 0x90, 0x82,
  0x4a, 0xf1, 0x33, 0x12, 0x91, 0x01, 0xb1, 0xff, 0xee, 0xf0, 0x90, 0x82,
  0x4c, 0xf1, 0x33, 0x12, 0x91, 0x09, 0xb1, 0xff, 0xee, 0xf0, 0x90, 0x82,
  0x4e, 0xe0, 0xfe, 0xeb, 0xb1, 0xf4, 0xee, 0xf0, 0x90, 0x82, 0x46, 0xe0,
  0xfe, 0xf1, 0xeb, 0xb1, 0xff, 0xee, 0xf0, 0x90, 0x82, 0x47, 0xe0, 0xfe,
  0xf1, 0xde, 0xb1, 0xff, 0xee, 0x12, 0xe8, 0x7a, 0x70, 0x32, 0xeb, 0x75,
  0xf0, 0x0a, 0xa4, 0x24, 0x5b, 0xf5, 0x82, 0xe4, 0x34, 0xd4, 0xb1, 0xff,
  0xe0, 0x64, 0x01, 0x70, 0x1f, 0xf1, 0xeb, 0xb1, 0xff, 0xe0, 0xfe, 0x90,
  0xc7, 0x87, 0xe0, 0xfd, 0xee, 0xd3, 0x9d, 0x50, 0x09, 0xf1, 0xde, 0xb1,
  0xff, 0xe0, 0xd3, 0x9d, 0x40, 0x06, 0x90, 0xc7, 0x88, 0xe0, 0x04, 0xf0,
  0x0f, 0xef, 0x64, 0x0a, 0x60, 0x02, 0xc1, 0x14, 0x0b, 0xeb, 0x64, 0x0a,
  0x60, 0x02, 0xc1, 0x12, 0x90, 0x82, 0xe8, 0xe0, 0xff, 0xa3, 0xe0, 0x90,
  0xc3, 0x82, 0xcf, 0xf0, 0xa3, 0xef, 0xf0, 0x90, 0x82, 0xea, 0xe0, 0xff,
  0xa3, 0xe0, 0x90, 0xc3, 0x7a, 0xcf, 0xf0, 0xa3, 0xef, 0xf0, 0x90, 0x82,
  0xe4, 0x12, 0x1a, 0x4c, 0x90, 0xc3, 0x4b, 0x12, 0x1a, 0xe9, 0xe4, 0xfb,
  0xeb, 0x25, 0xe0, 0x25, 0xe0, 0x24, 0xc0, 0xf5, 0x82, 0xe4, 0x34, 0x82,
  0xf5, 0x83, 0x12, 0x1a, 0x4c, 0xeb, 0x12, 0x8c, 0x6a, 0x12, 0x1a, 0xe9,
  0x0b, 0xeb, 0xb4, 0x06, 0xe3, 0x22, 0x75, 0xf0, 0x10, 0xa4, 0x2d, 0xfd,
  0xec, 0x35, 0xf0, 0xfc, 0x90, 0xc4, 0x11, 0xe0, 0xfe, 0xa3, 0xe0, 0x22,
  0xe0, 0xfc, 0xa3, 0xe0, 0xfd, 0x8d, 0x82, 0x8c, 0x83, 0xef, 0x33, 0x95,
  0xe0, 0xfe, 0xad, 0x03, 0x7c, 0x00, 0x12, 0xf5, 0x07, 0xac, 0x83, 0xad,
  0x82, 0xef, 0x2d, 0xff, 0xee, 0x3c, 0xfe, 0x22, 0x90, 0xd2, 0xbc, 0xe0,
  0xfd, 0x7c, 0x00, 0x90, 0xc4, 0x10, 0xe0, 0x22, 0xe0, 0xfe, 0xa3, 0xe0,
  0x78, 0x03, 0x22, 0xe0, 0xfe, 0xeb, 0x75, 0xf0, 0x0a, 0xa4, 0x22, 0xf1,
  0x44, 0x90, 0xd2, 0xc8, 0xef, 0xf0, 0xfb, 0x22, 0xa9, 0x03, 0x90, 0xd2,
  0xef, 0xe0, 0x75, 0xf0, 0x10, 0xa4, 0xfb, 0xed, 0x51, 0xbb, 0xec, 0xf1,
  0x70, 0xeb, 0x9f, 0xfb, 0xe5, 0xf0, 0x9e, 0xfa, 0xe9, 0xf1, 0x24, 0x12,
  0x8b, 0xa6, 0x12, 0xf9, 0x0e, 0x90, 0xd2, 0xf0, 0xe0, 0xfc, 0xa3, 0xe0,
  0xfd, 0x02, 0x16, 0x67, 0xc4, 0x54, 0xf0, 0x48, 0xfe, 0xc3, 0x22, 0xec,
  0xc4, 0x54, 0xf0, 0x48, 0xfe, 0xc3, 0xeb, 0x9f, 0xee, 0x64, 0x80, 0xf8,
  0xea, 0x64, 0x80, 0x22, 0xf0, 0xa3, 0xef, 0xf0, 0x90, 0xc4, 0x1e, 0xe0,
  0xfd, 0x33, 0x95, 0xe0, 0xfc, 0xaf, 0x05, 0xfe, 0x12, 0x16, 0x00, 0x7c,
  0x00, 0x7d, 0x10, 0x12, 0x16, 0x67, 0xef, 0x24, 0x10, 0xff, 0xe4, 0x22,
  0xf0, 0x90, 0xc4, 0x10, 0xe0, 0xfd, 0x7c, 0x00, 0x22, 0xe0, 0xfa, 0xfd,
  0x33, 0x95, 0xe0, 0xfc, 0x02, 0x16, 0x67, 0x90, 0xd2, 0xbc, 0xe0, 0xfb,
  0x90, 0xd3, 0x2d, 0xe9, 0x22, 0xef, 0xf0, 0x90, 0xd2, 0xee, 0xe0, 0xff,
  0x33, 0x95, 0xe0, 0xfe, 0x22, 0xe0, 0xc4, 0x54, 0xf0, 0x48, 0xfe, 0xed,
  0x2f, 0xfd, 0xec, 0x3e, 0xfc, 0x22, 0xeb, 0x75, 0xf0, 0x0a, 0xa4, 0x24,
  0x0e, 0xf5, 0x82, 0xe4, 0x34, 0xc7, 0x22, 0xeb, 0x75, 0xf0, 0x0a, 0xa4,
  0x24, 0xaa, 0xf5, 0x82, 0xe4, 0x34, 0xc6, 0x22, 0x90, 0xc4, 0x11, 0xe0,
  0xfc, 0xa3, 0xe0, 0xfd, 0x12, 0xb7, 0x05, 0x90, 0xd2, 0xc1, 0xee, 0xf0,
  0xa3, 0xef, 0xf0, 0x22, 0x12, 0x8a, 0x78, 0x31, 0x62, 0x90, 0xc3, 0x3f,
  0x12, 0x8e, 0x3f, 0x12, 0xef, 0xdb, 0xec, 0xf0, 0xa3, 0xed, 0xf0, 0x90,
  0xc3, 0x50, 0xea, 0xf0, 0xa3, 0xeb, 0x12, 0x8e, 0x79, 0x90, 0xc3, 0x19,
  0xcf, 0xf0, 0xa3, 0xef, 0xf0, 0x90, 0xd3, 0x0f, 0x12, 0xb7, 0x2c, 0xce,
  0xc3, 0x13, 0xce, 0x13, 0xd8, 0xf9, 0x78, 0x03, 0xc3, 0x33, 0xce, 0x33,
  0xce, 0xd8, 0xf9, 0xff, 0x90, 0xd3, 0x0f, 0x12, 0x90, 0x3d, 0xae, 0x04,
  0x78, 0x03, 0xce, 0xc3, 0x13, 0xce, 0x13, 0xd8, 0xf9, 0x78, 0x03, 0xc3,
  0x33, 0xce, 0x33, 0xce, 0xd8, 0xf9, 0xff, 0x90, 0xd3, 0x11, 0xee, 0x12,
  0x8e, 0xb7, 0x7c, 0x00, 0x31, 0x6a, 0xce, 0xc3, 0x13, 0xce, 0x13, 0xd8,
  0xf9, 0xfb, 0x90, 0xd3, 0x15, 0x12, 0xd0, 0xc2, 0x31, 0x6a, 0xce, 0xc3,
  0x13, 0xce, 0x13, 0xd8, 0xf9, 0xfa, 0x90, 0x82, 0x88, 0xeb, 0xf0, 0xa3,
  0xea, 0xf0, 0xfd, 0x7c, 0x00, 0xeb, 0x12, 0x8b, 0xa6, 0x90, 0xcb, 0xff,
  0x12, 0x83, 0xa0, 0x90, 0x82, 0xbf, 0xf0, 0x90, 0xcb, 0xff, 0xe0, 0x90,
  0x82, 0xbe, 0xf0, 0x90, 0x82, 0x8a, 0x74, 0x0a, 0xf0, 0xa3, 0xf0, 0x90,
  0xd3, 0x10, 0xe0, 0x90, 0x82, 0x84, 0xf0, 0x90, 0xd3, 0x0f, 0xe0, 0x90,
  0x82, 0x85, 0xf0, 0x90, 0xd3, 0x12, 0xe0, 0x90, 0x82, 0x86, 0xf0, 0x90,
  0xd3, 0x11, 0xe0, 0x90, 0x82, 0x87, 0xf0, 0xeb, 0xff, 0x7e, 0x00, 0x7d,
  0x28, 0x12, 0x16, 0x00, 0x90, 0xd3, 0x10, 0xe0, 0x2f, 0xff, 0x90, 0xd3,
  0x0f, 0xe0, 0x3e, 0x12, 0x91, 0x27, 0xea, 0x12, 0x8b, 0xa6, 0x90, 0xd3,
  0x11, 0xe0, 0xfc, 0xa3, 0xe0, 0xfd, 0x2f, 0xff, 0xec, 0x3e, 0x90, 0xd3,
  0x19, 0xf0, 0xa3, 0xef, 0xf0, 0x31, 0x62, 0x90, 0x82, 0xa8, 0xcf, 0xf0,
  0xa3, 0xef, 0xf0, 0x90, 0x82, 0xaa, 0x12, 0x8f, 0xee, 0xfe, 0xa3, 0xe0,
  0xff, 0x90, 0x82, 0xac, 0x12, 0x8c, 0x9c, 0xfd, 0xa3, 0xe0, 0x90, 0x82,
  0xae, 0xcd, 0xf0, 0xa3, 0xed, 0xf0, 0x90, 0xd3, 0x0f, 0x12, 0xdd, 0x99,
  0x12, 0x8e, 0x58, 0xef, 0x78, 0x03, 0xce, 0xc3, 0x13, 0xce, 0x13, 0xd8,
  0xf9, 0xfb, 0x12, 0x83, 0x89, 0x90, 0xd3, 0x1a, 0xe0, 0x9f, 0xff, 0x90,
  0xd3, 0x19, 0xe0, 0x9e, 0xfe, 0xef, 0x78, 0x03, 0xce, 0xc3, 0x13, 0xce,
  0x13, 0xd8, 0xf9, 0xfa, 0xaf, 0x03, 0x7e, 0x00, 0x12, 0x8d, 0x3f, 0x78,
  0x01, 0x12, 0x19, 0x84, 0x90, 0xcb, 0xee, 0x02, 0x1a, 0xe9, 0x90, 0xd3,
  0x0f, 0xe0, 0xff, 0xa3, 0xe0, 0x22, 0x7d, 0x0a, 0x12, 0x16, 0x12, 0xef,
  0x78, 0x02, 0x22, 0x90, 0xd2, 0xdf, 0x12, 0x1a, 0xf5, 0x00, 0x00, 0x00,
  0x00, 0x90, 0xd2, 0xe3, 0x12, 0x1a, 0xf5, 0x00, 0x00, 0x00, 0x00, 0x90,
  0xd2, 0xe7, 0x12, 0x1a, 0xf5, 0x00, 0x00, 0x00, 0x00, 0xe4, 0x90, 0xd4,
  0x59, 0xf0, 0x90, 0xc4, 0x10, 0xe0, 0xfb, 0x7a, 0x00, 0x90, 0xc4, 0x15,
  0x12, 0xb7, 0xca, 0xeb, 0x2f, 0xff, 0xea, 0x3e, 0x90, 0xd2, 0xcf, 0x12,
  0xf9, 0xb1, 0x12, 0xb7, 0xca, 0xeb, 0x2f, 0xff, 0xea, 0x3e, 0x90, 0xd2,
  0xd1, 0xf0, 0xa3, 0xef, 0xf0, 0x90, 0xc4, 0x1b, 0x12, 0xb7, 0x8f, 0x3e,
  0x90, 0xd2, 0xd3, 0x12, 0xb7, 0x88, 0x3e, 0x90, 0xd2, 0xd5, 0x12, 0x91,
  0x11, 0x12, 0x1a, 0xf5, 0x00, 0x00, 0x00, 0x00, 0x90, 0xd2, 0xc7, 0x12,
  0x1a, 0xf5, 0x00, 0x00, 0x00, 0x00, 0x90, 0xd2, 0xcb, 0x12, 0x1a, 0xf5,
  0x00, 0x00, 0x00, 0x00, 0xe4, 0x90, 0xd2, 0xc1, 0xf0, 0xa3, 0xf0, 0x90,
  0xd2, 0xb9, 0xf0, 0xe4, 0x90, 0xd2, 0xba, 0xf0, 0xc2, 0x00, 0x12, 0xf7,
  0xed, 0xfe, 0x12, 0xf8, 0xec, 0x12, 0xb5, 0xff, 0xe0, 0xfd, 0x90, 0xd2,
  0xc0, 0xf0, 0xee, 0x12, 0xf8, 0xe0, 0x12, 0xb5, 0xff, 0xe0, 0x90, 0xd2,
  0xbf, 0xf0, 0xed, 0x70, 0x02, 0x81, 0xf9, 0xe0, 0x70, 0x02, 0x81, 0xf9,
  0x90, 0xd2, 0xb9, 0xe0, 0xfd, 0x12, 0xf9, 0xb9, 0xfc, 0x7a, 0x00, 0x2f,
  0xff, 0xea, 0x35, 0xf0, 0xfe, 0xef, 0x78, 0x03, 0xce, 0xa2, 0xe7, 0x13,
  0xce, 0x13, 0xd8, 0xf8, 0x12, 0xf9, 0x28, 0xe0, 0xff, 0xed, 0x75, 0xf0,
  0x0a, 0xa4, 0x2c, 0x12, 0x8c, 0xf0, 0x80, 0x02, 0xc3, 0x13, 0xd8, 0xfc,
  0x20, 0xe0, 0x02, 0x81, 0x04, 0x12, 0xb5, 0xbd, 0x90, 0xc4, 0x17, 0xe0,
  0x12, 0xb2, 0xbb, 0x90, 0xc4, 0x16, 0x12, 0xca, 0x2b, 0x40, 0x12, 0xaf,
  0x03, 0xc0, 0x07, 0x90, 0xc4, 0x16, 0xf1, 0x7a, 0xd0, 0x07, 0xb1, 0xea,
  0x12, 0xf9, 0x32, 0x80, 0x25, 0x12, 0xf8, 0xa6, 0x90, 0xc4, 0x1a, 0xe0,
  0x12, 0xb2, 0xbb, 0x90, 0xc4, 0x19, 0x12, 0xf7, 0xc3, 0x40, 0x1d, 0xaf,
  0x02, 0xc0, 0x07, 0x90, 0xc4, 0x19, 0x12, 0xf8, 0x6b, 0xf1, 0x8c, 0xd0,
  0x07, 0xb1, 0xea, 0x12, 0xf9, 0x3b, 0x12, 0xf4, 0xe7, 0x90, 0xd2, 0xc1,
  0xef, 0xf0, 0x80, 0x03, 0x12, 0xf8, 0x7c, 0x90, 0xd2, 0xc1, 0xe0, 0xff,
  0x90, 0xd2, 0xbf, 0xf0, 0x90, 0xd2, 0xc2, 0xe0, 0x90, 0xd2, 0xc0, 0xf0,
  0xfb, 0xef, 0x12, 0xf9, 0x1e, 0x12, 0xb2, 0xbb, 0x90, 0xc4, 0x1c, 0x12,
  0xf8, 0x18, 0x90, 0xc4, 0x1b, 0x12, 0xb7, 0xb1, 0xeb, 0xc3, 0x12, 0xf7,
  0xe4, 0x50, 0x24, 0xaf, 0x02, 0xc0, 0x07, 0x90, 0xc4, 0x1c, 0x12, 0xf8,
  0xf8, 0x90, 0xd2, 0xbf, 0xe0, 0x90, 0xd3, 0x2d, 0xf0, 0x90, 0xd2, 0xd3,
  0x12, 0xb5, 0xde, 0xd0, 0x07, 0x12, 0xb5, 0x5d, 0xb1, 0xed, 0x12, 0xf9,
  0x44, 0x80, 0x40, 0x90, 0xd2, 0xc0, 0x12, 0xf9, 0xa9, 0x12, 0xb5, 0xc7,
  0x90, 0xc4, 0x20, 0xe0, 0x12, 0xb2, 0xbb, 0x90, 0xc4, 0x1f, 0x12, 0xb7,
  0xd1, 0x90, 0xd2, 0xbf, 0x12, 0xf9, 0xa1, 0x12, 0xca, 0x41, 0x50, 0x29,
  0xaf, 0x03, 0xc0, 0x07, 0x90, 0xc4, 0x1f, 0x12, 0xf8, 0xf8, 0x90, 0xd3,
  0x2d, 0xea, 0xf0, 0x90, 0xd2, 0xd5, 0x12, 0xb5, 0xde, 0xd0, 0x07, 0x12,
  0xb5, 0x5d, 0xb1, 0xed, 0x12, 0xf9, 0x4d, 0x12, 0xb7, 0x00, 0x90, 0xd2,
  0xc1, 0xef, 0xf0, 0x80, 0x05, 0x12, 0xf8, 0x7c, 0xd2, 0x00, 0x90, 0xd2,
  0xc1, 0xf1, 0x6f, 0x12, 0xf9, 0x91, 0xa3, 0xf1, 0x6f, 0x12, 0xf9, 0x0e,
  0xe4, 0xfc, 0xfd, 0xc0, 0x04, 0xc0, 0x05, 0xc0, 0x06, 0xc0, 0x07, 0x12,
  0xb5, 0xeb, 0x12, 0xf9, 0x15, 0xd0, 0x03, 0xd0, 0x02, 0xd0, 0x01, 0xd0,
  0x00, 0x12, 0x18, 0xa3, 0x90, 0xd2, 0xdb, 0xd1, 0x06, 0x40, 0x04, 0x12,
  0xf9, 0x71, 0xf0, 0x12, 0xf8, 0x9c, 0xc3, 0x33, 0xce, 0x33, 0xce, 0xd8,
  0xf9, 0xb1, 0xf4, 0x40, 0x04, 0x12, 0xf9, 0x68, 0xf0, 0x12, 0xf8, 0x59,
  0xd1, 0x06, 0x40, 0x04, 0x12, 0xf9, 0x5f, 0xf0, 0x90, 0xd2, 0xc3, 0x30,
  0x00, 0x38, 0x12, 0x1a, 0x68, 0x90, 0xd2, 0xda, 0xe0, 0x25, 0xe0, 0xff,
  0x90, 0xd2, 0xd9, 0xe0, 0x33, 0xfe, 0xe4, 0xfc, 0xfd, 0xf1, 0xa2, 0x90,
  0xd2, 0xdc, 0xe0, 0x25, 0xe0, 0xff, 0x90, 0xd2, 0xdb, 0xe0, 0x33, 0xfe,
  0xe4, 0xfc, 0xfd, 0xf1, 0x99, 0xf1, 0x69, 0x90, 0xd2, 0xde, 0xe0, 0x25,
  0xe0, 0xff, 0x90, 0xd2, 0xdd, 0xe0, 0x33, 0xfe, 0x80, 0x1b, 0x12, 0x1a,
  0x68, 0x90, 0xd2, 0xd9, 0xb1, 0xe1, 0xf1, 0xa2, 0x90, 0xd2, 0xdb, 0xb1,
  0xe1, 0xf1, 0x99, 0xf1, 0x69, 0x90, 0xd2, 0xdd, 0xe0, 0xfe, 0xa3, 0xe0,
  0xff, 0xe4, 0xfc, 0xfd, 0x12, 0x17, 0xfd, 0x90, 0xd2, 0xcb, 0x81, 0xf6,
  0x12, 0xb5, 0xbd, 0x90, 0xc4, 0x26, 0xe0, 0x12, 0xb2, 0xbb, 0x90, 0xc4,
  0x25, 0x12, 0xca, 0x2b, 0x40, 0x17, 0xaf, 0x03, 0xc0, 0x07, 0x90, 0xc4,
  0x25, 0xf1, 0x7a, 0xd0, 0x07, 0xb1, 0xea, 0x90, 0xc4, 0x15, 0xe0, 0xff,
  0x90, 0xc4, 0x25, 0x80, 0x2a, 0x12, 0xf8, 0xa6, 0x90, 0xc4, 0x28, 0xe0,
  0x12, 0xb2, 0xbb, 0x90, 0xc4, 0x27, 0x12, 0xf7, 0xc3, 0x40, 0x20, 0xaf,
  0x02, 0xc0, 0x07, 0x90, 0xc4, 0x27, 0x12, 0xf8, 0x6b, 0xf1, 0x8c, 0xd0,
  0x07, 0xb1, 0xea, 0x90, 0xc4, 0x18, 0xe0, 0xff, 0x90, 0xc4, 0x27, 0x12,
  0xf4, 0xe7, 0x90, 0xd2, 0xc1, 0xef, 0xf0, 0x90, 0xd2, 0xc1, 0xe0, 0xff,
  0x70, 0x02, 0x81, 0xf9, 0xa3, 0xe0, 0x70, 0x02, 0x81, 0xf9, 0xef, 0xf1,
  0x70, 0x12, 0xf9, 0x91, 0xf1, 0x6f, 0x12, 0xf9, 0x0e, 0xe4, 0xfc, 0xfd,
  0xc0, 0x04, 0xc0, 0x05, 0xc0, 0x06, 0xc0, 0x07, 0x12, 0xb5, 0xeb, 0x12,
  0xf9, 0x15, 0xd0, 0x03, 0xd0, 0x02, 0xd0, 0x01, 0xd0, 0x00, 0x12, 0x18,
  0xa3, 0x90, 0xd2, 0xdb, 0xd1, 0x06, 0x40, 0x04, 0x12, 0xf9, 0x71, 0xf0,
  0x12, 0xf8, 0x9c, 0xc3, 0x33, 0xce, 0x33, 0xce, 0xd8, 0xf9, 0xb1, 0xf4,
  0x40, 0x04, 0x12, 0xf9, 0x68, 0xf0, 0x12, 0xf8, 0x59, 0xd1, 0x06, 0x40,
  0x04, 0x12, 0xf9, 0x5f, 0xf0, 0x90, 0xd2, 0xdf, 0x12, 0x1a, 0x68, 0x90,
  0xd2, 0xd9, 0xb1, 0xe1, 0x12, 0x17, 0xfd, 0x90, 0xd2, 0xdf, 0x12, 0x1a,
  0xe9, 0x90, 0xd2, 0xe3, 0x12, 0x1a, 0x68, 0x90, 0xd2, 0xdb, 0xb1, 0xe1,
  0x12, 0x17, 0xfd, 0x90, 0xd2, 0xe3, 0x12, 0x1a, 0xe9, 0x90, 0xd2, 0xe7,
  0x12, 0x1a, 0x68, 0x90, 0xd2, 0xdd, 0xb1, 0xe1, 0x12, 0x17, 0xfd, 0x90,
  0xd2, 0xe7, 0x12, 0x1a, 0xe9, 0x90, 0xd2, 0xba, 0x12, 0x8b, 0xe2, 0x50,
  0x02, 0x21, 0xfc, 0x12, 0x8b, 0xdf, 0x50, 0x02, 0x21, 0xf7, 0xe4, 0xff,
  0xfe, 0xfd, 0xfc, 0x90, 0xd2, 0xc3, 0x12, 0x8a, 0xda, 0x70, 0x35, 0xff,
  0xfe, 0xfd, 0xfc, 0x90, 0xd2, 0xc7, 0x12, 0x8a, 0xda, 0x70, 0x29, 0xff,
  0xfe, 0xfd, 0xfc, 0x90, 0xd2, 0xcb, 0x12, 0x8a, 0xda, 0x70, 0x1d, 0x90,
  0xd2, 0xdf, 0x12, 0x8f, 0x9f, 0x12, 0x1a, 0xe9, 0x90, 0xd2, 0xe3, 0x12,
  0x1a, 0x4c, 0xf1, 0x9c, 0x90, 0xd2, 0xe7, 0x12, 0x90, 0x7c, 0x90, 0xd4,
  0x59, 0x74, 0x01, 0xf0, 0x90, 0xca, 0x6d, 0xe0, 0xd3, 0x94, 0x1e, 0x40,
  0x11, 0x90, 0xc4, 0x2b, 0xe0, 0xff, 0xa3, 0xe0, 0x90, 0xd2, 0xd7, 0xcf,
  0xf0, 0xa3, 0xef, 0xf0, 0x80, 0x06, 0x90, 0xd2, 0xd7, 0x12, 0x7f, 0xd5,
  0x90, 0xd2, 0xd7, 0xb1, 0xe1, 0x90, 0xd2, 0xc3, 0x12, 0x1a, 0x68, 0xd3,
  0x12, 0x19, 0x73, 0x40, 0x48, 0x90, 0xd2, 0xd7, 0xb1, 0xe1, 0xf1, 0xab,
  0xd3, 0x12, 0x19, 0x73, 0x40, 0x3b, 0x90, 0xd2, 0xd7, 0xb1, 0xe1, 0xf1,
  0x69, 0xd3, 0x12, 0x19, 0x73, 0x40, 0x2e, 0x12, 0xf8, 0xd5, 0xf1, 0x69,
  0x12, 0xf8, 0xc9, 0x12, 0xf8, 0xd5, 0x90, 0xd2, 0xc3, 0x12, 0x1a, 0x68,
  0x12, 0xf5, 0xdb, 0x12, 0x8a, 0xff, 0xe0, 0xfd, 0xa3, 0xe0, 0x90, 0xc4,
  0x3e, 0xcd, 0xf0, 0xa3, 0xed, 0xf0, 0x90, 0xc4, 0x3c, 0x12, 0xec, 0x2c,
  0x90, 0xc7, 0x75, 0xf0, 0x22, 0x90, 0xc7, 0x75, 0x74, 0x01, 0xf0, 0x22,
  0x90, 0xd3, 0x41, 0x12, 0x1a, 0x68, 0x90, 0xd3, 0x3f, 0xe0, 0x25, 0xe0,
  0x24, 0x71, 0xf5, 0x82, 0xe4, 0x34, 0xca, 0xf5, 0x83, 0xe0, 0xfe, 0xa3,
  0xe0, 0xff, 0xe4, 0xfc, 0xfd, 0x22, 0x12, 0xb7, 0x44, 0x90, 0xd2, 0xc2,
  0xef, 0xf0, 0xfb, 0x22, 0xfb, 0xaa, 0x06, 0x90, 0xd2, 0xc1, 0xe0, 0xfd,
  0x7c, 0x00, 0xaf, 0x03, 0x12, 0x16, 0x12, 0x90, 0xd2, 0xd9, 0xee, 0xf0,
  0xa3, 0xef, 0xf0, 0xd3, 0x94, 0x00, 0xee, 0x94, 0x04, 0x22, 0x12, 0xc6,
  0x8a, 0x60, 0x0c, 0x90, 0xc7, 0x75, 0xe0, 0xb4, 0x01, 0x05, 0x12, 0xc9,
  0xf6, 0xf0, 0x22, 0x90, 0xc7, 0x73, 0xe0, 0xb4, 0x01, 0x16, 0x90, 0xc4,
  0x37, 0xe0, 0x24, 0x05, 0xfe, 0x90, 0xc4, 0x36, 0xe0, 0x34, 0x00, 0x90,
  0xd2, 0xc1, 0xf0, 0xa3, 0xce, 0xf0, 0x80, 0x07, 0x90, 0xc4, 0x36, 0x12,
  0x8e, 0xf5, 0xf0, 0x90, 0xd2, 0xbb, 0x12, 0x7b, 0xd5, 0x90, 0xc4, 0x48,
  0xe0, 0xfe, 0xa3, 0xe0, 0xff, 0x12, 0xc7, 0xe5, 0x90, 0xc4, 0x4a, 0xe0,
  0xfc, 0xa3, 0xe0, 0xfd, 0x90, 0xd2, 0xbd, 0x12, 0xf7, 0x5f, 0xef, 0x9d,
  0xee, 0x9c, 0x50, 0x05, 0x90, 0xd2, 0xb9, 0x80, 0x03, 0x90, 0xd2, 0xbd,
  0xe0, 0xfe, 0xa3, 0xe0, 0xff, 0x90, 0xd2, 0xbf, 0x12, 0x8d, 0x99, 0xee,
  0x94, 0x01, 0x50, 0x52, 0x90, 0xd2, 0xb9, 0xb1, 0xe1, 0x78, 0x08, 0x12,
  0x19, 0xab, 0xc0, 0x06, 0xc0, 0x07, 0x90, 0xd2, 0xbf, 0x12, 0x8a, 0x87,
  0xd0, 0x07, 0xd0, 0x06, 0x12, 0x18, 0xa3, 0x90, 0xd2, 0xb9, 0x12, 0x8a,
  0xff, 0xb1, 0xe1, 0x78, 0x08, 0x12, 0x19, 0xab, 0xc0, 0x06, 0xc0, 0x07,
  0x90, 0xd2, 0xbf, 0x12, 0x8a, 0x87, 0xd0, 0x07, 0xd0, 0x06, 0x12, 0xf5,
  0xdb, 0x12, 0x8a, 0xff, 0xb1, 0xe1, 0x78, 0x08, 0x12, 0x19, 0xab, 0xc0,
  0x06, 0xc0, 0x07, 0xa3, 0x12, 0x8a, 0x87, 0xd0, 0x07, 0xd0, 0x06, 0x12,
  0xf8, 0xc9, 0x12, 0xf5, 0xe6, 0x90, 0xc4, 0x4c, 0x12, 0xc6, 0x5f, 0x40,
  0x1b, 0x12, 0x8d, 0x06, 0x90, 0xc4, 0x4e, 0x12, 0xc6, 0x5f, 0x40, 0x10,
  0x90, 0xd2, 0xbd, 0xe0, 0xfe, 0xa3, 0xe0, 0xff, 0x90, 0xc4, 0x50, 0x12,
  0xc6, 0x5f, 0x50, 0x51, 0x12, 0xc6, 0x8a, 0x60, 0x09, 0x90, 0xc7, 0x7a,
  0xe0, 0xd3, 0x94, 0x00, 0x50, 0x5e, 0x90, 0xc4, 0x39, 0x12, 0xc7, 0xd6,
  0xc3, 0x9f, 0x40, 0x32, 0x90, 0xd2, 0xb9, 0x12, 0x8a, 0xa4, 0x12, 0xc8,
  0xbe, 0x90, 0xd2, 0xb9, 0xe0, 0xff, 0xa3, 0xe0, 0x90, 0xc4, 0x4c, 0x12,
  0x8c, 0x47, 0xff, 0xa3, 0xe0, 0x90, 0xc4, 0x4e, 0xcf, 0xf0, 0xa3, 0x12,
  0xf9, 0x81, 0xa3, 0xe0, 0x90, 0xc4, 0x50, 0xcf, 0xf0, 0xa3, 0xef, 0xf0,
  0x90, 0xc3, 0x53, 0x74, 0x03, 0xf0, 0x90, 0xc7, 0x73, 0x74, 0x02, 0x80,
  0x15, 0x90, 0xc7, 0x74, 0xe0, 0x04, 0xf0, 0xe0, 0xc3, 0x94, 0x04, 0x40,
  0x0f, 0x90, 0xc7, 0x73, 0x74, 0x01, 0xf0, 0x12, 0xc9, 0xf6, 0xf0, 0xe4,
  0x90, 0xc7, 0x74, 0xf0, 0x22, 0x90, 0xd2, 0xcb, 0x02, 0x1a, 0x68, 0xe0,
  0xfd, 0x7c, 0x00, 0x7e, 0x20, 0x7f, 0x00, 0x02, 0x16, 0x12, 0xe0, 0xfc,
  0xa3, 0xe0, 0xfd, 0x90, 0xd2, 0xc0, 0xe0, 0xfb, 0x90, 0xd2, 0xef, 0xea,
  0xf0, 0x90, 0xd2, 0xcf, 0xe0, 0xff, 0xa3, 0xe0, 0x90, 0xd2, 0xf0, 0xcf,
  0xf0, 0xa3, 0xef, 0xf0, 0x22, 0x12, 0x17, 0xfd, 0x90, 0xd2, 0xc7, 0x02,
  0x1a, 0xe9, 0x12, 0x17, 0xfd, 0x90, 0xd2, 0xc3, 0x12, 0x1a, 0xe9, 0x90,
  0xd2, 0xc7, 0x02, 0x1a, 0x68, 0xe4, 0x90, 0xd2, 0xe9, 0xf0, 0xa3, 0x12,
  0x1a, 0xf5, 0x3f, 0x80, 0x00, 0x00, 0xe4, 0x90, 0xd2, 0xee, 0xf0, 0xa3,
  0xf0, 0xa3, 0xf0, 0x90, 0xd2, 0xea, 0x12, 0x1a, 0x4c, 0x90, 0xc1, 0x9d,
  0x12, 0xc4, 0xbf, 0x90, 0xd2, 0xea, 0x12, 0xc7, 0xdd, 0x30, 0xe4, 0x14,
  0x12, 0x87, 0x84, 0x12, 0x13, 0x75, 0x12, 0x03, 0xb9, 0x90, 0xd2, 0xef,
  0xef, 0xf0, 0xf4, 0x04, 0x90, 0xca, 0x70, 0xf0, 0x90, 0xca, 0x6b, 0xe0,
  0x30, 0xe5, 0x30, 0x12, 0xe8, 0x7b, 0x60, 0x0f, 0x12, 0xed, 0xbe, 0x90,
  0xcc, 0x06, 0xe0, 0xff, 0x7e, 0x00, 0x12, 0xec, 0x4c, 0x80, 0x0d, 0x12,
  0xeb, 0x4c, 0x90, 0xcc, 0x07, 0xe0, 0xff, 0x7e, 0x00, 0x12, 0xec, 0xd0,
  0x90, 0xd2, 0xf0, 0xef, 0xf0, 0x90, 0xd2, 0xf0, 0xe0, 0xf4, 0x04, 0x90,
  0xc3, 0x7c, 0xf0, 0x90, 0xd2, 0xf0, 0xe0, 0xff, 0x90, 0xd2, 0xef, 0xe0,
  0xfe, 0xc3, 0xef, 0x12, 0x8b, 0xfb, 0x50, 0x04, 0xaf, 0x06, 0x80, 0x00,
  0xf1, 0xa3, 0xf4, 0x04, 0x90, 0xc3, 0x70, 0xf0, 0x90, 0xc3, 0x75, 0xe0,
  0xff, 0xf1, 0xa3, 0xff, 0x90, 0xc0, 0xc4, 0xe0, 0x6f, 0x60, 0x08, 0xef,
  0xf0, 0x90, 0xd2, 0xe9, 0x74, 0x01, 0xf0, 0x90, 0xc9, 0xe9, 0xe0, 0xff,
  0x90, 0xc0, 0xb2, 0xe0, 0x6f, 0x70, 0x3d, 0x90, 0xc9, 0xe8, 0xe0, 0xff,
  0x90, 0xc0, 0xb3, 0xe0, 0x6f, 0x70, 0x31, 0x90, 0xc9, 0xea, 0xe0, 0xff,
  0x90, 0xc0, 0xb4, 0xe0, 0x6f, 0x70, 0x25, 0x90, 0xc9, 0xeb, 0xe0, 0xff,
  0x90, 0xc0, 0xb6, 0xe0, 0xb5, 0x07, 0x19, 0x90, 0xc9, 0xec, 0xe0, 0xff,
  0x90, 0xc0, 0xb5, 0xe0, 0xb5, 0x07, 0x0d, 0x90, 0xcb, 0xea, 0x12, 0x1a,
  0x68, 0x90, 0xc0, 0xb7, 0xd1, 0x38, 0x50, 0x65, 0x90, 0xc9, 0xe9, 0xe0,
  0x90, 0xc0, 0xb2, 0xf0, 0x90, 0xc9, 0xe8, 0xe0, 0x90, 0xc0, 0xb3, 0xf0,
  0x90, 0xc9, 0xea, 0xe0, 0x90, 0xc0, 0xb4, 0xf0, 0x90, 0xc9, 0xeb, 0xe0,
  0x90, 0xc0, 0xb6, 0xf0, 0x90, 0xc9, 0xec, 0xe0, 0x90, 0xc0, 0xb5, 0xf0,
  0x12, 0x8c, 0x5b, 0x90, 0xc0, 0xb7, 0x12, 0x1a, 0xe9, 0x90, 0xc0, 0xb7,
  0x12, 0x8a, 0x32, 0x12, 0x8c, 0x17, 0xc0, 0x04, 0xc0, 0x05, 0xc0, 0x06,
  0xc0, 0x07, 0x90, 0xc0, 0xb7, 0x12, 0x1a, 0x4c, 0x12, 0x8a, 0x3f, 0x12,
  0x8c, 0x0c, 0xd0, 0x03, 0xd0, 0x02, 0xd0, 0x01, 0xd0, 0x00, 0x12, 0x11,
  0x18, 0x90, 0xcb, 0xe6, 0x12, 0x1a, 0xe9, 0x90, 0xd2, 0xe9, 0x74, 0x01,
  0xf0, 0x90, 0xd2, 0xe9, 0xe0, 0x64, 0x01, 0x60, 0x15, 0x90, 0xc0, 0xc0,
  0x12, 0x1a, 0x68, 0x90, 0xd2, 0xea, 0xd1, 0x38, 0x40, 0x08, 0x90, 0xc0,
  0xbb, 0xe0, 0x60, 0x02, 0x41, 0x22, 0x90, 0xc9, 0xe9, 0x91, 0xaa, 0x90,
  0xd2, 0xea, 0x91, 0xbf, 0xd1, 0x55, 0x7e, 0x00, 0x12, 0x02, 0xb0, 0x90,
  0xc0, 0xbb, 0xef, 0xf0, 0x90, 0xc9, 0xe8, 0x91, 0xaa, 0x90, 0xd2, 0xea,
  0x91, 0xbf, 0xd1, 0x55, 0x7e, 0x00, 0x12, 0x02, 0xb0, 0x90, 0xc0, 0xbd,
  0xef, 0xf0, 0x90, 0xc9, 0xea, 0x91, 0xaa, 0x90, 0xd2, 0xea, 0x91, 0xbf,
  0xd1, 0x55, 0x7e, 0x00, 0x12, 0x02, 0xb0, 0x90, 0xc0, 0xbc, 0x12, 0xb7,
  0xc5, 0x90, 0xc0, 0xbb, 0xf1, 0x4d, 0xfc, 0x12, 0x02, 0x6a, 0x90, 0xc0,
  0xbb, 0x12, 0xb7, 0xc5, 0x90, 0xc0, 0xbd, 0xf1, 0x4d, 0xfc, 0x12, 0x02,
  0x6a, 0x90, 0xc0, 0xbd, 0x12, 0xb7, 0xc5, 0x90, 0xc0, 0xbc, 0xf1, 0x4d,
  0xfc, 0x12, 0x02, 0x6a, 0x90, 0xc0, 0xbc, 0xef, 0xf0, 0x90, 0xc9, 0xeb,
  0x91, 0xaa, 0x90, 0xd2, 0xea, 0x91, 0xbf, 0xd1, 0x55, 0x7e, 0x00, 0x12,
  0x02, 0xb0, 0x90, 0xc0, 0xbf, 0xef, 0xf0, 0x90, 0xc9, 0xec, 0x91, 0xaa,
  0x90, 0xd2, 0xea, 0x91, 0xbf, 0xd1, 0x55, 0x7e, 0x00, 0x12, 0x02, 0xb0,
  0x90, 0xc0, 0xbe, 0xef, 0xf0, 0xfc, 0xe4, 0x12, 0x13, 0x41, 0xc0, 0x04,
  0xc0, 0x05, 0xc0, 0x06, 0xc0, 0x07, 0x90, 0xc0, 0xb7, 0x12, 0x8a, 0x32,
  0xd0, 0x07, 0xd0, 0x06, 0xd0, 0x05, 0xd0, 0x04, 0x12, 0x08, 0x8f, 0xc0,
  0x04, 0xc0, 0x05, 0xc0, 0x06, 0xc0, 0x07, 0x90, 0xc0, 0xbf, 0x91, 0xaa,
  0xc0, 0x04, 0xc0, 0x05, 0xc0, 0x06, 0xc0, 0x07, 0x90, 0xc0, 0xb7, 0x12,
  0x1a, 0x4c, 0x12, 0x8a, 0x3f, 0xd0, 0x07, 0xd0, 0x06, 0xd0, 0x05, 0xd0,
  0x04, 0x12, 0x08, 0x8f, 0xd0, 0x03, 0xd0, 0x02, 0xd0, 0x01, 0xd0, 0x00,
  0x12, 0x8e, 0xa1, 0x12, 0x1a, 0xe9, 0x90, 0xd2, 0xea, 0x12, 0x1a, 0x4c,
  0x90, 0xc0, 0xc0, 0x12, 0x1a, 0xe9, 0x12, 0x01, 0x1b, 0x90, 0xd2, 0xc8,
  0xef, 0xf0, 0x90, 0xc0, 0xbd, 0xf1, 0x43, 0xc0, 0x04, 0xc0, 0x05, 0xc0,
  0x06, 0xc0, 0x07, 0x90, 0xca, 0x6d, 0x91, 0xaa, 0xd1, 0x4c, 0xd0, 0x07,
  0xd0, 0x06, 0xd0, 0x05, 0xd0, 0x04, 0x12, 0x12, 0x21, 0x90, 0xd2, 0xcd,
  0x12, 0x1a, 0xe9, 0x90, 0xd2, 0xc8, 0xe0, 0xff, 0x90, 0xc0, 0xbc, 0xf1,
  0x43, 0xc0, 0x04, 0xc0, 0x05, 0xc0, 0x06, 0xc0, 0x07, 0x90, 0xca, 0x6d,
  0x91, 0xaa, 0xd1, 0x4c, 0xd0, 0x07, 0xd0, 0x06, 0xd0, 0x05, 0xd0, 0x04,
  0x12, 0x12, 0x21, 0x90, 0xd2, 0xd1, 0x12, 0x1a, 0xe9, 0x90, 0xca, 0x6f,
  0xe0, 0xf9, 0xfd, 0x7c, 0x00, 0x90, 0xc0, 0xbf, 0xe0, 0x12, 0x8b, 0xa6,
  0xaa, 0x06, 0xab, 0x07, 0x90, 0xca, 0x6e, 0xe0, 0xfd, 0x90, 0xc0, 0xbe,
  0xe0, 0x12, 0x8b, 0xa6, 0xc3, 0xef, 0x9b, 0xee, 0x9a, 0x40, 0x02, 0x61,
  0x35, 0xac, 0x01, 0xe4, 0x12, 0x13, 0x41, 0xc0, 0x04, 0xc0, 0x05, 0xc0,
  0x06, 0xc0, 0x07, 0x12, 0x8a, 0x2f, 0xd0, 0x07, 0xd0, 0x06, 0xd0, 0x05,
  0xd0, 0x04, 0x12, 0x08, 0x8f, 0xc0, 0x04, 0xc0, 0x05, 0xc0, 0x06, 0xc0,
  0x07, 0x90, 0xca, 0x6e, 0x91, 0xaa, 0xc0, 0x04, 0xc0, 0x05, 0xc0, 0x06,
  0xc0, 0x07, 0x12, 0x8c, 0x5b, 0x12, 0x8a, 0x3f, 0xd0, 0x07, 0xd0, 0x06,
  0xd0, 0x05, 0xd0, 0x04, 0x12, 0x08, 0x8f, 0xd0, 0x03, 0xd0, 0x02, 0xd0,
  0x01, 0xd0, 0x00, 0x12, 0x11, 0x18, 0x90, 0xd2, 0xdd, 0xf1, 0x9b, 0x70,
  0x2f, 0x90, 0xcb, 0xe6, 0xf1, 0xb4, 0x12, 0x10, 0x23, 0x90, 0xd2, 0xdd,
  0x91, 0xd5, 0x40, 0x20, 0x90, 0xcb, 0xe6, 0x12, 0x1a, 0x4c, 0x90, 0xcb,
  0xe2, 0xd1, 0x84, 0x90, 0xd2, 0xdd, 0x91, 0xd5, 0x60, 0x02, 0x50, 0x0c,
  0x90, 0xd2, 0xc9, 0x12, 0x1a, 0xf5, 0x3f, 0x80, 0x00, 0x00, 0x80, 0x07,
  0x90, 0xd2, 0xdd, 0xf1, 0xb4, 0xf1, 0xab, 0xf1, 0x5a, 0x90, 0xd2, 0xc9,
  0x12, 0x1a, 0x4c, 0x61, 0xf5, 0x90, 0xd2, 0xc8, 0xe0, 0xff, 0x90, 0xc0,
  0xbb, 0xf1, 0x43, 0xc0, 0x04, 0xc0, 0x05, 0xc0, 0x06, 0xc0, 0x07, 0x90,
  0xca, 0x6d, 0x91, 0xaa, 0xd1, 0x4c, 0xd0, 0x07, 0xd0, 0x06, 0xd0, 0x05,
  0xd0, 0x04, 0xf1, 0xab, 0x90, 0xca, 0x6f, 0x91, 0xaa, 0xc0, 0x04, 0xc0,
  0x05, 0xc0, 0x06, 0xc0, 0x07, 0x90, 0xc0, 0xbe, 0x91, 0xaa, 0xd0, 0x03,
  0xd0, 0x02, 0xd0, 0x01, 0xd0, 0x00, 0x12, 0x12, 0x21, 0x90, 0xd2, 0xd9,
  0xf1, 0x9b, 0x70, 0x31, 0x90, 0xca, 0x6e, 0xe0, 0xff, 0x24, 0x02, 0xfd,
  0xe4, 0x33, 0xfc, 0x90, 0xc0, 0xbf, 0xe0, 0xfe, 0x12, 0x90, 0x44, 0x40,
  0x1c, 0xee, 0x24, 0x02, 0xfd, 0xe4, 0x33, 0xfc, 0xd3, 0xef, 0x9d, 0xec,
  0x12, 0xf7, 0xe6, 0x50, 0x0c, 0x90, 0xd2, 0xd5, 0x12, 0x1a, 0xf5, 0x3f,
  0x80, 0x00, 0x00, 0x80, 0x23, 0x90, 0xca, 0x6e, 0x91, 0xaa, 0xc0, 0x04,
  0xc0, 0x05, 0xc0, 0x06, 0xc0, 0x07, 0x90, 0xc0, 0xbf, 0x91, 0xaa, 0xd0,
  0x03, 0xd0, 0x02, 0xd0, 0x01, 0xd0, 0x00, 0x12, 0x12, 0x21, 0x90, 0xd2,
  0xd5, 0x12, 0x1a, 0xe9, 0x90, 0xd2, 0xd5, 0xf1, 0xee, 0x90, 0xd2, 0xd9,
  0xf1, 0x69, 0x90, 0xd2, 0xc9, 0x12, 0x1a, 0x4c, 0x12, 0x02, 0x79, 0xc0,
  0x04, 0xc0, 0x05, 0xc0, 0x06, 0xc0, 0x07, 0xf1, 0x5a, 0xd0, 0x07, 0xd0,
  0x06, 0xd0, 0x05, 0xd0, 0x04, 0x12, 0x02, 0x79, 0x90, 0xd2, 0xe1, 0x12,
  0x1a, 0xe9, 0xe4, 0x90, 0xc2, 0xfc, 0xf0, 0x90, 0xcb, 0x5a, 0xe0, 0x20,
  0xe6, 0x02, 0x81, 0xa4, 0xf1, 0x72, 0xf1, 0x95, 0x12, 0x12, 0x21, 0x90,
  0xd2, 0xe5, 0x12, 0x1a, 0xe9, 0x90, 0xca, 0x6d, 0x91, 0xaa, 0x90, 0xd2,
  0xe5, 0x91, 0xbf, 0xc0, 0x04, 0xc0, 0x05, 0xc0, 0x06, 0xc0, 0x07, 0x90,
  0xc3, 0x4a, 0x91, 0xaa, 0xd1, 0x4c, 0xd0, 0x07, 0xd0, 0x06, 0xd0, 0x05,
  0xd0, 0x04, 0x12, 0x12, 0xbe, 0x60, 0x0a, 0x40, 0x08, 0x90, 0xc3, 0x52,
  0x74, 0x02, 0xf0, 0x80, 0x2c, 0x90, 0xca, 0x6d, 0x91, 0xaa, 0x90, 0xd2,
  0xe5, 0x91, 0xbf, 0xc0, 0x04, 0xc0, 0x05, 0xc0, 0x06, 0xc0, 0x07, 0x90,
  0xc9, 0xfb, 0x91, 0xaa, 0xd1, 0x4c, 0xd0, 0x07, 0xd0, 0x06, 0xd0, 0x05,
  0xd0, 0x04, 0x12, 0x12, 0xbe, 0x50, 0x06, 0x90, 0xc3, 0x52, 0x74, 0x01,
  0xf0, 0x90, 0xc3, 0x52, 0xe0, 0xb4, 0x02, 0x28, 0x90, 0xd2, 0xe1, 0x12,
  0x1a, 0x4c, 0x90, 0xd2, 0xe5, 0x91, 0xd5, 0x60, 0x16, 0x40, 0x14, 0x90,
  0xc2, 0xfc, 0x74, 0x01, 0xf0, 0x90, 0xd2, 0xe5, 0x12, 0x1a, 0x4c, 0x90,
  0xd2, 0xe1, 0x12, 0x1a, 0xe9, 0x80, 0x05, 0xe4, 0x90, 0xc2, 0xfc, 0xf0,
  0x90, 0xd2, 0xe1, 0x02, 0x1a, 0x4c, 0xe0, 0xfc, 0xe4, 0x02, 0x13, 0x41,
  0x90, 0xc3, 0x78, 0xe0, 0xfc, 0xa3, 0xe0, 0xfd, 0xe4, 0x12, 0x13, 0x3c,
  0x90, 0xd3, 0x1c, 0x12, 0x1a, 0x68, 0x02, 0x11, 0x18, 0x90, 0xcb, 0x5b,
  0x74, 0x01, 0xf0, 0xe4, 0xff, 0xfe, 0x7d, 0x80, 0x7c, 0x3f, 0x90, 0xcb,
  0x6a, 0x12, 0x1a, 0x68, 0x02, 0x12, 0xbe, 0x90, 0xd2, 0xc8, 0xf1, 0xdd,
  0x30, 0xe3, 0x0f, 0x90, 0xcb, 0x5b, 0xe0, 0x70, 0x09, 0x91, 0xcc, 0x70,
  0x05, 0x90, 0xca, 0x64, 0x80, 0x03, 0x90, 0xca, 0x60, 0x12, 0x1a, 0x4c,
  0x90, 0xd2, 0xcc, 0x12, 0x1a, 0xe9, 0x90, 0xc3, 0x52, 0xe0, 0xb4, 0x02,
  0x09, 0x91, 0xc5, 0x40, 0x02, 0xa1, 0xa6, 0x7f, 0x01, 0x22, 0xd1, 0x21,
  0x90, 0xd2, 0xcc, 0xd1, 0x84, 0x90, 0xd2, 0xc8, 0x91, 0xd5, 0x60, 0x0b,
  0x40, 0x09, 0x91, 0xc5, 0x40, 0x02, 0xa1, 0xa6, 0x7f, 0x01, 0x22, 0x90,
  0xd2, 0xcc, 0xd1, 0x1e, 0xd1, 0x73, 0x91, 0xd5, 0x50, 0x0e, 0x90, 0xcb,
  0x5b, 0x74, 0x02, 0x91, 0xca, 0x60, 0x6b, 0x40, 0x69, 0x7f, 0x01, 0x22,
  0xd1, 0x21, 0x90, 0xca, 0x60, 0xd1, 0x84, 0x90, 0xd2, 0xc8, 0x91, 0xd5,
  0x60, 0x02, 0x50, 0x17, 0xd1, 0x1b, 0xd1, 0x73, 0x91, 0xd5, 0x40, 0x0f,
  0x91, 0xcb, 0x70, 0x08, 0xf1, 0xc9, 0x12, 0xee, 0x6e, 0x7f, 0x00, 0x22,
  0x7f, 0x01, 0x22, 0x90, 0xc0, 0xd9, 0xe0, 0x60, 0x0c, 0x91, 0xcb, 0x70,
  0x05, 0xf1, 0xc9, 0x7f, 0x00, 0x22, 0x7f, 0x01, 0x22, 0xd1, 0x21, 0x90,
  0xca, 0x60, 0xd1, 0x84, 0x90, 0xd2, 0xc8, 0x91, 0xd5, 0x60, 0x09, 0x40,
  0x07, 0x91, 0xc5, 0x50, 0x19, 0x7f, 0x01, 0x22, 0xd1, 0x1b, 0xd1, 0x73,
  0x91, 0xd5, 0x50, 0x0e, 0x90, 0xcb, 0x5b, 0x74, 0x02, 0x91, 0xca, 0x60,
  0x05, 0x40, 0x03, 0x7f, 0x01, 0x22, 0x12, 0xdf, 0xf2, 0x90, 0xcb, 0x5a,
  0xe0, 0x30, 0xe6, 0x10, 0x90, 0xcb, 0x5b, 0xe0, 0x64, 0x02, 0x70, 0x36,
  0xd1, 0x2f, 0x60, 0x32, 0x40, 0x30, 0x80, 0x26, 0x90, 0xcb, 0x5b, 0xe0,
  0x64, 0x02, 0x70, 0x26, 0xd1, 0x2f, 0x60, 0x22, 0x40, 0x20, 0x90, 0xc9,
  0xfb, 0xf1, 0xd6, 0xd3, 0x9f, 0x40, 0x0f, 0x90, 0xcb, 0x5a, 0xe0, 0x44,
  0x40, 0xf0, 0x90, 0xc3, 0x52, 0x74, 0x01, 0xf0, 0x80, 0x08, 0x90, 0xcb,
  0x5b, 0x74, 0x04, 0xf0, 0xff, 0x22, 0x90, 0xcb, 0x5b, 0xe0, 0xb4, 0x01,
  0x23, 0x90, 0xc9, 0xee, 0x12, 0x87, 0x30, 0x78, 0x41, 0x12, 0x12, 0x21,
  0x90, 0xcb, 0xde, 0x12, 0x1a, 0x68, 0x12, 0x10, 0x23, 0xd1, 0x41, 0x60,
  0x0b, 0x40, 0x09, 0x90, 0xcb, 0x5b, 0x74, 0x05, 0xf0, 0x7f, 0x03, 0x22,
  0x7f, 0x02, 0x22, 0x90, 0xca, 0x60, 0x12, 0x1a, 0x68, 0xe4, 0xff, 0xfe,
  0x7d, 0x80, 0x7c, 0x3f, 0x22, 0x90, 0xd4, 0x5a, 0xe0, 0xff, 0x22, 0x90,
  0xcb, 0x73, 0x12, 0x1a, 0x68, 0x90, 0xcb, 0x60, 0x12, 0x1a, 0x4c, 0x12,
  0x10, 0x23, 0x12, 0x0d, 0x41, 0x7b, 0x17, 0x7a, 0xb7, 0x79, 0xd1, 0x78,
  0x38, 0x02, 0x12, 0xbe, 0xa8, 0x04, 0xa9, 0x05, 0xaa, 0x06, 0xab, 0x07,
  0x22, 0x12, 0x13, 0x75, 0xad, 0x07, 0xac, 0x06, 0x7f, 0xff, 0x22, 0xe0,
  0xfc, 0xa3, 0xe0, 0xfd, 0x12, 0x02, 0x60, 0xd3, 0x90, 0xd2, 0xc2, 0xe0,
  0x9f, 0x90, 0xd2, 0xc1, 0xe0, 0x9e, 0x22, 0x12, 0x10, 0x23, 0x90, 0xd2,
  0xc8, 0x22, 0xe4, 0xff, 0xfe, 0x7d, 0x80, 0x7c, 0xbf, 0x90, 0xd2, 0xc0,
  0x12, 0x1a, 0x68, 0x02, 0x10, 0x27, 0x90, 0xcb, 0x72, 0xe0, 0x64, 0x02,
  0x22, 0x12, 0x90, 0x75, 0x70, 0x4a, 0xd1, 0x8a, 0x70, 0x46, 0xf1, 0x95,
  0x90, 0xcb, 0x6e, 0xd1, 0x38, 0x50, 0x3d, 0x90, 0xc2, 0xfc, 0xe0, 0xb4,
  0x01, 0x10, 0xf1, 0x72, 0x90, 0xcb, 0x6e, 0x91, 0xd5, 0x60, 0x07, 0x40,
  0x05, 0xf1, 0x72, 0x12, 0x87, 0x8a, 0x12, 0x85, 0xd7, 0x90, 0xcb, 0x6e,
  0x91, 0xbf, 0x12, 0xe7, 0xcb, 0xf1, 0xe5, 0x90, 0xcb, 0x6e, 0x12, 0x1a,
  0x4c, 0xd1, 0xe1, 0x12, 0xf5, 0xe6, 0x12, 0xf8, 0x27, 0x90, 0x80, 0x1a,
  0xef, 0xf0, 0x12, 0x87, 0x84, 0x12, 0x87, 0x8a, 0x22, 0x90, 0xd3, 0x10,
  0x12, 0x1a, 0xe9, 0x90, 0xc3, 0x53, 0x74, 0x03, 0x12, 0x84, 0x2d, 0x12,
  0xce, 0xdf, 0x12, 0x87, 0x90, 0x90, 0xce, 0x79, 0xe0, 0x70, 0x0d, 0x90,
  0xd3, 0x14, 0xf1, 0xc0, 0x12, 0x84, 0x2e, 0x12, 0xee, 0x81, 0x80, 0x0b,
  0x90, 0xc3, 0x78, 0x12, 0x87, 0x30, 0x78, 0x41, 0x12, 0x12, 0x21, 0x90,
  0xcb, 0xde, 0x12, 0x1a, 0xe9, 0x12, 0x87, 0x97, 0x90, 0xd3, 0x14, 0x91,
  0xbf, 0x90, 0xcb, 0x60, 0x12, 0x1a, 0xe9, 0x90, 0xcb, 0xde, 0xf1, 0xc0,
  0x12, 0x8f, 0x92, 0x12, 0x86, 0x8b, 0x12, 0x86, 0xbf, 0x90, 0xd3, 0x14,
  0x91, 0xbf, 0x12, 0x13, 0x75, 0x90, 0xc3, 0x5f, 0x02, 0x1a, 0xe9, 0xe0,
  0x2f, 0xfd, 0xe4, 0x33, 0xfc, 0xe4, 0x02, 0x13, 0x3c, 0xe0, 0x2f, 0xff,
  0xe4, 0x3e, 0xfe, 0x7b, 0xff, 0x7a, 0x00, 0xe4, 0xfd, 0x22, 0x90, 0xd2,
  0xcd, 0x12, 0x1a, 0x4c, 0x90, 0xd3, 0x33, 0x12, 0x1a, 0xe9, 0x90, 0xd2,
  0xd1, 0x12, 0x1a, 0x4c, 0x90, 0xd3, 0x37, 0x02, 0x1a, 0xe9, 0x90, 0xd0,
  0x4c, 0xe0, 0xfb, 0xb4, 0x03, 0x0b, 0x90, 0xcd, 0x73, 0xe0, 0xb4, 0x02,
  0x02, 0x80, 0x09, 0x80, 0x04, 0xeb, 0xb4, 0x01, 0x03, 0x02, 0x86, 0xbf,
  0x7f, 0xab, 0x7e, 0xaa, 0x7d, 0xa6, 0x7c, 0x42, 0x22, 0x90, 0xcb, 0x60,
  0x02, 0x1a, 0x68, 0x12, 0x1a, 0xe9, 0x90, 0xcb, 0x77, 0xe0, 0x22, 0x90,
  0xd2, 0xee, 0xe0, 0x2f, 0xf0, 0xe0, 0x22, 0x12, 0x12, 0x21, 0x90, 0xd2,
  0xc9, 0x02, 0x1a, 0xe9, 0x12, 0x1a, 0x68, 0x90, 0xcb, 0xe2, 0x02, 0x1a,
  0x4c, 0x90, 0xcb, 0x5c, 0x12, 0x1a, 0x4c, 0x90, 0xd3, 0x1c, 0x02, 0x1a,
  0xe9, 0x90, 0xcb, 0x5b, 0xf0, 0x90, 0xca, 0x68, 0xe0, 0x90, 0xcb, 0xdd,
  0xf0, 0x22, 0xe0, 0xff, 0x90, 0xca, 0x6d, 0xe0, 0x22, 0x12, 0x1a, 0xe9,
  0x90, 0xca, 0x6b, 0xe0, 0x22, 0x90, 0xd2, 0xb9, 0xee, 0xf0, 0xa3, 0xef,
  0xf0, 0x22, 0x12, 0x1a, 0x4c, 0x90, 0xd3, 0x33, 0x02, 0x1a, 0xe9, 0x90,
  0xd2, 0xb9, 0x12, 0x8a, 0x7b, 0x12, 0x8b, 0x45, 0x90, 0xd2, 0xc1, 0x12,
  0x8b, 0xea, 0xf0, 0xe4, 0x12, 0x7c, 0x62, 0xb1, 0xc4, 0x90, 0xd2, 0xb9,
  0x11, 0xb6, 0x11, 0x9b, 0x90, 0xd2, 0xb9, 0xb1, 0xda, 0x90, 0xd2, 0xbb,
  0x11, 0xb6, 0x11, 0x9b, 0x90, 0xd2, 0xbb, 0xf0, 0xa3, 0xef, 0xb1, 0xc4,
  0x90, 0xd2, 0xbd, 0x11, 0xb6, 0x11, 0x9b, 0x90, 0xd2, 0xbd, 0xb1, 0xda,
  0x90, 0xd2, 0xbf, 0x11, 0xb6, 0x11, 0x9b, 0x90, 0xd2, 0xbf, 0x12, 0x8c,
  0x48, 0xff, 0xa3, 0xe0, 0x90, 0x82, 0xb0, 0xcf, 0x12, 0xf5, 0xe2, 0x90,
  0x82, 0xb2, 0xee, 0xf0, 0xa3, 0xef, 0xf0, 0x90, 0xd2, 0xbf, 0xe0, 0xfd,
  0xa3, 0xe0, 0x90, 0x82, 0xb4, 0xcd, 0xf0, 0xa3, 0xed, 0xf0, 0x90, 0xd2,
  0xbd, 0xe0, 0xfc, 0xa3, 0xe0, 0xfd, 0x90, 0x82, 0xb6, 0x12, 0xf7, 0x5f,
  0x9f, 0xff, 0xec, 0x9e, 0xfe, 0x90, 0xd2, 0xbb, 0x12, 0xdd, 0x99, 0x90,
  0xd2, 0xc0, 0xe0, 0x9d, 0xfd, 0x90, 0xd2, 0xbf, 0xe0, 0x9c, 0xfc, 0x12,
  0x1c, 0xf1, 0x90, 0xcb, 0xf3, 0x12, 0x1a, 0xe9, 0xd2, 0x00, 0xa2, 0x00,
  0xe4, 0x33, 0x90, 0xcb, 0xf2, 0xf0, 0x22, 0x78, 0x06, 0x12, 0x19, 0x84,
  0xe4, 0x2f, 0xff, 0xe4, 0x3e, 0x22, 0xee, 0xf0, 0xa3, 0xef, 0xf0, 0x90,
  0xc4, 0x46, 0xe0, 0xfe, 0xa3, 0xe0, 0xff, 0x90, 0xc4, 0x3e, 0xe0, 0xfc,
  0xa3, 0xe0, 0xfd, 0x02, 0x1c, 0xf1, 0x90, 0xd3, 0x26, 0x74, 0x01, 0xf0,
  0xb1, 0xce, 0xea, 0xf0, 0xa3, 0xeb, 0xf0, 0x90, 0xd3, 0x22, 0xec, 0xf0,
  0xa3, 0xed, 0xf0, 0xa3, 0x12, 0xf8, 0x9f, 0xc3, 0x33, 0xce, 0x33, 0xce,
  0xd8, 0xf9, 0xff, 0x12, 0x16, 0x12, 0xab, 0x07, 0x31, 0xee, 0x78, 0x05,
  0xc3, 0x33, 0xce, 0x33, 0xce, 0xd8, 0xf9, 0xff, 0x90, 0xd3, 0x22, 0xe0,
  0xfc, 0xa3, 0xe0, 0xfd, 0x12, 0x16, 0x12, 0xad, 0x07, 0xaf, 0x03, 0xd1,
  0x45, 0x90, 0xc7, 0x7c, 0xee, 0xf0, 0xa3, 0x12, 0x90, 0x4e, 0x64, 0x01,
  0x70, 0x74, 0x31, 0xee, 0xff, 0x90, 0xc3, 0x86, 0x11, 0xb6, 0x78, 0x08,
  0x12, 0x19, 0x84, 0xc0, 0x04, 0xc0, 0x05, 0xc0, 0x06, 0xc0, 0x07, 0x90,
  0xd3, 0x32, 0x12, 0x1a, 0xf5, 0x00, 0x00, 0x00, 0x00, 0x90, 0xd3, 0x36,
  0x12, 0x1a, 0xf5, 0x00, 0x00, 0x07, 0xff, 0xd0, 0x07, 0xd0, 0x06, 0xd0,
  0x05, 0xd0, 0x04, 0x12, 0x02, 0x6f, 0xb1, 0xce, 0xe0, 0xfe, 0xa3, 0xe0,
  0xff, 0x90, 0xc3, 0x7d, 0x11, 0xb6, 0x78, 0x08, 0x12, 0x19, 0x84, 0xc0,
  0x04, 0xc0, 0x05, 0xc0, 0x06, 0xc0, 0x07, 0x90, 0xd3, 0x32, 0x12, 0x1a,
  0xf5, 0x00, 0x00, 0x00, 0x00, 0x90, 0xd3, 0x36, 0x12, 0x1a, 0xf5, 0x00,
  0x00, 0x07, 0xff, 0xd0, 0x07, 0xd0, 0x06, 0xd0, 0x05, 0xd0, 0x04, 0x12,
  0x02, 0x6f, 0x90, 0xd3, 0x24, 0xee, 0xf0, 0xa3, 0xef, 0xf0, 0x12, 0xf7,
  0x66, 0xad, 0x07, 0xac, 0x06, 0x31, 0xee, 0xff, 0x51, 0x03, 0x90, 0x82,
  0x76, 0xef, 0xf0, 0x12, 0xdf, 0xeb, 0xac, 0x06, 0xad, 0x07, 0x90, 0xd3,
  0x22, 0x31, 0xfe, 0x90, 0x82, 0x77, 0xef, 0xf0, 0x12, 0xdf, 0xe4, 0xac,
  0x06, 0xad, 0x07, 0x90, 0xd3, 0x24, 0x31, 0xfe, 0x90, 0x82, 0x78, 0xef,
  0xf0, 0x31, 0xee, 0xff, 0x7d, 0x70, 0x7c, 0x82, 0x12, 0x02, 0x42, 0x90,
  0xd3, 0x22, 0xe0, 0xfe, 0xa3, 0xe0, 0xff, 0x7d, 0x72, 0x7c, 0x82, 0x12,
  0x02, 0x42, 0x90, 0xd3, 0x24, 0xe0, 0xfe, 0xa3, 0xe0, 0xff, 0x7d, 0x74,
  0x7c, 0x82, 0x12, 0x02, 0x42, 0x90, 0xd3, 0x26, 0xe0, 0x90, 0x82, 0x79,
  0x70, 0x04, 0x74, 0x80, 0xf0, 0x22, 0x74, 0x81, 0xf0, 0x22, 0x90, 0xd3,
  0x20, 0xe0, 0xfe, 0xa3, 0xe0, 0x22, 0x90, 0xc7, 0x7b, 0xe0, 0x90, 0xc7,
  0x7a, 0x22, 0xe0, 0xfe, 0xa3, 0xe0, 0xff, 0xc3, 0xef, 0x9d, 0xee, 0x9c,
  0x40, 0x07, 0xef, 0x9d, 0xff, 0xee, 0x9c, 0x80, 0x06, 0xc3, 0xed, 0x9f,
  0xff, 0xec, 0x9e, 0x12, 0xf4, 0xbf, 0x90, 0xd3, 0x27, 0x12, 0xd0, 0xc2,
  0x7d, 0x18, 0x12, 0x16, 0x12, 0x12, 0x8f, 0x09, 0x02, 0x02, 0x65, 0xe0,
  0xc4, 0x54, 0xf0, 0x48, 0xfe, 0xed, 0x2f, 0xfd, 0xec, 0x3e, 0xfc, 0x90,
  0xd2, 0xbf, 0xe0, 0xfa, 0x75, 0xf0, 0x10, 0xa4, 0xd3, 0x9d, 0xec, 0x64,
  0x80, 0xf8, 0xe5, 0xf0, 0x64, 0x80, 0x98, 0x22, 0xe4, 0x90, 0xc0, 0xd9,
  0xf0, 0x12, 0xe8, 0xac, 0x78, 0x98, 0x7c, 0xcc, 0x7d, 0x01, 0x7b, 0x01,
  0x7a, 0xcc, 0x79, 0xfc, 0x12, 0x8b, 0x90, 0x78, 0xfc, 0x7c, 0xcc, 0x12,
  0x8b, 0x88, 0x90, 0xc1, 0xa1, 0xe0, 0x64, 0x01, 0x70, 0x02, 0xa1, 0xbd,
  0x90, 0xd0, 0x5a, 0xe0, 0xb4, 0x01, 0x0a, 0x90, 0xc1, 0xfd, 0xe0, 0x64,
  0x04, 0x70, 0x02, 0xa1, 0xbd, 0x12, 0x90, 0x75, 0x60, 0x02, 0xa1, 0xbd,
  0x90, 0xca, 0x6b, 0xe0, 0x30, 0xe2, 0x0e, 0x90, 0xcb, 0x72, 0xe0, 0x70,
  0x08, 0x12, 0xee, 0xb7, 0x90, 0xc0, 0xd9, 0xef, 0xf0, 0x90, 0xcd, 0xae,
  0xe0, 0x70, 0x34, 0x90, 0xcd, 0xa6, 0xe0, 0xb4, 0x01, 0x15, 0x90, 0xcd,
  0xac, 0xe0, 0x90, 0xc9, 0xe8, 0xf0, 0x90, 0xcd, 0xab, 0xe0, 0x90, 0xc9,
  0xe9, 0xf0, 0x90, 0xcd, 0xad, 0x80, 0x13, 0x90, 0xcd, 0xa9, 0xe0, 0x90,
  0xc9, 0xe8, 0xf0, 0x90, 0xcd, 0xa8, 0xe0, 0x90, 0xc9, 0xe9, 0xf0, 0x90,
  0xcd, 0xaa, 0xe0, 0x90, 0xc9, 0xea, 0xf0, 0x12, 0xbf, 0xb1, 0xb1, 0xbe,
  0x12, 0x8e, 0xc7, 0x12, 0xc4, 0xdb, 0x90, 0xd2, 0xb9, 0xef, 0xf0, 0x90,
  0xca, 0x6b, 0xe0, 0x30, 0xe1, 0x1d, 0x90, 0xcb, 0xdd, 0xe0, 0xd3, 0x94,
  0x00, 0x40, 0x14, 0x90, 0xc2, 0xfd, 0x12, 0xc7, 0xd6, 0xfe, 0xd3, 0x9f,
  0x40, 0x09, 0x90, 0xc2, 0xfb, 0xe0, 0xff, 0xee, 0x9f, 0x40, 0x1b, 0x90,
  0xc0, 0xd9, 0xe0, 0xb4, 0x01, 0x19, 0x90, 0xc3, 0x80, 0x12, 0xc7, 0xd6,
  0xfe, 0xd3, 0x9f, 0x40, 0x0e, 0x90, 0xc3, 0x7f, 0xe0, 0xff, 0xee, 0x9f,
  0x50, 0x05, 0xe4, 0x90, 0xd2, 0xb9, 0xf0, 0x90, 0xcb, 0x77, 0xe0, 0xb4,
  0x01, 0x10, 0xe4, 0x90, 0xcb, 0xdd, 0xf0, 0x90, 0xd2, 0xb9, 0x74, 0x02,
  0xf0, 0x90, 0xcb, 0x5b, 0x04, 0xf0, 0x90, 0xcc, 0x02, 0xe0, 0x70, 0x2c,
  0x12, 0xc6, 0x22, 0x90, 0xc3, 0x5b, 0x12, 0xc6, 0x84, 0x90, 0xd2, 0xc0,
  0x12, 0xc4, 0xd5, 0x60, 0x02, 0x50, 0x11, 0x90, 0xc3, 0x5b, 0x12, 0xc6,
  0x1e, 0x12, 0x10, 0x23, 0x90, 0xd2, 0xc0, 0x12, 0xc4, 0xd5, 0x50, 0x12,
  0x90, 0xcc, 0x02, 0x74, 0x01, 0xf0, 0x80, 0x0a, 0x90, 0xd2, 0xb9, 0xe0,
  0x70, 0x04, 0x90, 0xcc, 0x02, 0xf0, 0x90, 0xd2, 0xb9, 0xe0, 0x90, 0xcb,
  0x72, 0xf0, 0x64, 0x02, 0x60, 0x02, 0xa1, 0xbd, 0x90, 0xce, 0x79, 0xe0,
  0x60, 0x02, 0xa1, 0x53, 0x90, 0xcc, 0x02, 0xe0, 0x64, 0x01, 0x60, 0x02,
  0x81, 0xa1, 0x12, 0xc6, 0x22, 0x90, 0xd2, 0xc0, 0x12, 0xc4, 0xd5, 0x50,
  0x6b, 0x7f, 0xe2, 0x7e, 0x58, 0x7d, 0x37, 0x7c, 0x3f, 0x90, 0xd2, 0xc0,
  0x12, 0xc4, 0xd5, 0x60, 0x16, 0x40, 0x14, 0x90, 0xd3, 0x1b, 0x12, 0x1a,
  0xf5, 0x3e, 0x00, 0x00, 0x00, 0x12, 0x8e, 0xc7, 0x12, 0x08, 0x8f, 0xb1,
  0xbe, 0x80, 0x25, 0x7f, 0x01, 0x7e, 0xde, 0x7d, 0xc2, 0x7c, 0x3e, 0x90,
  0xd2, 0xc0, 0x12, 0xc4, 0xd5, 0x90, 0xd2, 0xc0, 0x60, 0x0b, 0x40, 0x09,
  0x12, 0x1a, 0xf5, 0x3f, 0x66, 0x66, 0x66, 0x80, 0x07, 0x12, 0x1a, 0xf5,
  0x3f, 0x2e, 0x14, 0x7b, 0x7f, 0xf6, 0x7e, 0x28, 0x7d, 0x7c, 0x7c, 0x3f,
  0x90, 0xd2, 0xc0, 0x12, 0xc4, 0xd5, 0x60, 0x02, 0x50, 0x02, 0xa1, 0x3c,
  0x90, 0xd2, 0xc0, 0x12, 0x1a, 0xf5, 0x3f, 0x7c, 0x28, 0xf6, 0xa1, 0x3c,
  0xe4, 0xff, 0xfe, 0x7d, 0xa0, 0x7c, 0x41, 0x90, 0xd2, 0xc0, 0x12, 0xc4,
  0xd5, 0x60, 0x0e, 0x40, 0x0c, 0x90, 0xd2, 0xc0, 0x12, 0x1a, 0xf5, 0x3f,
  0xc0, 0x00, 0x00, 0x80, 0x4e, 0x7f, 0xcd, 0x7e, 0xcc, 0x7d, 0x4c, 0x7c,
  0x40, 0x90, 0xd2, 0xc0, 0x12, 0xc4, 0xd5, 0x60, 0x0e, 0x40, 0x0c, 0x90,
  0xd2, 0xc0, 0x12, 0x1a, 0xf5, 0x3f, 0x9c, 0x28, 0xf6, 0x80, 0x30, 0x7f,
  0xa4, 0x7e, 0x70, 0x7d, 0xbd, 0x7c, 0x3f, 0x90, 0xd2, 0xc0, 0x12, 0xc4,
  0xd5, 0x60, 0x0e, 0x40, 0x0c, 0x90, 0xd2, 0xc0, 0x12, 0x1a, 0xf5, 0x3f,
  0x8a, 0x3d, 0x71, 0x80, 0x12, 0x90, 0xd3, 0x1b, 0x12, 0x1a, 0xf5, 0x3d,
  0xcc, 0xcc, 0xcd, 0x12, 0x8e, 0xc7, 0x12, 0x08, 0x8f, 0xb1, 0xbe, 0x7f,
  0x85, 0x7e, 0xeb, 0x7d, 0x81, 0x7c, 0x3f, 0x90, 0xd2, 0xc0, 0x12, 0xc4,
  0xd5, 0x40, 0x02, 0xa1, 0x3c, 0x90, 0xd2, 0xc0, 0x12, 0x1a, 0xf5, 0x3f,
  0x81, 0xeb, 0x85, 0xa1, 0x3c, 0x74, 0x66, 0xff, 0xfe, 0xfd, 0x7c, 0x3f,
  0x90, 0xd2, 0xc0, 0x12, 0xc4, 0xd5, 0x40, 0x17, 0x7f, 0xcd, 0x7e, 0xcc,
  0x7d, 0x8c, 0x7c, 0x3f, 0x90, 0xd2, 0xc0, 0x12, 0xc4, 0xd5, 0x60, 0x02,
  0x50, 0x05, 0x90, 0xc3, 0x36, 0x80, 0x03, 0x90, 0xc3, 0x2f, 0x12, 0x1a,
  0x4c, 0x90, 0xd2, 0xc4, 0x12, 0x1a, 0xe9, 0x12, 0xc6, 0x7a, 0x12, 0x0d,
  0x41, 0x12, 0x8e, 0xc0, 0x12, 0x86, 0x7a, 0x79, 0x80, 0x78, 0x3b, 0x12,
  0x12, 0xbe, 0x60, 0x0b, 0x40, 0x09, 0xe4, 0xff, 0xfe, 0x7d, 0x80, 0x7c,
  0x3b, 0x80, 0x0c, 0x12, 0xc6, 0x7a, 0x12, 0x0d, 0x41, 0x12, 0x8e, 0xc0,
  0x12, 0x12, 0x21, 0x12, 0xc7, 0x6c, 0x90, 0xd3, 0x33, 0x12, 0x1a, 0xf5,
  0x3b, 0x80, 0x00, 0x00, 0x90, 0xd2, 0xc4, 0x12, 0x1a, 0x4c, 0x12, 0x02,
  0x79, 0x90, 0xd2, 0xc4, 0x12, 0x1a, 0xe9, 0x12, 0xc6, 0x21, 0x90, 0xd2,
  0xc0, 0x12, 0xc4, 0xd5, 0x50, 0x0b, 0x90, 0xd2, 0xc4, 0x12, 0xc6, 0x1e,
  0x12, 0x10, 0x23, 0x80, 0x09, 0x12, 0xc6, 0x21, 0x90, 0xd2, 0xc4, 0x12,
  0xc6, 0x84, 0xb1, 0xbe, 0x12, 0x87, 0x84, 0x90, 0xd2, 0xc0, 0x12, 0xc4,
  0xbf, 0x12, 0x8b, 0xd9, 0x12, 0x8c, 0xc3, 0x90, 0xd2, 0xc0, 0x12, 0xc4,
  0xbf, 0x80, 0x0c, 0x12, 0x87, 0x84, 0x90, 0xd2, 0xc0, 0x12, 0xc4, 0xbf,
  0x12, 0x8b, 0xd9, 0x12, 0x87, 0x8a, 0x12, 0xc7, 0x95, 0x90, 0xd2, 0xba,
  0x12, 0xc6, 0x38, 0x40, 0x08, 0x90, 0xcb, 0x77, 0xe0, 0x64, 0x01, 0x70,
  0x48, 0x90, 0xc2, 0xfc, 0xe0, 0xb4, 0x01, 0x13, 0x12, 0xc7, 0x72, 0x90,
  0xd2, 0xba, 0x12, 0xc4, 0xd5, 0x60, 0x08, 0x40, 0x06, 0x12, 0xc7, 0x72,
  0x12, 0x8b, 0xd9, 0xe4, 0x90, 0xcb, 0x77, 0xf0, 0x12, 0x85, 0xd8, 0x90,
  0xd2, 0xba, 0x12, 0xc4, 0xbf, 0x12, 0xe7, 0xcb, 0x90, 0xd2, 0xbe, 0xee,
  0xf0, 0xa3, 0xef, 0x12, 0x8c, 0xc2, 0x12, 0xc6, 0xe1, 0x90, 0xd2, 0xbe,
  0xe0, 0xfe, 0xa3, 0xe0, 0xff, 0x12, 0xf8, 0x27, 0x90, 0x80, 0x1a, 0xef,
  0xf0, 0x22, 0x90, 0xd2, 0xc0, 0x02, 0x1a, 0xe9, 0xf0, 0x90, 0xd2, 0xc3,
  0xe0, 0xfe, 0xa3, 0xe0, 0xff, 0x22, 0x90, 0xd3, 0x20, 0xee, 0xf0, 0xa3,
  0xef, 0xf0, 0x90, 0xd3, 0x24, 0x22, 0xf0, 0xa3, 0xef, 0xf0, 0x90, 0xd2,
  0xc1, 0xe0, 0xfe, 0xa3, 0xe0, 0xff, 0x22, 0x12, 0xf8, 0xbd, 0x11, 0xb6,
  0x78, 0x09, 0x12, 0x19, 0x84, 0x90, 0xd2, 0x91, 0x11, 0xa6, 0x78, 0x09,
  0x12, 0x19, 0x84, 0x90, 0xd2, 0x93, 0xee, 0xf0, 0xa3, 0xef, 0xf0, 0x90,
  0xc4, 0x3c, 0xe0, 0xff, 0xa3, 0xe0, 0x90, 0xc4, 0x40, 0xcf, 0xf0, 0xa3,
  0xef, 0xf0, 0x90, 0xc4, 0x3e, 0xe0, 0xff, 0xa3, 0xe0, 0x90, 0xc4, 0x42,
  0xcf, 0x12, 0x91, 0xbc, 0xe0, 0x90, 0x82, 0x37, 0xf0, 0x90, 0xd2, 0x92,
  0xe0, 0x90, 0x82, 0x36, 0xf0, 0x90, 0xd2, 0x93, 0xe0, 0x90, 0x82, 0x39,
  0xf0, 0x90, 0xd2, 0x94, 0xe0, 0x90, 0x82, 0x38, 0xf0, 0x90, 0x82, 0x5f,
  0xe0, 0x44, 0x80, 0xf0, 0x22, 0xaa, 0x05, 0xab, 0x07, 0x12, 0xb7, 0xa9,
  0x12, 0x8b, 0xa6, 0x12, 0xb7, 0x9d, 0x3e, 0x12, 0xf4, 0xbf, 0x12, 0xb5,
  0x55, 0xc0, 0x07, 0x12, 0xb6, 0xf8, 0xfd, 0xac, 0x06, 0x90, 0xd3, 0x2d,
  0xea, 0xf0, 0x90, 0xd3, 0x27, 0x12, 0xb5, 0xde, 0xd0, 0x07, 0x12, 0xb5,
  0x5d, 0xa9, 0x07, 0x7f, 0x01, 0xd1, 0xc6, 0xe0, 0xc3, 0x99, 0x40, 0x05,
  0x0f, 0xef, 0xb4, 0x07, 0xf4, 0xab, 0x07, 0xef, 0x14, 0xff, 0xd1, 0xd1,
  0xfc, 0x74, 0x01, 0x93, 0xfd, 0xc0, 0x05, 0xeb, 0xd1, 0xd1, 0xfd, 0x74,
  0x01, 0x93, 0x90, 0xd3, 0x2f, 0xcd, 0xf0, 0xa3, 0xed, 0xf0, 0xd1, 0xc6,
  0xe0, 0xff, 0x7e, 0x00, 0x74, 0x7f, 0x2b, 0xd1, 0xc9, 0xe0, 0xfb, 0x7a,
  0x00, 0xad, 0x01, 0x90, 0xd3, 0x31, 0xe4, 0xf0, 0xa3, 0xed, 0xf0, 0xd0,
  0x05, 0x12, 0x02, 0x92, 0x12, 0xdf, 0x63, 0x50, 0x04, 0xe4, 0xfe, 0xff,
  0x22, 0x22, 0x74, 0x7f, 0x2f, 0xf5, 0x82, 0xe4, 0x34, 0xc7, 0xf5, 0x83,
  0x22, 0x25, 0xe0, 0x24, 0x48, 0xf5, 0x82, 0xe4, 0x34, 0x0f, 0xf5, 0x83,
  0xe4, 0x93, 0x22, 0x90, 0xd3, 0x18, 0x12, 0xf7, 0xb3, 0xfb, 0xb4, 0x03,
  0x1c, 0x90, 0xcd, 0x73, 0xe0, 0x90, 0xd3, 0x1c, 0xb4, 0x02, 0x09, 0x12,
  0x1a, 0xf5, 0x42, 0xa6, 0xaa, 0xab, 0x80, 0x2f, 0x12, 0x1a, 0xf5, 0x42,
  0xc8, 0x00, 0x00, 0x80, 0x26, 0xeb, 0xb4, 0x01, 0x0c, 0x90, 0xd3, 0x1c,
  0x12, 0x1a, 0xf5, 0x42, 0xc8, 0x00, 0x00, 0x80, 0x16, 0x90, 0xd0, 0x4c,
  0xe0, 0xb4, 0x02, 0x0c, 0x90, 0xd3, 0x1c, 0x12, 0x1a, 0xf5, 0x42, 0xa6,
  0xaa, 0xab, 0x80, 0x03, 0x12, 0xc7, 0xbd, 0x90, 0xcb, 0x5a, 0xe0, 0x30,
  0xe6, 0x1f, 0x12, 0xc4, 0xb0, 0x12, 0xe5, 0xec, 0x90, 0xd3, 0x18, 0x12,
  0xc4, 0xd5, 0x40, 0x0e, 0x90, 0xcb, 0x5a, 0xe0, 0x54, 0xbf, 0xf0, 0xe4,
  0x90, 0xc3, 0x52, 0xf0, 0x80, 0x03, 0x12, 0xc7, 0xbd, 0x12, 0xc4, 0xb0,
  0x12, 0xe5, 0xec, 0x90, 0xcb, 0x73, 0x12, 0x85, 0xd4, 0x90, 0xd3, 0x18,
  0x12, 0xc4, 0xbf, 0xc0, 0x04, 0xc0, 0x05, 0xc0, 0x06, 0xc0, 0x07, 0x90,
  0xc3, 0x78, 0x12, 0xdf, 0xdd, 0x12, 0x13, 0x3c, 0x12, 0xc6, 0x4c, 0xd0,
  0x07, 0xd0, 0x06, 0xd0, 0x05, 0xd0, 0x04, 0x12, 0x12, 0x21, 0x12, 0xf3,
  0x68, 0x12, 0x86, 0xa5, 0x90, 0xd3, 0x24, 0x12, 0xd0, 0xb9, 0x12, 0x13,
  0x75, 0x12, 0xd8, 0x47, 0x90, 0xcb, 0x64, 0xee, 0xf0, 0xa3, 0xef, 0xf0,
  0x12, 0xdc, 0x95, 0x12, 0x86, 0xad, 0x90, 0xd3, 0x24, 0x12, 0xc7, 0xee,
  0x90, 0xd3, 0x20, 0x12, 0xc7, 0x69, 0x12, 0xd0, 0xbc, 0x12, 0x02, 0x79,
  0x12, 0xf3, 0x68, 0x90, 0xce, 0x79, 0xe0, 0x70, 0x0b, 0x12, 0xee, 0xb1,
  0x12, 0xd0, 0xbc, 0x12, 0x12, 0x21, 0x80, 0x68, 0x90, 0xcb, 0x66, 0x12,
  0x1a, 0x68, 0x12, 0xd0, 0xbc, 0x12, 0x86, 0x53, 0xc0, 0x04, 0xc0, 0x05,
  0xc0, 0x06, 0xc0, 0x07, 0x12, 0x8e, 0xc0, 0x12, 0x86, 0xa5, 0x12, 0x12,
  0x21, 0x12, 0xc6, 0x4c, 0xd0, 0x07, 0xd0, 0x06, 0xd0, 0x05, 0xd0, 0x04,
  0x12, 0x86, 0x53, 0xc0, 0x04, 0xc0, 0x05, 0xc0, 0x06, 0xc0, 0x07, 0x7f,
  0xcd, 0x7e, 0xcc, 0x7d, 0xcc, 0x7c, 0x3d, 0x12, 0xc4, 0xbc, 0x12, 0xc6,
  0x4c, 0xd0, 0x07, 0xd0, 0x06, 0xd0, 0x05, 0xd0, 0x04, 0x12, 0x12, 0xbe,
  0x60, 0x0b, 0x40, 0x09, 0x90, 0xcb, 0x66, 0x12, 0x1a, 0x4c, 0x12, 0xf3,
  0x68, 0x12, 0xee, 0xb1, 0x90, 0xd3, 0x28, 0x12, 0x86, 0x77, 0xf9, 0x78,
  0x3f, 0x12, 0x10, 0x27, 0x12, 0x13, 0x75, 0x90, 0xd3, 0x2c, 0xee, 0xf0,
  0xa3, 0xef, 0xf0, 0xc3, 0x90, 0xd3, 0x2d, 0xe0, 0x94, 0x01, 0x90, 0xd3,
  0x2c, 0xe0, 0x94, 0x00, 0x50, 0x05, 0xe4, 0xf0, 0xa3, 0x04, 0xf0, 0x12,
  0x8f, 0xf8, 0x70, 0x5c, 0x90, 0xcd, 0x73, 0xe0, 0x90, 0xd3, 0x2c, 0xb4,
  0x02, 0x06, 0x11, 0xc2, 0x7d, 0x06, 0x80, 0x04, 0x11, 0xc2, 0x7d, 0x05,
  0x12, 0x16, 0x12, 0xa3, 0xed, 0xf0, 0x90, 0xd3, 0x2e, 0xe0, 0x60, 0x28,
  0x90, 0xcd, 0x78, 0xe0, 0x70, 0x05, 0x04, 0xf0, 0xe4, 0x80, 0x25, 0x90,
  0xcd, 0x75, 0xe0, 0xff, 0x64, 0x02, 0x60, 0x04, 0xef, 0xb4, 0x03, 0x24,
  0x90, 0xcd, 0x6e, 0xe0, 0xff, 0x90, 0xcb, 0x64, 0xe4, 0x8f, 0xf0, 0x12,
  0x16, 0x9d, 0x80, 0x14, 0x90, 0xcd, 0x78, 0xe0, 0x60, 0x0e, 0xe4, 0xf0,
  0x12, 0x8f, 0xd8, 0xe4, 0x90, 0xcd, 0x76, 0xf0, 0x90, 0xcd, 0x74, 0xf0,
  0x90, 0xd3, 0x2c, 0x12, 0xc4, 0xb3, 0x90, 0xd3, 0x28, 0x12, 0x1a, 0xe9,
  0x90, 0xd3, 0x28, 0x02, 0x1a, 0x4c, 0xe0, 0xfe, 0xa3, 0xe0, 0xff, 0x7c,
  0x00, 0x22, 0x90, 0xd2, 0xb9, 0x12, 0x1b, 0x63, 0x90, 0x80, 0x37, 0x12,
  0xee, 0x5e, 0x90, 0x00, 0x04, 0x12, 0x1b, 0xdb, 0x12, 0x1a, 0x0e, 0xe4,
  0x90, 0xd2, 0xbc, 0xf0, 0x90, 0xd2, 0xbc, 0xe0, 0xff, 0x12, 0xf7, 0xbb,
  0xe0, 0xfe, 0x31, 0xb8, 0x12, 0xf4, 0x73, 0x12, 0x1b, 0xdb, 0x8f, 0x82,
  0x75, 0x83, 0x00, 0xee, 0x12, 0x15, 0xde, 0x90, 0x82, 0x4a, 0xe0, 0xff,
  0x31, 0xb8, 0x12, 0x1b, 0xdb, 0x51, 0xdf, 0x90, 0xd2, 0xbc, 0xe0, 0xfe,
  0xf1, 0xd7, 0x90, 0x82, 0x4c, 0xe0, 0xff, 0x31, 0xb8, 0x12, 0x1b, 0xdb,
  0x90, 0x00, 0x0a, 0x12, 0x1b, 0xdb, 0x8e, 0x82, 0xf1, 0xd9, 0x90, 0x82,
  0x2d, 0x11, 0xc2, 0x7d, 0x40, 0x12, 0x1c, 0xf1, 0xc0, 0x06, 0xc0, 0x07,
  0x90, 0xc7, 0x78, 0x12, 0x8a, 0x87, 0xd0, 0x07, 0xd0, 0x06, 0x31, 0xb5,
  0x12, 0x1b, 0xdb, 0x90, 0x00, 0x0d, 0x12, 0x1b, 0xdb, 0x90, 0xd2, 0xbc,
  0xe0, 0xf1, 0xd7, 0xf1, 0x6d, 0x64, 0x64, 0x70, 0x8f, 0xe4, 0x90, 0xd2,
  0xbc, 0xf0, 0xf1, 0x6d, 0xb4, 0x64, 0xfb, 0xe4, 0x90, 0xd2, 0xbc, 0xf0,
  0xf1, 0x6d, 0xb4, 0x64, 0xfb, 0xe4, 0x90, 0xd2, 0xbc, 0xf0, 0xf1, 0x6d,
  0xb4, 0x64, 0xfb, 0xe4, 0x90, 0xd2, 0xbc, 0xf0, 0xf1, 0x6d, 0xb4, 0x64,
  0xfb, 0x90, 0x82, 0xe8, 0x31, 0xa6, 0xf1, 0xd0, 0x12, 0x8a, 0xef, 0x90,
  0x82, 0xea, 0x31, 0xa6, 0x12, 0x1b, 0xdb, 0x90, 0x00, 0x12, 0x12, 0x8a,
  0xef, 0x90, 0x82, 0xe4, 0x12, 0x1a, 0x4c, 0x31, 0xb8, 0x12, 0x1b, 0xdb,
  0x90, 0x00, 0x14, 0x02, 0x1a, 0x28, 0xe0, 0xfe, 0xa3, 0xe0, 0xfb, 0xaa,
  0x06, 0xe4, 0xf9, 0xf8, 0xff, 0xfe, 0x7d, 0x01, 0xfc, 0x12, 0x18, 0xa3,
  0x90, 0xd2, 0xb9, 0x12, 0x1b, 0x43, 0x90, 0x00, 0x04, 0x22, 0x90, 0xd2,
  0xc5, 0xf1, 0xe0, 0x90, 0xd2, 0xc8, 0x12, 0x83, 0x8c, 0x12, 0xe7, 0xb8,
  0x40, 0x02, 0x41, 0xaf, 0x90, 0xd2, 0xc5, 0x31, 0xbb, 0x12, 0x1b, 0xdb,
  0x51, 0xdf, 0x12, 0x8e, 0xd3, 0x90, 0xd2, 0xc5, 0x70, 0x02, 0x41, 0x71,
  0x31, 0xbb, 0x12, 0xf4, 0x73, 0x12, 0x1b, 0xdb, 0x90, 0xd2, 0xc8, 0xf1,
  0x86, 0xff, 0x7e, 0x00, 0x91, 0x2e, 0x12, 0x16, 0xc9, 0xfd, 0xac, 0xf0,
  0x12, 0x1c, 0xf1, 0xc0, 0x06, 0xc0, 0x07, 0x90, 0xd2, 0xc5, 0x31, 0xbb,
  0x12, 0x1b, 0xdb, 0x51, 0xdf, 0xf1, 0x81, 0xfb, 0xe4, 0xfa, 0xf9, 0xf8,
  0xd0, 0x07, 0xd0, 0x06, 0x12, 0xf7, 0x8c, 0x51, 0xd9, 0x12, 0x1b, 0x6c,
  0xf1, 0xb7, 0x8f, 0x82, 0xf5, 0x83, 0x12, 0x8f, 0xac, 0x90, 0xd2, 0xc5,
  0x31, 0xbb, 0x12, 0x1b, 0xdb, 0x90, 0x00, 0x0a, 0xf1, 0x7e, 0xff, 0x7e,
  0x00, 0x91, 0x2e, 0x12, 0x8a, 0x9e, 0xfd, 0xac, 0xf0, 0x12, 0x1c, 0xf1,
  0xc0, 0x06, 0xc0, 0x07, 0x90, 0xd2, 0xc5, 0x31, 0xbb, 0x12, 0x1b, 0xdb,
  0x51, 0xdf, 0xf1, 0x81, 0xfb, 0xe4, 0xfa, 0xf9, 0xf8, 0xd0, 0x07, 0xd0,
  0x06, 0x12, 0xf7, 0x8c, 0x51, 0xd9, 0xf1, 0xb1, 0x8f, 0x82, 0xf5, 0x83,
  0xec, 0x8d, 0xf0, 0x80, 0x18, 0x51, 0xdc, 0xf1, 0xb1, 0xfe, 0x8f, 0x82,
  0xf5, 0x83, 0xe4, 0xf5, 0xf0, 0x51, 0xd6, 0x12, 0x1b, 0x6c, 0x8f, 0x82,
  0x8e, 0x83, 0xe4, 0xf5, 0xf0, 0x12, 0x17, 0xd0, 0x90, 0xd2, 0xc5, 0x31,
  0xbb, 0x12, 0x1b, 0xdb, 0x90, 0x00, 0x0d, 0xf1, 0x7e, 0xfd, 0x7c, 0x00,
  0x51, 0xd9, 0x12, 0xe5, 0xe4, 0xf1, 0xb7, 0xfe, 0x12, 0x8d, 0x21, 0xec,
  0x8d, 0xf0, 0x12, 0xe2, 0x3e, 0x21, 0xc7, 0xf1, 0xe3, 0x12, 0xe2, 0x41,
  0x90, 0xd2, 0xc8, 0xe0, 0x70, 0x04, 0xa3, 0xe0, 0x64, 0x64, 0x70, 0xf1,
  0xf1, 0xe3, 0x12, 0xe2, 0x41, 0x90, 0xd2, 0xc8, 0xe0, 0x70, 0x04, 0xa3,
  0xe0, 0x64, 0x64, 0x70, 0xf1, 0x22, 0xe5, 0xf0, 0x8f, 0xf0, 0x12, 0x17,
  0xd0, 0x90, 0xd2, 0xc5, 0x12, 0x1b, 0x43, 0x90, 0x00, 0x07, 0x02, 0x1b,
  0xdb, 0xf1, 0xc4, 0x51, 0xd9, 0x90, 0x01, 0x3a, 0x12, 0xf7, 0x9d, 0x90,
  0xd2, 0xcf, 0xf0, 0xa3, 0xce, 0xf0, 0x90, 0x01, 0x3c, 0x12, 0xf7, 0x9d,
  0x90, 0xd2, 0xd1, 0xf0, 0xa3, 0xce, 0xf0, 0x91, 0x2e, 0x90, 0x00, 0xbd,
  0xd1, 0x78, 0xe4, 0xfc, 0xfd, 0x90, 0xd2, 0xc5, 0x31, 0xbb, 0x12, 0x1b,
  0xdb, 0x90, 0x00, 0x14, 0x12, 0x1a, 0x84, 0xd3, 0x12, 0x19, 0x73, 0x7f,
  0x00, 0x40, 0x02, 0x7f, 0x01, 0x90, 0xd2, 0xcf, 0xe0, 0x70, 0x02, 0xa3,
  0xe0, 0x60, 0x61, 0x90, 0xd2, 0xd1, 0xe0, 0x70, 0x02, 0xa3, 0xe0, 0x60,
  0x57, 0x90, 0xd2, 0xc5, 0x31, 0xbb, 0xf1, 0xd0, 0x12, 0x16, 0xf4, 0x45,
  0xf0, 0x60, 0x49, 0x90, 0x00, 0x12, 0x12, 0x16, 0xf4, 0x45, 0xf0, 0x60,
  0x3f, 0xef, 0x60, 0x3c, 0x91, 0x2e, 0x12, 0xf7, 0x84, 0x90, 0xd2, 0xcf,
  0x12, 0xf7, 0x94, 0x31, 0xbb, 0xf1, 0xd0, 0x12, 0xf7, 0x7d, 0x12, 0xf0,
  0xd9, 0x90, 0xd2, 0xcb, 0xee, 0xf0, 0xa3, 0xef, 0xf0, 0x91, 0x2e, 0x12,
  0xf7, 0x84, 0x90, 0xd2, 0xd1, 0x12, 0xf7, 0x94, 0x31, 0xbb, 0x12, 0x1b,
  0xdb, 0x90, 0x00, 0x12, 0x12, 0xf7, 0x7d, 0x12, 0xf0, 0xd9, 0x90, 0xd2,
  0xcd, 0xee, 0x80, 0x1a, 0x90, 0xd2, 0xcf, 0xe0, 0xff, 0xa3, 0xe0, 0x90,
  0xd2, 0xcb, 0xcf, 0xf0, 0xa3, 0xef, 0xf0, 0x90, 0xd2, 0xd1, 0xe0, 0xff,
  0xa3, 0xe0, 0x90, 0xd2, 0xcd, 0xcf, 0xf0, 0xa3, 0xef, 0xf0, 0x90, 0xd2,
  0xc5, 0x12, 0xe4, 0xa5, 0xff, 0x90, 0xd2, 0xcb, 0x12, 0x8a, 0xaa, 0x12,
  0xdd, 0xd9, 0xef, 0x60, 0x4b, 0x90, 0xd2, 0xcb, 0xe0, 0xfc, 0xa3, 0xe0,
  0xfd, 0x90, 0xc4, 0x48, 0xec, 0xf0, 0xa3, 0xed, 0xf0, 0x90, 0xd2, 0xcd,
  0xe0, 0xfe, 0xa3, 0xe0, 0xff, 0x12, 0x8e, 0x23, 0x51, 0xd9, 0x12, 0x90,
  0x8e, 0x12, 0xef, 0xff, 0x51, 0xd9, 0x90, 0x01, 0x42, 0xd1, 0x5c, 0x12,
  0x8a, 0x71, 0x51, 0xd9, 0x90, 0x01, 0x44, 0xd1, 0x5c, 0x90, 0x00, 0x02,
  0x51, 0xd2, 0x90, 0x01, 0x46, 0x12, 0x16, 0xf4, 0xff, 0x90, 0xd2, 0xc8,
  0x31, 0xbb, 0xe5, 0xf0, 0x8f, 0xf0, 0x80, 0x19, 0xd1, 0x60, 0xe4, 0xf5,
  0xf0, 0x12, 0x17, 0xb1, 0xd1, 0x60, 0x90, 0x00, 0x02, 0xe4, 0xf5, 0xf0,
  0x12, 0x17, 0xd0, 0x90, 0x00, 0x04, 0xe4, 0xf5, 0xf0, 0x02, 0x17, 0xd0,
  0xee, 0x8f, 0xf0, 0x12, 0x17, 0xd0, 0x90, 0xd2, 0xc5, 0x12, 0x1b, 0x43,
  0x90, 0x00, 0x01, 0x02, 0x1b, 0xdb, 0xf1, 0xc4, 0xd1, 0x60, 0x12, 0xe7,
  0xb0, 0x12, 0xef, 0x41, 0xd1, 0x60, 0xe9, 0x24, 0x1b, 0xf9, 0xe4, 0x3a,
  0xfa, 0x90, 0xd2, 0xce, 0x12, 0x1b, 0x63, 0x90, 0xd2, 0xc5, 0x12, 0xe4,
  0xa5, 0x90, 0xd2, 0xcb, 0x70, 0x02, 0xa1, 0x33, 0x12, 0x1b, 0x43, 0x74,
  0x01, 0x12, 0x15, 0xcc, 0x91, 0x2e, 0xe9, 0x24, 0xc3, 0xf9, 0xe4, 0x3a,
  0xfa, 0xc0, 0x03, 0xc0, 0x02, 0xc0, 0x01, 0xf1, 0x78, 0x12, 0xf7, 0xa7,
  0xd0, 0x01, 0xd0, 0x02, 0xd0, 0x03, 0x12, 0x8d, 0x62, 0x91, 0x2e, 0x90,
  0x00, 0xb3, 0xd1, 0x78, 0xf1, 0xaa, 0xc0, 0x06, 0xc0, 0x07, 0x91, 0x2e,
  0x12, 0x16, 0xc9, 0xae, 0xf0, 0x12, 0x8a, 0x8b, 0xd0, 0x07, 0xd0, 0x06,
  0xf1, 0x75, 0x90, 0x00, 0x09, 0x91, 0x28, 0x90, 0x00, 0x94, 0xd1, 0x78,
  0xf1, 0xaa, 0xc0, 0x06, 0xc0, 0x07, 0x91, 0x2e, 0x12, 0x16, 0xc9, 0xae,
  0xf0, 0x12, 0x8a, 0x8b, 0xd0, 0x07, 0xd0, 0x06, 0xf1, 0x75, 0x90, 0x00,
  0x0b, 0x91, 0x28, 0x90, 0x00, 0xb5, 0xd1, 0x78, 0xf1, 0xaa, 0xc0, 0x06,
  0xc0, 0x07, 0x91, 0x2e, 0x12, 0x8a, 0x9e, 0xae, 0xf0, 0x12, 0x8a, 0x8b,
  0xd0, 0x07, 0xd0, 0x06, 0xf1, 0x75, 0x90, 0x00, 0x0d, 0x91, 0x28, 0x90,
  0x00, 0x96, 0xd1, 0x78, 0xf1, 0xaa, 0xc0, 0x06, 0xc0, 0x07, 0x91, 0x2e,
  0x12, 0x8a, 0x9e, 0xae, 0xf0, 0x12, 0x8a, 0x8b, 0xd0, 0x07, 0xd0, 0x06,
  0xf1, 0x75, 0x90, 0x00, 0x0f, 0x12, 0x8a, 0xef, 0x12, 0xf7, 0x6d, 0x74,
  0x01, 0x12, 0x15, 0xcc, 0x91, 0x2e, 0xe9, 0x24, 0xcb, 0xf9, 0xe4, 0x3a,
  0xfa, 0xc0, 0x03, 0xc0, 0x02, 0xc0, 0x01, 0x12, 0xf7, 0x6d, 0x12, 0xf7,
  0xa7, 0xd0, 0x01, 0xd0, 0x02, 0xd0, 0x03, 0x12, 0x8f, 0x39, 0x90, 0xd2,
  0xc5, 0x80, 0x05, 0xb1, 0x38, 0x90, 0xd2, 0xce, 0x12, 0x1b, 0x43, 0xe4,
  0x02, 0x15, 0xcc, 0xf1, 0xc4, 0x51, 0xd9, 0x90, 0x01, 0x3e, 0x12, 0x16,
  0xf4, 0xff, 0x90, 0x01, 0x3a, 0x51, 0xd2, 0x90, 0x01, 0x40, 0x12, 0x16,
  0xf4, 0xff, 0x90, 0x01, 0x3c, 0x51, 0xd2, 0xf1, 0xeb, 0x45, 0xf0, 0x60,
  0x73, 0xf1, 0xf1, 0x45, 0xf0, 0x60, 0x6d, 0x90, 0x01, 0x36, 0xd1, 0x78,
  0xe4, 0xfc, 0xfd, 0xc0, 0x04, 0xc0, 0x05, 0xc0, 0x06, 0xc0, 0x07, 0x91,
  0x2e, 0x12, 0xe7, 0xa9, 0x7d, 0x80, 0x12, 0x1c, 0xf1, 0xd0, 0x03, 0xd0,
  0x02, 0xd0, 0x01, 0xd0, 0x00, 0x12, 0x18, 0xa3, 0x51, 0xd9, 0x90, 0x01,
  0x3e, 0x91, 0x28, 0xd1, 0x75, 0x7c, 0x00, 0x7d, 0x80, 0x12, 0x1c, 0xf1,
  0xc0, 0x06, 0xc0, 0x07, 0x51, 0xd9, 0x90, 0x01, 0x38, 0x12, 0x16, 0xf4,
  0xae, 0xf0, 0x12, 0x8a, 0x8b, 0xd0, 0x07, 0xd0, 0x06, 0x12, 0x18, 0xa3,
  0x51, 0xd9, 0x90, 0x01, 0x40, 0xee, 0x51, 0xd4, 0x90, 0x01, 0x3e, 0xd1,
  0x5c, 0x90, 0x00, 0x06, 0x51, 0xd2, 0x90, 0x01, 0x40, 0xd1, 0x5c, 0x90,
  0x00, 0x08, 0xe5, 0xf0, 0x8f, 0xf0, 0x80, 0x11, 0xd1, 0x60, 0x90, 0x00,
  0x08, 0xe4, 0xf5, 0xf0, 0x12, 0x17, 0xd0, 0x90, 0x00, 0x06, 0xe4, 0xf5,
  0xf0, 0x02, 0x17, 0xd0, 0x90, 0xd2, 0xbf, 0xd1, 0x66, 0x31, 0xc2, 0xd1,
  0x69, 0x12, 0xe2, 0x4b, 0xd1, 0x69, 0x12, 0xe0, 0x67, 0x90, 0xd2, 0xbf,
  0x51, 0xdc, 0xf1, 0xeb, 0xff, 0x90, 0x01, 0x36, 0x12, 0x8a, 0xe5, 0x90,
  0xd2, 0xbf, 0x51, 0xdc, 0xf1, 0xf1, 0xff, 0x90, 0x01, 0x38, 0x12, 0x8a,
  0xe5, 0x90, 0xd2, 0xbf, 0x51, 0xdc, 0xe9, 0x24, 0x36, 0xf9, 0xea, 0x34,
  0x01, 0xfa, 0x90, 0xd2, 0xc8, 0x12, 0x1b, 0x63, 0x90, 0xd2, 0xbf, 0x51,
  0xdc, 0xe9, 0x24, 0x38, 0xf9, 0xea, 0x34, 0x01, 0xfa, 0x90, 0xd2, 0xcb,
  0xd1, 0x66, 0x12, 0xdc, 0xed, 0xf1, 0xca, 0x90, 0xd2, 0xc8, 0xd1, 0x66,
  0xb1, 0x3f, 0xf1, 0xca, 0x90, 0xd2, 0xc8, 0xd1, 0x66, 0x51, 0xe5, 0xf1,
  0xca, 0x90, 0xd2, 0xc8, 0xd1, 0x66, 0x91, 0x3a, 0xe4, 0xfe, 0xff, 0x22,
  0x12, 0x16, 0xf4, 0xff, 0x90, 0xd2, 0xc8, 0x02, 0x1b, 0x43, 0x12, 0x1b,
  0x63, 0x90, 0xd2, 0xbf, 0x02, 0x1b, 0x43, 0x90, 0xd2, 0xef, 0x12, 0x1b,
  0x43, 0x90, 0x00, 0x02, 0x12, 0x16, 0xf4, 0xff, 0xae, 0xf0, 0x22, 0x90,
  0xd2, 0xdb, 0x12, 0x1a, 0xe9, 0x91, 0x34, 0xe9, 0x24, 0x5c, 0xf9, 0xe4,
  0x3a, 0xfa, 0x90, 0xd2, 0xeb, 0x12, 0x1b, 0x63, 0x90, 0x00, 0x10, 0xd1,
  0x78, 0xe4, 0xfc, 0xfd, 0xf1, 0xa0, 0x50, 0x1e, 0x90, 0xd2, 0xeb, 0x12,
  0x1b, 0x43, 0x90, 0x00, 0x12, 0xd1, 0x78, 0xe4, 0xfc, 0xfd, 0x90, 0xd2,
  0xdf, 0xf1, 0xa3, 0x50, 0x09, 0x90, 0xd2, 0xeb, 0x31, 0xbb, 0xf1, 0x8f,
  0x50, 0x03, 0x7f, 0x00, 0x22, 0x90, 0xd2, 0xeb, 0x31, 0xbb, 0xd1, 0x78,
  0x12, 0x8b, 0x0b, 0x90, 0xd2, 0xdb, 0x12, 0x1a, 0x68, 0x12, 0x17, 0xfd,
  0xc0, 0x04, 0xc0, 0x05, 0xc0, 0x06, 0xc0, 0x07, 0x90, 0xd2, 0xeb, 0x12,
  0xdf, 0xd6, 0xd1, 0x78, 0x12, 0xda, 0xfa, 0x90, 0xd2, 0xdf, 0x12, 0xda,
  0x2f, 0xd0, 0x03, 0xd0, 0x02, 0xd0, 0x01, 0xd0, 0x00, 0x12, 0x18, 0x18,
  0x90, 0xd2, 0xe3, 0x12, 0x1a, 0xe9, 0x90, 0xd2, 0xeb, 0x12, 0x8e, 0xcd,
  0x90, 0xd2, 0xe3, 0x12, 0x8c, 0xbb, 0x50, 0x03, 0x7f, 0x00, 0x22, 0x12,
  0xf7, 0x73, 0xf1, 0x8f, 0x40, 0x54, 0x12, 0xf7, 0x73, 0xd1, 0x78, 0x12,
  0x8b, 0x0b, 0x90, 0xd2, 0xdb, 0x12, 0x1a, 0x68, 0x12, 0x17, 0xfd, 0xc0,
  0x04, 0xc0, 0x05, 0xc0, 0x06, 0xc0, 0x07, 0x90, 0xd2, 0xeb, 0x12, 0x1b,
  0x43, 0x90, 0x00, 0x0e, 0xd1, 0x78, 0x12, 0xda, 0xfa, 0x90, 0xd2, 0xdf,
  0x12, 0xda, 0x2f, 0xd0, 0x03, 0xd0, 0x02, 0xd0, 0x01, 0xd0, 0x00, 0x12,
  0x18, 0x18, 0x90, 0xd2, 0xe7, 0x12, 0x1a, 0xe9, 0x90, 0xd2, 0xeb, 0x12,
  0x1b, 0x43, 0x90, 0x00, 0x08, 0x12, 0x19, 0xde, 0x90, 0xd2, 0xe7, 0xf1,
  0xa3, 0x40, 0x03, 0x7f, 0x00, 0x22, 0x7f, 0x01, 0x22, 0x90, 0xd2, 0xbc,
  0xe0, 0x04, 0xf0, 0xe0, 0x22, 0x12, 0x18, 0xa3, 0x90, 0xd2, 0xcb, 0x02,
  0x1b, 0x43, 0x12, 0x1b, 0xdb, 0x90, 0xd2, 0xc8, 0xe0, 0xfe, 0xa3, 0xe0,
  0xf5, 0x82, 0x8e, 0x83, 0x02, 0x15, 0x7d, 0x12, 0x16, 0xf4, 0xff, 0xc3,
  0xe4, 0x9f, 0xff, 0xe4, 0x95, 0xf0, 0xfe, 0x33, 0x95, 0xe0, 0xfd, 0xfc,
  0x90, 0xd2, 0xdb, 0x12, 0x1a, 0x68, 0xd3, 0x02, 0x19, 0x5d, 0x7c, 0x01,
  0x7d, 0x00, 0x02, 0x1c, 0xf1, 0x90, 0x00, 0x03, 0x12, 0x1b, 0xdb, 0x90,
  0xd2, 0xc9, 0xe0, 0x25, 0xe0, 0xff, 0x90, 0xd2, 0xc8, 0xe0, 0x33, 0x22,
  0x90, 0xd2, 0xc5, 0x02, 0x1b, 0x63, 0x90, 0xd2, 0xc2, 0x02, 0x1b, 0x43,
  0x12, 0x1b, 0xdb, 0x90, 0x00, 0x10, 0x22, 0xf5, 0x82, 0x75, 0x83, 0x00,
  0xef, 0x02, 0x15, 0xde, 0x12, 0x1b, 0x63, 0xe4, 0x90, 0xd2, 0xc8, 0xf0,
  0xa3, 0xf0, 0x22, 0x90, 0x01, 0x32, 0x02, 0x16, 0xf4, 0x90, 0x01, 0x34,
  0x02, 0x16, 0xf4, 0x90, 0xcf, 0x46, 0x12, 0xdf, 0xdd, 0x12, 0x13, 0x3c,
  0x7b, 0x00, 0x7a, 0x40, 0x79, 0x1c, 0x78, 0x46, 0x12, 0x11, 0x18, 0xc0,
  0x04, 0xc0, 0x05, 0xc0, 0x06, 0xc0, 0x07, 0x12, 0x84, 0x34, 0x12, 0xc6,
  0x4c, 0xd0, 0x07, 0xd0, 0x06, 0xd0, 0x05, 0xd0, 0x04, 0x02, 0x12, 0x21,
  0x90, 0x80, 0x27, 0xe4, 0xf0, 0x12, 0xd7, 0xf7, 0x90, 0xcb, 0x5c, 0x12,
  0x1a, 0xe9, 0x90, 0x80, 0x19, 0x74, 0x10, 0x12, 0x7c, 0x63, 0xf0, 0x90,
  0x80, 0x18, 0x74, 0x01, 0xf0, 0x90, 0x82, 0x81, 0x02, 0xf2, 0x6a, 0x90,
  0xd3, 0x2f, 0x12, 0xf7, 0xb3, 0xff, 0x64, 0x01, 0x60, 0x12, 0xef, 0x60,
  0x0f, 0x90, 0xcd, 0x73, 0xe0, 0x64, 0x02, 0x60, 0x24, 0x90, 0xd0, 0x4c,
  0xe0, 0xb4, 0x03, 0x1d, 0x90, 0xd3, 0x3f, 0x74, 0x01, 0xf0, 0x90, 0xd3,
  0x33, 0x12, 0x1a, 0xf5, 0x42, 0xc8, 0x00, 0x00, 0x90, 0xd0, 0x97, 0xe0,
  0xff, 0x74, 0x64, 0x91, 0x88, 0x74, 0x64, 0x80, 0x1a, 0xe4, 0x90, 0xd3,
  0x3f, 0xf0, 0x90, 0xd3, 0x33, 0x12, 0x1a, 0xf5, 0x42, 0xa6, 0xaa, 0xab,
  0x90, 0xd0, 0x97, 0xe0, 0xff, 0x74, 0x78, 0x91, 0x88, 0x74, 0x78, 0x8f,
  0xf0, 0x84, 0x90, 0xd3, 0x38, 0xf0, 0x90, 0xcf, 0x65, 0xe0, 0x60, 0x39,
  0x90, 0xd3, 0x38, 0xe0, 0xfb, 0x90, 0xd3, 0x2f, 0x12, 0x1a, 0x4c, 0x90,
  0xd3, 0x43, 0x12, 0x1a, 0xe9, 0x90, 0xd3, 0x33, 0x12, 0x1a, 0x4c, 0x90,
  0xd3, 0x47, 0x12, 0x1a, 0xe9, 0x90, 0xd3, 0x3f, 0xe0, 0x90, 0xd3, 0x4b,
  0xf0, 0x90, 0xd3, 0x37, 0xe0, 0xfd, 0x90, 0xc0, 0xd7, 0xe0, 0xff, 0x12,
  0xe3, 0x18, 0x90, 0xc0, 0xd7, 0xef, 0xf0, 0x80, 0x08, 0x90, 0xd3, 0x37,
  0xe0, 0x90, 0xc0, 0xd7, 0xf0, 0x90, 0xcf, 0x65, 0xe0, 0x70, 0x79, 0x90,
  0xc3, 0x34, 0xe0, 0x60, 0x04, 0x90, 0xc3, 0x77, 0xf0, 0x51, 0x22, 0xd3,
  0x9f, 0x40, 0x02, 0xef, 0xf0, 0x90, 0xc3, 0x77, 0x80, 0x21, 0x91, 0x75,
  0x12, 0x8a, 0x8b, 0x90, 0xd3, 0x3b, 0x51, 0x2f, 0x12, 0xc6, 0x4c, 0x90,
  0xc3, 0x58, 0x12, 0xbd, 0xe1, 0xd3, 0x12, 0x19, 0x73, 0x40, 0x2c, 0x51,
  0x22, 0x9f, 0x50, 0x27, 0xe0, 0x04, 0xf0, 0x12, 0xc4, 0xaa, 0x90, 0xcb,
  0x5c, 0x12, 0xc4, 0xbf, 0x12, 0xc6, 0x4c, 0x7f, 0x00, 0x7e, 0x40, 0x7d,
  0x1c, 0x7c, 0x46, 0x12, 0x86, 0x7a, 0x79, 0x80, 0x12, 0x86, 0x66, 0x90,
  0xd3, 0x3b, 0x12, 0x1a, 0xe9, 0x80, 0xbb, 0x90, 0xd3, 0x3b, 0x12, 0x1a,
  0x4c, 0x91, 0x6c, 0xfd, 0xac, 0x06, 0xf1, 0x45, 0x12, 0xc4, 0xbf, 0x90,
  0xd3, 0x33, 0x12, 0xe7, 0xce, 0x90, 0xc0, 0xd7, 0xef, 0xf0, 0x80, 0x60,
  0x90, 0xd0, 0x4c, 0xe0, 0x70, 0x25, 0x90, 0xd3, 0x38, 0xe0, 0xff, 0x90,
  0xc0, 0xd7, 0xe0, 0xb5, 0x07, 0x19, 0x90, 0xc9, 0xfa, 0x12, 0xc4, 0xaa,
  0x90, 0xcb, 0x5c, 0x12, 0xc4, 0xbf, 0x12, 0xc6, 0x4c, 0x7f, 0x00, 0x7e,
  0x40, 0x7d, 0x1c, 0x7c, 0x46, 0x80, 0x2b, 0x90, 0xd3, 0x33, 0x12, 0x1a,
  0x68, 0xc0, 0x00, 0xc0, 0x01, 0xc0, 0x02, 0xc0, 0x03, 0x90, 0xc0, 0xd7,
  0x12, 0xc4, 0xaa, 0xd0, 0x03, 0xd0, 0x02, 0xd0, 0x01, 0xd0, 0x00, 0x12,
  0x11, 0x18, 0x12, 0xc7, 0xf1, 0x12, 0x86, 0x59, 0x90, 0xd3, 0x33, 0x12,
  0x1a, 0x4c, 0x12, 0x86, 0x7a, 0x79, 0x80, 0x12, 0x86, 0x66, 0x91, 0x6c,
  0x90, 0xc0, 0xd7, 0xe0, 0x90, 0xcd, 0x66, 0xf0, 0x90, 0xc3, 0x85, 0x51,
  0x25, 0x6f, 0x60, 0x1c, 0x12, 0x8c, 0x61, 0x7d, 0x01, 0x7f, 0x4d, 0x7e,
  0x70, 0x12, 0x02, 0xba, 0x50, 0x06, 0x90, 0x70, 0x4d, 0x74, 0x01, 0xf0,
  0x90, 0xc3, 0x77, 0xe0, 0x90, 0xc3, 0x85, 0xf0, 0xe4, 0x7f, 0x64, 0xfe,
  0xfd, 0xfc, 0x90, 0xd3, 0x2f, 0x12, 0x8a, 0xda, 0x50, 0x08, 0x90, 0xcf,
  0x65, 0xe0, 0x60, 0x02, 0x80, 0x14, 0x91, 0x75, 0x90, 0xd3, 0x39, 0x12,
  0x8a, 0xf8, 0x9f, 0xec, 0x9e, 0x40, 0x07, 0xed, 0x9f, 0xff, 0xec, 0x9e,
  0xfe, 0x22, 0xe4, 0xfe, 0xff, 0x22, 0x90, 0xd0, 0x97, 0xe0, 0xff, 0x90,
  0xc3, 0x77, 0xe0, 0x22, 0x90, 0xd2, 0xe2, 0x12, 0x1a, 0x4c, 0x02, 0x18,
  0x0a, 0xf1, 0xd0, 0x90, 0xd2, 0xe2, 0x12, 0x1a, 0xe9, 0xe4, 0x90, 0xd2,
  0xea, 0xf0, 0x90, 0xd2, 0xea, 0xe0, 0xff, 0xc3, 0x94, 0x04, 0x40, 0x02,
  0x41, 0xf7, 0x90, 0xd2, 0xdf, 0x12, 0xd4, 0x31, 0xe9, 0x24, 0x34, 0x12,
  0xe7, 0xe5, 0x12, 0x90, 0x6f, 0x12, 0x15, 0x64, 0x70, 0x02, 0x41, 0xec,
  0x90, 0xd2, 0xef, 0x12, 0xd1, 0xbb, 0x12, 0xd6, 0x78, 0x51, 0xfa, 0x90,
  0xd2, 0xe6, 0x51, 0x2f, 0xc0, 0x04, 0xc0, 0x05, 0xc0, 0x06, 0xc0, 0x07,
  0x90, 0xd2, 0xef, 0x12, 0xd1, 0xbb, 0x12, 0xd6, 0x78, 0x51, 0xfa, 0x90,
  0xd2, 0xe6, 0x51, 0x2f, 0xd0, 0x03, 0xd0, 0x02, 0xd0, 0x01, 0xd0, 0x00,
  0x12, 0x18, 0x18, 0xc0, 0x04, 0xc0, 0x05, 0xc0, 0x06, 0xc0, 0x07, 0x12,
  0xd6, 0x6f, 0x51, 0xfa, 0x51, 0x2c, 0xc0, 0x04, 0xc0, 0x05, 0xc0, 0x06,
  0xc0, 0x07, 0x12, 0xd6, 0x6f, 0x51, 0xfa, 0x51, 0x2c, 0xd0, 0x03, 0xd0,
  0x02, 0xd0, 0x01, 0xd0, 0x00, 0x12, 0x18, 0x18, 0xd0, 0x03, 0xd0, 0x02,
  0xd0, 0x01, 0xd0, 0x00, 0x12, 0x17, 0xfd, 0x90, 0xd2, 0xeb, 0x12, 0x1a,
  0xe9, 0x90, 0xd2, 0xef, 0xf1, 0xd6, 0x12, 0x19, 0xde, 0x90, 0xd2, 0xeb,
  0x12, 0x8a, 0xda, 0x50, 0x0e, 0x90, 0xd2, 0xef, 0x12, 0x1b, 0x43, 0x12,
  0x8b, 0xb2, 0xff, 0x22, 0x7f, 0xff, 0x22, 0x90, 0xd2, 0xea, 0xe0, 0x04,
  0xf0, 0x41, 0x42, 0x7f, 0xff, 0x22, 0xfb, 0xaa, 0x06, 0xea, 0x33, 0x95,
  0xe0, 0xf9, 0xf8, 0x22, 0x90, 0xd2, 0xf2, 0x12, 0x1b, 0x63, 0x90, 0xd2,
  0xde, 0xe0, 0xff, 0xa3, 0xe0, 0x90, 0xd2, 0xf5, 0xcf, 0xf0, 0xa3, 0xef,
  0xf0, 0x90, 0xd2, 0xec, 0x12, 0x1b, 0x43, 0x90, 0xd2, 0xf5, 0x91, 0xaf,
  0x12, 0x90, 0xd6, 0x90, 0xd2, 0xf2, 0x12, 0x1b, 0x43, 0x12, 0xd7, 0xeb,
  0xff, 0xc3, 0x90, 0xd2, 0xf6, 0xe0, 0x9f, 0xfe, 0x90, 0xd2, 0xf5, 0xe0,
  0x95, 0xf0, 0x90, 0xd2, 0xf9, 0xf0, 0xa3, 0xce, 0xf0, 0x12, 0xd7, 0xf1,
  0xff, 0x12, 0x8f, 0x4e, 0x95, 0xf0, 0xfe, 0x90, 0xd2, 0xfb, 0xf0, 0xa3,
  0xef, 0xf0, 0x51, 0xfa, 0x90, 0xd2, 0xfb, 0x12, 0x8b, 0x06, 0x12, 0x18,
  0x18, 0xc0, 0x04, 0xc0, 0x05, 0xc0, 0x06, 0xc0, 0x07, 0x90, 0xd2, 0xf9,
  0xe0, 0xfe, 0xa3, 0xe0, 0xff, 0x51, 0xfa, 0x90, 0xd2, 0xf9, 0xa3, 0x12,
  0x8b, 0x0b, 0x12, 0x18, 0x18, 0xd0, 0x03, 0xd0, 0x02, 0xd0, 0x01, 0xd0,
  0x00, 0x02, 0x17, 0xfd, 0x12, 0x8f, 0xe8, 0x12, 0xd4, 0x34, 0xf1, 0x3d,
  0x90, 0xd2, 0xec, 0x12, 0x1b, 0x63, 0xaf, 0x05, 0x90, 0xd2, 0xe0, 0xec,
  0xf0, 0xa3, 0xef, 0xf0, 0x90, 0xd2, 0xdc, 0xe0, 0xfc, 0xa3, 0xe0, 0xfd,
  0xb1, 0xa0, 0x12, 0x90, 0x85, 0x90, 0xd2, 0xd7, 0x12, 0xd2, 0xdc, 0x90,
  0xd2, 0xf2, 0x12, 0x1b, 0x63, 0x90, 0xd2, 0xe0, 0x71, 0x0d, 0x91, 0x58,
  0x90, 0xd2, 0xd7, 0x12, 0xd2, 0xdc, 0x90, 0xd2, 0xf2, 0x12, 0x1b, 0x63,
  0x90, 0xd2, 0xe2, 0x71, 0x0d, 0x91, 0x5e, 0x12, 0x8d, 0x57, 0x90, 0xd2,
  0xe0, 0xe0, 0xfc, 0xa3, 0xe0, 0xfd, 0x12, 0x8b, 0xbd, 0xff, 0x90, 0xd2,
  0xde, 0x12, 0x90, 0x3d, 0x6f, 0x70, 0x02, 0xec, 0x6e, 0x60, 0x60, 0x12,
  0x8d, 0x57, 0x90, 0xd2, 0xde, 0xe0, 0x6e, 0x70, 0x03, 0xa3, 0xe0, 0x6f,
  0x60, 0x51, 0x90, 0xd2, 0xe8, 0x12, 0x1a, 0x4c, 0x90, 0xd2, 0xe4, 0x12,
  0x8a, 0xda, 0x50, 0x20, 0x90, 0xd2, 0xe4, 0x12, 0x1a, 0x68, 0x90, 0xd2,
  0xe8, 0x51, 0x2f, 0x91, 0x7e, 0x50, 0x34, 0x90, 0xd2, 0xd7, 0x12, 0xd2,
  0xdc, 0x71, 0x04, 0x91, 0x5e, 0x91, 0x64, 0x90, 0xd2, 0xe2, 0x80, 0x1c,
  0x90, 0xd2, 0xe8, 0x12, 0x1a, 0x68, 0x90, 0xd2, 0xe4, 0x51, 0x2f, 0x91,
  0x7e, 0x50, 0x14, 0x90, 0xd2, 0xd7, 0x12, 0xd2, 0xdc, 0x71, 0x04, 0x91,
  0x58, 0x91, 0x64, 0xa3, 0xcf, 0xf0, 0xa3, 0xef, 0xf0, 0x80, 0x84, 0x90,
  0xd2, 0xde, 0xe0, 0xfe, 0xa3, 0xe0, 0xff, 0x22, 0x90, 0xd2, 0xe4, 0x02,
  0x1a, 0xe9, 0x90, 0xd2, 0xe8, 0x02, 0x1a, 0xe9, 0x90, 0xd2, 0xde, 0xe0,
  0xff, 0xa3, 0xe0, 0x22, 0x90, 0xd3, 0x39, 0xee, 0xf0, 0xa3, 0xef, 0xf0,
  0x22, 0x90, 0xcb, 0x56, 0xe0, 0xfe, 0xa3, 0xe0, 0xff, 0x22, 0xe4, 0x7b,
  0x0a, 0xfa, 0xf9, 0xf8, 0xd3, 0x02, 0x19, 0x73, 0x8f, 0xf0, 0x84, 0x90,
  0xd3, 0x37, 0xf0, 0x90, 0xc9, 0xfa, 0xe0, 0xff, 0x22, 0x90, 0xcb, 0x57,
  0xe0, 0x2f, 0xfd, 0x90, 0xcb, 0x56, 0xe0, 0x3e, 0xfc, 0xf1, 0x45, 0x02,
  0xc4, 0xbf, 0x90, 0xd2, 0xd4, 0x12, 0x1b, 0x43, 0x90, 0xd2, 0xce, 0xe0,
  0xfc, 0xa3, 0xe0, 0xfd, 0x90, 0xd2, 0xfd, 0x12, 0x1b, 0x63, 0x90, 0xd2,
  0xfd, 0x12, 0xd1, 0xbb, 0x12, 0x16, 0xf4, 0x2d, 0xff, 0xec, 0x35, 0xf0,
  0xfe, 0xe4, 0xfc, 0xfd, 0xc0, 0x04, 0xc0, 0x05, 0xc0, 0x06, 0xc0, 0x07,
  0x90, 0xd2, 0xfd, 0x12, 0x8e, 0xcd, 0xd0, 0x03, 0xd0, 0x02, 0xd0, 0x01,
  0xd0, 0x00, 0x12, 0x0c, 0xfd, 0x90, 0xd2, 0xfd, 0xf1, 0x4d, 0x02, 0x8f,
  0x98, 0x12, 0xd7, 0xc4, 0x12, 0xd4, 0x2e, 0x90, 0x00, 0x6c, 0x12, 0x16,
  0xf4, 0xff, 0x90, 0xd2, 0xd0, 0x12, 0x83, 0x73, 0x90, 0x00, 0x6e, 0x12,
  0x16, 0xf4, 0xff, 0x90, 0xd2, 0xd2, 0x12, 0x83, 0x73, 0xf1, 0x3d, 0xa3,
  0x12, 0x1b, 0x63, 0x12, 0xd6, 0x60, 0x12, 0x16, 0xc9, 0xfd, 0xac, 0xf0,
  0x4c, 0x60, 0x6a, 0x90, 0xd2, 0xcb, 0x12, 0x8b, 0xa0, 0xff, 0x90, 0xd2,
  0xdc, 0x12, 0x83, 0x73, 0x90, 0xd2, 0xc5, 0x12, 0x1b, 0x43, 0x71, 0x88,
  0x90, 0xd2, 0xce, 0x12, 0x8a, 0xff, 0xb1, 0x99, 0x9f, 0xec, 0x9e, 0x50,
  0x13, 0x12, 0xd6, 0x60, 0xec, 0x8d, 0xf0, 0x12, 0x17, 0xb1, 0x12, 0x8f,
  0xcc, 0x90, 0xd2, 0xd0, 0x91, 0xaf, 0x80, 0x30, 0x91, 0xa6, 0x90, 0xd2,
  0xd2, 0xb1, 0x99, 0x9f, 0xec, 0x9e, 0x50, 0x15, 0xa3, 0x12, 0x1b, 0x43,
  0xb1, 0xa0, 0x90, 0xd2, 0xc8, 0xb1, 0x8a, 0x90, 0xd2, 0xd2, 0xe0, 0xfe,
  0xa3, 0xe0, 0xff, 0x80, 0x0f, 0x90, 0xd2, 0xce, 0xe0, 0xfe, 0xa3, 0xe0,
  0xff, 0x90, 0xd2, 0xc8, 0xb1, 0x8a, 0x91, 0xa6, 0x90, 0xd2, 0xcb, 0xb1,
  0x8a, 0x22, 0x12, 0x1b, 0x43, 0xee, 0x8f, 0xf0, 0x02, 0x17, 0xb1, 0xe0,
  0x9e, 0xfe, 0x90, 0xd2, 0xd5, 0xe0, 0xfc, 0xa3, 0xe0, 0xfd, 0xc3, 0x22,
  0x12, 0x90, 0x6f, 0x90, 0xd2, 0xef, 0xf1, 0x4d, 0xff, 0xc3, 0xed, 0x9f,
  0xff, 0xec, 0x95, 0xf0, 0xfe, 0xe4, 0xfc, 0xfd, 0xc0, 0x04, 0xc0, 0x05,
  0xc0, 0x06, 0xc0, 0x07, 0x90, 0xd2, 0xef, 0x12, 0x8e, 0xcd, 0xd0, 0x03,
  0xd0, 0x02, 0xd0, 0x01, 0xd0, 0x00, 0x12, 0x0c, 0xfd, 0x90, 0xd2, 0xef,
  0x12, 0xd1, 0xbb, 0x12, 0x16, 0xf4, 0x02, 0x90, 0x65, 0x90, 0xd2, 0xd3,
  0xec, 0xf0, 0xa3, 0x12, 0x8b, 0x43, 0xef, 0x60, 0x0f, 0x90, 0xd4, 0x43,
  0x74, 0x0c, 0xf0, 0xe4, 0xa3, 0x12, 0x7c, 0x61, 0x12, 0x7c, 0x63, 0xf0,
  0x90, 0xd2, 0xd3, 0xe0, 0x70, 0x02, 0xa3, 0xe0, 0x60, 0x0a, 0x90, 0xd2,
  0xd5, 0xe0, 0x70, 0x02, 0xa3, 0xe0, 0x70, 0x03, 0x7f, 0x00, 0x22, 0x90,
  0xd2, 0xd3, 0x12, 0x83, 0x8c, 0x90, 0xd4, 0x49, 0xe0, 0x9f, 0xff, 0x90,
  0xd4, 0x48, 0xb1, 0x93, 0x90, 0xd4, 0x4b, 0xe0, 0x9d, 0xfd, 0x90, 0xd4,
  0x4a, 0xf1, 0x60, 0x40, 0x06, 0xaa, 0x06, 0xab, 0x07, 0x80, 0x02, 0xf1,
  0x2b, 0xf1, 0x6d, 0x40, 0x06, 0xaa, 0x04, 0xab, 0x05, 0x80, 0x02, 0xf1,
  0x23, 0xac, 0x02, 0xad, 0x03, 0xc3, 0xef, 0x94, 0x10, 0xee, 0x64, 0x80,
  0x94, 0x80, 0x50, 0x31, 0xc3, 0xed, 0x94, 0x10, 0xec, 0x64, 0x80, 0x94,
  0x80, 0x50, 0x26, 0xf1, 0x56, 0x50, 0x0d, 0xf1, 0x33, 0x50, 0x09, 0x90,
  0xd4, 0x43, 0xe0, 0x24, 0xfe, 0xf0, 0x80, 0x06, 0x90, 0xd4, 0x43, 0xe0,
  0x14, 0xf0, 0x90, 0xd4, 0x43, 0xe0, 0xc3, 0x64, 0x80, 0x94, 0x80, 0x50,
  0x78, 0xe4, 0xf0, 0x80, 0x74, 0x90, 0xd2, 0xd3, 0x12, 0x83, 0x8c, 0x90,
  0xd4, 0x45, 0xe0, 0x9f, 0xff, 0x90, 0xd4, 0x44, 0xb1, 0x93, 0x90, 0xd4,
  0x47, 0xe0, 0x9d, 0xfd, 0x90, 0xd4, 0x46, 0xf1, 0x60, 0x40, 0x06, 0xaa,
  0x06, 0xab, 0x07, 0x80, 0x02, 0xf1, 0x2b, 0xf1, 0x6d, 0x40, 0x06, 0xaa,
  0x04, 0xab, 0x05, 0x80, 0x02, 0xf1, 0x23, 0xac, 0x02, 0xad, 0x03, 0x90,
  0xd2, 0xd3, 0xe0, 0xfb, 0xa3, 0xe0, 0x90, 0xd4, 0x44, 0xcb, 0xf0, 0xa3,
  0xeb, 0xf0, 0x90, 0xd2, 0xd5, 0xe0, 0xfb, 0xa3, 0xe0, 0x90, 0xd4, 0x46,
  0xcb, 0xf0, 0xa3, 0xeb, 0xf0, 0xf1, 0x56, 0x50, 0x0d, 0xf1, 0x33, 0x50,
  0x09, 0x90, 0xd4, 0x43, 0xe0, 0x24, 0x03, 0xf0, 0x80, 0x06, 0x90, 0xd4,
  0x43, 0xe0, 0x04, 0xf0, 0xf1, 0x1b, 0x94, 0x8c, 0x40, 0x03, 0x74, 0x0c,
  0xf0, 0xf1, 0x1b, 0x94, 0x86, 0x40, 0x21, 0x90, 0xd2, 0xd3, 0xe0, 0xff,
  0xa3, 0xe0, 0x90, 0xd4, 0x48, 0xcf, 0xf0, 0xa3, 0xef, 0xf0, 0x90, 0xd2,
  0xd5, 0xe0, 0xff, 0xa3, 0xe0, 0x90, 0xd4, 0x4a, 0xcf, 0xf0, 0xa3, 0xef,
  0xf0, 0x7f, 0x01, 0x22, 0x7f, 0x00, 0x22, 0x90, 0xd4, 0x43, 0xe0, 0xd3,
  0x64, 0x80, 0x22, 0xc3, 0xe4, 0x9d, 0xfb, 0xe4, 0x9c, 0xfa, 0x22, 0xc3,
  0xe4, 0x9f, 0xfb, 0xe4, 0x9e, 0xfa, 0x22, 0xc3, 0xed, 0x94, 0x08, 0xec,
  0x64, 0x80, 0x94, 0x80, 0x22, 0xe9, 0x24, 0x04, 0xf9, 0xe4, 0x3a, 0xfa,
  0x22, 0xe4, 0x12, 0x13, 0x3c, 0x90, 0xcb, 0x5c, 0x22, 0x12, 0x1b, 0x43,
  0x90, 0x00, 0x06, 0x02, 0x16, 0xf4, 0xc3, 0xef, 0x94, 0x08, 0xee, 0x64,
  0x80, 0x94, 0x80, 0x22, 0xe0, 0x9c, 0xfc, 0xd3, 0xef, 0x94, 0x00, 0xee,
  0x64, 0x80, 0x94, 0x80, 0x22, 0xae, 0x02, 0xaf, 0x03, 0xd3, 0xed, 0x94,
  0x00, 0xec, 0x64, 0x80, 0x94, 0x80, 0x22, 0x12, 0x90, 0x55, 0x12, 0xf7,
  0x66, 0x90, 0xd2, 0xc3, 0xb1, 0x8a, 0xf1, 0xeb, 0x90, 0xd2, 0xc6, 0xb1,
  0x8a, 0xf1, 0xe4, 0x90, 0xd2, 0xc9, 0x12, 0x1b, 0x43, 0xee, 0x8f, 0xf0,
  0x02, 0x17, 0xb1, 0x90, 0xd2, 0xee, 0x12, 0x1b, 0x63, 0x90, 0xd2, 0xee,
  0x12, 0x7f, 0xaf, 0x60, 0x08, 0x90, 0xd2, 0xf1, 0x12, 0x7f, 0xaf, 0x70,
  0x03, 0x7f, 0x01, 0x22, 0x90, 0xd4, 0x4c, 0xe0, 0x70, 0x03, 0x7f, 0x01,
  0x22, 0x12, 0xf4, 0xc7, 0x90, 0xd2, 0xee, 0xb1, 0x8a, 0x90, 0xd4, 0xbf,
  0x12, 0x90, 0xdf, 0xb1, 0x8a, 0x7f, 0x00, 0x22, 0x90, 0xd2, 0xdf, 0x02,
  0x1b, 0x63, 0x12, 0x1b, 0x43, 0x90, 0x00, 0x06, 0x22, 0xe0, 0xfc, 0xa3,
  0xe0, 0xfd, 0xe4, 0x22, 0x7f, 0x7e, 0x7e, 0x82, 0x02, 0x02, 0x38, 0x7f,
  0x7c, 0x7e, 0x82, 0x02, 0x02, 0x38, 0x90, 0xd0, 0x4c, 0xe0, 0xfb, 0xb4,
  0x03, 0x1c, 0x90, 0xcd, 0x73, 0xe0, 0x90, 0xd2, 0xd0, 0xb4, 0x02, 0x09,
  0x12, 0x1a, 0xf5, 0x42, 0xa6, 0xaa, 0xab, 0x80, 0x2e, 0x12, 0x1a, 0xf5,
  0x42, 0xc8, 0x00, 0x00, 0x80, 0x25, 0xeb, 0xb4, 0x01, 0x0c, 0x90, 0xd2,
  0xd0, 0x12, 0x1a, 0xf5, 0x42, 0xc8, 0x00, 0x00, 0x80, 0x15, 0x90, 0xd0,
  0x4c, 0xe0, 0xb4, 0x02, 0x0c, 0x90, 0xd2, 0xd0, 0x12, 0x1a, 0xf5, 0x42,
  0xa6, 0xaa, 0xab, 0x80, 0x02, 0x11, 0x5b, 0x90, 0xcb, 0x5a, 0xe0, 0x30,
  0xe6, 0x02, 0x11, 0x5b, 0x90, 0xc3, 0x78, 0x12, 0xdf, 0xdd, 0x12, 0x13,
  0x3c, 0x90, 0xd2, 0xd0, 0x12, 0xc4, 0xbf, 0xb1, 0xec, 0x90, 0xcb, 0x73,
  0x02, 0x1a, 0xe9, 0x90, 0xcb, 0x5c, 0x12, 0x1a, 0x4c, 0x90, 0xd2, 0xd0,
  0x02, 0x1a, 0xe9, 0x12, 0xd7, 0xc4, 0x90, 0xd2, 0xcc, 0x12, 0x1a, 0xf5,
  0x00, 0x00, 0x00, 0x00, 0x90, 0xd2, 0xd0, 0x12, 0x1a, 0xf5, 0x00, 0x00,
  0x00, 0x00, 0x90, 0xd2, 0xd4, 0x12, 0x1a, 0xf5, 0x00, 0x00, 0x00, 0x00,
  0x12, 0xd2, 0xd9, 0x12, 0x1b, 0x6c, 0x90, 0xd2, 0xd8, 0x12, 0x1b, 0x63,
  0x12, 0xd2, 0xd9, 0x90, 0x00, 0x03, 0x12, 0x1b, 0xdb, 0x90, 0xd2, 0xdb,
  0x12, 0x1b, 0x63, 0x12, 0xd2, 0xd9, 0xb1, 0xe4, 0x90, 0xd2, 0xde, 0x12,
  0x1b, 0x63, 0x12, 0xd2, 0xd9, 0xb1, 0xdc, 0x90, 0xd2, 0xe1, 0x12, 0xd7,
  0xe0, 0xe4, 0x90, 0xd2, 0xca, 0xf0, 0xa3, 0xf0, 0x90, 0xd2, 0xca, 0x12,
  0x83, 0x8c, 0xf1, 0xb8, 0x40, 0x02, 0x21, 0x66, 0x12, 0xd4, 0x2e, 0xe9,
  0x24, 0x98, 0xf9, 0xe4, 0x3a, 0xfa, 0x90, 0xd2, 0xc8, 0x12, 0x8e, 0x95,
  0xfd, 0x90, 0xd2, 0xe1, 0x51, 0x30, 0x12, 0x15, 0x7d, 0x6d, 0x70, 0x77,
  0x51, 0x38, 0xc0, 0x00, 0xc0, 0x01, 0xc0, 0x02, 0xc0, 0x03, 0x51, 0x20,
  0x12, 0xd6, 0x78, 0xe4, 0xfc, 0xfd, 0xd0, 0x03, 0xd0, 0x02, 0xd0, 0x01,
  0xd0, 0x00, 0x12, 0x17, 0xfd, 0x90, 0xd2, 0xd4, 0x12, 0x1a, 0xe9, 0x90,
  0xd2, 0xcc, 0x12, 0x1a, 0x68, 0xc0, 0x00, 0xc0, 0x01, 0xc0, 0x02, 0xc0,
  0x03, 0x51, 0x20, 0x12, 0xd6, 0x78, 0x90, 0xd2, 0xd8, 0x12, 0x8b, 0xa0,
  0x71, 0x07, 0xd0, 0x03, 0xd0, 0x02, 0xd0, 0x01, 0xd0, 0x00, 0x12, 0x17,
  0xfd, 0x90, 0xd2, 0xcc, 0x12, 0x1a, 0xe9, 0x90, 0xd2, 0xd0, 0x12, 0x1a,
  0x68, 0xc0, 0x00, 0xc0, 0x01, 0xc0, 0x02, 0xc0, 0x03, 0x51, 0x20, 0x12,
  0xd6, 0x78, 0x90, 0xd2, 0xdb, 0x12, 0x8b, 0xa0, 0x71, 0x07, 0xd0, 0x03,
  0xd0, 0x02, 0xd0, 0x01, 0xd0, 0x00, 0x12, 0x17, 0xfd, 0x11, 0x61, 0x90,
  0xd2, 0xca, 0x51, 0x44, 0x01, 0xc0, 0x90, 0xd4, 0x42, 0xe0, 0xff, 0xc3,
  0x90, 0xd2, 0xc9, 0xe0, 0x9f, 0x74, 0x80, 0xf8, 0x90, 0xd2, 0xc8, 0xe0,
  0x64, 0x80, 0x98, 0x50, 0x0a, 0x7f, 0x9a, 0x7e, 0x99, 0x7d, 0x99, 0x7c,
  0x3f, 0x80, 0x03, 0x12, 0xc6, 0x21, 0x12, 0xdc, 0x58, 0x12, 0xd4, 0x2e,
  0xe9, 0x24, 0xb7, 0xf9, 0xe4, 0x3a, 0xfa, 0x12, 0xd7, 0xb7, 0xfe, 0x12,
  0x8d, 0x21, 0x12, 0x16, 0xc9, 0x12, 0x8e, 0xda, 0x90, 0xd2, 0xe4, 0x12,
  0xc4, 0xbf, 0xc0, 0x04, 0xc0, 0x05, 0xc0, 0x06, 0xc0, 0x07, 0x90, 0xd2,
  0xd4, 0x12, 0x84, 0x37, 0x12, 0xc6, 0x4c, 0xd0, 0x07, 0xd0, 0x06, 0xd0,
  0x05, 0xd0, 0x04, 0x12, 0x12, 0xbe, 0x40, 0x33, 0x90, 0xd2, 0xc8, 0xa3,
  0xe0, 0x90, 0xd4, 0x42, 0xf0, 0x51, 0x38, 0x90, 0xd2, 0xcc, 0x12, 0x1a,
  0x4c, 0x12, 0x18, 0xa3, 0x12, 0xd2, 0xd9, 0x90, 0x01, 0x32, 0x12, 0x8a,
  0xef, 0x51, 0x38, 0x90, 0xd2, 0xd0, 0x12, 0x1a, 0x4c, 0x12, 0x18, 0xa3,
  0x12, 0xd2, 0xd9, 0x90, 0x01, 0x34, 0xee, 0x8f, 0xf0, 0x80, 0x22, 0x51,
  0x41, 0x90, 0xd2, 0xc8, 0xe0, 0x70, 0x04, 0xa3, 0xe0, 0x64, 0x03, 0x60,
  0x02, 0x01, 0xb9, 0x12, 0xd2, 0xd9, 0x90, 0x01, 0x34, 0xe4, 0xf5, 0xf0,
  0x12, 0xd2, 0xd6, 0x90, 0x01, 0x32, 0xe4, 0xf5, 0xf0, 0x02, 0x17, 0xd0,
  0x90, 0xd2, 0xcb, 0xe0, 0x25, 0xe0, 0xff, 0x90, 0xd2, 0xca, 0xe0, 0x33,
  0xfe, 0x90, 0xd2, 0xde, 0x12, 0x1b, 0x43, 0x8f, 0x82, 0x8e, 0x83, 0x22,
  0x90, 0xd2, 0xd4, 0x02, 0x1a, 0x68, 0x12, 0x17, 0xb1, 0x90, 0xd2, 0xc8,
  0xe4, 0x75, 0xf0, 0x01, 0x02, 0x16, 0x9d, 0x12, 0xd7, 0xc4, 0x12, 0xd2,
  0xdf, 0xb1, 0xe4, 0x90, 0xd2, 0xca, 0x12, 0x1b, 0x63, 0x12, 0xd2, 0xd9,
  0xb1, 0xdc, 0x90, 0xd2, 0xcd, 0x12, 0xd7, 0xe0, 0x12, 0xd2, 0xd9, 0x12,
  0x1b, 0x6c, 0x12, 0xd7, 0xb7, 0xfe, 0x8f, 0x82, 0xf5, 0x83, 0x12, 0x16,
  0xf4, 0xfd, 0xac, 0xf0, 0x12, 0xd2, 0xd9, 0x90, 0x00, 0x03, 0x12, 0x1b,
  0xdb, 0x8f, 0x82, 0x8e, 0x83, 0x12, 0x16, 0xf4, 0xff, 0x90, 0xd2, 0xd5,
  0x12, 0x83, 0x73, 0x90, 0xd2, 0xc5, 0x12, 0x1b, 0x43, 0xd1, 0x6e, 0x90,
  0xd2, 0xcd, 0x12, 0x1b, 0x43, 0x90, 0xd2, 0xc8, 0x12, 0x8c, 0x22, 0xef,
  0x12, 0x15, 0xde, 0xed, 0x25, 0xe0, 0xff, 0xec, 0x33, 0xfe, 0x90, 0xd2,
  0xca, 0x12, 0x8d, 0x1e, 0xc0, 0x03, 0xc0, 0x02, 0xc0, 0x01, 0xf1, 0xa9,
  0x90, 0xd2, 0xcd, 0x12, 0x8d, 0x69, 0xfd, 0x7c, 0x00, 0x12, 0x16, 0x00,
  0xd0, 0x01, 0xd0, 0x02, 0xd0, 0x03, 0xee, 0x8f, 0xf0, 0x51, 0x3e, 0xc3,
  0x90, 0xd2, 0xc9, 0xe0, 0x94, 0x64, 0x90, 0xd2, 0xc8, 0xe0, 0x64, 0x80,
  0x94, 0x80, 0x40, 0x80, 0x12, 0xd7, 0xe3, 0x51, 0x41, 0x90, 0xd2, 0xc8,
  0xe0, 0x70, 0x04, 0xa3, 0xe0, 0x64, 0x64, 0x70, 0xf2, 0x12, 0xd7, 0xe3,
  0x51, 0x41, 0x90, 0xd2, 0xc8, 0xe0, 0x70, 0x04, 0xa3, 0xe0, 0x64, 0x64,
  0x70, 0xf2, 0x22, 0xfd, 0x90, 0xd2, 0xcb, 0xe0, 0x2d, 0xfd, 0x90, 0xd2,
  0xca, 0xe0, 0x35, 0xf0, 0xfc, 0x02, 0x1c, 0xf1, 0x90, 0xd3, 0x40, 0xef,
  0xf0, 0xa3, 0xed, 0xf0, 0xa3, 0xeb, 0xf0, 0xe4, 0x90, 0xd3, 0x59, 0xf0,
  0x90, 0xd3, 0x4b, 0xe0, 0x7b, 0x01, 0xb4, 0x01, 0x06, 0x7a, 0xc0, 0x79,
  0xc5, 0x80, 0x04, 0x7a, 0xc0, 0x79, 0xcb, 0x90, 0xd3, 0x53, 0x12, 0x1b,
  0x63, 0x91, 0x9c, 0x90, 0xd3, 0x50, 0x12, 0x1b, 0x63, 0x91, 0xa2, 0xff,
  0x90, 0xd3, 0x42, 0xe0, 0xfe, 0xef, 0xc3, 0x9e, 0x40, 0x02, 0x61, 0xf4,
  0x91, 0x9c, 0xe9, 0x24, 0x05, 0xf9, 0xe4, 0x3a, 0xfa, 0xc0, 0x03, 0xc0,
  0x02, 0xc0, 0x01, 0xb1, 0xc8, 0xd0, 0x82, 0xd0, 0x83, 0xd0, 0xe0, 0xe9,
  0x95, 0x82, 0xea, 0x95, 0x83, 0x50, 0x7d, 0x90, 0xce, 0x79, 0xe0, 0x70,
  0x1b, 0x91, 0x9c, 0xae, 0x02, 0xaf, 0x01, 0xb1, 0xc8, 0xe9, 0x9f, 0xff,
  0xea, 0x9e, 0xb1, 0xb8, 0x74, 0xf0, 0x2f, 0xf5, 0x82, 0x74, 0xc9, 0x3e,
  0xf5, 0x83, 0x80, 0x03, 0x90, 0xc3, 0x78, 0xe0, 0xff, 0xa3, 0xe0, 0x90,
  0xd3, 0x57, 0xcf, 0xf0, 0xa3, 0xef, 0xf0, 0x91, 0xa2, 0xfc, 0xe4, 0x12,
  0x13, 0x41, 0x90, 0xd3, 0x47, 0x12, 0xc4, 0xbf, 0xc0, 0x04, 0xc0, 0x05,
  0xc0, 0x06, 0xc0, 0x07, 0x90, 0xd3, 0x57, 0x12, 0xdf, 0xdd, 0x12, 0x13,
  0x3c, 0xd0, 0x03, 0xd0, 0x02, 0xd0, 0x01, 0xd0, 0x00, 0x12, 0x11, 0x18,
  0xe4, 0xfb, 0xfa, 0x79, 0x80, 0x78, 0x41, 0xf1, 0xd1, 0x90, 0xd3, 0x4c,
  0x12, 0x1a, 0xe9, 0x90, 0xd3, 0x4c, 0x12, 0x1a, 0x4c, 0x90, 0xd3, 0x43,
  0x12, 0x8a, 0xda, 0x40, 0x07, 0x90, 0xd3, 0x51, 0x51, 0x44, 0x61, 0x49,
  0x91, 0xa2, 0xff, 0x7e, 0x00, 0x90, 0xd3, 0x41, 0xb1, 0xd0, 0x90, 0xd3,
  0x56, 0xef, 0xf0, 0x90, 0xd3, 0x40, 0xe0, 0xff, 0x7e, 0x00, 0xa3, 0xb1,
  0xd0, 0x90, 0xd3, 0x40, 0xef, 0xf0, 0x90, 0xd3, 0x56, 0xe0, 0xc3, 0x9f,
  0x50, 0x25, 0x90, 0xd3, 0x4c, 0x12, 0x84, 0x37, 0x7b, 0x33, 0x7a, 0x33,
  0x79, 0x73, 0x78, 0x3f, 0x12, 0x85, 0xcb, 0x90, 0xd3, 0x43, 0x12, 0x1a,
  0x68, 0xd3, 0x12, 0x19, 0x73, 0x40, 0x08, 0x90, 0xd3, 0x40, 0xe0, 0x90,
  0xd3, 0x56, 0xf0, 0x90, 0xd3, 0x41, 0xe0, 0xff, 0x90, 0xd3, 0x56, 0xe0,
  0xfe, 0xb5, 0x07, 0x05, 0x90, 0xd0, 0x97, 0x80, 0x36, 0x90, 0xd3, 0x42,
  0xe0, 0xb5, 0x06, 0x05, 0x90, 0xc9, 0xfa, 0x80, 0x2a, 0xe4, 0x90, 0xd3,
  0x59, 0xf0, 0x90, 0xd3, 0x59, 0xe0, 0xff, 0xc3, 0x94, 0x06, 0x50, 0x2a,
  0x90, 0xd3, 0x53, 0x12, 0x8f, 0x40, 0x12, 0x15, 0x64, 0xfe, 0x90, 0xd3,
  0x56, 0xe0, 0xb5, 0x06, 0x11, 0x74, 0xd1, 0x2f, 0xf5, 0x82, 0xe4, 0x34,
  0xc0, 0xf5, 0x83, 0xe0, 0x90, 0xc3, 0x77, 0xf0, 0x80, 0x08, 0x90, 0xd3,
  0x59, 0xe0, 0x04, 0xf0, 0x80, 0xcc, 0x90, 0xd3, 0x56, 0xe0, 0xff, 0x22,
  0x90, 0xd3, 0x53, 0x02, 0x1b, 0x43, 0x90, 0xd3, 0x50, 0x12, 0x1b, 0x43,
  0x02, 0x15, 0x64, 0x12, 0xf4, 0x85, 0x90, 0xd2, 0xf1, 0x91, 0xa5, 0x70,
  0x02, 0xa1, 0x55, 0x12, 0x8b, 0xb2, 0x90, 0x82, 0x59, 0xb1, 0xc1, 0x90,
  0x82, 0x58, 0xf0, 0x90, 0x00, 0x03, 0x12, 0x15, 0x7d, 0x90, 0x82, 0x41,
  0xf0, 0x90, 0x00, 0x04, 0x12, 0x15, 0x7d, 0x90, 0x82, 0x40, 0xf0, 0x90,
  0x00, 0x05, 0x12, 0x15, 0x7d, 0x90, 0x82, 0x43, 0xf0, 0x12, 0x8e, 0x2c,
  0x90, 0x82, 0x42, 0xf0, 0x90, 0x00, 0x07, 0x12, 0x15, 0x7d, 0x90, 0x82,
  0x45, 0xf0, 0x12, 0x8b, 0xac, 0x90, 0x82, 0x44, 0xf0, 0x90, 0x82, 0x2c,
  0xe4, 0xb1, 0xa7, 0xce, 0xc3, 0x13, 0xce, 0x13, 0xd8, 0xf9, 0xff, 0x90,
  0x82, 0x22, 0xee, 0xf0, 0xa3, 0xef, 0xf0, 0x90, 0x00, 0x0b, 0xb1, 0xab,
  0xce, 0xc3, 0x13, 0xce, 0x13, 0xd8, 0xf9, 0xff, 0x90, 0x82, 0x26, 0xee,
  0xf0, 0xa3, 0xef, 0xf0, 0x90, 0x00, 0x0d, 0xb1, 0xab, 0xce, 0xc3, 0x13,
  0xce, 0x13, 0xd8, 0xf9, 0xff, 0x90, 0x82, 0x24, 0xee, 0xf0, 0xa3, 0xef,
  0xf0, 0x90, 0x00, 0x0f, 0xb1, 0xab, 0xce, 0xc3, 0x13, 0xce, 0x13, 0xd8,
  0xf9, 0xff, 0x90, 0x82, 0x28, 0xee, 0xf0, 0xa3, 0xef, 0xf0, 0x90, 0x82,
  0x5e, 0xe0, 0x44, 0x08, 0xf0, 0x90, 0xd2, 0xf4, 0x91, 0xa5, 0x60, 0x48,
  0x12, 0x8b, 0xb2, 0x90, 0x82, 0x3f, 0xb1, 0xc1, 0x90, 0x82, 0x3e, 0xf0,
  0x90, 0x00, 0x03, 0xb1, 0xab, 0xce, 0xc3, 0x13, 0xce, 0x13, 0xd8, 0xf9,
  0x90, 0x82, 0x3b, 0xf0, 0x90, 0x00, 0x05, 0xb1, 0xab, 0xce, 0xc3, 0x13,
  0xce, 0x13, 0xd8, 0xf9, 0x90, 0x82, 0x3a, 0xf0, 0x90, 0x00, 0x07, 0xb1,
  0xab, 0xce, 0xc3, 0x13, 0xce, 0x13, 0xd8, 0xf9, 0x90, 0x82, 0x3d, 0xb1,
  0xa7, 0xce, 0xc3, 0x13, 0xce, 0x13, 0xd8, 0xf9, 0x90, 0x82, 0x3c, 0xf0,
  0x7f, 0x00, 0x22, 0xf0, 0x90, 0x00, 0x09, 0x12, 0x16, 0xf4, 0xae, 0xf0,
  0x78, 0x03, 0x22, 0x24, 0x01, 0xff, 0xe4, 0x33, 0xfe, 0xef, 0x25, 0xe0,
  0xff, 0xee, 0x33, 0xfe, 0x22, 0xf0, 0x90, 0x00, 0x02, 0x02, 0x15, 0x7d,
  0x90, 0xd3, 0x50, 0x12, 0x1b, 0x43, 0xc3, 0x22, 0xe0, 0xfd, 0x7c, 0x00,
  0xa3, 0xe0, 0xfb, 0x7a, 0x00, 0x02, 0x02, 0x65, 0xe9, 0x24, 0x06, 0xf9,
  0xe4, 0x3a, 0xfa, 0x22, 0xe9, 0x24, 0x6a, 0xf9, 0xe4, 0x3a, 0xfa, 0x22,
  0xe4, 0xfb, 0xfa, 0x79, 0x80, 0x78, 0x41, 0x02, 0x12, 0x21, 0x7b, 0x01,
  0x7a, 0xc9, 0x79, 0xbe, 0x90, 0xd2, 0xb9, 0x12, 0x1b, 0x63, 0xd1, 0x34,
  0x90, 0xd2, 0xb9, 0x12, 0x8b, 0xa0, 0xff, 0xae, 0xf0, 0x4e, 0x60, 0x0f,
  0x12, 0x8a, 0x9e, 0xfd, 0xac, 0xf0, 0x12, 0x8b, 0x7a, 0xfb, 0xaa, 0xf0,
  0x12, 0xc8, 0xbe, 0x90, 0xd2, 0xb9, 0x12, 0x1b, 0x43, 0xf1, 0xb0, 0x81,
  0xab, 0x90, 0xd4, 0x5a, 0xe0, 0x60, 0x02, 0x80, 0xc5, 0x02, 0xbe, 0x12,
  0x90, 0xd2, 0xbc, 0x12, 0x1b, 0x63, 0x90, 0xd2, 0xbc, 0x12, 0x1b, 0x43,
  0x90, 0xd2, 0xc2, 0x12, 0x1b, 0x63, 0xf1, 0xa2, 0x12, 0xd5, 0xe8, 0xef,
  0x4e, 0x70, 0x1e, 0x90, 0xd2, 0xbc, 0x12, 0xdf, 0xd6, 0x12, 0xd6, 0x78,
  0x4e, 0x60, 0x12, 0x90, 0xd4, 0xc1, 0xee, 0xf0, 0xa3, 0xef, 0xf0, 0x12,
  0x8a, 0x95, 0xff, 0x90, 0xd4, 0xbf, 0x12, 0x83, 0x73, 0x22, 0x90, 0xd2,
  0xd0, 0x12, 0x1b, 0x63, 0x90, 0xd2, 0xd3, 0xec, 0xf0, 0xa3, 0xed, 0xf0,
  0xa3, 0xe0, 0xff, 0xa3, 0xe0, 0x90, 0xd2, 0xdd, 0xcf, 0xf0, 0xa3, 0xef,
  0xf0, 0xd1, 0xec, 0xd1, 0xe5, 0x40, 0x01, 0x22, 0xe4, 0x90, 0xd2, 0xd7,
  0xf0, 0x90, 0xd2, 0xd0, 0x12, 0x1b, 0x43, 0x90, 0xd2, 0xd3, 0x12, 0xbd,
  0xe1, 0xc0, 0x04, 0xc0, 0x05, 0xc0, 0x06, 0xc0, 0x07, 0x12, 0x8d, 0x92,
  0xe4, 0x90, 0xd2, 0xdf, 0x12, 0x1a, 0xe9, 0xd0, 0x07, 0xd0, 0x06, 0xd0,
  0x05, 0xd0, 0x04, 0x12, 0xd6, 0x7f, 0xef, 0x60, 0x19, 0x90, 0xd2, 0xd0,
  0x12, 0xd4, 0x31, 0xe9, 0x24, 0x98, 0x12, 0x8d, 0xd9, 0xe0, 0x7e, 0x00,
  0x29, 0xf9, 0xee, 0x3a, 0xfa, 0x12, 0x15, 0x64, 0xff, 0x22, 0x90, 0xd2,
  0xd7, 0x12, 0x91, 0x67, 0x40, 0xb3, 0x7f, 0x00, 0x22, 0xc3, 0xef, 0x64,
  0x80, 0x94, 0x80, 0x22, 0x90, 0xd2, 0xd8, 0x12, 0x1b, 0x63, 0x90, 0xd2,
  0xdb, 0xec, 0xf0, 0xa3, 0xed, 0xf0, 0x12, 0x8a, 0x53, 0xf1, 0x35, 0xd1,
  0xe5, 0x40, 0x01, 0x22, 0x90, 0xd2, 0xd8, 0x12, 0x1b, 0x43, 0x90, 0xd2,
  0xdb, 0x12, 0xbd, 0xe1, 0xc0, 0x04, 0xc0, 0x05, 0xc0, 0x06, 0xc0, 0x07,
  0x12, 0x8d, 0x92, 0xe4, 0x90, 0xd2, 0xe6, 0x12, 0x1a, 0xe9, 0xd0, 0x07,
  0xd0, 0x06, 0xd0, 0x05, 0xd0, 0x04, 0x12, 0xda, 0x35, 0xd1, 0xe5, 0x40,
  0x01, 0x22, 0x7f, 0xff, 0x22, 0x12, 0xdf, 0xd0, 0x90, 0xd2, 0xe2, 0xec,
  0xf0, 0xa3, 0xed, 0xf0, 0xe4, 0x90, 0xd2, 0xe6, 0xf0, 0x90, 0xd2, 0xe6,
  0xe0, 0xff, 0xc3, 0x94, 0x04, 0x50, 0x50, 0x90, 0xd2, 0xdf, 0x12, 0xd4,
  0x31, 0xe9, 0x24, 0x0c, 0xf1, 0xe5, 0x12, 0x15, 0x64, 0x60, 0x35, 0x12,
  0x8a, 0x9e, 0xff, 0x90, 0xd2, 0xe2, 0x12, 0x8a, 0xf8, 0x9f, 0xec, 0x95,
  0xf0, 0x40, 0x28, 0x12, 0x8b, 0x7a, 0x12, 0x8f, 0x01, 0x50, 0x20, 0x12,
  0xdf, 0x50, 0xff, 0x90, 0xd2, 0xe4, 0x12, 0x8a, 0xf8, 0x9f, 0xec, 0x95,
  0xf0, 0x40, 0x10, 0x12, 0x8a, 0x95, 0x12, 0x8f, 0x01, 0x50, 0x08, 0x12,
  0x8b, 0xb2, 0xff, 0x22, 0x7f, 0xff, 0x22, 0x90, 0xd2, 0xe6, 0xe0, 0x04,
  0xf0, 0x80, 0xa6, 0x7f, 0xff, 0x22, 0x7b, 0x01, 0x7a, 0xd4, 0x79, 0x4f,
  0x22, 0x12, 0x16, 0xc9, 0xff, 0xae, 0xf0, 0x22, 0xe9, 0x24, 0x0a, 0xf9,
  0xe4, 0x3a, 0xfa, 0x22, 0x94, 0x64, 0xee, 0x64, 0x80, 0x94, 0x80, 0x22,
  0x90, 0xd4, 0x4c, 0xe0, 0x70, 0x03, 0x7f, 0x01, 0x22, 0x81, 0xab, 0x90,
  0xcb, 0x60, 0x12, 0x1a, 0x68, 0x12, 0x12, 0x21, 0x02, 0x13, 0x75, 0x90,
  0xd4, 0x5a, 0xe0, 0x60, 0x05, 0xf1, 0xa2, 0x02, 0xd0, 0xca, 0x02, 0xb6,
  0x0c, 0xf9, 0xe4, 0x3a, 0xfa, 0xef, 0x75, 0xf0, 0x0a, 0xa4, 0x29, 0xf9,
  0xea, 0x35, 0xf0, 0xfa, 0x22, 0x90, 0xd3, 0x3f, 0xef, 0xf0, 0x70, 0x0c,
  0x12, 0xe8, 0x73, 0x7b, 0xff, 0x7a, 0x0e, 0x79, 0x1c, 0xfe, 0x80, 0x66,
  0x90, 0xd3, 0x3f, 0xe0, 0xc3, 0x94, 0x10, 0x50, 0x49, 0xe4, 0xf9, 0xe9,
  0xd3, 0x94, 0x5b, 0x40, 0x35, 0x11, 0x7b, 0x90, 0xd3, 0x3f, 0x60, 0x0a,
  0xe0, 0xff, 0x11, 0x8d, 0xe9, 0x90, 0x0e, 0x80, 0x80, 0x09, 0xe0, 0xff,
  0xc3, 0x11, 0x8d, 0xe9, 0x90, 0x0e, 0xe4, 0x93, 0xfd, 0x12, 0x16, 0x00,
  0xeb, 0x2f, 0xff, 0xea, 0x3e, 0xc4, 0xf8, 0x54, 0xf0, 0xc8, 0xef, 0xc4,
  0x54, 0x0f, 0x48, 0xff, 0x11, 0x82, 0xef, 0xf0, 0x80, 0x05, 0x11, 0x82,
  0x74, 0x01, 0xf0, 0x09, 0xe9, 0x64, 0x64, 0x70, 0xba, 0x22, 0x11, 0x7b,
  0x11, 0x73, 0x7b, 0xff, 0x60, 0x06, 0x7a, 0x0e, 0x79, 0x80, 0x80, 0x04,
  0x7a, 0x0e, 0x79, 0xe4, 0x7e, 0x00, 0x7f, 0x64, 0x02, 0x15, 0x3e, 0x78,
  0xfc, 0x7c, 0xc9, 0x7d, 0x01, 0x22, 0xf0, 0x90, 0xc2, 0x20, 0xe0, 0x64,
  0x01, 0x22, 0x74, 0xfc, 0x29, 0xf5, 0x82, 0xe4, 0x34, 0xc9, 0xf5, 0x83,
  0x22, 0x74, 0x10, 0x9f, 0xff, 0xe4, 0x94, 0x00, 0xfe, 0xe9, 0x90, 0x0e,
  0x1c, 0x93, 0xfd, 0x7c, 0x00, 0x12, 0x16, 0x00, 0xaa, 0x06, 0xab, 0x07,
  0x90, 0xd3, 0x3f, 0xe0, 0xff, 0x7e, 0x00, 0x22, 0xe4, 0x90, 0xd2, 0xcd,
  0x12, 0x7c, 0x63, 0xf0, 0x90, 0xd3, 0x3a, 0x74, 0x0f, 0xf0, 0xa3, 0x12,
  0x1a, 0xf5, 0x00, 0x00, 0x00, 0x00, 0x90, 0x80, 0x1c, 0xe0, 0xd3, 0x94,
  0x10, 0x90, 0x80, 0x1b, 0xe0, 0xfd, 0x7c, 0x00, 0x90, 0x80, 0x1a, 0xe0,
  0xff, 0x7e, 0x00, 0x40, 0x18, 0x12, 0x16, 0x00, 0x90, 0x80, 0x1c, 0xe0,
  0xfd, 0x12, 0x1c, 0xf1, 0xe4, 0x12, 0x13, 0x37, 0xe4, 0xfb, 0xfa, 0x79,
  0x80, 0x78, 0x45, 0x80, 0x08, 0x12, 0xb5, 0xce, 0x12, 0x87, 0x35, 0x78,
  0x43, 0x12, 0x12, 0x21, 0x90, 0xcb, 0x6a, 0x12, 0x1a, 0xe9, 0x90, 0xcb,
  0xf2, 0xe0, 0x60, 0x02, 0x41, 0xb2, 0x90, 0xd2, 0xc9, 0x12, 0x1a, 0xf5,
  0x00, 0x00, 0x00, 0x00, 0xe4, 0x90, 0xd2, 0xd3, 0xf0, 0xa3, 0xf0, 0x90,
  0xd2, 0xc8, 0xf0, 0x90, 0xd3, 0x3b, 0x12, 0x1a, 0x68, 0x90, 0xd2, 0xc8,
  0x12, 0xb7, 0xca, 0x74, 0xf1, 0x2f, 0xf5, 0x82, 0x74, 0xca, 0x3e, 0xf5,
  0x83, 0xd1, 0x5e, 0x12, 0x17, 0xfd, 0x90, 0xd3, 0x3b, 0x12, 0x1a, 0xe9,
  0x71, 0x45, 0xe0, 0xb4, 0x64, 0xd9, 0xe4, 0x7b, 0x64, 0xfa, 0xf9, 0xf8,
  0x90, 0xd3, 0x3b, 0x71, 0xf5, 0x90, 0xc3, 0x47, 0xef, 0x11, 0x7a, 0x70,
  0x6d, 0x90, 0xcc, 0x0e, 0xe0, 0x24, 0xfe, 0x60, 0x5e, 0x14, 0x60, 0x56,
  0x14, 0x60, 0x5d, 0x24, 0x03, 0x60, 0x02, 0x41, 0x44, 0x71, 0x4c, 0x90,
  0xcc, 0x0b, 0xe0, 0xff, 0x90, 0xcc, 0x07, 0xe0, 0xfe, 0xd3, 0x9f, 0x50,
  0x07, 0xe4, 0x90, 0xc0, 0xd8, 0xf0, 0x41, 0x23, 0x90, 0xcc, 0x0c, 0xe0,
  0xfb, 0xee, 0xd3, 0x9b, 0x50, 0x0d, 0x90, 0xd3, 0x42, 0x74, 0x08, 0xf0,
  0x90, 0xcc, 0x07, 0x71, 0xb4, 0x80, 0x13, 0x90, 0xcc, 0x0d, 0xe0, 0xfb,
  0x90, 0xcc, 0x07, 0xe0, 0xfe, 0xd3, 0x9b, 0x50, 0x09, 0x90, 0xcc, 0x0c,
  0x71, 0xe7, 0x71, 0xc5, 0x80, 0x71, 0x90, 0xc0, 0xd8, 0x74, 0x10, 0xf0,
  0x80, 0x69, 0x90, 0xcc, 0x10, 0x80, 0x71, 0x90, 0xcc, 0x11, 0x80, 0x6c,
  0x80, 0x6e, 0x90, 0xcc, 0x0e, 0xe0, 0x24, 0xfe, 0x60, 0x5f, 0x14, 0x60,
  0x57, 0x14, 0x60, 0x60, 0x24, 0x03, 0x70, 0x6c, 0xb1, 0xbe, 0x90, 0xcc,
  0x08, 0xe0, 0xff, 0x90, 0xcc, 0x06, 0xe0, 0xfe, 0xd3, 0x9f, 0x50, 0x07,
  0xe4, 0x90, 0xc0, 0xd8, 0xf0, 0x80, 0x34, 0x90, 0xcc, 0x09, 0xe0, 0xfb,
  0xee, 0xd3, 0x9b, 0x50, 0x0d, 0x90, 0xd3, 0x42, 0x74, 0x08, 0xf0, 0x90,
  0xcc, 0x06, 0x71, 0xb4, 0x80, 0x13, 0x90, 0xcc, 0x0a, 0xe0, 0xfb, 0x90,
  0xcc, 0x06, 0xe0, 0xfe, 0xd3, 0x9b, 0x50, 0x09, 0x90, 0xcc, 0x09, 0x71,
  0xe7, 0x71, 0xc5, 0x80, 0x06, 0x90, 0xc0, 0xd8, 0x74, 0x10, 0xf0, 0x90,
  0xc0, 0xd8, 0x80, 0x08, 0x90, 0xcc, 0x12, 0x80, 0x03, 0x90, 0xcc, 0x13,
  0xe0, 0xff, 0x80, 0x0d, 0x90, 0xcc, 0x0f, 0xd1, 0x65, 0x12, 0x8f, 0x47,
  0x90, 0xd3, 0x39, 0xef, 0xf0, 0x12, 0xe7, 0xf5, 0x78, 0xd5, 0x7c, 0xd2,
  0x12, 0x8b, 0x88, 0x90, 0xcc, 0x0e, 0xe0, 0x60, 0x09, 0x7b, 0x01, 0x7a,
  0xd2, 0x79, 0xd5, 0x12, 0x02, 0xc9, 0xe4, 0x90, 0xd2, 0xc8, 0xf0, 0x90,
  0xd2, 0xc9, 0x12, 0x1a, 0x68, 0xc0, 0x00, 0x90, 0xd2, 0xc8, 0x12, 0xb7,
  0xca, 0x71, 0xce, 0xfd, 0x7c, 0x00, 0x74, 0xd5, 0x2f, 0xf5, 0x82, 0x74,
  0xd2, 0x3e, 0xf5, 0x83, 0xe0, 0x12, 0x8b, 0xa6, 0xe4, 0xfd, 0xd0, 0x00,
  0x12, 0x17, 0xfd, 0x12, 0xc7, 0xae, 0x90, 0xd2, 0xc8, 0x12, 0xb7, 0xca,
  0x71, 0xce, 0xff, 0x90, 0xd2, 0xd3, 0xe4, 0x8f, 0xf0, 0x12, 0x16, 0x9d,
  0x71, 0x45, 0xe0, 0xb4, 0x64, 0xbd, 0x90, 0xd2, 0xd3, 0xe0, 0xfe, 0xa3,
  0xe0, 0xff, 0x12, 0x8a, 0x8b, 0x90, 0xd2, 0xc9, 0x80, 0x09, 0x90, 0xcb,
  0xf3, 0x12, 0x1a, 0x68, 0x90, 0x82, 0xb8, 0x71, 0xf5, 0x90, 0xca, 0x6d,
  0xef, 0xf0, 0x90, 0xc9, 0xe6, 0x12, 0xbd, 0xe1, 0x91, 0x1b, 0xfd, 0xfc,
  0x90, 0xd2, 0xc8, 0x74, 0x3f, 0xf0, 0x71, 0xbc, 0x94, 0x80, 0x40, 0x18,
  0xef, 0x33, 0x95, 0xe0, 0x12, 0xe5, 0xb8, 0xb1, 0x66, 0x9c, 0x50, 0x04,
  0x91, 0x06, 0x80, 0x08, 0x90, 0xd2, 0xc8, 0xe0, 0x14, 0xf0, 0x80, 0xe2,
  0x71, 0xda, 0x90, 0xd2, 0xcd, 0xb1, 0x4b, 0x91, 0x40, 0xf0, 0x90, 0xd2,
  0xcf, 0x71, 0xac, 0x90, 0xca, 0x6f, 0xef, 0xf0, 0x90, 0xc9, 0xe4, 0x12,
  0xbd, 0xe1, 0x91, 0x1b, 0xfc, 0xfd, 0x90, 0xd2, 0xc8, 0xf0, 0x71, 0xbc,
  0x94, 0xc0, 0x50, 0x14, 0xef, 0x33, 0x95, 0xe0, 0x12, 0xe5, 0xb8, 0xb1,
  0x66, 0x9c, 0x50, 0x04, 0x91, 0x06, 0x80, 0x04, 0x71, 0x45, 0x80, 0xe6,
  0x71, 0xda, 0x90, 0xd2, 0xcf, 0xb1, 0x4b, 0x91, 0x40, 0xf0, 0x90, 0xd2,
  0xcd, 0x71, 0xac, 0x90, 0xca, 0x6e, 0xef, 0xf0, 0x70, 0x02, 0x04, 0xf0,
  0x22, 0x90, 0xd2, 0xc8, 0xe0, 0x04, 0xf0, 0x22, 0x90, 0xd3, 0x41, 0x12,
  0x1a, 0xf5, 0x00, 0x00, 0x00, 0x01, 0x90, 0xd3, 0x45, 0x12, 0x1a, 0xf5,
  0x00, 0x00, 0x00, 0x00, 0xd1, 0x3e, 0xd1, 0x1e, 0x90, 0xd3, 0x45, 0x12,
  0xbd, 0xcf, 0xd1, 0x29, 0x40, 0x0c, 0x12, 0xbd, 0xcc, 0x12, 0x17, 0xfd,
  0x90, 0xd3, 0x41, 0x12, 0x1a, 0xe9, 0x12, 0x8f, 0x5a, 0xb4, 0x40, 0xe4,
  0x90, 0xd3, 0x45, 0x12, 0x84, 0x37, 0xc0, 0x04, 0xc0, 0x05, 0xc0, 0x06,
  0xc0, 0x07, 0x90, 0xd3, 0x41, 0x12, 0x84, 0x37, 0xd0, 0x03, 0xd0, 0x02,
  0xd0, 0x01, 0xd0, 0x00, 0x12, 0x86, 0x7a, 0x79, 0xc8, 0x78, 0x43, 0x12,
  0x85, 0xcb, 0x90, 0xcc, 0x07, 0xef, 0xf0, 0x22, 0xe0, 0xfe, 0xa3, 0xe0,
  0xff, 0x02, 0x02, 0x88, 0xe0, 0x90, 0xd3, 0x43, 0xf0, 0xe4, 0xfd, 0x22,
  0x90, 0xd2, 0xc8, 0xe0, 0xff, 0xc3, 0x64, 0x80, 0x22, 0x12, 0x02, 0x7e,
  0x90, 0xc0, 0xd8, 0xef, 0xf0, 0x22, 0x74, 0xfc, 0x2f, 0xf5, 0x82, 0x74,
  0xc9, 0x3e, 0xf5, 0x83, 0xe0, 0x22, 0x90, 0xd2, 0xc8, 0xe0, 0xf9, 0x75,
  0xf0, 0x04, 0xa4, 0xfd, 0xac, 0xf0, 0x22, 0xe0, 0xff, 0x90, 0xd3, 0x42,
  0x74, 0x10, 0xf0, 0xa3, 0xee, 0xf0, 0x7d, 0x08, 0x22, 0x12, 0x1a, 0x4c,
  0x12, 0x18, 0xa3, 0x7b, 0xff, 0x7a, 0x00, 0x7d, 0x01, 0x7c, 0x00, 0x02,
  0x02, 0x65, 0x90, 0xd2, 0xcf, 0xec, 0xf0, 0xa3, 0xed, 0xf0, 0xc3, 0x9f,
  0xff, 0xec, 0x9e, 0x90, 0xd2, 0xcd, 0xf0, 0xa3, 0xef, 0xf0, 0x22, 0x90,
  0xcb, 0xee, 0x12, 0x1a, 0x68, 0x12, 0x18, 0x18, 0x78, 0x0a, 0x12, 0x19,
  0x84, 0x90, 0xd2, 0xd1, 0xee, 0xf0, 0xa3, 0xef, 0xf0, 0xe4, 0x22, 0xe0,
  0xff, 0x90, 0xd3, 0x45, 0xee, 0xf0, 0xa3, 0xef, 0xf0, 0x90, 0xd2, 0xf1,
  0xe0, 0xff, 0xa3, 0xe0, 0x90, 0xd3, 0x47, 0xcf, 0xf0, 0xa3, 0xef, 0x22,
  0xb1, 0x8e, 0x90, 0xcc, 0x1e, 0xb1, 0x97, 0x50, 0x04, 0xe4, 0xfd, 0x80,
  0x62, 0x90, 0xcc, 0x1f, 0xe0, 0xfc, 0x91, 0xc2, 0x50, 0x09, 0xb1, 0x85,
  0x90, 0xcc, 0x1b, 0xb1, 0xa1, 0x80, 0x44, 0x90, 0xcc, 0x20, 0x91, 0xc0,
  0x50, 0x1c, 0x90, 0xcc, 0x1f, 0xe0, 0xff, 0x7e, 0x00, 0xc0, 0x06, 0xc0,
  0x07, 0x90, 0xcc, 0x1b, 0xb1, 0x44, 0x90, 0xcc, 0x1c, 0x91, 0x33, 0xf0,
  0xd0, 0x07, 0xd0, 0x06, 0x80, 0x21, 0x90, 0xcc, 0x21, 0x91, 0xc0, 0x50,
  0x21, 0x90, 0xcc, 0x20, 0xe0, 0xff, 0x7e, 0x00, 0xc0, 0x06, 0xc0, 0x07,
  0x90, 0xcc, 0x1c, 0xb1, 0x44, 0x90, 0xcc, 0x1d, 0x91, 0x33, 0xf0, 0xd0,
  0x07, 0xd0, 0x06, 0x12, 0x02, 0x88, 0xad, 0x07, 0x80, 0x05, 0x90, 0xcc,
  0x1d, 0xe0, 0xfd, 0xed, 0xf4, 0x04, 0xff, 0x22, 0xe0, 0xfb, 0xff, 0xd3,
  0x90, 0xd2, 0xf2, 0xe0, 0x9f, 0x90, 0xd2, 0xf1, 0xe0, 0x94, 0x00, 0x22,
  0xb1, 0x8e, 0x90, 0xcc, 0x17, 0xb1, 0x97, 0x50, 0x04, 0xe4, 0xfd, 0x80,
  0x62, 0x90, 0xcc, 0x18, 0xe0, 0xfc, 0x91, 0xc2, 0x50, 0x09, 0xb1, 0x85,
  0x90, 0xcc, 0x14, 0xb1, 0xa1, 0x80, 0x44, 0x90, 0xcc, 0x19, 0x91, 0xc0,
  0x50, 0x1c, 0x90, 0xcc, 0x18, 0xe0, 0xff, 0x7e, 0x00, 0xc0, 0x06, 0xc0,
  0x07, 0x90, 0xcc, 0x14, 0xb1, 0x44, 0x90, 0xcc, 0x15, 0x91, 0x33, 0xf0,
  0xd0, 0x07, 0xd0, 0x06, 0x80, 0x21, 0x90, 0xcc, 0x1a, 0x91, 0xc0, 0x50,
  0x21, 0x90, 0xcc, 0x19, 0xe0, 0xff, 0x7e, 0x00, 0xc0, 0x06, 0xc0, 0x07,
  0x90, 0xcc, 0x15, 0xb1, 0x44, 0x90, 0xcc, 0x16, 0x91, 0x33, 0xf0, 0xd0,
  0x07, 0xd0, 0x06, 0x12, 0x02, 0x88, 0xad, 0x07, 0x80, 0x05, 0x90, 0xcc,
  0x16, 0xe0, 0xfd, 0xed, 0xf4, 0x04, 0xff, 0x22, 0xe0, 0xfd, 0x7c, 0x00,
  0x7a, 0x00, 0x22, 0xe0, 0xfa, 0xa3, 0xe0, 0xfb, 0xe9, 0x75, 0xf0, 0x04,
  0xa4, 0x24, 0x04, 0xfe, 0xe4, 0x35, 0xf0, 0x90, 0xd3, 0x45, 0xf0, 0xa3,
  0xce, 0xf0, 0x90, 0xd2, 0xd1, 0x22, 0x74, 0x71, 0x2f, 0xf5, 0x82, 0x74,
  0xca, 0x3e, 0xf5, 0x83, 0xe0, 0xfe, 0xa3, 0xe0, 0xff, 0x2d, 0xfd, 0xee,
  0x3c, 0xfc, 0xd3, 0x90, 0xd2, 0xd2, 0xe0, 0x9d, 0x90, 0xd2, 0xd1, 0xe0,
  0x22, 0xe9, 0xff, 0x7e, 0x00, 0xec, 0xfb, 0x7a, 0x00, 0x22, 0x90, 0xd2,
  0xf1, 0xee, 0xf0, 0xa3, 0xef, 0xf0, 0x22, 0xe0, 0xf9, 0xfb, 0xd3, 0xef,
  0x9b, 0xee, 0x94, 0x00, 0x22, 0xe0, 0xfd, 0x90, 0xd3, 0x45, 0xe4, 0xf0,
  0xa3, 0xed, 0xf0, 0x90, 0xd2, 0xf1, 0xe0, 0xfd, 0xa3, 0xe0, 0x90, 0xd3,
  0x47, 0xcd, 0xf0, 0xa3, 0xed, 0xf0, 0xe4, 0xfd, 0xfc, 0x22, 0x90, 0xd3,
  0x41, 0x12, 0x1a, 0xf5, 0x00, 0x00, 0x00, 0x01, 0x90, 0xd3, 0x45, 0x12,
  0x1a, 0xf5, 0x00, 0x00, 0x00, 0x00, 0xd1, 0x3e, 0xd1, 0x1e, 0x90, 0xd3,
  0x45, 0x12, 0xbd, 0xcf, 0xd1, 0x29, 0x40, 0x0c, 0x12, 0xbd, 0xcc, 0x12,
  0x17, 0xfd, 0x90, 0xd3, 0x41, 0x12, 0x1a, 0xe9, 0x12, 0x8f, 0x5a, 0xb4,
  0x40, 0xe4, 0x90, 0xd3, 0x45, 0x12, 0x84, 0x37, 0xc0, 0x04, 0xc0, 0x05,
  0xc0, 0x06, 0xc0, 0x07, 0x90, 0xd3, 0x41, 0x12, 0x84, 0x37, 0xd0, 0x03,
  0xd0, 0x02, 0xd0, 0x01, 0xd0, 0x00, 0x12, 0x86, 0x7a, 0x79, 0xc8, 0x78,
  0x43, 0x12, 0x85, 0xcb, 0x90, 0xcc, 0x06, 0xef, 0xf0, 0x22, 0x90, 0xd3,
  0x40, 0xef, 0xf0, 0xe4, 0x90, 0xd3, 0x3f, 0xf0, 0x22, 0x12, 0x17, 0xfd,
  0x90, 0xd3, 0x45, 0x12, 0x1a, 0xe9, 0x90, 0xd3, 0x40, 0xe0, 0xff, 0x90,
  0xd3, 0x3f, 0xe0, 0xc3, 0x9f, 0x22, 0x90, 0xc3, 0x47, 0xe0, 0xff, 0x7e,
  0x00, 0x7c, 0x00, 0x7d, 0x32, 0x12, 0x16, 0x00, 0x90, 0xc9, 0xe9, 0xe0,
  0xfd, 0x12, 0x16, 0x12, 0x7b, 0x3f, 0x7a, 0x00, 0xe4, 0xfd, 0xfc, 0x02,
  0x02, 0x65, 0xe0, 0xff, 0xe4, 0xfc, 0xfd, 0xfe, 0x22, 0xe0, 0x75, 0xf0,
  0x10, 0xa4, 0xff, 0xae, 0xf0, 0x22, 0x78, 0x79, 0x7c, 0xcb, 0x7d, 0x01,
  0x7b, 0x01, 0x7a, 0xca, 0x79, 0xf1, 0x7e, 0x00, 0x7f, 0x64, 0x02, 0x15,
  0x3e, 0xd1, 0xb1, 0x12, 0x12, 0x21, 0xc0, 0x04, 0xc0, 0x05, 0xc0, 0x06,
  0xc0, 0x07, 0x90, 0xd3, 0x33, 0x12, 0x1a, 0xf5, 0x3f, 0x80, 0x00, 0x00,
  0x90, 0xc9, 0xee, 0x12, 0x87, 0x30, 0x78, 0x41, 0x12, 0x12, 0x21, 0x12,
  0xc7, 0x6c, 0xd0, 0x07, 0xd0, 0x06, 0xd0, 0x05, 0xd0, 0x04, 0x02, 0x02,
  0x79, 0x90, 0xd3, 0x1c, 0x02, 0x1a, 0x68, 0x7b, 0x01, 0x7a, 0xcb, 0x79,
  0x79, 0xf1, 0x41, 0x90, 0xca, 0x69, 0xe0, 0x90, 0xd2, 0xce, 0xf0, 0x7a,
  0xca, 0x79, 0xf1, 0x12, 0x02, 0xc4, 0x90, 0xca, 0x6a, 0xe0, 0xfe, 0xef,
  0xc3, 0x9e, 0x40, 0x03, 0x7f, 0x01, 0x22, 0x90, 0xc3, 0x6f, 0xe0, 0xfe,
  0xef, 0xc3, 0x9e, 0x7f, 0x00, 0x40, 0x02, 0x7f, 0x02, 0x22, 0x12, 0xb7,
  0xa9, 0x12, 0x8b, 0xa6, 0x12, 0xb7, 0x9d, 0x3e, 0x90, 0xd3, 0x10, 0xf0,
  0xa3, 0xef, 0xf0, 0xe4, 0x90, 0xd3, 0x0f, 0xf0, 0x90, 0xd3, 0x0f, 0xe0,
  0xfe, 0xc3, 0x94, 0x08, 0x50, 0x36, 0x12, 0xb5, 0x55, 0xc0, 0x07, 0xf1,
  0x47, 0x74, 0x08, 0x2e, 0x12, 0x8d, 0x45, 0xfb, 0x74, 0x00, 0x2e, 0x12,
  0x8d, 0x4e, 0x90, 0xd3, 0x2d, 0xf0, 0x90, 0xd3, 0x10, 0x12, 0xb5, 0xde,
  0xd0, 0x07, 0x12, 0xb5, 0x5d, 0x90, 0xd3, 0x0f, 0xe0, 0x24, 0x7f, 0x12,
  0xce, 0xc9, 0xef, 0xf0, 0x90, 0xd3, 0x0f, 0xe0, 0x04, 0xf0, 0x80, 0xc0,
  0x22, 0x90, 0xd2, 0xcb, 0x02, 0x1b, 0x63, 0x90, 0xc4, 0x11, 0xe0, 0xfc,
  0xa3, 0xe0, 0xfd, 0x22, 0x90, 0xcb, 0x78, 0xe0, 0xb4, 0x01, 0x09, 0xe4,
  0xf0, 0x90, 0x82, 0x80, 0xe0, 0x44, 0x80, 0xf0, 0x22, 0x12, 0x90, 0xbb,
  0x90, 0xc3, 0x3f, 0xe0, 0xb5, 0x06, 0x3b, 0xa3, 0xe0, 0xb5, 0x07, 0x36,
  0x90, 0xcb, 0xf9, 0xf1, 0xdb, 0xe0, 0xb5, 0x04, 0x2d, 0xa3, 0xe0, 0xb5,
  0x05, 0x28, 0x90, 0xcb, 0xfb, 0xe0, 0xfc, 0xa3, 0xe0, 0xfd, 0x90, 0xc3,
  0x50, 0xe0, 0xb5, 0x04, 0x19, 0xa3, 0xe0, 0xb5, 0x05, 0x14, 0x90, 0xcb,
  0xfd, 0xe0, 0xfc, 0xa3, 0xe0, 0xfd, 0x90, 0xc3, 0x19, 0xe0, 0x6c, 0x70,
  0x03, 0xa3, 0xe0, 0x6d, 0x60, 0x0a, 0xc0, 0x07, 0x12, 0x8b, 0x5a, 0xd0,
  0x07, 0x12, 0xb8, 0x0c, 0x90, 0xc9, 0xfb, 0xe0, 0x24, 0xec, 0x90, 0xc3,
  0x4a, 0xf0, 0x90, 0xcc, 0x01, 0xe0, 0xb4, 0x01, 0x04, 0xe4, 0xf0, 0x80,
  0x03, 0x12, 0xca, 0x4c, 0x90, 0xce, 0x79, 0xe0, 0x70, 0x06, 0x90, 0xcb,
  0x78, 0x04, 0xf0, 0x22, 0x90, 0xcc, 0x05, 0x74, 0x02, 0xf0, 0x22, 0xe0,
  0xfc, 0xa3, 0xe0, 0xfd, 0x90, 0xc3, 0x42, 0x22, 0x90, 0xce, 0x86, 0xe0,
  0xb4, 0x08, 0x13, 0x12, 0xc6, 0x91, 0x90, 0xcc, 0x05, 0xe0, 0x60, 0x0a,
  0x14, 0xf0, 0xe0, 0x70, 0x05, 0x90, 0xcb, 0x78, 0x04, 0xf0, 0x22, 0x90,
  0xd2, 0xd3, 0x12, 0x1b, 0x63, 0x90, 0xd2, 0xd6, 0xec, 0xf0, 0xa3, 0xed,
  0xf0, 0x12, 0x8d, 0x92, 0xd3, 0x9d, 0xee, 0x9c, 0x40, 0x0c, 0x90, 0xd2,
  0xd6, 0xe0, 0xfc, 0xa3, 0xe0, 0xae, 0x04, 0xff, 0x80, 0x00, 0x90, 0xd2,
  0xda, 0x12, 0x8d, 0x99, 0xee, 0x94, 0x01, 0x90, 0xd2, 0xd6, 0xe0, 0xfe,
  0x50, 0x50, 0x12, 0xbd, 0xe3, 0x78, 0x08, 0x12, 0x19, 0xab, 0xc0, 0x06,
  0xc0, 0x07, 0x90, 0xd2, 0xda, 0x12, 0x8a, 0x87, 0xd0, 0x07, 0xd0, 0x06,
  0x11, 0xa8, 0x90, 0x01, 0x42, 0x12, 0x8a, 0xef, 0x90, 0xd2, 0xda, 0x12,
  0x8a, 0x87, 0xff, 0xfe, 0x7d, 0x01, 0xfc, 0x11, 0xa8, 0x90, 0x01, 0x44,
  0x12, 0x8a, 0xef, 0x90, 0xd2, 0xd8, 0x12, 0xbd, 0xe1, 0x78, 0x08, 0x12,
  0x19, 0xab, 0xc0, 0x06, 0xc0, 0x07, 0xa3, 0x12, 0x8a, 0x87, 0xd0, 0x07,
  0xd0, 0x06, 0x11, 0xa8, 0x90, 0x01, 0x46, 0xee, 0x80, 0x21, 0xa3, 0xe0,
  0xff, 0x11, 0xab, 0x90, 0x01, 0x42, 0x12, 0x8a, 0xef, 0x90, 0x01, 0x44,
  0x74, 0x01, 0x75, 0xf0, 0x00, 0x12, 0x17, 0xd0, 0x90, 0xd2, 0xd8, 0xe0,
  0xff, 0xa3, 0xe0, 0x90, 0x01, 0x46, 0xcf, 0x8f, 0xf0, 0x02, 0x17, 0xd0,
  0x12, 0x18, 0xa3, 0x90, 0xd2, 0xd3, 0x02, 0x1b, 0x43, 0xab, 0x07, 0xaa,
  0x06, 0xed, 0xff, 0x7e, 0x00, 0xd3, 0xeb, 0x9f, 0x74, 0x80, 0xf8, 0x6a,
  0x98, 0x40, 0x01, 0x22, 0xed, 0xff, 0xc3, 0xe4, 0x9f, 0xff, 0xe4, 0x94,
  0x00, 0x12, 0xb7, 0x7c, 0x98, 0x50, 0x01, 0x22, 0xae, 0x02, 0xaf, 0x03,
  0x22, 0xa9, 0x07, 0x8d, 0x82, 0x8c, 0x83, 0xc3, 0xeb, 0x95, 0x82, 0xff,
  0xea, 0x95, 0x83, 0xfe, 0xad, 0x01, 0x11, 0xb1, 0x02, 0xb7, 0x17, 0x90,
  0xd3, 0x17, 0x12, 0x1b, 0x63, 0x51, 0x54, 0x90, 0x82, 0x3a, 0x31, 0xaf,
  0x31, 0xaf, 0x74, 0xf0, 0xf0, 0xa3, 0x74, 0x0a, 0xf0, 0xef, 0x64, 0x01,
  0x90, 0x82, 0x58, 0x70, 0x05, 0x51, 0x38, 0xe4, 0x80, 0x08, 0x74, 0xfe,
  0xf0, 0xa3, 0x74, 0x0a, 0x51, 0x1d, 0xf0, 0x90, 0x82, 0x5e, 0xf0, 0x12,
  0x90, 0x0c, 0xc0, 0x03, 0xc0, 0x02, 0xc0, 0x01, 0x90, 0xd3, 0x17, 0x12,
  0xd1, 0xbb, 0x91, 0x73, 0x12, 0x1c, 0x0b, 0x12, 0x90, 0x05, 0xc0, 0x03,
  0xc0, 0x02, 0xc0, 0x01, 0x90, 0xd3, 0x17, 0x12, 0xd1, 0xbb, 0x12, 0x1b,
  0xdb, 0x90, 0x00, 0x07, 0x12, 0x1c, 0x0b, 0x7b, 0x01, 0x7a, 0xc5, 0x79,
  0x1a, 0xc0, 0x03, 0xc0, 0x02, 0xc0, 0x01, 0x90, 0xd3, 0x17, 0x12, 0xd1,
  0xbb, 0x12, 0x1b, 0xdb, 0x90, 0x00, 0x0a, 0x12, 0x1c, 0x0b, 0x7b, 0x01,
  0x7a, 0xc6, 0x79, 0x46, 0xc0, 0x03, 0xc0, 0x02, 0xc0, 0x01, 0x90, 0xd3,
  0x17, 0x12, 0xd1, 0xbb, 0x12, 0x1b, 0xdb, 0x90, 0x00, 0x0d, 0x12, 0x1c,
  0x0b, 0x7b, 0x01, 0x7a, 0xc5, 0x79, 0x7e, 0xc0, 0x03, 0xc0, 0x02, 0xc0,
  0x01, 0x90, 0xd3, 0x17, 0x12, 0xd2, 0xdc, 0x12, 0x1b, 0x8c, 0x7b, 0x01,
  0x7a, 0xc6, 0x79, 0xaa, 0xc0, 0x03, 0xc0, 0x02, 0xc0, 0x01, 0x90, 0xd3,
  0x17, 0x12, 0xd2, 0xdc, 0x90, 0x00, 0x03, 0x12, 0x1c, 0x0b, 0x22, 0x74,
  0x24, 0xf0, 0xa3, 0x74, 0x1c, 0xf0, 0xa3, 0x22, 0xae, 0x07, 0x90, 0xd4,
  0x5a, 0xe0, 0x60, 0x05, 0x12, 0xe7, 0xa2, 0x01, 0xef, 0xaf, 0x06, 0x51,
  0x54, 0x90, 0xc4, 0x2f, 0xe0, 0x90, 0x82, 0x3a, 0xf0, 0x90, 0xc4, 0x30,
  0xe0, 0x90, 0x82, 0x3b, 0xf0, 0x90, 0xc4, 0x31, 0xe0, 0x90, 0x82, 0x3c,
  0xf0, 0x90, 0xc4, 0x32, 0xe0, 0x90, 0x82, 0x3d, 0xf0, 0x90, 0xc4, 0x33,
  0xe0, 0x90, 0x82, 0x3e, 0xf0, 0x90, 0xc4, 0x34, 0xe0, 0x90, 0x82, 0x3f,
  0xf0, 0xef, 0x64, 0x01, 0x70, 0x08, 0x90, 0x82, 0x58, 0x51, 0x38, 0xe4,
  0x80, 0x11, 0x90, 0xc4, 0x29, 0xe0, 0x90, 0x82, 0x58, 0xf0, 0x90, 0xc4,
  0x2a, 0xe0, 0x90, 0x82, 0x59, 0x51, 0x1d, 0xf0, 0x90, 0x82, 0x5e, 0xf0,
  0x22, 0xf0, 0x90, 0x82, 0x40, 0x74, 0xfe, 0xf0, 0xa3, 0x74, 0x01, 0xf0,
  0xa3, 0x74, 0xfe, 0xf0, 0xa3, 0x74, 0x01, 0xf0, 0xa3, 0x74, 0xfe, 0xf0,
  0xa3, 0x74, 0x01, 0x22, 0x74, 0xff, 0xf0, 0xa3, 0xe4, 0xf0, 0x90, 0x82,
  0x40, 0x74, 0xff, 0xf0, 0xa3, 0xe4, 0xf0, 0xa3, 0x74, 0xff, 0xf0, 0xa3,
  0xe4, 0xf0, 0xa3, 0x74, 0xff, 0xf0, 0xa3, 0x22, 0x90, 0xc4, 0x38, 0xe0,
  0xfe, 0x90, 0x82, 0x76, 0xf0, 0xa3, 0xee, 0xf0, 0xa3, 0xee, 0xf0, 0xa3,
  0x74, 0x01, 0xf0, 0x90, 0x82, 0x5a, 0x74, 0x05, 0xf0, 0xa3, 0x04, 0xf0,
  0xa3, 0x14, 0xf0, 0x22, 0xef, 0x60, 0x12, 0x90, 0xd4, 0x5a, 0x74, 0x01,
  0xf0, 0x90, 0xd4, 0x4f, 0xf0, 0x90, 0x82, 0x5f, 0x74, 0x1c, 0xf0, 0x80,
  0x77, 0xe4, 0x90, 0xd4, 0x5a, 0xf0, 0x90, 0xc7, 0x75, 0xf0, 0x90, 0xc7,
  0x74, 0xf0, 0x90, 0xc7, 0x7a, 0xf0, 0x90, 0xc4, 0x4c, 0x04, 0xf0, 0xa3,
  0xe4, 0xf0, 0x90, 0xc4, 0x4e, 0x04, 0xf0, 0xa3, 0xe4, 0xf0, 0x90, 0xc4,
  0x50, 0x04, 0xf0, 0xa3, 0xe4, 0xf0, 0x90, 0xc4, 0x3c, 0x04, 0xf0, 0xa3,
  0xe4, 0xf0, 0x90, 0xc4, 0x3e, 0x04, 0xf0, 0xa3, 0xe4, 0xf0, 0x90, 0xc4,
  0x46, 0x04, 0xf0, 0xa3, 0xe4, 0xf0, 0x90, 0xc4, 0x44, 0x04, 0xf0, 0xa3,
  0xe4, 0xf0, 0x90, 0xc7, 0x73, 0x74, 0x02, 0xf0, 0x90, 0xc4, 0x42, 0x14,
  0xf0, 0xa3, 0xe4, 0xf0, 0x90, 0xc4, 0x40, 0x04, 0xf0, 0xa3, 0xe4, 0xf0,
  0x90, 0xc4, 0x48, 0x04, 0xf0, 0xa3, 0xe4, 0xf0, 0x90, 0xc4, 0x4a, 0x04,
  0xf0, 0xa3, 0xe4, 0x12, 0x8c, 0x78, 0x90, 0x82, 0x5f, 0x74, 0x0d, 0xf0,
  0x90, 0xc2, 0x20, 0xe0, 0xff, 0x21, 0xb8, 0x90, 0xd2, 0xee, 0xef, 0xf0,
  0x7f, 0x00, 0x60, 0x02, 0x7f, 0x01, 0x90, 0xd2, 0xee, 0xef, 0xf0, 0x90,
  0xd4, 0x4c, 0xe0, 0xb5, 0x07, 0x03, 0x7f, 0x00, 0x22, 0x90, 0xd2, 0xee,
  0xe0, 0x60, 0x21, 0x12, 0xc6, 0x29, 0x90, 0xd4, 0x4d, 0xef, 0xf0, 0x70,
  0x04, 0x7f, 0x01, 0x51, 0x74, 0x90, 0xcf, 0x44, 0xe0, 0x90, 0xd4, 0x4e,
  0xf0, 0x64, 0x02, 0x60, 0x1c, 0x7f, 0x02, 0x12, 0x02, 0xfb, 0x80, 0x15,
  0x90, 0xd4, 0x4e, 0xe0, 0xff, 0x64, 0x02, 0x60, 0x03, 0x12, 0x02, 0xfb,
  0x90, 0xd4, 0x4d, 0xe0, 0xff, 0x70, 0x02, 0x51, 0x74, 0x90, 0xd2, 0xee,
  0xe0, 0x90, 0xd4, 0x4c, 0xf0, 0x7f, 0x00, 0x22, 0x90, 0xd3, 0x28, 0x02,
  0x1a, 0xe9, 0x91, 0x85, 0x90, 0xd2, 0xee, 0x12, 0x7f, 0xaf, 0x70, 0x03,
  0x7f, 0x01, 0x22, 0x90, 0xd2, 0xf1, 0x12, 0xd5, 0x38, 0x90, 0x82, 0x59,
  0xe0, 0xff, 0x90, 0xd2, 0xf1, 0x91, 0x69, 0x90, 0x82, 0x58, 0x91, 0x62,
  0x90, 0x82, 0x41, 0x12, 0x91, 0x8f, 0x90, 0x82, 0x40, 0xe0, 0x90, 0x00,
  0x04, 0x12, 0x15, 0xde, 0x90, 0x82, 0x43, 0xe0, 0x12, 0x8d, 0x31, 0x90,
  0x82, 0x42, 0xe0, 0x90, 0x00, 0x06, 0x12, 0x15, 0xde, 0x90, 0x82, 0x45,
  0xe0, 0x90, 0x00, 0x07, 0x12, 0x15, 0xde, 0x90, 0x82, 0x44, 0x12, 0x91,
  0xa5, 0x90, 0x82, 0x22, 0x12, 0xb7, 0x2c, 0xc3, 0x33, 0xce, 0x33, 0xce,
  0xd8, 0xf9, 0xff, 0x90, 0x00, 0x09, 0x12, 0x8a, 0xef, 0x90, 0x82, 0x26,
  0x12, 0xb7, 0x2c, 0xc3, 0x33, 0xce, 0x33, 0xce, 0xd8, 0xf9, 0xff, 0x90,
  0x00, 0x0b, 0x12, 0x8a, 0xef, 0x90, 0x82, 0x24, 0x12, 0xb7, 0x2c, 0xc3,
  0x33, 0xce, 0x33, 0xce, 0xd8, 0xf9, 0xff, 0x12, 0x8a, 0xec, 0x90, 0x82,
  0x28, 0x12, 0xb7, 0x2c, 0xc3, 0x33, 0xce, 0x33, 0xce, 0xd8, 0xf9, 0xff,
  0x90, 0x00, 0x0f, 0x12, 0x8a, 0xef, 0x90, 0xd2, 0xf4, 0x12, 0xd5, 0x38,
  0x90, 0x82, 0x3f, 0xe0, 0xff, 0x90, 0xd2, 0xf4, 0x91, 0x69, 0x90, 0x82,
  0x3e, 0x91, 0x62, 0x90, 0x82, 0x3b, 0xe0, 0x75, 0xf0, 0x08, 0xa4, 0xff,
  0x90, 0x00, 0x03, 0x12, 0x8a, 0xe5, 0x90, 0x82, 0x3a, 0xe0, 0x75, 0xf0,
  0x08, 0xa4, 0xff, 0x90, 0x00, 0x05, 0x12, 0x8a, 0xe5, 0x90, 0x82, 0x3d,
  0xe0, 0x75, 0xf0, 0x08, 0xa4, 0xff, 0x90, 0x00, 0x07, 0x12, 0x8a, 0xe5,
  0x90, 0x82, 0x3c, 0xe0, 0x75, 0xf0, 0x08, 0xa4, 0xff, 0x90, 0x00, 0x09,
  0x12, 0x8a, 0xe5, 0x7f, 0x00, 0x22, 0xe0, 0x90, 0x00, 0x02, 0x02, 0x15,
  0xde, 0x12, 0x1b, 0x43, 0x90, 0x00, 0x01, 0xef, 0x02, 0x15, 0xde, 0x12,
  0x1b, 0xdb, 0x90, 0x00, 0x04, 0x22, 0x90, 0xd4, 0x4c, 0xe0, 0x70, 0x03,
  0x7f, 0x01, 0x22, 0x61, 0x6e, 0x90, 0xd2, 0xee, 0x12, 0x1b, 0x63, 0x90,
  0xd2, 0xf1, 0x12, 0x1b, 0x63, 0x90, 0xd2, 0xee, 0x12, 0x1b, 0x43, 0xe9,
  0x24, 0x11, 0xf9, 0xe4, 0x3a, 0xfa, 0x90, 0xd2, 0xf4, 0x02, 0x1b, 0x63,
  0x91, 0xc7, 0x7d, 0x36, 0x7c, 0x82, 0x12, 0x02, 0x51, 0x90, 0xd4, 0xbf,
  0xe0, 0xfe, 0xa3, 0xe0, 0xff, 0x7d, 0x38, 0x7c, 0x82, 0x12, 0x02, 0x51,
  0x02, 0xce, 0x3d, 0x90, 0xd3, 0x27, 0xf0, 0xa3, 0xef, 0xf0, 0x22, 0x90,
  0xd4, 0xc1, 0xe0, 0xfe, 0xa3, 0xe0, 0xff, 0x22, 0x90, 0xd4, 0x5a, 0xe0,
  0x60, 0x02, 0x80, 0xcc, 0x02, 0xcd, 0xe7, 0x90, 0xc7, 0x72, 0xe0, 0xb4,
  0x01, 0x04, 0xe4, 0xf0, 0x91, 0xd0, 0x22, 0xe0, 0xfc, 0xa3, 0xe0, 0xfd,
  0x90, 0xd2, 0xeb, 0xec, 0xf0, 0xa3, 0xed, 0xf0, 0xeb, 0xfd, 0x7c, 0x00,
  0xef, 0x33, 0x95, 0xe0, 0xfe, 0xb1, 0x07, 0x90, 0xd2, 0xeb, 0xa3, 0xe0,
  0x2f, 0xff, 0x22, 0x12, 0x16, 0x00, 0x7d, 0x10, 0x02, 0x16, 0x67, 0x90,
  0xc7, 0x75, 0xe0, 0x64, 0x01, 0x70, 0x02, 0xa1, 0xc1, 0x90, 0xce, 0xe9,
  0xe0, 0xfe, 0xa3, 0xe0, 0xff, 0x90, 0xcf, 0xbd, 0x12, 0xc8, 0xb6, 0xe4,
  0x7b, 0x10, 0x12, 0x8c, 0x06, 0x12, 0xc6, 0x4c, 0x90, 0xc4, 0x2d, 0x12,
  0xbd, 0xe1, 0x12, 0x18, 0x18, 0xe4, 0xfb, 0x7a, 0x04, 0xf9, 0xf8, 0x12,
  0x18, 0xa3, 0x12, 0x8f, 0xe2, 0x90, 0xc3, 0x4b, 0x12, 0x1a, 0x4c, 0x90,
  0xd2, 0xc1, 0x12, 0x1a, 0xe9, 0x12, 0x8d, 0x0f, 0x90, 0xd2, 0xc1, 0x12,
  0x1a, 0x68, 0xd3, 0x12, 0x19, 0x73, 0x40, 0x61, 0x12, 0x91, 0xc4, 0x90,
  0xd2, 0xb9, 0x12, 0x90, 0xe8, 0x12, 0x8c, 0xd8, 0xf0, 0x90, 0xd2, 0xb9,
  0x12, 0xbd, 0xe1, 0x78, 0x08, 0x12, 0x19, 0xab, 0xc0, 0x06, 0xc0, 0x07,
  0x90, 0xc4, 0x40, 0x12, 0x8a, 0x87, 0xd0, 0x07, 0xd0, 0x06, 0x12, 0x18,
  0xa3, 0x90, 0xd2, 0xb9, 0x12, 0x8a, 0xff, 0x12, 0xbd, 0xe1, 0x78, 0x08,
  0x12, 0x19, 0xab, 0xc0, 0x06, 0xc0, 0x07, 0x90, 0xc4, 0x42, 0x12, 0x8a,
  0x87, 0xd0, 0x07, 0xd0, 0x06, 0xb1, 0xdb, 0xee, 0xb1, 0xe2, 0xb1, 0xc2,
  0x90, 0xc4, 0x44, 0xee, 0x12, 0x8c, 0x48, 0xfe, 0xa3, 0xe0, 0xff, 0xb1,
  0xc2, 0x90, 0xc4, 0x46, 0xee, 0xf0, 0xa3, 0xef, 0xf0, 0x22, 0x90, 0xc4,
  0x35, 0xe0, 0xfb, 0x7a, 0x00, 0xc3, 0xe4, 0x9b, 0xfd, 0x74, 0x01, 0x9a,
  0xfc, 0xe4, 0x2b, 0xfb, 0xea, 0x34, 0x01, 0xfa, 0x02, 0x02, 0x65, 0x12,
  0x18, 0xa3, 0x90, 0xd2, 0xbb, 0x22, 0xf0, 0xa3, 0xef, 0xf0, 0x90, 0xd2,
  0xb9, 0xe0, 0xfe, 0xa3, 0xe0, 0xff, 0x22, 0x78, 0x00, 0x7c, 0x82, 0x7d,
  0x01, 0x7b, 0x01, 0x7a, 0xc4, 0x79, 0x01, 0xd1, 0x23, 0x78, 0x06, 0x7c,
  0x82, 0x7d, 0x01, 0x7b, 0x01, 0x7a, 0xc4, 0x79, 0x09, 0xd1, 0x23, 0x90,
  0x82, 0x10, 0x74, 0xf0, 0xf0, 0xa3, 0x74, 0x14, 0xf0, 0x90, 0x82, 0x0c,
  0xd1, 0x1b, 0xa3, 0x74, 0x23, 0xf0, 0xa3, 0x74, 0x1d, 0xf0, 0x22, 0x7e,
  0x00, 0x7f, 0x06, 0x02, 0x15, 0x3e, 0x12, 0x8a, 0x78, 0x90, 0xd3, 0x0f,
  0x12, 0xd0, 0xc2, 0x7d, 0x0a, 0x12, 0x16, 0x12, 0xab, 0x07, 0xaa, 0x06,
  0xa3, 0x12, 0xd0, 0xc2, 0x7d, 0x0a, 0x12, 0x16, 0x12, 0xad, 0x07, 0xac,
  0x06, 0xae, 0x02, 0xeb, 0x78, 0x03, 0xce, 0xc3, 0x13, 0xce, 0x13, 0xd8,
  0xf9, 0xfb, 0xae, 0x04, 0xed, 0x78, 0x03, 0xce, 0xc3, 0x13, 0xce, 0x13,
  0xd8, 0xf9, 0xfa, 0xeb, 0x75, 0xf0, 0x50, 0xa4, 0xff, 0x12, 0x8f, 0x25,
  0x95, 0xf0, 0xfe, 0x90, 0xd2, 0x21, 0xe0, 0x7c, 0x00, 0x12, 0x8b, 0xbd,
  0xff, 0x90, 0xd3, 0x13, 0xee, 0xf0, 0xa3, 0xef, 0xf0, 0xea, 0x75, 0xf0,
  0x50, 0xa4, 0xff, 0x12, 0x8f, 0x19, 0x95, 0xf0, 0x12, 0x8b, 0xb8, 0xf1,
  0x10, 0x90, 0xd3, 0x13, 0x12, 0xb7, 0x2c, 0xce, 0xc3, 0x13, 0xce, 0x13,
  0xd8, 0xf9, 0x78, 0x03, 0xc3, 0x33, 0xce, 0x33, 0xce, 0xd8, 0xf9, 0xff,
  0x90, 0xd3, 0x13, 0x12, 0x8a, 0xff, 0x12, 0xb7, 0x2c, 0xce, 0xc3, 0x13,
  0xce, 0x13, 0xd8, 0xf9, 0x78, 0x03, 0xc3, 0x33, 0xce, 0x33, 0xce, 0xd8,
  0xf9, 0xf1, 0x10, 0x90, 0xd3, 0x14, 0xe0, 0x90, 0x82, 0x52, 0xf0, 0x90,
  0xd3, 0x13, 0xe0, 0x90, 0x82, 0x53, 0xf0, 0x90, 0xd3, 0x16, 0xe0, 0x90,
  0x82, 0x54, 0xf0, 0x90, 0xd3, 0x15, 0xe0, 0x90, 0x82, 0x55, 0xf0, 0xa3,
  0xeb, 0xf0, 0xa3, 0xea, 0xf0, 0x90, 0x82, 0x2f, 0x74, 0x0a, 0xf0, 0xa3,
  0xf0, 0xea, 0xfd, 0x7c, 0x00, 0xaf, 0x03, 0x7e, 0x00, 0x12, 0x16, 0x00,
  0xef, 0x78, 0x02, 0xc3, 0x33, 0xce, 0x33, 0xce, 0xd8, 0xf9, 0xff, 0x90,
  0xc7, 0x78, 0xee, 0xf0, 0xa3, 0xef, 0xf0, 0x22, 0xff, 0x90, 0xd3, 0x15,
  0xee, 0xf0, 0xa3, 0xef, 0xf0, 0x22, 0xd1, 0x2a, 0x90, 0x2f, 0xb1, 0xe4,
  0x93, 0x90, 0xd4, 0x5a, 0xf0, 0x90, 0x82, 0x5f, 0x60, 0x04, 0x74, 0x1c,
  0xf0, 0x22, 0x74, 0x0d, 0xf0, 0x22, 0xea, 0x49, 0x4b, 0x70, 0x03, 0x7f,
  0x01, 0x22, 0x90, 0xd4, 0x4c, 0xe0, 0x12, 0x15, 0xcc, 0x7f, 0x00, 0x22,
  0x90, 0xd4, 0x4c, 0xe0, 0x70, 0x03, 0x7f, 0x01, 0x22, 0x90, 0xd4, 0xc1,
  0xee, 0x12, 0x8f, 0x63, 0x90, 0xd4, 0xbf, 0xec, 0xf0, 0xa3, 0xef, 0xf0,
  0x7f, 0x00, 0x22, 0xec, 0xf0, 0xa3, 0xed, 0xf0, 0xc3, 0x22, 0x7f, 0x7a,
  0x7e, 0x82, 0x02, 0x02, 0x38, 0x90, 0xd2, 0xce, 0x02, 0x1b, 0x43, 0x90,
  0xd2, 0xeb, 0x12, 0x1b, 0x43, 0x90, 0x00, 0x0c, 0x22, 0x12, 0x16, 0xf4,
  0xfb, 0xaa, 0xf0, 0x22, 0x90, 0x00, 0xbf, 0x12, 0x15, 0x7d, 0xff, 0x22,
  0x12, 0x18, 0xa3, 0xad, 0x07, 0xac, 0x06, 0x22, 0xe0, 0xfc, 0xa3, 0xe0,
  0xfd, 0x90, 0xd2, 0xc5, 0x22, 0x12, 0x16, 0xf4, 0x25, 0xe0, 0xfe, 0xe5,
  0xf0, 0x33, 0x22, 0xe9, 0x24, 0x01, 0xf9, 0xe4, 0x3a, 0xa8, 0x01, 0xfc,
  0xad, 0x03, 0x22, 0x12, 0x1a, 0xe9, 0x90, 0xd0, 0x4c, 0xe0, 0x22, 0x90,
  0x82, 0x6c, 0xf0, 0x90, 0x82, 0x48, 0x22, 0xe0, 0xc4, 0x54, 0xf0, 0x48,
  0xfe, 0xc3, 0xed, 0x9f, 0xff, 0xe5, 0xf0, 0x9e, 0xfe, 0x90, 0xc4, 0x18,
  0xe0, 0xfa, 0xfd, 0x33, 0x95, 0xe0, 0xfc, 0x12, 0x16, 0x67, 0x90, 0xd2,
  0xc0, 0xe0, 0xfb, 0xd3, 0x9f, 0xee, 0x64, 0x80, 0xf8, 0x74, 0x80, 0x98,
  0x22, 0x90, 0xd2, 0xba, 0xe0, 0xff, 0x90, 0xd2, 0xb9, 0xe0, 0x22, 0x90,
  0xd2, 0xc6, 0xe0, 0x90, 0xd2, 0xc8, 0xf0, 0x90, 0xd2, 0xc5, 0xe0, 0x90,
  0xd2, 0xc7, 0xf0, 0x90, 0xd2, 0xc9, 0xe0, 0x04, 0xf0, 0x22, 0xef, 0xa4,
  0xf5, 0x82, 0x85, 0xf0, 0x83, 0x02, 0x16, 0xf4, 0xe0, 0xc4, 0x54, 0xf0,
  0x48, 0xfe, 0xc3, 0xed, 0x9f, 0xff, 0xe5, 0xf0, 0x9e, 0xfe, 0x22, 0x7b,
  0xff, 0x7a, 0x00, 0x7d, 0x01, 0x7c, 0x00, 0x02, 0x02, 0x65, 0x90, 0xd2,
  0xbb, 0xe0, 0x75, 0xf0, 0x10, 0xa4, 0x2d, 0xfd, 0xec, 0x35, 0xf0, 0xfc,
  0x90, 0xc4, 0x21, 0xe0, 0xfe, 0xa3, 0x22, 0x90, 0xd2, 0xc7, 0xe0, 0x90,
  0xd2, 0xc5, 0xf0, 0xfb, 0x90, 0xd2, 0xc8, 0xe0, 0x90, 0xd2, 0xc6, 0xf0,
  0x22, 0x90, 0xd2, 0xc2, 0xe0, 0xfd, 0x7c, 0x00, 0xaf, 0x03, 0xae, 0x02,
  0x12, 0x16, 0x12, 0x90, 0xd2, 0xdd, 0x22, 0xe0, 0xfc, 0xa3, 0xe0, 0xfd,
  0x90, 0xd2, 0xbf, 0xe0, 0x90, 0xd2, 0xef, 0xf0, 0x90, 0xd2, 0xd1, 0x22,
  0x90, 0xd2, 0xc0, 0xe0, 0x90, 0xd2, 0xc2, 0xf0, 0x90, 0xd2, 0xbf, 0xe0,
  0x90, 0xd2, 0xc1, 0xf0, 0x22, 0x90, 0xd2, 0xc1, 0xe0, 0xfa, 0xa3, 0xe0,
  0xfb, 0xc3, 0xea, 0x64, 0x80, 0x94, 0x80, 0x22, 0x90, 0xd2, 0xdb, 0xe0,
  0xfe, 0xa3, 0xe0, 0x78, 0x05, 0x22, 0x90, 0xd2, 0xbf, 0xe0, 0x75, 0xf0,
  0x10, 0xa4, 0xfd, 0x22, 0x90, 0xd2, 0xbc, 0xe0, 0x90, 0xd2, 0xbe, 0xf0,
  0x90, 0xd2, 0xbb, 0xe0, 0x22, 0x90, 0xc4, 0x44, 0xe0, 0xfe, 0xa3, 0xe0,
  0xff, 0x90, 0xc4, 0x3c, 0x22, 0x12, 0x18, 0xa3, 0x90, 0xd2, 0xbd, 0xee,
  0xf0, 0xa3, 0xef, 0xf0, 0x22, 0x90, 0xd2, 0xc7, 0x12, 0x1a, 0x4c, 0x78,
  0x08, 0x02, 0x19, 0xab, 0x75, 0xf0, 0x0a, 0xa4, 0x24, 0x7e, 0xf5, 0x82,
  0xe4, 0x34, 0xc5, 0x22, 0x75, 0xf0, 0x0a, 0xa4, 0x24, 0xe2, 0xf5, 0x82,
  0xe4, 0x34, 0xc5, 0x22, 0xe0, 0xfc, 0xa3, 0xe0, 0xfd, 0x90, 0xd2, 0xc0,
  0xe0, 0xfb, 0x22, 0xe0, 0xfc, 0xa3, 0xe0, 0xfd, 0x90, 0xd2, 0xc6, 0xe0,
  0xfb, 0x22, 0xef, 0x2b, 0xff, 0xee, 0x3a, 0xfe, 0x22, 0xe0, 0xff, 0xe4,
  0xfe, 0x78, 0x0c, 0x02, 0x19, 0xab, 0x75, 0xf0, 0x10, 0xa4, 0xfd, 0x90,
  0xc4, 0x1d, 0xe0, 0x22, 0x24, 0x1f, 0xf5, 0x82, 0x74, 0xc3, 0x3e, 0xf5,
  0x83, 0x22, 0x90, 0xc4, 0x15, 0xe0, 0xff, 0x90, 0xc4, 0x16, 0x22, 0x90,
  0xc4, 0x18, 0xe0, 0xff, 0x90, 0xc4, 0x19, 0x22, 0x90, 0xc4, 0x1b, 0xe0,
  0xff, 0x90, 0xc4, 0x1c, 0x22, 0x90, 0xc4, 0x1e, 0xe0, 0xff, 0x90, 0xc4,
  0x1f, 0x22, 0x90, 0xc4, 0x11, 0xe0, 0xc4, 0x54, 0xf0, 0x48, 0x22, 0x90,
  0xd2, 0xdd, 0x74, 0x04, 0xf0, 0xa3, 0xe4, 0x22, 0x90, 0xd2, 0xd9, 0x74,
  0x04, 0xf0, 0xa3, 0xe4, 0x22, 0x90, 0xd2, 0xdb, 0x74, 0x04, 0xf0, 0xa3,
  0xe4, 0x22, 0x7c, 0x00, 0x7d, 0x20, 0x02, 0x1c, 0xf1, 0xef, 0xf0, 0x90,
  0xd2, 0xbd, 0xe0, 0xff, 0x22, 0xfd, 0x7c, 0x00, 0x90, 0xc4, 0x15, 0xe0,
  0x22, 0xe4, 0x2f, 0xfb, 0xee, 0x34, 0x01, 0xfa, 0x22, 0xc3, 0xa3, 0xe0,
  0x64, 0x80, 0x94, 0x80, 0x22, 0xe0, 0xfa, 0x75, 0xf0, 0x10, 0xa4, 0xc3,
  0x22, 0xe0, 0xfd, 0x7c, 0x00, 0x90, 0xc4, 0x1e, 0x22, 0xf0, 0xa3, 0xef,
  0xf0, 0x90, 0xc4, 0x18, 0x22, 0x75, 0xf0, 0x0a, 0xa4, 0xff, 0xa3, 0xe0,
  0x22, 0x90, 0xc4, 0x23, 0xe0, 0xfe, 0xa3, 0xe0, 0x22, 0xff, 0xff, 0xff,
  0xff, 0xff, 0xff, 0xff, 0xff, 0xff, 0xff, 0xff, 0xff, 0xff, 0xff, 0xff,
  0xff, 0xff, 0xff, 0xff, 0xff, 0xff, 0xff, 0xff, 0xff, 0xff, 0xff, 0xff,
  0xff, 0xff, 0xff, 0xff, 0xff, 0xff, 0xff, 0xff, 0xff, 0xff, 0xff, 0xff,
  0xff, 0xff, 0xff, 0xff, 0xff, 0xff, 0xff, 0xff, 0xff, 0xff, 0xff, 0xff,
  0xff, 0xff, 0xff, 0xff, 0xff, 0xff, 0xff, 0xff, 0xff, 0xff, 0xff, 0xff,
  0xff, 0xff, 0xff, 0xff, 0xff, 0xff, 0xff, 0xff, 0xff, 0xff, 0xff, 0xff,
  0xff, 0xff, 0xff, 0xff, 0xff, 0xff, 0xff, 0xff, 0xff, 0xff, 0xff, 0xff,
  0xff, 0xff, 0xff, 0xff, 0xff, 0xff, 0xff, 0xff, 0xff, 0xff, 0xff, 0xff,
  0xff, 0xff, 0xff, 0xff, 0xff, 0xff, 0xff, 0xff, 0xff, 0xff, 0xff, 0xff,
  0xff, 0xff, 0xff, 0xff, 0xff, 0xff, 0xff, 0xff, 0xff, 0xff, 0xff, 0xff,
  0xff, 0xff, 0xff, 0xff, 0xff, 0xff, 0xff, 0xff, 0xff, 0xff, 0xff, 0xff,
  0xff, 0xff, 0xff, 0xff, 0xff, 0xff, 0xff, 0xff, 0xff, 0xff, 0xff, 0xff,
  0xff, 0xff, 0xff, 0xff, 0xff, 0xff, 0xff, 0xff, 0xff, 0xff, 0xff, 0xff,
  0xff, 0xff, 0xff, 0xff, 0xff, 0xff, 0xff, 0xff, 0xff, 0xff, 0xff, 0xff,
  0xff, 0xff, 0xff, 0xff, 0xff, 0xff, 0xff, 0xff, 0xff, 0xff, 0xff, 0xff,
  0xff, 0xff, 0xff, 0xff, 0xff, 0xff, 0xff, 0xff, 0xff, 0xff, 0xff, 0xff,
  0xff, 0xff, 0xff, 0xff, 0xff, 0xff, 0xff, 0xff, 0xff, 0xff, 0xff, 0xff,
  0xff, 0xff, 0xff, 0xff, 0xff, 0xff, 0xff, 0xff, 0xff, 0xff, 0xff, 0xff,
  0xff, 0xff, 0xff, 0xff, 0xff, 0xff, 0xff, 0xff, 0xff, 0xff, 0xff, 0xff,
  0xff, 0xff, 0xff, 0xff, 0xff, 0xff, 0xff, 0xff, 0xff, 0xff, 0xff, 0xff,
  0xff, 0xff, 0xff, 0xff, 0xff, 0xff, 0xff, 0xff, 0xff, 0xff, 0xff, 0xff,
  0xff, 0xff, 0xff, 0xff, 0xff, 0xff, 0xff, 0xff, 0xff, 0xff, 0xff, 0xff,
  0xff, 0xff, 0xff, 0xff, 0xff, 0xff, 0xff, 0xff, 0xff, 0xff, 0xff, 0xff,
  0xff, 0xff, 0xff, 0xff, 0xff, 0xff, 0xff, 0xff, 0xff, 0xff, 0xff, 0xff,
  0xff, 0xff, 0xff, 0xff, 0xff, 0xff, 0xff, 0xff, 0xff, 0xff, 0xff, 0xff,
  0xff, 0xff, 0xff, 0xff, 0xff, 0xff, 0xff, 0xff, 0xff, 0xff, 0xff, 0xff,
  0xff, 0xff, 0xff, 0xff, 0xff, 0xff, 0xff, 0xff, 0xff, 0xff, 0xff, 0xff,
  0xff, 0xff, 0xff, 0xff, 0xff, 0xff, 0xff, 0xff, 0xff, 0xff, 0xff, 0xff,
  0xff, 0xff, 0xff, 0xff, 0xff, 0xff, 0xff, 0xff, 0xff, 0xff, 0xff, 0xff,
  0xff, 0xff, 0xff, 0xff, 0xff, 0xff, 0xff, 0xff, 0xff, 0xff, 0xff, 0xff,
  0xff, 0xff, 0xff, 0xff, 0xff, 0xff, 0xff, 0xff, 0xff, 0xff, 0xff, 0xff,
  0xff, 0xff, 0xff, 0xff, 0xff, 0xff, 0xff, 0xff, 0xff, 0xff, 0xff, 0xff,
  0xff, 0xff, 0xff, 0xff, 0xff, 0xff, 0xff, 0xff, 0xff, 0xff, 0xff, 0xff,
  0xff, 0xff, 0xff, 0xff, 0xff, 0xff, 0xff, 0xff, 0xff, 0xff, 0xff, 0xff,
  0xff, 0xff, 0xff, 0xff, 0xff, 0xff, 0xff, 0xff, 0xff, 0xff, 0xff, 0xff,
  0xff, 0xff, 0xff, 0xff, 0xff, 0xff, 0xff, 0xff, 0xff, 0xff, 0xff, 0xff,
  0xff, 0xff, 0xff, 0xff, 0xff, 0xff, 0xff, 0xff, 0xff, 0xff, 0xff, 0xff,
  0xff, 0xff, 0xff, 0xff, 0xff, 0xff, 0xff, 0xff, 0xff, 0xff, 0xff, 0xff,
  0xff, 0xff, 0xff, 0xff, 0xff, 0xff, 0xff, 0xff, 0xff, 0xff, 0xff, 0xff,
  0xff, 0xff, 0xff, 0xff, 0xff, 0xff, 0xff, 0xff, 0xff, 0xff, 0xff, 0xff,
  0xff, 0xff, 0xff, 0xff, 0xff, 0xff, 0xff, 0xff, 0xff, 0xff, 0xff, 0xff,
  0xff, 0xff, 0xff, 0xff, 0xff, 0xff, 0xff, 0xff, 0xff, 0xff, 0xff, 0xff,
  0xff, 0xff, 0xff, 0xff, 0xff, 0xff, 0xff, 0xff, 0xff, 0xff, 0xff, 0xff,
  0xff, 0xff, 0xff, 0xff, 0xff, 0xff, 0xff, 0xff, 0xff, 0xff, 0xff, 0xff,
  0xff, 0xff, 0xff, 0xff, 0xff, 0xff, 0xff, 0xff, 0xff, 0xff, 0xff, 0xff,
  0xff, 0xff, 0xff, 0xff, 0xff, 0xff, 0xff, 0xff, 0xff, 0xff, 0xff, 0xff,
  0xff, 0xff, 0xff, 0xff, 0xff, 0xff, 0xff, 0xff, 0xff, 0xff, 0xff, 0xff,
  0xff, 0xff, 0xff, 0xff, 0xff, 0xff, 0xff, 0xff, 0xff, 0xff, 0xff, 0xff,
  0xff, 0xff, 0xff, 0xff, 0xff, 0xff, 0xff, 0xff, 0xff, 0xff, 0xff, 0xff,
  0xff, 0xff, 0xff, 0xff, 0xff, 0xff, 0xff, 0xff, 0xff, 0xff, 0xff, 0xff,
  0xff, 0xff, 0xff, 0xff, 0xff, 0xff, 0xff, 0xff, 0xff, 0xff, 0xff, 0xff,
  0xff, 0xff, 0xff, 0xff, 0xff, 0xff, 0xff, 0xff, 0xff, 0xff, 0xff, 0xff,
  0xff, 0xff, 0xff, 0xff, 0xff, 0xff, 0xff, 0xff, 0xff, 0xff, 0xff, 0xff,
  0xff, 0xff, 0xff, 0xff, 0xff, 0xff, 0xff, 0xff, 0xff, 0xff, 0xff, 0xff,
  0xff, 0xff, 0xff, 0xff, 0xff, 0xff, 0xff, 0xff, 0xff, 0xff, 0xff, 0xff,
  0xff, 0xff, 0xff, 0xff, 0xff, 0xff, 0xff, 0xff, 0xff, 0xff, 0xff, 0xff,
  0xff, 0xff, 0xff, 0xff, 0xff, 0xff, 0xff, 0xff, 0xff, 0xff, 0xff, 0xff,
  0xff, 0xff, 0xff, 0xff, 0xff, 0xff, 0xff, 0xff, 0xff, 0xff, 0xff, 0xff,
  0xff, 0xff, 0xff, 0xff, 0xff, 0xff, 0xff, 0xff, 0xff, 0xff, 0xff, 0xff,
  0xff, 0xff, 0xff, 0xff, 0xff, 0xff, 0xff, 0xff, 0xff, 0xff, 0xff, 0xff,
  0xff, 0xff, 0xff, 0xff, 0xff, 0xff, 0xff, 0xff, 0xff, 0xff, 0xff, 0xff,
  0xff, 0xff, 0xff, 0xff, 0xff, 0xff, 0xff, 0xff, 0xff, 0xff, 0xff, 0xff,
  0xff, 0xff, 0xff, 0xff, 0xff, 0xff, 0xff, 0xff, 0xff, 0xff, 0xff, 0xff,
  0xff, 0xff, 0xff, 0xff, 0xff, 0xff, 0xff, 0xff, 0xff, 0xff, 0xff, 0xff,
  0xff, 0xff, 0xff, 0xff, 0xff, 0xff, 0xff, 0xff, 0xff, 0xff, 0xff, 0xff,
  0xff, 0xff, 0xff, 0xff, 0xff, 0xff, 0xff, 0xff, 0xff, 0xff, 0xff, 0xff,
  0xff, 0xff, 0xff, 0xff, 0xff, 0xff, 0xff, 0xff, 0xff, 0xff, 0xff, 0xff,
  0xff, 0xff, 0xff, 0xff, 0xff, 0xff, 0xff, 0xff, 0xff, 0xff, 0xff, 0xff,
  0xff, 0xff, 0xff, 0xff, 0xff, 0xff, 0xff, 0xff, 0xff, 0xff, 0xff, 0xff,
  0xff, 0xff, 0xff, 0xff, 0xff, 0xff, 0xff, 0xff, 0xff, 0xff, 0xff, 0xff,
  0xff, 0xff, 0xff, 0xff, 0xff, 0xff, 0xff, 0xff, 0xff, 0xff, 0xff, 0xff,
  0xff, 0xff, 0xff, 0xff, 0xff, 0xff, 0xff, 0xff, 0xff, 0xff, 0xff, 0xff,
  0xff, 0xff, 0xff, 0xff, 0xff, 0xff, 0xff, 0xff, 0xff, 0xff, 0xff, 0xff,
  0xff, 0xff, 0xff, 0xff, 0xff, 0xff, 0xff, 0xff, 0xff, 0xff, 0xff, 0xff,
  0xff, 0xff, 0xff, 0xff, 0xff, 0xff, 0xff, 0xff, 0xff, 0xff, 0xff, 0xff,
  0xff, 0xff, 0xff, 0xff, 0xff, 0xff, 0xff, 0xff, 0xff, 0xff, 0xff, 0xff,
  0xff, 0xff, 0xff, 0xff, 0xff, 0xff, 0xff, 0xff, 0xff, 0xff, 0xff, 0xff,
  0xff, 0xff, 0xff, 0xff, 0xff, 0xff, 0xff, 0xff, 0xff, 0xff, 0xff, 0xff,
  0xff, 0xff, 0xff, 0xff, 0xff, 0xff, 0xff, 0xff, 0xff, 0xff, 0xff, 0xff,
  0xff, 0xff, 0xff, 0xff, 0xff, 0xff, 0xff, 0xff, 0xff, 0xff, 0xff, 0xff,
  0xff, 0xff, 0xff, 0xff, 0xff, 0xff, 0xff, 0xff, 0xff, 0xff, 0xff, 0xff,
  0xff, 0xff, 0xff, 0xff, 0xff, 0xff, 0xff, 0xff, 0xff, 0xff, 0xff, 0xff,
  0xff, 0xff, 0xff, 0xff, 0xff, 0xff, 0xff, 0xff, 0xff, 0xff, 0xff, 0xff,
  0xff, 0xff, 0xff, 0xff, 0xff, 0xff, 0xff, 0xff, 0xff, 0xff, 0xff, 0xff,
  0xff, 0xff, 0xff, 0xff, 0xff, 0xff, 0xff, 0xff, 0xff, 0xff, 0xff, 0xff,
  0xff, 0xff, 0xff, 0xff, 0xff, 0xff, 0xff, 0xff, 0xff, 0xff, 0xff, 0xff,
  0xff, 0xff, 0xff, 0xff, 0xff, 0xff, 0xff, 0xff, 0xff, 0xff, 0xff, 0xff,
  0xff, 0xff, 0xff, 0xff, 0xff, 0xff, 0xff, 0xff, 0xff, 0xff, 0xff, 0xff,
  0xff, 0xff, 0xff, 0xff, 0xff, 0xff, 0xff, 0xff, 0xff, 0xff, 0xff, 0xff,
  0xff, 0xff, 0xff, 0xff, 0xff, 0xff, 0xff, 0xff, 0xff, 0xff, 0xff, 0xff,
  0xff, 0xff, 0xff, 0xff, 0xff, 0xff, 0xff, 0xff, 0xff, 0xff, 0xff, 0xff,
  0xff, 0xff, 0xff, 0xff, 0xff, 0xff, 0xff, 0xff, 0xff, 0xff, 0xff, 0xff,
  0xff, 0xff, 0xff, 0xff, 0xff, 0xff, 0xff, 0xff, 0xff, 0xff, 0xff, 0xff,
  0xff, 0xff, 0xff, 0xff, 0xff, 0xff, 0xff, 0xff, 0xff, 0xff, 0xff, 0xff,
  0xff, 0xff, 0xff, 0xff, 0xff, 0xff, 0xff, 0xff, 0xff, 0xff, 0xff, 0xff,
  0xff, 0xff, 0xff, 0xff, 0xff, 0xff, 0xff, 0xff, 0xff, 0xff, 0xff, 0xff,
  0xff, 0xff, 0xff, 0xff, 0xff, 0xff, 0xff, 0xff, 0xff, 0xff, 0xff, 0xff,
  0xff, 0xff, 0xff, 0xff, 0xff, 0xff, 0xff, 0xff, 0xff, 0xff, 0xff, 0xff,
  0xff, 0xff, 0xff, 0xff, 0xff, 0xff, 0xff, 0xff, 0xff, 0xff, 0xff, 0xff,
  0xff, 0xff, 0xff, 0xff, 0xff, 0xff, 0xff, 0xff, 0xff, 0xff, 0xff, 0xff,
  0xff, 0xff, 0xff, 0xff, 0xff, 0xff, 0xff, 0xff, 0xff, 0xff, 0xff, 0xff,
  0xff, 0xff, 0xff, 0xff, 0xff, 0xff, 0xff, 0xff, 0xff, 0xff, 0xff, 0xff,
  0xff, 0xff, 0xff, 0xff, 0xff, 0xff, 0xff, 0xff, 0xff, 0xff, 0xff, 0xff,
  0xff, 0xff, 0xff, 0xff, 0xff, 0xff, 0xff, 0xff, 0xff, 0xff, 0xff, 0xff,
  0xff, 0xff, 0xff, 0xff, 0xff, 0xff, 0xff, 0xff, 0xff, 0xff, 0xff, 0xff,
  0xff, 0xff, 0xff, 0xff, 0xff, 0xff, 0xff, 0xff, 0xff, 0xff, 0xff, 0xff,
  0xff, 0xff, 0xff, 0xff, 0xff, 0xff, 0xff, 0xff, 0xff, 0xff, 0xff, 0xff,
  0xff, 0xff, 0xff, 0xff, 0xff, 0xff, 0xff, 0xff, 0xff, 0xff, 0xff, 0xff,
  0xff, 0xff, 0xff, 0xff, 0xff, 0xff, 0xff, 0xff, 0xff, 0xff, 0xff, 0xff,
  0xff, 0xff, 0xff, 0xff, 0xff, 0xff, 0xff, 0xff, 0xff, 0xff, 0xff, 0xff,
  0xff, 0xff, 0xff, 0xff, 0xff, 0xff, 0xff, 0xff, 0xff, 0xff, 0xff, 0xff,
  0xff, 0xff, 0xff, 0xff, 0xff, 0xff, 0xff, 0xff, 0xff, 0xff, 0xff, 0xff,
  0xff, 0xff, 0xff, 0xff, 0xff, 0xff, 0xff, 0xff, 0xff, 0xff, 0xff, 0xff,
  0xff, 0xff, 0xff, 0xff, 0xff, 0xff, 0xff, 0xff, 0xff, 0xff, 0xff, 0xff,
  0xff, 0xff, 0xff, 0xff, 0xff, 0xff, 0xff, 0xff, 0xff, 0xff, 0xff, 0xff,
  0xff, 0xff, 0xff, 0xff, 0xff, 0xff, 0xff, 0xff, 0xff, 0xff, 0xff, 0xff,
  0xff, 0xff, 0xff, 0xff, 0xff, 0xff, 0xff, 0xff, 0xff, 0xff, 0xff, 0xff,
  0xff, 0xff, 0xff, 0xff, 0xff, 0xff, 0xff, 0xff, 0xff, 0xff, 0xff, 0xff,
  0xff, 0xff, 0xff, 0xff, 0xff, 0xff, 0xff, 0xff, 0xff, 0xff, 0xff, 0xff,
  0xff, 0xff, 0xff, 0xff, 0xff, 0xff, 0xff, 0xff, 0xff, 0xff, 0xff, 0xff,
  0xff, 0xff, 0xff, 0xff, 0xff, 0xff, 0xff, 0xff, 0xff, 0xff, 0xff, 0xff,
  0xff, 0xff, 0xff, 0xff, 0xff, 0xff, 0xff, 0xff, 0xff, 0xff, 0xff, 0xff,
  0xff, 0xff, 0xff, 0xff, 0xff, 0xff, 0xff, 0xff, 0xff, 0xff, 0xff, 0xff,
  0xff, 0xff, 0xff, 0xff, 0xff, 0xff, 0xff, 0xff, 0xff, 0xff, 0xff, 0xff,
  0xff, 0xff, 0xff, 0xff, 0xff, 0xff, 0xff, 0xff, 0xff, 0xff, 0xff, 0xff,
  0xff, 0xff, 0xff, 0xff, 0xff, 0xff, 0xff, 0xff, 0xff, 0xff, 0xff, 0xff,
  0xff, 0xff, 0xff, 0xff, 0xff, 0xff, 0xff, 0xff, 0xff, 0xff, 0xff, 0xff,
  0xff, 0xff, 0xff, 0xff, 0xff, 0xff, 0xff, 0xff, 0xff, 0xff, 0xff, 0xff,
  0xff, 0xff, 0xff, 0xff, 0xff, 0xff, 0xff, 0xff, 0xff, 0xff, 0xff, 0xff,
  0xff, 0xff, 0xff, 0xff, 0xff, 0xff, 0xff, 0xff, 0xff, 0xff, 0xff, 0xff,
  0xff, 0xff, 0xff, 0xff, 0xff, 0xff, 0xff, 0xff, 0xff, 0xff, 0xff, 0xff,
  0xff, 0xff, 0xff, 0xff, 0xff, 0xff, 0xff, 0xff, 0xff, 0xff, 0xff, 0xff,
  0xff, 0xff, 0xff, 0xff, 0x22, 0x90, 0xd3, 0x0f, 0x12, 0x90, 0x4e, 0xff,
  0x12, 0x88, 0x1c, 0x90, 0xd3, 0x0f, 0xe0, 0xff, 0x12, 0x03, 0xf0, 0x12,
  0x8e, 0xa8, 0x90, 0xd3, 0x0f, 0xe0, 0xfd, 0x12, 0x03, 0xf5, 0x90, 0xd3,
  0x0f, 0xe0, 0x70, 0x0d, 0x7f, 0x0a, 0x12, 0x02, 0xbf, 0x90, 0x80, 0x02,
  0xe0, 0x54, 0xef, 0xf0, 0x22, 0x78, 0x4b, 0x7c, 0xc1, 0x12, 0xfc, 0x2b,
  0x78, 0x59, 0x7c, 0xd2, 0x12, 0xfc, 0x2b, 0x12, 0x03, 0xd7, 0x90, 0x80,
  0x02, 0xe0, 0x44, 0x10, 0xf0, 0x22, 0x12, 0xfc, 0x63, 0x90, 0xc1, 0x10,
  0xe0, 0x71, 0x7c, 0x78, 0x02, 0xc3, 0x33, 0xce, 0x33, 0xce, 0xd8, 0xf9,
  0x12, 0xfc, 0x1f, 0xfc, 0x12, 0x02, 0x6a, 0x90, 0x85, 0x1a, 0x12, 0xfb,
  0xe5, 0xc0, 0x04, 0xc0, 0x05, 0xc0, 0x06, 0xc0, 0x07, 0x90, 0xc1, 0x11,
  0x12, 0xfc, 0xc7, 0xd0, 0x03, 0xd0, 0x02, 0xd0, 0x01, 0xd0, 0x00, 0x12,
  0xbd, 0xbf, 0xc0, 0x04, 0xc0, 0x05, 0xc0, 0x06, 0xc0, 0x07, 0x90, 0xd3,
  0x33, 0x12, 0x1a, 0xf5, 0x00, 0x00, 0x00, 0x00, 0x90, 0xd3, 0x37, 0x12,
  0x1a, 0xf5, 0x40, 0x40, 0x00, 0x00, 0xd0, 0x07, 0xd0, 0x06, 0xd0, 0x05,
  0xd0, 0x04, 0x12, 0xfc, 0x95, 0x12, 0xfb, 0xe5, 0xc0, 0x04, 0xc0, 0x05,
  0xc0, 0x06, 0xc0, 0x07, 0x90, 0xc1, 0x11, 0xe0, 0x54, 0x30, 0xff, 0xc4,
  0x54, 0x0f, 0xfc, 0xe4, 0x12, 0x13, 0x41, 0xd0, 0x03, 0xd0, 0x02, 0xd0,
  0x01, 0xd0, 0x00, 0x12, 0xbd, 0xbf, 0xc0, 0x04, 0xc0, 0x05, 0xc0, 0x06,
  0xc0, 0x07, 0x90, 0xd3, 0x33, 0x12, 0x1a, 0xf5, 0x00, 0x00, 0x00, 0x00,
  0x90, 0xd3, 0x37, 0x12, 0x1a, 0xf5, 0x40, 0x40, 0x00, 0x00, 0xd0, 0x07,
  0xd0, 0x06, 0xd0, 0x05, 0xd0, 0x04, 0x12, 0x02, 0x79, 0x12, 0x13, 0x75,
  0x90, 0xc1, 0x11, 0x12, 0xfc, 0x53, 0x90, 0x85, 0x1f, 0x12, 0xfb, 0xe6,
  0xc0, 0x04, 0xc0, 0x05, 0xc0, 0x06, 0xc0, 0x07, 0x90, 0xc1, 0x12, 0x12,
  0xfc, 0xc7, 0xd0, 0x03, 0xd0, 0x02, 0xd0, 0x01, 0xd0, 0x00, 0x12, 0xbd,
  0xbf, 0xc0, 0x04, 0xc0, 0x05, 0xc0, 0x06, 0xc0, 0x07, 0x90, 0xd3, 0x33,
  0x12, 0x1a, 0xf5, 0x00, 0x00, 0x00, 0x00, 0x90, 0xd3, 0x37, 0x12, 0x1a,
  0xf5, 0x40, 0x00, 0x00, 0x00, 0xd0, 0x07, 0xd0, 0x06, 0xd0, 0x05, 0xd0,
  0x04, 0x12, 0xfc, 0x95, 0xef, 0xf0, 0x90, 0xc1, 0x12, 0xe0, 0x54, 0xfc,
  0x4f, 0x90, 0x85, 0x0c, 0xf0, 0x90, 0xc1, 0x13, 0xe0, 0x71, 0x7c, 0x78,
  0x02, 0xc3, 0x33, 0xce, 0x33, 0xce, 0xd8, 0xf9, 0x2d, 0xff, 0xee, 0x3c,
  0xfe, 0x7b, 0x7f, 0x7a, 0x00, 0xe4, 0xfd, 0xfc, 0x12, 0x02, 0x6a, 0x90,
  0x84, 0x60, 0xef, 0xf0, 0x90, 0xc1, 0x14, 0xe0, 0x54, 0x0f, 0x12, 0xf6,
  0x34, 0x7d, 0x03, 0x12, 0x16, 0x00, 0xef, 0x2b, 0xff, 0xea, 0x3e, 0xfe,
  0x7b, 0x0f, 0xe4, 0xfd, 0x51, 0x18, 0x90, 0xc1, 0x14, 0xe0, 0x54, 0xf0,
  0x4f, 0x90, 0x84, 0x7d, 0xf0, 0x90, 0xc1, 0x15, 0xe0, 0x51, 0x25, 0x51,
  0x18, 0x90, 0xc1, 0x15, 0x51, 0x21, 0x71, 0x88, 0x90, 0x85, 0x52, 0xf0,
  0x90, 0xc1, 0x16, 0x12, 0xfb, 0xfd, 0x51, 0x3c, 0x51, 0x17, 0xe0, 0xc4,
  0x54, 0xf0, 0xff, 0x90, 0xc1, 0x16, 0xe0, 0x54, 0x0f, 0x4f, 0x90, 0x85,
  0x51, 0xf0, 0x90, 0xc1, 0x17, 0xe0, 0x51, 0x25, 0x51, 0x18, 0x90, 0xc1,
  0x17, 0x51, 0x21, 0x71, 0x88, 0x90, 0x85, 0x5d, 0xf0, 0x90, 0xc1, 0x18,
  0x12, 0xfb, 0xfd, 0x51, 0x3c, 0x51, 0x17, 0xe0, 0xc4, 0x54, 0xf0, 0xff,
  0x90, 0xc1, 0x18, 0xe0, 0x54, 0x0f, 0x4f, 0x90, 0x85, 0x5c, 0xf0, 0x90,
  0xc1, 0x19, 0xe0, 0x71, 0x7c, 0x78, 0x03, 0xc3, 0x33, 0xce, 0x33, 0xce,
  0xd8, 0xf9, 0x2d, 0xff, 0xee, 0x3c, 0xfe, 0x7b, 0x1f, 0x7a, 0x00, 0xe4,
  0xfd, 0xfc, 0x12, 0x02, 0x6a, 0x90, 0x85, 0xab, 0xef, 0xf0, 0x22, 0xfc,
  0x12, 0x02, 0x6a, 0x90, 0xd3, 0x2c, 0xef, 0xf0, 0x22, 0xe0, 0x54, 0xf0,
  0xc4, 0x54, 0x0f, 0xfd, 0x7c, 0x00, 0x90, 0xd3, 0x2b, 0xe0, 0x25, 0xe0,
  0xff, 0x90, 0xd3, 0x2a, 0xe0, 0x33, 0xfe, 0xef, 0x2d, 0xff, 0xec, 0x3e,
  0xfe, 0x7b, 0x0f, 0x7a, 0x00, 0xe4, 0xfd, 0x22, 0x12, 0xfc, 0x63, 0x90,
  0xc1, 0x1b, 0x12, 0xf6, 0x33, 0x12, 0xfc, 0x3a, 0x90, 0xc1, 0x0a, 0xef,
  0xf0, 0x90, 0xc1, 0x1c, 0x12, 0xf6, 0x33, 0x12, 0xfc, 0x3a, 0x90, 0xc1,
  0x0c, 0xef, 0xf0, 0x90, 0xc1, 0x1a, 0xe0, 0xfd, 0x90, 0xd3, 0x2b, 0xe0,
  0x25, 0xe0, 0xff, 0x90, 0xd3, 0x2a, 0xe0, 0x33, 0xfe, 0xc3, 0xed, 0x9f,
  0xff, 0xe4, 0x12, 0xfb, 0x9d, 0x90, 0xc1, 0x0d, 0xef, 0xf0, 0x90, 0xc1,
  0x1d, 0x12, 0xfb, 0x38, 0x90, 0x85, 0xe4, 0xef, 0xf0, 0x90, 0xc1, 0x1e,
  0x12, 0xfb, 0x38, 0x90, 0x85, 0xe7, 0xef, 0xf0, 0x90, 0xc1, 0x1f, 0xe0,
  0x71, 0x7c, 0x78, 0x03, 0xc3, 0x33, 0xce, 0x33, 0xce, 0xd8, 0xf9, 0x12,
  0xfc, 0x1f, 0xfc, 0x12, 0x02, 0x6a, 0x90, 0x85, 0xfa, 0xef, 0xf0, 0x90,
  0xc1, 0x20, 0xe0, 0x71, 0x7c, 0x78, 0x03, 0xc3, 0x33, 0xce, 0x33, 0xce,
  0xd8, 0xf9, 0x12, 0xfc, 0x1f, 0xfc, 0x12, 0x02, 0x6a, 0x90, 0x85, 0xfb,
  0xef, 0xf0, 0x90, 0xc1, 0x21, 0xe0, 0x54, 0x3f, 0x71, 0x7c, 0x78, 0x02,
  0xc3, 0x33, 0xce, 0x33, 0xce, 0xd8, 0xf9, 0xff, 0xc3, 0xed, 0x9f, 0xff,
  0xec, 0x12, 0xfb, 0x9d, 0x90, 0xd3, 0x2c, 0xef, 0xf0, 0x90, 0xc1, 0x21,
  0xe0, 0x54, 0xc0, 0x4f, 0x90, 0x85, 0x31, 0xf0, 0x90, 0xc1, 0x22, 0xe0,
  0x54, 0x03, 0x12, 0xfc, 0x03, 0x12, 0xfc, 0xe1, 0x51, 0x17, 0x90, 0xc1,
  0x22, 0xe0, 0x54, 0x30, 0x12, 0xfc, 0x00, 0x12, 0xfc, 0xe1, 0xfc, 0x12,
  0x02, 0x6a, 0x90, 0xc1, 0x22, 0x12, 0xfc, 0x53, 0x90, 0x85, 0x36, 0xf0,
  0x90, 0xc1, 0x23, 0xe0, 0x51, 0x25, 0x51, 0x18, 0x90, 0xc1, 0x23, 0x51,
  0x21, 0x71, 0x88, 0x90, 0x85, 0x37, 0xf0, 0x90, 0xc1, 0x24, 0xe0, 0x71,
  0x7a, 0x78, 0x02, 0xc3, 0x33, 0xce, 0x33, 0xce, 0xd8, 0xf9, 0x2d, 0xff,
  0xee, 0x3c, 0x51, 0x3c, 0x51, 0x17, 0x90, 0xc1, 0x24, 0xe0, 0x54, 0xf0,
  0xc4, 0x71, 0x7a, 0x78, 0x02, 0xc3, 0x33, 0xce, 0x33, 0xce, 0xd8, 0xf9,
  0x2d, 0xff, 0xee, 0x3c, 0x51, 0x3c, 0xfc, 0x71, 0x88, 0x90, 0x84, 0x82,
  0xf0, 0x12, 0xe4, 0x6b, 0x70, 0x06, 0xa3, 0xe0, 0xff, 0x02, 0xd0, 0x98,
  0xa3, 0xe0, 0xff, 0x02, 0x0d, 0xff, 0x54, 0x0f, 0xff, 0xfd, 0x7c, 0x00,
  0x90, 0xd3, 0x2a, 0xe0, 0xfe, 0xa3, 0xe0, 0x22, 0x12, 0x02, 0x6a, 0xef,
  0xc4, 0x54, 0xf0, 0xff, 0x90, 0xd3, 0x2c, 0xe0, 0x4f, 0x22, 0x12, 0xd9,
  0xb2, 0x91, 0x65, 0x90, 0x00, 0x0a, 0x12, 0xc7, 0x01, 0x7d, 0x00, 0x7c,
  0x72, 0x12, 0x02, 0x42, 0x91, 0x65, 0x90, 0x00, 0x0c, 0x12, 0xc7, 0x01,
  0x7d, 0x02, 0x7c, 0x72, 0x12, 0x02, 0x42, 0x91, 0x65, 0x90, 0x00, 0x0e,
  0x12, 0x19, 0xde, 0x12, 0xbd, 0xc2, 0x12, 0x13, 0x75, 0x7d, 0x04, 0x7c,
  0x72, 0x12, 0x02, 0x42, 0x91, 0x65, 0x90, 0x00, 0x12, 0x12, 0x19, 0xde,
  0x12, 0xbd, 0xc2, 0x12, 0x13, 0x75, 0x90, 0xd3, 0x07, 0x74, 0x72, 0xf0,
  0xa3, 0x74, 0x06, 0xf0, 0x12, 0x02, 0x47, 0x91, 0x65, 0x12, 0x8b, 0xac,
  0x90, 0x72, 0x08, 0x12, 0xc7, 0x1e, 0x90, 0x72, 0x09, 0xf0, 0x22, 0x90,
  0xd2, 0xe2, 0x12, 0x1b, 0x63, 0x90, 0x71, 0x01, 0xe0, 0xff, 0x90, 0xd2,
  0xe2, 0x12, 0x1b, 0x43, 0xef, 0x12, 0x15, 0xcc, 0x90, 0x71, 0x00, 0xe0,
  0xff, 0x90, 0xd2, 0xe2, 0x12, 0x1b, 0x43, 0x90, 0x00, 0x01, 0xef, 0x12,
  0x15, 0xde, 0x90, 0x71, 0x03, 0xe0, 0x90, 0x00, 0x02, 0x12, 0x15, 0xde,
  0x90, 0x71, 0x02, 0xe0, 0xff, 0xe9, 0x24, 0x02, 0xf9, 0xe4, 0x3a, 0xfa,
  0x90, 0x00, 0x01, 0xef, 0x12, 0x15, 0xde, 0x90, 0x71, 0x05, 0xe0, 0xff,
  0x90, 0xd2, 0xe2, 0x12, 0x1b, 0x43, 0x90, 0x00, 0x04, 0xef, 0x12, 0x15,
  0xde, 0x90, 0x71, 0x04, 0xe0, 0xff, 0xe9, 0x24, 0x04, 0xf9, 0xe4, 0x3a,
  0xfa, 0x90, 0x00, 0x01, 0xef, 0x12, 0x15, 0xde, 0x90, 0x71, 0x07, 0xe0,
  0xff, 0x90, 0xd2, 0xe2, 0x02, 0x1b, 0x43, 0x90, 0xd2, 0xb8, 0xed, 0xf0,
  0xae, 0x07, 0xa3, 0xeb, 0xf0, 0xfd, 0xa3, 0x74, 0xff, 0xf0, 0x12, 0xe4,
  0x94, 0x90, 0xd2, 0xba, 0xef, 0xf0, 0x60, 0x03, 0xe0, 0xff, 0x22, 0xee,
  0x12, 0x1c, 0x64, 0xb5, 0x5b, 0x01, 0xb5, 0xbc, 0x02, 0xb6, 0x3f, 0x05,
  0xb6, 0x60, 0x06, 0xb6, 0x8b, 0x07, 0xb6, 0xa5, 0x08, 0xb6, 0xc1, 0x09,
  0xb7, 0xc5, 0x0a, 0xb8, 0x65, 0x0e, 0xb8, 0x77, 0x0f, 0xb8, 0xcf, 0x10,
  0xb9, 0x8d, 0x12, 0xb9, 0xa0, 0x13, 0xb9, 0xde, 0x14, 0xba, 0x00, 0x15,
  0xba, 0x2d, 0x17, 0xba, 0x41, 0x18, 0xba, 0x5d, 0x19, 0xba, 0xc5, 0x1a,
  0xba, 0xe2, 0x1b, 0xbb, 0x08, 0x1d, 0xbb, 0xb5, 0x20, 0xbb, 0xc6, 0x21,
  0xbb, 0xdc, 0x22, 0xbb, 0xed, 0x23, 0xbc, 0x03, 0x24, 0xbc, 0x11, 0x25,
  0xbc, 0x27, 0x26, 0xbc, 0x35, 0x27, 0xbd, 0x60, 0x28, 0xb5, 0xa4, 0x81,
  0xb5, 0xe3, 0x82, 0xb5, 0xe9, 0x83, 0xb6, 0x19, 0x84, 0xb6, 0x56, 0x85,
  0xb6, 0x81, 0x86, 0xb6, 0x9b, 0x87, 0xb6, 0xb7, 0x88, 0xb7, 0x88, 0x89,
  0xb7, 0xf0, 0x8a, 0xb8, 0x01, 0x8b, 0xb8, 0x3d, 0x8c, 0xb8, 0x4c, 0x8d,
  0xb8, 0x6e, 0x8e, 0xb8, 0xae, 0x8f, 0xb8, 0xe1, 0x90, 0xb8, 0xf2, 0x91,
  0xb9, 0x97, 0x92, 0xb9, 0xd5, 0x93, 0xb9, 0xf7, 0x94, 0xba, 0x17, 0x95,
  0xba, 0x38, 0x97, 0xba, 0x54, 0x98, 0xba, 0xbc, 0x99, 0xba, 0xd9, 0x9a,
  0xba, 0xf6, 0x9b, 0xba, 0xff, 0x9c, 0xbb, 0xae, 0x9d, 0xbb, 0xbd, 0xa0,
  0xbb, 0xd1, 0xa1, 0xbb, 0xe4, 0xa2, 0xbb, 0xf8, 0xa3, 0xbc, 0x0b, 0xa4,
  0xbc, 0x1c, 0xa5, 0xbc, 0x2f, 0xa6, 0xbc, 0xbf, 0xa7, 0xbd, 0x7d, 0xa8,
  0xbd, 0xb1, 0xaa, 0x00, 0x00, 0xbd, 0xbc, 0x90, 0x71, 0x00, 0xe0, 0x54,
  0x01, 0x12, 0xfc, 0xae, 0x90, 0xd2, 0x24, 0xe0, 0x6f, 0xfe, 0xbe, 0x01,
  0x03, 0x12, 0x03, 0xc3, 0x90, 0x71, 0x00, 0xe0, 0x54, 0x02, 0xc3, 0x13,
  0x12, 0xfc, 0xae, 0x90, 0xc2, 0x43, 0xe0, 0x6f, 0xfe, 0xbe, 0x01, 0x02,
  0xef, 0xf0, 0x90, 0x71, 0x00, 0xe0, 0x54, 0x04, 0x13, 0x13, 0x54, 0x3f,
  0x12, 0xfc, 0xae, 0x90, 0xc3, 0x5a, 0xe0, 0x6f, 0xfe, 0xbe, 0x01, 0x05,
  0xef, 0xf0, 0x12, 0xf8, 0x11, 0x7f, 0x00, 0x22, 0x90, 0xc2, 0x43, 0xe0,
  0x25, 0xe0, 0xff, 0x90, 0xd2, 0x24, 0xe0, 0x4f, 0xff, 0x90, 0xc3, 0x5a,
  0xe0, 0x25, 0xe0, 0x25, 0xe0, 0x4f, 0xc1, 0x5a, 0x90, 0x71, 0x00, 0xe0,
  0xff, 0x90, 0xd2, 0x72, 0xe0, 0x6f, 0xff, 0xbf, 0x01, 0x16, 0x90, 0x71,
  0x00, 0xe0, 0x90, 0xd2, 0x72, 0x70, 0x03, 0xf0, 0x80, 0x03, 0x74, 0x01,
  0xf0, 0x90, 0xd2, 0x72, 0xe0, 0xff, 0x11, 0x01, 0x7f, 0x00, 0x22, 0x90,
  0xd2, 0x72, 0xe0, 0x80, 0x71, 0x90, 0x72, 0x00, 0x74, 0x1b, 0xf0, 0x90,
  0xd2, 0xbd, 0x74, 0x20, 0xf0, 0xa3, 0xe4, 0xf0, 0xe0, 0x90, 0x72, 0x01,
  0xf0, 0x90, 0xd2, 0xbd, 0x12, 0x90, 0xcd, 0x74, 0x55, 0xf0, 0xa3, 0x74,
  0x5f, 0xf0, 0xe0, 0x90, 0x72, 0x03, 0xf0, 0x90, 0xd2, 0xbd, 0xe0, 0x90,
  0x72, 0x04, 0x02, 0xbd, 0xb8, 0x90, 0xd2, 0xb8, 0xe0, 0x14, 0x60, 0x09,
  0x14, 0x60, 0x06, 0x24, 0x02, 0x70, 0x0c, 0x80, 0x00, 0x90, 0x72, 0x00,
  0x74, 0x04, 0xf0, 0xa3, 0xe4, 0x80, 0x06, 0x90, 0x72, 0x00, 0xe4, 0xf0,
  0xa3, 0xf0, 0xa3, 0xf0, 0x7f, 0x00, 0x22, 0x90, 0x71, 0x00, 0xe0, 0xd3,
  0x94, 0x02, 0x40, 0x03, 0x7f, 0x0b, 0x22, 0x90, 0x71, 0x00, 0xe0, 0xff,
  0x12, 0xce, 0xd3, 0x7f, 0x00, 0x22, 0x90, 0xcd, 0xaf, 0xe0, 0x90, 0x72,
  0x00, 0x02, 0xbd, 0xb8, 0x90, 0x71, 0x00, 0xe0, 0xd3, 0x94, 0x64, 0x40,
  0x03, 0x7f, 0x0b, 0x22, 0x90, 0x71, 0x00, 0xe0, 0x90, 0xcd, 0xb0, 0xf0,
  0x90, 0xcd, 0xaf, 0xe0, 0xb4, 0x01, 0x03, 0x12, 0xcf, 0x10, 0x7f, 0x00,
  0x22, 0x90, 0xcd, 0xb0, 0xe0, 0x90, 0x72, 0x00, 0x02, 0xbd, 0xb8, 0x90,
  0x71, 0x00, 0xe0, 0x90, 0xd2, 0x56, 0xf0, 0xe0, 0xff, 0x12, 0x03, 0xcd,
  0x7f, 0x00, 0x22, 0x90, 0xd2, 0x56, 0xe0, 0x90, 0x72, 0x00, 0x02, 0xbd,
  0xb8, 0x90, 0x71, 0x00, 0xe0, 0x90, 0xc2, 0x20, 0xf0, 0x90, 0x71, 0x00,
  0xe0, 0x90, 0xd0, 0xe6, 0x02, 0xba, 0x48, 0x90, 0xc2, 0x20, 0xe0, 0x90,
  0x72, 0x00, 0x02, 0xbd, 0xb8, 0x90, 0x71, 0x01, 0xe0, 0x90, 0xd2, 0xbf,
  0xf0, 0x90, 0x71, 0x00, 0xe0, 0x90, 0xd2, 0xc0, 0xf0, 0x90, 0x71, 0x03,
  0xe0, 0x90, 0xd2, 0xc1, 0xf0, 0x90, 0x71, 0x02, 0xe0, 0x90, 0xd2, 0xc2,
  0xf0, 0x90, 0x71, 0x05, 0xe0, 0x90, 0xd2, 0xc3, 0xf0, 0x90, 0x71, 0x04,
  0xe0, 0x90, 0xd2, 0xc4, 0xf0, 0x90, 0xd2, 0xbf, 0xe0, 0xfe, 0xa3, 0xe0,
  0xff, 0x12, 0x87, 0x3f, 0x90, 0xd2, 0xba, 0xef, 0xf0, 0x60, 0x03, 0xe0,
  0xff, 0x22, 0x90, 0xd2, 0xc1, 0xe0, 0xfe, 0xa3, 0xe0, 0xff, 0x12, 0x87,
  0x4e, 0x90, 0xd2, 0xba, 0xef, 0xf0, 0x60, 0x03, 0xe0, 0xff, 0x22, 0x12,
  0xf4, 0x3f, 0xe4, 0xfd, 0x12, 0x03, 0xff, 0x90, 0xd2, 0xba, 0xef, 0xf0,
  0x60, 0x03, 0xe0, 0xff, 0x22, 0x90, 0xc2, 0xfe, 0x74, 0x01, 0xf0, 0xe4,
  0x90, 0xc3, 0x2e, 0xf0, 0x90, 0xd2, 0xc1, 0x12, 0x87, 0x30, 0x78, 0x43,
  0x12, 0x12, 0x21, 0xc0, 0x04, 0xc0, 0x05, 0xc0, 0x06, 0xc0, 0x07, 0x90,
  0xd2, 0xbf, 0x12, 0x87, 0x30, 0x78, 0x43, 0x12, 0x12, 0x21, 0xd0, 0x03,
  0xd0, 0x02, 0xd0, 0x01, 0xd0, 0x00, 0x12, 0x11, 0x18, 0xc0, 0x04, 0xc0,
  0x05, 0xc0, 0x06, 0xc0, 0x07, 0x90, 0xd2, 0xc3, 0x12, 0x87, 0x30, 0x78,
  0x43, 0x12, 0x12, 0x21, 0xd0, 0x03, 0xd0, 0x02, 0xd0, 0x01, 0xd0, 0x00,
  0x12, 0x11, 0x18, 0x90, 0xc3, 0x54, 0x12, 0x1a, 0xe9, 0x7f, 0x00, 0x22,
  0x12, 0x87, 0x4c, 0x12, 0xfc, 0x9f, 0x12, 0xcc, 0xa4, 0x90, 0xd2, 0xbf,
  0xee, 0xf0, 0xa3, 0xef, 0xf0, 0x12, 0x87, 0x9d, 0x12, 0xfc, 0x9f, 0x12,
  0xcc, 0xa4, 0x12, 0x8d, 0xea, 0x12, 0x04, 0x04, 0x12, 0xfc, 0x9f, 0x12,
  0xcc, 0xa4, 0x12, 0x8d, 0x28, 0x12, 0x8d, 0x73, 0x90, 0xd2, 0xc2, 0xe0,
  0x90, 0x72, 0x02, 0xf0, 0x90, 0xd2, 0xc1, 0x12, 0x8c, 0xa6, 0x02, 0xbd,
  0xb8, 0x90, 0xd2, 0xb8, 0xe0, 0x14, 0x60, 0x10, 0x04, 0x70, 0x1e, 0x78,
  0xfc, 0x7c, 0xc9, 0x12, 0xdb, 0x01, 0x7e, 0x00, 0x7f, 0x40, 0x80, 0x1f,
  0x78, 0x3c, 0x7c, 0xca, 0x12, 0xdb, 0x01, 0x7e, 0x00, 0x7f, 0x24, 0x12,
  0x15, 0x3e, 0x02, 0xba, 0x11, 0x7f, 0x0b, 0x22, 0x12, 0xfc, 0x72, 0x7a,
  0xc9, 0x79, 0xfc, 0x7e, 0x00, 0x7f, 0x64, 0x12, 0x15, 0x3e, 0x7f, 0x00,
  0x22, 0x90, 0xd2, 0xb8, 0xe0, 0x14, 0x60, 0x0c, 0x14, 0x60, 0x21, 0x24,
  0x02, 0x70, 0x2b, 0x12, 0xfc, 0xcf, 0x80, 0x26, 0x12, 0xfc, 0xcf, 0x78,
  0x01, 0x7c, 0x72, 0x12, 0x8b, 0x88, 0x78, 0xeb, 0x7c, 0xd0, 0x7d, 0x01,
  0x7b, 0x01, 0x7a, 0xca, 0x79, 0x71, 0x80, 0x07, 0x12, 0xfc, 0x72, 0x7a,
  0xd0, 0x79, 0xeb, 0x7e, 0x00, 0x7f, 0x80, 0x12, 0x15, 0x3e, 0x7f, 0x00,
  0x22, 0x90, 0xd2, 0xb8, 0x12, 0x8b, 0x97, 0xa3, 0xe0, 0x90, 0xd2, 0xf2,
  0xf0, 0x02, 0xd9, 0xc3, 0x90, 0xd2, 0xb8, 0xe0, 0xff, 0x24, 0x00, 0x12,
  0x8d, 0x4e, 0x90, 0x72, 0x00, 0xf0, 0x74, 0x08, 0x2f, 0x12, 0x8d, 0x45,
  0x90, 0x72, 0x01, 0xa1, 0xb8, 0x90, 0x71, 0x00, 0xe0, 0x90, 0xc3, 0x75,
  0xa1, 0xb8, 0x90, 0xc3, 0x75, 0xe0, 0x90, 0x72, 0x00, 0xa1, 0xb8, 0x90,
  0x71, 0x01, 0xe0, 0x90, 0xc3, 0x86, 0xf0, 0x90, 0x71, 0x00, 0xe0, 0x90,
  0xc3, 0x87, 0xf0, 0x90, 0x71, 0x03, 0xe0, 0x90, 0xc3, 0x7d, 0xf0, 0x90,
  0x71, 0x02, 0xe0, 0x90, 0xc3, 0x7e, 0xf0, 0x90, 0xcf, 0x44, 0xe0, 0xb4,
  0x01, 0x0d, 0x90, 0xd2, 0x72, 0xe0, 0x70, 0x07, 0x12, 0x87, 0xff, 0xf0,
  0x12, 0x00, 0xd0, 0x7f, 0x00, 0x22, 0x90, 0xc3, 0x87, 0xe0, 0x90, 0x72,
  0x00, 0xf0, 0x90, 0xc3, 0x86, 0xe0, 0x90, 0x72, 0x01, 0xf0, 0x90, 0xc3,
  0x7e, 0xe0, 0x90, 0x72, 0x02, 0xf0, 0x90, 0xc3, 0x7d, 0xe0, 0x90, 0x72,
  0x03, 0xa1, 0xb8, 0x90, 0x71, 0x01, 0xe0, 0x90, 0xc9, 0xee, 0xf0, 0x90,
  0x71, 0x00, 0xe0, 0x90, 0xc9, 0xef, 0xf0, 0x41, 0x11, 0x90, 0xc9, 0xef,
  0xe0, 0x90, 0x72, 0x00, 0xf0, 0x90, 0xc9, 0xee, 0xe0, 0x90, 0x72, 0x01,
  0xa1, 0xb8, 0x90, 0xcc, 0x26, 0xe0, 0x90, 0x72, 0x00, 0xf0, 0x90, 0xcc,
  0x25, 0xe0, 0x90, 0x72, 0x01, 0xf0, 0x90, 0xcc, 0x24, 0xe0, 0x90, 0x72,
  0x02, 0xf0, 0x90, 0xcc, 0x23, 0xe0, 0x90, 0x72, 0x03, 0xf0, 0x90, 0xcc,
  0x2a, 0xe0, 0x90, 0x72, 0x04, 0xf0, 0x90, 0xcc, 0x29, 0xe0, 0x90, 0x72,
  0x05, 0xf0, 0x90, 0xcc, 0x28, 0xe0, 0x90, 0x72, 0x06, 0xf0, 0x90, 0xcc,
  0x27, 0xe0, 0x90, 0x72, 0x07, 0xf0, 0x7f, 0x08, 0xe4, 0x90, 0xd2, 0xbb,
  0xf0, 0xe4, 0xfe, 0x12, 0xfb, 0xc2, 0x24, 0x36, 0xf5, 0x82, 0xe4, 0x34,
  0xcc, 0x12, 0xfb, 0xa9, 0x24, 0x35, 0xf5, 0x82, 0xe4, 0x34, 0xcc, 0x12,
  0xfb, 0xa9, 0x24, 0x34, 0xf5, 0x82, 0xe4, 0x34, 0xcc, 0x12, 0xfb, 0xa9,
  0x24, 0x33, 0xf5, 0x82, 0xe4, 0x34, 0xcc, 0xf5, 0x83, 0x75, 0xf0, 0x04,
  0xee, 0x12, 0x1b, 0x37, 0xe0, 0xfd, 0xac, 0x07, 0x0f, 0xe4, 0x2c, 0xf5,
  0x82, 0xe4, 0x34, 0x72, 0xf5, 0x83, 0xed, 0xf0, 0x0e, 0xee, 0x64, 0x05,
  0x70, 0xb9, 0x12, 0x8d, 0xbe, 0xe0, 0x64, 0x05, 0x70, 0xaf, 0x7f, 0x00,
  0x22, 0x90, 0x71, 0x00, 0xe0, 0x90, 0xc9, 0xfa, 0xf0, 0x80, 0x7a, 0x90,
  0xc9, 0xfa, 0xe0, 0x90, 0x72, 0x00, 0xa1, 0xb8, 0x90, 0x71, 0x00, 0xe0,
  0xff, 0x90, 0xcc, 0x0e, 0xe0, 0x6f, 0x60, 0x26, 0x90, 0x71, 0x00, 0xe0,
  0x90, 0xcc, 0x0e, 0x12, 0xe4, 0x5b, 0x90, 0xcc, 0x0e, 0xe0, 0x70, 0x16,
  0x90, 0xd2, 0x40, 0x12, 0x1b, 0x43, 0xe9, 0x24, 0x18, 0xf9, 0xe4, 0x3a,
  0xfa, 0x78, 0xfc, 0x7c, 0xc9, 0x7d, 0x01, 0x12, 0x8b, 0x90, 0x7f, 0x00,
  0x22, 0x90, 0xcc, 0x0e, 0xe0, 0x90, 0x72, 0x00, 0xa1, 0xb8, 0x90, 0x71,
  0x00, 0xe0, 0xff, 0x90, 0xcc, 0x0f, 0xe0, 0x6f, 0x60, 0x0a, 0x90, 0x71,
  0x00, 0xe0, 0x90, 0xcc, 0x0f, 0x12, 0xe4, 0x5b, 0x7f, 0x00, 0x22, 0x90,
  0xcc, 0x0f, 0xe0, 0x90, 0x72, 0x00, 0xa1, 0xb8, 0x90, 0xcf, 0x65, 0xe0,
  0x60, 0x03, 0x7f, 0x0c, 0x22, 0x90, 0x71, 0x00, 0xe0, 0x90, 0xc3, 0x34,
  0xf0, 0x12, 0xe4, 0x5c, 0x7f, 0x00, 0x22, 0x90, 0xcf, 0x65, 0xe0, 0x60,
  0x05, 0x90, 0xc3, 0x77, 0x80, 0x03, 0x90, 0xc3, 0x34, 0xe0, 0x90, 0x72,
  0x00, 0xf0, 0x7f, 0x00, 0x22, 0x90, 0x71, 0x00, 0xe0, 0xff, 0x12, 0x00,
  0xf3, 0x7f, 0x00, 0x22, 0x12, 0x00, 0xf8, 0x90, 0x72, 0x00, 0xef, 0xa1,
  0xb8, 0x90, 0x71, 0x00, 0xe0, 0x90, 0xc2, 0x44, 0xf0, 0x12, 0x8f, 0x87,
  0xc2, 0x00, 0x12, 0x04, 0x8b, 0x7f, 0x00, 0x22, 0x90, 0xc2, 0x44, 0xe0,
  0x90, 0x72, 0x00, 0xa1, 0xb8, 0x12, 0xfc, 0x11, 0xe0, 0xff, 0x90, 0x71,
  0x00, 0xe0, 0xfe, 0xef, 0x6e, 0x60, 0x4e, 0xe0, 0xfe, 0x90, 0xd2, 0xb8,
  0xe0, 0xff, 0x12, 0xfc, 0x15, 0xee, 0xf0, 0xef, 0x12, 0xe1, 0x0f, 0xe0,
  0x60, 0x3b, 0x12, 0xe0, 0x93, 0x90, 0xd2, 0xc5, 0x12, 0xe0, 0x88, 0xe4,
  0xf0, 0x90, 0xd2, 0xb8, 0x12, 0xe4, 0x35, 0x12, 0xc7, 0xae, 0x12, 0x8a,
  0xc8, 0x12, 0xf9, 0x0c, 0xec, 0xf0, 0xa3, 0xed, 0xf0, 0x90, 0xd2, 0xb8,
  0xe0, 0xff, 0x90, 0xcf, 0x02, 0xa3, 0x12, 0xe1, 0x44, 0x12, 0x8b, 0xc7,
  0x12, 0x04, 0xbd, 0x90, 0xd2, 0xc5, 0xe0, 0x12, 0xe0, 0x8a, 0x74, 0x01,
  0xf0, 0x7f, 0x00, 0x22, 0x12, 0xfc, 0x11, 0xe0, 0x90, 0x72, 0x00, 0xa1,
  0xb8, 0x90, 0x71, 0x00, 0xe0, 0x90, 0x71, 0x00, 0xe0, 0x90, 0xc1, 0x0e,
  0xf0, 0xe0, 0xff, 0x12, 0xb0, 0x4a, 0x7f, 0x00, 0x22, 0x90, 0xc1, 0x0e,
  0xe0, 0x90, 0x72, 0x00, 0xa1, 0xb8, 0x90, 0x71, 0x00, 0xe0, 0x90, 0x71,
  0x00, 0xe0, 0x90, 0xc1, 0x0f, 0xf0, 0xe0, 0xff, 0x12, 0xb2, 0x44, 0x7f,
  0x00, 0x22, 0x90, 0xc1, 0x0f, 0xe0, 0x90, 0x72, 0x00, 0xa1, 0xb8, 0x12,
  0x03, 0xc8, 0x90, 0x72, 0x00, 0xef, 0xa1, 0xb8, 0x12, 0xf9, 0x2e, 0x90,
  0xce, 0x1d, 0x12, 0x1a, 0x4c, 0x90, 0xd2, 0xc6, 0x12, 0x1a, 0xe9, 0x90,
  0xd2, 0x24, 0xe0, 0x90, 0xd2, 0xca, 0xf0, 0xe4, 0x90, 0xd2, 0xbb, 0xf0,
  0x90, 0xcf, 0xca, 0xe0, 0xfe, 0x90, 0xd2, 0xbb, 0xe0, 0xff, 0xc3, 0x9e,
  0x50, 0x0f, 0xef, 0x12, 0xe1, 0x0f, 0xe0, 0x60, 0x03, 0x12, 0xe1, 0x82,
  0x12, 0x8d, 0xbe, 0x80, 0xe3, 0x90, 0x71, 0x00, 0xe0, 0xb4, 0x01, 0x06,
  0xe4, 0x90, 0xd2, 0x21, 0x80, 0x0b, 0x90, 0x71, 0x00, 0xe0, 0x70, 0x0a,
  0x90, 0xd2, 0x21, 0x74, 0x08, 0xf0, 0x90, 0xd0, 0xd7, 0xf0, 0xe4, 0x90,
  0xd2, 0xbb, 0xf0, 0x90, 0xcf, 0xca, 0xe0, 0xff, 0x90, 0xd2, 0xbb, 0xe0,
  0xfe, 0xc3, 0x9f, 0x50, 0x3a, 0x12, 0xf9, 0x1c, 0x70, 0x30, 0x90, 0xd2,
  0xbb, 0x12, 0xf8, 0xfe, 0x12, 0xc7, 0xae, 0xc0, 0x04, 0xc0, 0x05, 0x12,
  0xf9, 0x55, 0x12, 0xe7, 0x14, 0x90, 0xd2, 0xc6, 0x12, 0x0f, 0xf7, 0x12,
  0x1a, 0xe9, 0x90, 0xd2, 0xbb, 0xe0, 0xff, 0xd0, 0x05, 0xd0, 0x04, 0x12,
  0xe3, 0x09, 0x90, 0xd2, 0xca, 0xe0, 0xff, 0x12, 0x03, 0xc3, 0x12, 0x8d,
  0xbe, 0x80, 0xb8, 0x7f, 0x00, 0x22, 0x90, 0x72, 0x00, 0xe4, 0xf0, 0xff,
  0x22, 0x90, 0x71, 0x00, 0xe0, 0xff, 0x02, 0x04, 0x13, 0x12, 0x04, 0x18,
  0x90, 0x72, 0x00, 0xef, 0xa1, 0xb8, 0x12, 0xdb, 0x03, 0x90, 0xd2, 0xb9,
  0xe0, 0xfd, 0x02, 0x04, 0x1d, 0x12, 0x8b, 0x99, 0x90, 0xd2, 0xb9, 0xe0,
  0xfd, 0x02, 0x04, 0x22, 0x90, 0x71, 0x00, 0xe0, 0xff, 0x02, 0x04, 0x27,
  0x12, 0x04, 0x2c, 0x90, 0x72, 0x00, 0xef, 0xa1, 0xb8, 0x12, 0xdb, 0x03,
  0x90, 0xd2, 0xb9, 0xe0, 0xfd, 0x02, 0x04, 0x31, 0x12, 0x8b, 0x99, 0x90,
  0xd2, 0xb9, 0xe0, 0xfd, 0x02, 0x04, 0x36, 0x90, 0x71, 0x00, 0xe0, 0xff,
  0x02, 0x03, 0xe6, 0x12, 0x8b, 0x99, 0x02, 0x03, 0xeb, 0x12, 0xdb, 0x03,
  0x12, 0xfc, 0x4c, 0x13, 0xfd, 0x02, 0x03, 0xdc, 0x12, 0x8b, 0x99, 0x12,
  0xfc, 0x4c, 0x13, 0xfd, 0x02, 0x03, 0xe1, 0x90, 0x71, 0x00, 0xe0, 0xff,
  0x02, 0x00, 0xfd, 0x12, 0x8b, 0x99, 0x02, 0x01, 0x02, 0x12, 0xdb, 0x03,
  0x12, 0xf8, 0x0b, 0x78, 0xce, 0x7c, 0xd2, 0x7d, 0x01, 0xb1, 0xd0, 0x7e,
  0x00, 0x7f, 0x1c, 0x12, 0x15, 0x3e, 0xb1, 0xd0, 0xe9, 0x24, 0x09, 0x12,
  0xfb, 0xdc, 0x90, 0xd2, 0xd7, 0xb1, 0xcb, 0xe9, 0x24, 0x0b, 0x12, 0xc6,
  0xe8, 0x12, 0x02, 0x38, 0x90, 0xd2, 0xd9, 0xb1, 0xcb, 0xe9, 0x24, 0x0d,
  0x12, 0xc6, 0xe8, 0x12, 0x02, 0x38, 0x90, 0xd2, 0xdb, 0xb1, 0xcb, 0xe9,
  0x24, 0x0f, 0x12, 0xc6, 0xe8, 0x12, 0x02, 0x38, 0x90, 0xd2, 0xdd, 0xb1,
  0xcb, 0xe9, 0x24, 0x14, 0x12, 0xc6, 0xe8, 0x12, 0x02, 0x38, 0x90, 0xd2,
  0xe2, 0xb1, 0xcb, 0xe9, 0x24, 0x16, 0x12, 0xc6, 0xe8, 0x12, 0x02, 0x38,
  0x90, 0xd2, 0xe4, 0xb1, 0xcb, 0xe9, 0x24, 0x18, 0x12, 0xc6, 0xe8, 0x12,
  0x02, 0x38, 0x90, 0xd2, 0xe6, 0xb1, 0xcb, 0xe9, 0x24, 0x1a, 0x12, 0xfb,
  0xdc, 0x90, 0xd2, 0xe8, 0xee, 0xf0, 0xa3, 0xef, 0xf0, 0x12, 0xfc, 0xa7,
  0x02, 0x01, 0x07, 0x12, 0xfc, 0xa7, 0x12, 0x01, 0x0c, 0x90, 0xd2, 0xba,
  0xef, 0xf0, 0x60, 0x03, 0xe0, 0xff, 0x22, 0x12, 0x8b, 0x99, 0x12, 0xf8,
  0x0b, 0x90, 0xd2, 0xcb, 0x12, 0xdb, 0x11, 0x12, 0xfc, 0xa7, 0x7e, 0x00,
  0x7f, 0x1c, 0x12, 0x15, 0x3e, 0x7e, 0xd2, 0x7f, 0xd7, 0x12, 0x02, 0x38,
  0xb1, 0xd0, 0x90, 0x00, 0x09, 0x12, 0x8a, 0xef, 0x7e, 0xd2, 0x7f, 0xd9,
  0x12, 0x02, 0x38, 0xb1, 0xd0, 0x90, 0x00, 0x0b, 0x12, 0x8a, 0xef, 0x7e,
  0xd2, 0x7f, 0xdb, 0x12, 0x02, 0x38, 0xb1, 0xd0, 0x12, 0x8a, 0xec, 0x7e,
  0xd2, 0x7f, 0xdd, 0x12, 0x02, 0x38, 0xb1, 0xd0, 0x90, 0x00, 0x0f, 0x12,
  0x8a, 0xef, 0x7e, 0xd2, 0x7f, 0xe2, 0x12, 0x02, 0x38, 0xb1, 0xd0, 0x90,
  0x00, 0x14, 0x12, 0x8a, 0xef, 0x7e, 0xd2, 0x7f, 0xe4, 0x12, 0x02, 0x38,
  0xb1, 0xd0, 0x90, 0x00, 0x16, 0x12, 0x8a, 0xef, 0x7e, 0xd2, 0x7f, 0xe6,
  0x12, 0x02, 0x38, 0xb1, 0xd0, 0x90, 0x00, 0x18, 0x12, 0x8a, 0xef, 0x7e,
  0xd2, 0x7f, 0xe8, 0x12, 0x02, 0x38, 0xb1, 0xd0, 0x90, 0x00, 0x1a, 0x12,
  0x8a, 0xef, 0x90, 0xd2, 0xba, 0xe0, 0xff, 0x22, 0x7f, 0x00, 0x7e, 0x71,
  0x12, 0x02, 0x38, 0xc0, 0x06, 0xc0, 0x07, 0x7f, 0x02, 0x7e, 0x71, 0x12,
  0x02, 0x38, 0xac, 0x06, 0xad, 0x07, 0xd0, 0x07, 0xd0, 0x06, 0x02, 0x01,
  0x11, 0x7b, 0x01, 0x7a, 0xd2, 0x79, 0xec, 0x90, 0xd2, 0xf1, 0x12, 0x1b,
  0x63, 0x7a, 0xd2, 0x79, 0xea, 0x12, 0x01, 0x16, 0x90, 0xd2, 0xba, 0xef,
  0xf0, 0x60, 0x03, 0xe0, 0xff, 0x22, 0x90, 0xd2, 0xea, 0x12, 0x8c, 0x51,
  0x12, 0x02, 0x42, 0x90, 0xd2, 0xec, 0x12, 0x8f, 0x31, 0x7c, 0x72, 0x12,
  0x02, 0x42, 0x7f, 0x00, 0x22, 0x90, 0xd0, 0xe6, 0xe0, 0x90, 0x72, 0x00,
  0xf0, 0x7f, 0x00, 0x22, 0x7f, 0x0d, 0x22, 0x12, 0x10, 0x27, 0xe4, 0xfb,
  0xfa, 0xf9, 0x78, 0x3f, 0x02, 0x10, 0x27, 0xee, 0xf0, 0xa3, 0xef, 0xf0,
  0x90, 0xd2, 0xcb, 0x02, 0x1b, 0x43, 0x90, 0xd3, 0x2a, 0x12, 0x1a, 0xe9,
  0xe4, 0x90, 0xd3, 0x3f, 0xf0, 0x90, 0xd3, 0x2f, 0xe0, 0x70, 0x1b, 0x90,
  0xd3, 0x2e, 0xe0, 0xff, 0x90, 0xcd, 0x8b, 0xe0, 0xb5, 0x07, 0x0f, 0xa3,
  0x12, 0x1a, 0x4c, 0x90, 0xd3, 0x2a, 0x12, 0x8a, 0xda, 0x70, 0x03, 0x02,
  0xc1, 0x86, 0x90, 0xd3, 0x2e, 0xe0, 0x90, 0xcd, 0x8b, 0xf0, 0xd3, 0x94,
  0x00, 0x40, 0x42, 0x90, 0xd2, 0x43, 0x12, 0x1b, 0x43, 0x12, 0xd9, 0xac,
  0x14, 0xff, 0x90, 0xd3, 0x2e, 0xe0, 0xfb, 0xc3, 0x9f, 0x50, 0x2e, 0xeb,
  0x25, 0xe0, 0x25, 0xe0, 0x24, 0xbb, 0xf5, 0x82, 0xe4, 0x34, 0xc2, 0xf5,
  0x83, 0x12, 0x1a, 0x4c, 0x90, 0xd3, 0x35, 0x12, 0x1a, 0xe9, 0xeb, 0x25,
  0xe0, 0x25, 0xe0, 0x24, 0xbf, 0xf5, 0x82, 0xe4, 0x34, 0xc2, 0xf5, 0x83,
  0x12, 0x1a, 0x4c, 0x90, 0xd3, 0x39, 0x12, 0x1a, 0xe9, 0xe4, 0x90, 0xd3,
  0x3f, 0xf0, 0x12, 0xc1, 0xf4, 0x90, 0x01, 0x46, 0x12, 0xc7, 0x01, 0x4e,
  0x70, 0x01, 0x22, 0xef, 0x64, 0x20, 0x70, 0x03, 0xee, 0x64, 0x85, 0x70,
  0x2f, 0x12, 0xc2, 0x23, 0x94, 0x00, 0x40, 0x1b, 0x12, 0xc2, 0x2a, 0x50,
  0x16, 0x12, 0xc1, 0xf9, 0x12, 0xfc, 0x7b, 0x12, 0xc2, 0x1d, 0x54, 0x1f,
  0x12, 0xc1, 0xba, 0x12, 0xc2, 0x1d, 0x12, 0xc7, 0x97, 0x80, 0x06, 0x12,
  0xc1, 0xf4, 0x12, 0xc2, 0x1d, 0x90, 0x85, 0x20, 0xf0, 0x02, 0xc1, 0x7b,
  0x12, 0xc1, 0xf4, 0x90, 0x01, 0x46, 0x12, 0x16, 0xf4, 0x64, 0x31, 0x70,
  0x04, 0xe5, 0xf0, 0x64, 0x85, 0x70, 0x31, 0x12, 0xc2, 0x23, 0x94, 0x00,
  0x40, 0x1d, 0x12, 0xc2, 0x2a, 0x50, 0x18, 0x7e, 0x00, 0x12, 0xc1, 0xff,
  0x12, 0xfc, 0x88, 0x12, 0xc2, 0x1d, 0x54, 0x3f, 0x12, 0xc1, 0xba, 0x12,
  0xc2, 0x1d, 0x12, 0xc7, 0x97, 0x80, 0x06, 0x12, 0xc1, 0xf4, 0x12, 0xc2,
  0x1d, 0x90, 0xc1, 0x21, 0xf0, 0x02, 0xc1, 0x7b, 0x12, 0xc1, 0xf4, 0x90,
  0x01, 0x46, 0x12, 0x16, 0xf4, 0x64, 0x35, 0x70, 0x04, 0xe5, 0xf0, 0x64,
  0x85, 0x70, 0x31, 0x12, 0xc2, 0x23, 0x94, 0x00, 0x40, 0x1d, 0x12, 0xc2,
  0x2a, 0x50, 0x18, 0x7e, 0x00, 0x12, 0xc1, 0xff, 0x12, 0xfc, 0x7b, 0x12,
  0xc2, 0x1d, 0x54, 0x1f, 0x12, 0xc1, 0xba, 0x12, 0xc2, 0x1d, 0x12, 0xc7,
  0x97, 0x80, 0x06, 0x12, 0xc1, 0xf4, 0x12, 0xc2, 0x1d, 0x90, 0x85, 0x35,
  0xf0, 0x02, 0xc1, 0x7b, 0x12, 0xc1, 0xf4, 0x90, 0x01, 0x46, 0x12, 0x16,
  0xf4, 0x64, 0x37, 0x70, 0x04, 0xe5, 0xf0, 0x64, 0x85, 0x70, 0x2d, 0x12,
  0xc2, 0x23, 0x94, 0x00, 0x40, 0x19, 0x12, 0xc2, 0x2a, 0x50, 0x14, 0x12,
  0xc1, 0x87, 0x12, 0xfb, 0x51, 0x90, 0xd3, 0x34, 0xef, 0xf0, 0xe0, 0xc4,
  0x54, 0xf0, 0x12, 0xc7, 0x99, 0x80, 0x06, 0x12, 0xc1, 0xf4, 0x12, 0xc2,
  0x1d, 0x90, 0xc1, 0x23, 0xf0, 0x02, 0xc1, 0x7b, 0x12, 0xc1, 0xf4, 0x90,
  0x01, 0x46, 0x12, 0x16, 0xf4, 0x64, 0x7d, 0x70, 0x04, 0xe5, 0xf0, 0x64,
  0x84, 0x70, 0x26, 0x12, 0xc2, 0x23, 0x94, 0x00, 0x40, 0x12, 0x12, 0xc2,
  0x2a, 0x50, 0x0d, 0x12, 0xc1, 0x87, 0x12, 0xc2, 0x1d, 0x54, 0x10, 0x12,
  0xc7, 0x99, 0x80, 0x06, 0x12, 0xc1, 0xf4, 0x12, 0xc2, 0x1d, 0x90, 0xc1,
  0x14, 0xf0, 0x02, 0xc1, 0x7b, 0x12, 0xc1, 0xf4, 0x90, 0x01, 0x46, 0x12,
  0x16, 0xf4, 0x64, 0x7e, 0x70, 0x04, 0xe5, 0xf0, 0x64, 0x84, 0x70, 0x33,
  0x12, 0xc2, 0x23, 0x94, 0x00, 0x40, 0x1f, 0x12, 0xc2, 0x2a, 0x50, 0x1a,
  0x7e, 0x00, 0x12, 0xc1, 0xff, 0x12, 0xfc, 0x88, 0x12, 0xc2, 0x1d, 0x54,
  0x3f, 0x12, 0xc1, 0xba, 0x12, 0xc2, 0x1d, 0x54, 0x40, 0x12, 0xc7, 0x99,
  0x80, 0x06, 0x12, 0xc1, 0xf4, 0x12, 0xc2, 0x1d, 0x90, 0x84, 0x7e, 0xf0,
  0x02, 0xc1, 0x7b, 0x12, 0xc1, 0xf4, 0x90, 0x01, 0x46, 0x12, 0x16, 0xf4,
  0x64, 0x82, 0x70, 0x04, 0xe5, 0xf0, 0x64, 0x84, 0x70, 0x28, 0x12, 0xc2,
  0x23, 0x94, 0x00, 0x40, 0x17, 0x12, 0xc2, 0x2a, 0x50, 0x12, 0x31, 0x87,
  0x12, 0xfb, 0x51, 0x90, 0xd3, 0x34, 0xef, 0xf0, 0xe0, 0xc4, 0x54, 0xf0,
  0xf1, 0x99, 0x80, 0x04, 0x31, 0xf4, 0x51, 0x1d, 0x90, 0xc1, 0x24, 0xf0,
  0x21, 0x7b, 0x31, 0xf4, 0x90, 0x01, 0x46, 0xf1, 0x01, 0x12, 0x1c, 0x8a,
  0xc0, 0x98, 0x84, 0x60, 0xc0, 0xa0, 0x84, 0x7d, 0xc1, 0x20, 0x84, 0x82,
  0xc0, 0x90, 0x85, 0x0c, 0xc0, 0x80, 0x85, 0x1a, 0xc0, 0x88, 0x85, 0x1f,
  0xc1, 0x08, 0x85, 0x31, 0xc1, 0x10, 0x85, 0x36, 0xc1, 0x18, 0x85, 0x37,
  0xc0, 0xb0, 0x85, 0x51, 0xc0, 0xa8, 0x85, 0x52, 0xc0, 0xc0, 0x85, 0x5c,
  0xc0, 0xb8, 0x85, 0x5d, 0xc0, 0xd0, 0x85, 0x65, 0xc0, 0xd8, 0x85, 0x75,
  0xc0, 0xe0, 0x85, 0xa7, 0xc0, 0xc8, 0x85, 0xab, 0xc0, 0xe8, 0x85, 0xe4,
  0xc0, 0xf0, 0x85, 0xe7, 0xc0, 0xf8, 0x85, 0xfa, 0xc1, 0x00, 0x85, 0xfb,
  0x00, 0x00, 0xc1, 0x28, 0x7b, 0x01, 0x7a, 0xc1, 0x79, 0x10, 0x21, 0x2e,
  0x7b, 0x01, 0x7a, 0xc1, 0x79, 0x11, 0x21, 0x2e, 0x7b, 0x01, 0x7a, 0xc1,
  0x79, 0x12, 0x21, 0x2e, 0x7b, 0x01, 0x7a, 0xc1, 0x79, 0x13, 0x21, 0x2e,
  0x7b, 0x01, 0x7a, 0xc1, 0x79, 0x14, 0x21, 0x2e, 0x7b, 0x01, 0x7a, 0xc1,
  0x79, 0x15, 0x80, 0x7e, 0x7b, 0x01, 0x7a, 0xc1, 0x79, 0x16, 0x80, 0x76,
  0x7b, 0x01, 0x7a, 0xc1, 0x79, 0x17, 0x80, 0x6e, 0x7b, 0x01, 0x7a, 0xc1,
  0x79, 0x18, 0x80, 0x66, 0x7b, 0x01, 0x7a, 0xc1, 0x79, 0x19, 0x80, 0x5e,
  0x7b, 0x01, 0x7a, 0xc1, 0x79, 0x1a, 0x80, 0x56, 0x7b, 0x01, 0x7a, 0xc1,
  0x79, 0x1b, 0x80, 0x4e, 0x7b, 0x01, 0x7a, 0xc1, 0x79, 0x1c, 0x80, 0x46,
  0x7b, 0x01, 0x7a, 0xc1, 0x79, 0x1d, 0x80, 0x3e, 0x7b, 0x01, 0x7a, 0xc1,
  0x79, 0x1e, 0x80, 0x36, 0x7b, 0x01, 0x7a, 0xc1, 0x79, 0x1f, 0x80, 0x2e,
  0x7b, 0x01, 0x7a, 0xc1, 0x79, 0x20, 0x80, 0x26, 0x7b, 0x01, 0x7a, 0xc1,
  0x79, 0x21, 0x80, 0x1e, 0x7b, 0x01, 0x7a, 0xc1, 0x79, 0x22, 0x80, 0x16,
  0x7b, 0x01, 0x7a, 0xc1, 0x79, 0x23, 0x80, 0x0e, 0x7b, 0x01, 0x7a, 0xc1,
  0x79, 0x24, 0x80, 0x06, 0xaa, 0x06, 0xa9, 0x07, 0x7b, 0x01, 0x12, 0x8f,
  0xff, 0x51, 0x23, 0x94, 0x00, 0x40, 0x39, 0x51, 0x2a, 0x50, 0x35, 0x31,
  0xf9, 0x90, 0xff, 0x4a, 0x12, 0x15, 0x7d, 0x90, 0xd3, 0x44, 0xf0, 0x90,
  0xd3, 0x39, 0x12, 0x1a, 0x4c, 0x90, 0xd3, 0x45, 0x12, 0x1a, 0xe9, 0x51,
  0x1d, 0x90, 0xd3, 0x49, 0xf0, 0x90, 0xd3, 0x2a, 0x12, 0x1a, 0x4c, 0x90,
  0xd3, 0x4a, 0x12, 0x1a, 0xe9, 0x90, 0xd3, 0x35, 0x12, 0x1a, 0x4c, 0x12,
  0x02, 0x9c, 0x80, 0x05, 0x31, 0xf4, 0x51, 0x1d, 0xff, 0x90, 0xd3, 0x30,
  0x12, 0x8c, 0xc9, 0x12, 0x8f, 0x5a, 0xc3, 0x94, 0x3c, 0x50, 0x03, 0x02,
  0xbe, 0x56, 0x22, 0x7e, 0x00, 0x12, 0x16, 0x00, 0x90, 0xd2, 0x43, 0x12,
  0x1b, 0x43, 0xe9, 0x2f, 0xf9, 0xea, 0x3e, 0xfa, 0x90, 0xd3, 0x3f, 0xe0,
  0x75, 0xf0, 0x03, 0xa4, 0x29, 0xf9, 0xea, 0x35, 0xf0, 0xfa, 0x90, 0xff,
  0x4a, 0x12, 0x15, 0x7d, 0x54, 0x0f, 0x90, 0xd3, 0x3d, 0xf0, 0x90, 0x01,
  0x48, 0x12, 0x15, 0x7d, 0x54, 0x0f, 0x90, 0xd3, 0x3e, 0xf0, 0x90, 0xd3,
  0x3d, 0xe0, 0x90, 0xd3, 0x44, 0xf0, 0x90, 0xd3, 0x39, 0x12, 0x1a, 0x4c,
  0x90, 0xd3, 0x45, 0x12, 0x1a, 0xe9, 0x90, 0xd3, 0x3e, 0xe0, 0x90, 0xd3,
  0x49, 0xf0, 0x90, 0xd3, 0x2a, 0x12, 0x1a, 0x4c, 0x90, 0xd3, 0x4a, 0x12,
  0x1a, 0xe9, 0x90, 0xd3, 0x35, 0x12, 0x1a, 0x4c, 0x12, 0x02, 0x9c, 0x90,
  0xd3, 0x33, 0xef, 0xf0, 0x90, 0xd3, 0x2e, 0xe0, 0xff, 0x7e, 0x00, 0x7c,
  0x01, 0x7d, 0xfe, 0x12, 0x16, 0x00, 0x90, 0xd2, 0x43, 0x12, 0x1b, 0x43,
  0xe9, 0x2f, 0xf9, 0xea, 0x3e, 0xfa, 0x90, 0xd3, 0x3f, 0xe0, 0x75, 0xf0,
  0x03, 0xa4, 0x29, 0xf9, 0xea, 0x35, 0xf0, 0xfa, 0x22, 0x90, 0x01, 0x48,
  0x02, 0x15, 0x7d, 0x90, 0xd3, 0x2e, 0xe0, 0xff, 0xd3, 0x22, 0x90, 0xd2,
  0x43, 0x12, 0x1b, 0x43, 0x90, 0x00, 0x01, 0x12, 0x15, 0x7d, 0x14, 0xfe,
  0xef, 0xc3, 0x9e, 0x22, 0x90, 0xce, 0x66, 0xe0, 0x70, 0x04, 0xa3, 0xe0,
  0x64, 0x02, 0x7f, 0x00, 0x70, 0x02, 0x7f, 0x1e, 0x22, 0x90, 0xd2, 0xba,
  0x12, 0x1a, 0xf5, 0x00, 0x00, 0x00, 0x00, 0x90, 0xd2, 0xbe, 0x12, 0x1a,
  0xf5, 0x00, 0x00, 0x00, 0x00, 0x90, 0xd2, 0xc2, 0x12, 0x1a, 0xf5, 0x00,
  0x00, 0x00, 0x00, 0x90, 0xd2, 0xc6, 0x12, 0x1a, 0xf5, 0x00, 0x00, 0x00,
  0x00, 0x90, 0xd2, 0xca, 0x12, 0x1a, 0xf5, 0x00, 0x00, 0x00, 0x00, 0x90,
  0xd2, 0xce, 0x12, 0x1a, 0xf5, 0x00, 0x00, 0x00, 0x00, 0xe4, 0x90, 0xd2,
  0xb9, 0xf0, 0x90, 0xd2, 0xbe, 0x12, 0xd7, 0x5f, 0x12, 0x17, 0xfd, 0x90,
  0xd2, 0xbe, 0x12, 0x1a, 0xe9, 0x12, 0xe1, 0x3d, 0xe0, 0xb4, 0x40, 0xea,
  0x90, 0xcd, 0xb1, 0x91, 0x95, 0x90, 0xd2, 0xbe, 0x91, 0xa8, 0x12, 0x8c,
  0x03, 0x12, 0x8b, 0xd9, 0xe4, 0x90, 0xd2, 0xb9, 0xf0, 0x90, 0xd2, 0xc6,
  0x12, 0xd7, 0x5f, 0x12, 0x17, 0xfd, 0x90, 0xd2, 0xc6, 0x12, 0x1a, 0xe9,
  0x90, 0xd2, 0xc2, 0x12, 0x1a, 0x68, 0xc0, 0x00, 0x90, 0xd2, 0xb9, 0xf1,
  0xa3, 0x7e, 0x00, 0x12, 0x1c, 0xf1, 0xd0, 0x00, 0x12, 0xfc, 0xbe, 0x12,
  0x8c, 0xc3, 0x90, 0xd2, 0xc6, 0x12, 0xed, 0x55, 0x40, 0x41, 0x12, 0xfb,
  0xcb, 0x12, 0xe6, 0xeb, 0x90, 0xcd, 0x9b, 0xef, 0xf0, 0xf1, 0x31, 0x90,
  0xd2, 0xc6, 0x91, 0xae, 0x91, 0x92, 0x12, 0x18, 0x18, 0xc0, 0x04, 0xc0,
  0x05, 0xc0, 0x06, 0xc0, 0x07, 0x90, 0xd2, 0xb9, 0xf1, 0xa3, 0x7e, 0x00,
  0x12, 0x1c, 0xf1, 0x91, 0xd6, 0x90, 0xd2, 0xc2, 0x12, 0x1a, 0x4c, 0x12,
  0x18, 0x0a, 0xd0, 0x03, 0xd0, 0x02, 0xd0, 0x01, 0xd0, 0x00, 0x12, 0xfc,
  0xbe, 0x80, 0x08, 0x12, 0xe1, 0x3d, 0xe0, 0x64, 0x40, 0x70, 0x86, 0x91,
  0x9c, 0xc0, 0x04, 0xc0, 0x05, 0xc0, 0x06, 0xc0, 0x07, 0x90, 0xc9, 0xe9,
  0x91, 0x95, 0x90, 0xd2, 0xc2, 0x91, 0xa8, 0xd0, 0x03, 0xd0, 0x02, 0xd0,
  0x01, 0xd0, 0x00, 0x12, 0x18, 0xa3, 0x90, 0xcd, 0x99, 0xef, 0xf0, 0x90,
  0xd2, 0xba, 0x12, 0x84, 0x37, 0xc0, 0x04, 0xc0, 0x05, 0xc0, 0x06, 0xc0,
  0x07, 0x90, 0xc3, 0x47, 0x12, 0xca, 0xf6, 0xd0, 0x03, 0xd0, 0x02, 0xd0,
  0x01, 0xd0, 0x00, 0x12, 0x11, 0x18, 0xc0, 0x04, 0xc0, 0x05, 0xc0, 0x06,
  0xc0, 0x07, 0x90, 0xd2, 0xc2, 0x12, 0x84, 0x37, 0xc0, 0x04, 0xc0, 0x05,
  0xc0, 0x06, 0xc0, 0x07, 0x90, 0xc9, 0xe9, 0x12, 0xca, 0xf6, 0x91, 0xd6,
  0xd0, 0x07, 0xd0, 0x06, 0xd0, 0x05, 0xd0, 0x04, 0x12, 0x11, 0x18, 0xd0,
  0x03, 0xd0, 0x02, 0xd0, 0x01, 0xd0, 0x00, 0x12, 0x12, 0x21, 0x90, 0xcd,
  0xd9, 0x12, 0x1a, 0xe9, 0x90, 0xcd, 0xb2, 0x91, 0x95, 0x90, 0xd2, 0xbe,
  0x91, 0xa8, 0x12, 0x8c, 0x03, 0x12, 0x8b, 0xd9, 0x90, 0xd2, 0xb9, 0x74,
  0x3f, 0xf0, 0x90, 0xd2, 0xce, 0x12, 0xd7, 0x5f, 0x12, 0x17, 0xfd, 0x90,
  0xd2, 0xce, 0x12, 0x1a, 0xe9, 0x90, 0xd2, 0xca, 0x12, 0x1a, 0x68, 0xc0,
  0x00, 0x90, 0xd2, 0xb9, 0xf1, 0xa3, 0x7e, 0x00, 0x12, 0x1c, 0xf1, 0xd0,
  0x00, 0x12, 0xfc, 0xb5, 0x12, 0x8c, 0xc3, 0x90, 0xd2, 0xce, 0x12, 0xed,
  0x55, 0x40, 0x49, 0x12, 0xfb, 0xcb, 0x12, 0xe6, 0xeb, 0x90, 0xcd, 0x9c,
  0xef, 0xf0, 0xd3, 0x94, 0x3f, 0x40, 0x03, 0x74, 0x3f, 0xf0, 0xf1, 0x31,
  0x90, 0xd2, 0xce, 0x91, 0xae, 0x91, 0x92, 0x12, 0x18, 0x18, 0xc0, 0x04,
  0xc0, 0x05, 0xc0, 0x06, 0xc0, 0x07, 0x90, 0xd2, 0xb9, 0xf1, 0xa3, 0x7e,
  0x00, 0x12, 0x1c, 0xf1, 0x91, 0xd6, 0x90, 0xd2, 0xca, 0x12, 0x1a, 0x4c,
  0x12, 0x18, 0x0a, 0xd0, 0x03, 0xd0, 0x02, 0xd0, 0x01, 0xd0, 0x00, 0x12,
  0xfc, 0xb5, 0x80, 0x0b, 0x90, 0xd2, 0xb9, 0xe0, 0x14, 0xf0, 0xe0, 0x60,
  0x02, 0x61, 0xc6, 0x91, 0x9c, 0xc0, 0x04, 0xc0, 0x05, 0xc0, 0x06, 0xc0,
  0x07, 0x90, 0xc9, 0xe9, 0x91, 0x95, 0x90, 0xd2, 0xca, 0x91, 0xa8, 0xd0,
  0x03, 0xd0, 0x02, 0xd0, 0x01, 0xd0, 0x00, 0x12, 0x18, 0xa3, 0x90, 0xcd,
  0x98, 0xef, 0xf0, 0xd3, 0x94, 0x3f, 0x40, 0x03, 0x74, 0x3f, 0xf0, 0x12,
  0xcd, 0xb7, 0x60, 0x0a, 0x90, 0xcd, 0xd8, 0x12, 0xfc, 0xd8, 0x50, 0x02,
  0xef, 0xf0, 0x90, 0xcd, 0x99, 0x12, 0xfc, 0xd8, 0xff, 0x90, 0xcd, 0x9d,
  0xf0, 0x22, 0x90, 0xd2, 0xb9, 0xe0, 0xff, 0xe4, 0xfc, 0xfd, 0xfe, 0x22,
  0x90, 0xc3, 0x47, 0xe0, 0xff, 0xe4, 0xfc, 0xfd, 0xfe, 0x90, 0xd2, 0xba,
  0x12, 0x1a, 0x68, 0x02, 0x18, 0x18, 0x12, 0x1a, 0x4c, 0x12, 0x18, 0x0a,
  0xa8, 0x04, 0xa9, 0x05, 0xaa, 0x06, 0xab, 0x07, 0x90, 0xd2, 0xb9, 0xe0,
  0x25, 0xe0, 0x24, 0x71, 0xf5, 0x82, 0xe4, 0x34, 0xca, 0xf5, 0x83, 0xe0,
  0xfe, 0xa3, 0xe0, 0xff, 0xe4, 0xfc, 0xfd, 0x12, 0x18, 0x0a, 0xa8, 0x04,
  0xa9, 0x05, 0xaa, 0x06, 0xab, 0x07, 0x22, 0x12, 0x83, 0x93, 0xb1, 0xd2,
  0x12, 0x8b, 0xac, 0x70, 0x02, 0xa1, 0xae, 0xf1, 0x1f, 0x70, 0x02, 0xa1,
  0xae, 0xd1, 0x74, 0x12, 0x16, 0xc9, 0xff, 0xb1, 0xd2, 0x12, 0x8a, 0x71,
  0xd1, 0x74, 0x12, 0x8a, 0x9e, 0xff, 0xb1, 0xd2, 0x90, 0x00, 0x02, 0xe5,
  0xf0, 0xd1, 0x6f, 0x90, 0x00, 0x04, 0xf1, 0x01, 0x12, 0x16, 0xc9, 0x12,
  0x90, 0x65, 0xb1, 0xd2, 0x12, 0x8b, 0xac, 0xfd, 0x7c, 0x00, 0x12, 0x16,
  0x67, 0xb1, 0xd2, 0x90, 0x00, 0x04, 0x12, 0x8a, 0xef, 0xd1, 0xf8, 0x12,
  0xe1, 0xd3, 0x9f, 0xff, 0xe5, 0xf0, 0x9e, 0xfe, 0xb1, 0xd2, 0xf1, 0x1f,
  0xfd, 0x7c, 0x00, 0x12, 0x16, 0x67, 0xb1, 0xd2, 0x90, 0x00, 0x06, 0xd1,
  0x6e, 0x90, 0x00, 0x04, 0xf1, 0x01, 0x12, 0x16, 0xc9, 0x12, 0x90, 0x5b,
  0x12, 0x13, 0x3c, 0xc0, 0x04, 0xc0, 0x05, 0xc0, 0x06, 0xc0, 0x07, 0xb1,
  0xd2, 0x12, 0x8b, 0xac, 0xfc, 0xe4, 0x12, 0x13, 0x41, 0x91, 0xd6, 0xd0,
  0x07, 0xd0, 0x06, 0xd0, 0x05, 0xd0, 0x04, 0x12, 0x12, 0x21, 0xb1, 0xd2,
  0x90, 0x00, 0x0e, 0x12, 0x1a, 0x28, 0xd1, 0xf8, 0x12, 0xe1, 0xd3, 0x9f,
  0xfd, 0xe5, 0xf0, 0x9e, 0xfc, 0x12, 0x13, 0x3c, 0xc0, 0x04, 0xc0, 0x05,
  0xc0, 0x06, 0xc0, 0x07, 0xb1, 0xd2, 0xf1, 0x1f, 0xfc, 0xe4, 0x12, 0x13,
  0x41, 0x91, 0xd6, 0xd0, 0x07, 0xd0, 0x06, 0xd0, 0x05, 0xd0, 0x04, 0x12,
  0x12, 0x21, 0xb1, 0xd2, 0x90, 0x00, 0x12, 0x12, 0x1a, 0x28, 0x22, 0x90,
  0xd3, 0x0f, 0x12, 0x1b, 0x43, 0x90, 0x00, 0x04, 0xee, 0x8f, 0xf0, 0x12,
  0x17, 0xd0, 0x90, 0xd3, 0x0f, 0x12, 0x1b, 0x43, 0x90, 0x00, 0x06, 0x12,
  0x16, 0xf4, 0xfd, 0xac, 0xf0, 0xe4, 0x90, 0xd3, 0x17, 0xf0, 0x90, 0xd3,
  0x0c, 0x02, 0x1b, 0x43, 0x7b, 0x01, 0x7a, 0xd3, 0x79, 0x04, 0x12, 0x83,
  0x93, 0xd1, 0x74, 0x12, 0x16, 0xc9, 0xff, 0xb1, 0xd2, 0x12, 0x8a, 0x71,
  0xd1, 0x74, 0x12, 0x8a, 0x9e, 0xff, 0xb1, 0xd2, 0x90, 0x00, 0x02, 0xe5,
  0xf0, 0xd1, 0x6f, 0x12, 0x8b, 0xac, 0xfc, 0xe4, 0x12, 0x13, 0x41, 0xd1,
  0x74, 0x90, 0x00, 0x0e, 0x12, 0x1a, 0x84, 0x12, 0x11, 0x18, 0xc0, 0x04,
  0xc0, 0x05, 0xc0, 0x06, 0xc0, 0x07, 0xb1, 0xd2, 0x12, 0x16, 0xc9, 0x12,
  0xe1, 0x1d, 0xd0, 0x03, 0xd0, 0x02, 0xd0, 0x01, 0xd0, 0x00, 0x12, 0x86,
  0x68, 0xb1, 0xd2, 0x90, 0x00, 0x04, 0xd1, 0x6e, 0xf1, 0x1f, 0xfc, 0xe4,
  0x12, 0x13, 0x41, 0xd1, 0x74, 0x90, 0x00, 0x12, 0x12, 0x1a, 0x84, 0x12,
  0x11, 0x18, 0xc0, 0x04, 0xc0, 0x05, 0xc0, 0x06, 0xc0, 0x07, 0xb1, 0xd2,
  0x12, 0x8a, 0x9e, 0x12, 0xe1, 0x1d, 0xd0, 0x03, 0xd0, 0x02, 0xd0, 0x01,
  0xd0, 0x00, 0x12, 0x86, 0x68, 0xb1, 0xd2, 0x12, 0x8e, 0x72, 0x02, 0x17,
  0xd0, 0x90, 0xd3, 0x0f, 0x12, 0x1b, 0x43, 0x90, 0x00, 0x02, 0xee, 0x8f,
  0xf0, 0x12, 0x17, 0xd0, 0x90, 0xd3, 0x0f, 0x02, 0x1b, 0x43, 0x12, 0x83,
  0x93, 0xd1, 0x74, 0x12, 0x16, 0xc9, 0xd1, 0xef, 0xb1, 0xd1, 0x12, 0x04,
  0xd1, 0xd1, 0x74, 0x12, 0x8e, 0x32, 0xd1, 0x74, 0x90, 0x00, 0x02, 0xb1,
  0xc7, 0x12, 0x04, 0xd1, 0xd1, 0x65, 0x12, 0x8b, 0x7a, 0xd1, 0xef, 0xb1,
  0xd1, 0x12, 0x04, 0xd1, 0xb1, 0xaf, 0x12, 0x04, 0xd1, 0xd1, 0x74, 0x12,
  0x8e, 0x72, 0x02, 0x17, 0xd0, 0x12, 0x83, 0x93, 0xd1, 0x74, 0x12, 0x16,
  0xc9, 0xd1, 0xef, 0xb1, 0xd1, 0x12, 0x04, 0xd6, 0xd1, 0x74, 0x12, 0x8e,
  0x32, 0xd1, 0x74, 0x90, 0x00, 0x02, 0xb1, 0xc7, 0x12, 0x04, 0xd6, 0xd1,
  0x65, 0x12, 0x8b, 0x7a, 0xd1, 0xef, 0xb1, 0xd1, 0x12, 0x04, 0xd6, 0xb1,
  0xaf, 0x12, 0x04, 0xd6, 0xd1, 0x74, 0x12, 0x8e, 0x72, 0x02, 0x17, 0xd0,
  0xf9, 0xe4, 0x3a, 0xfe, 0xaf, 0x01, 0x22, 0xfd, 0xac, 0xf0, 0x90, 0xd3,
  0x17, 0x74, 0x01, 0x22, 0x90, 0xd3, 0x0f, 0x12, 0x1b, 0x43, 0x90, 0x00,
  0x02, 0x12, 0x16, 0xf4, 0xff, 0xae, 0xf0, 0x22, 0xf1, 0x8b, 0xf1, 0x2b,
  0xb1, 0xd8, 0xf1, 0x25, 0x90, 0xd2, 0xfe, 0x12, 0x1b, 0x43, 0xd1, 0x7a,
  0xf1, 0x25, 0xf1, 0x91, 0x81, 0xdf, 0xf0, 0x90, 0x00, 0x09, 0x02, 0x15,
  0x7d, 0x7b, 0x01, 0x7a, 0xd3, 0x79, 0x04, 0x90, 0xd3, 0x0f, 0x02, 0x1b,
  0x63, 0x90, 0xd2, 0xba, 0x02, 0x1a, 0x68, 0xae, 0x07, 0x90, 0xcd, 0xd6,
  0xe0, 0xff, 0xee, 0xc3, 0x9f, 0x40, 0x12, 0x90, 0xcd, 0xd7, 0xe0, 0xfd,
  0x90, 0xd3, 0x42, 0x74, 0x3f, 0xf0, 0xa3, 0xee, 0xf0, 0x7b, 0x3f, 0x80,
  0x14, 0x90, 0xcd, 0xd6, 0xe0, 0xff, 0x90, 0xcd, 0xd7, 0xe0, 0xfd, 0xe4,
  0x90, 0xd3, 0x42, 0xf0, 0xa3, 0xee, 0xf0, 0xe4, 0xfb, 0x12, 0x02, 0x7e,
  0xae, 0x07, 0x90, 0xcd, 0x9e, 0xee, 0xf0, 0xff, 0x22, 0xf1, 0x8b, 0xf1,
  0x2b, 0xb1, 0xd8, 0xf1, 0x25, 0x90, 0xd2, 0xfe, 0x12, 0x1b, 0x43, 0xd1,
  0xb1, 0xf1, 0x25, 0xf1, 0x91, 0x81, 0xdf, 0x90, 0xd2, 0xfe, 0x12, 0x1b,
  0x63, 0x90, 0xd3, 0x01, 0x02, 0x1b, 0x43, 0x54, 0x80, 0xff, 0x90, 0xd3,
  0x33, 0xe0, 0x4f, 0x22, 0x90, 0xd2, 0xba, 0xe0, 0xff, 0x25, 0xe0, 0x24,
  0x71, 0xf5, 0x82, 0xe4, 0x34, 0xca, 0xf5, 0x83, 0xe0, 0xfc, 0xa3, 0xe0,
  0xfd, 0x22, 0x12, 0x90, 0x1d, 0x90, 0xd2, 0xbb, 0xf0, 0xa3, 0xf0, 0xa3,
  0xf0, 0x90, 0xd2, 0xba, 0xf0, 0xf1, 0xa0, 0x12, 0xc8, 0xce, 0x9c, 0xfe,
  0x12, 0x0d, 0x4e, 0xd3, 0xef, 0x94, 0xb8, 0xee, 0x64, 0x80, 0x94, 0x8b,
  0x40, 0x09, 0x90, 0xd2, 0xbb, 0xe0, 0x24, 0x04, 0xf0, 0x80, 0x54, 0xf1,
  0xa0, 0x12, 0xc8, 0xce, 0x9c, 0xfe, 0x12, 0x0d, 0x4e, 0xd3, 0xef, 0x94,
  0xd0, 0xee, 0x64, 0x80, 0x94, 0x87, 0x40, 0x09, 0x90, 0xd2, 0xbb, 0xe0,
  0x24, 0x03, 0xf0, 0x80, 0x36, 0x12, 0xc7, 0xa0, 0x11, 0xce, 0x9c, 0xfe,
  0x12, 0x0d, 0x4e, 0xd3, 0xef, 0x94, 0xe8, 0xee, 0x64, 0x80, 0x94, 0x83,
  0x40, 0x09, 0x90, 0xd2, 0xbb, 0xe0, 0x24, 0x02, 0xf0, 0x80, 0x18, 0x12,
  0xc7, 0xa0, 0x11, 0xce, 0x9c, 0xfe, 0x12, 0x0d, 0x4e, 0xd3, 0xef, 0x94,
  0xf4, 0xee, 0x64, 0x80, 0x94, 0x81, 0x40, 0x03, 0x12, 0x8d, 0xbe, 0x90,
  0xd2, 0xba, 0xe0, 0x04, 0xf0, 0xe0, 0xc3, 0x94, 0x09, 0x40, 0x82, 0x90,
  0xd2, 0xbb, 0xe0, 0x90, 0xcd, 0x9a, 0xf0, 0x90, 0xcd, 0xb3, 0xe0, 0xff,
  0x7e, 0x00, 0x7b, 0x04, 0x11, 0xea, 0xef, 0x25, 0xe0, 0x25, 0xe0, 0x90,
  0xd2, 0xbc, 0xf0, 0x90, 0xcd, 0x9b, 0xe0, 0xff, 0xc3, 0x94, 0x04, 0x50,
  0x18, 0xc3, 0x74, 0x03, 0x9f, 0x11, 0xf2, 0xff, 0xa3, 0xf0, 0x90, 0xd2,
  0xb9, 0xe0, 0x2f, 0xff, 0xe4, 0x33, 0xfe, 0x7b, 0xff, 0x11, 0xea, 0x80,
  0x36, 0x90, 0xcd, 0x9b, 0xe0, 0x24, 0xfd, 0x11, 0xf2, 0xa3, 0xf0, 0x90,
  0xcd, 0x9a, 0xe0, 0xff, 0xd3, 0x94, 0x07, 0x40, 0x03, 0xe4, 0x80, 0x0a,
  0xef, 0xd3, 0x94, 0x04, 0x40, 0x08, 0x90, 0xc3, 0xfa, 0xe0, 0x90, 0xd2,
  0xbd, 0xf0, 0x90, 0xd2, 0xbd, 0x11, 0xe3, 0xfe, 0xd3, 0x9f, 0x40, 0x05,
  0xee, 0x9f, 0xff, 0x80, 0x02, 0x7f, 0x00, 0x90, 0xd2, 0xb9, 0xef, 0xf0,
  0x90, 0xd2, 0xbd, 0xe0, 0x90, 0xc3, 0xfa, 0xf0, 0x90, 0xd2, 0xb9, 0xe0,
  0xff, 0x90, 0xcd, 0xa0, 0xf0, 0x22, 0xef, 0x25, 0xe0, 0x24, 0x73, 0xf5,
  0x82, 0xe4, 0x34, 0xca, 0xf5, 0x83, 0xe0, 0xfe, 0xa3, 0xe0, 0xc3, 0x9d,
  0xff, 0xee, 0x22, 0xe0, 0xff, 0x90, 0xd2, 0xb9, 0xe0, 0x22, 0x7a, 0x00,
  0xe4, 0xfd, 0xfc, 0x02, 0x02, 0x65, 0xff, 0x90, 0xd2, 0xbc, 0xe0, 0xfe,
  0xef, 0x8e, 0xf0, 0xa4, 0x22, 0x90, 0xd2, 0xb9, 0xef, 0xf0, 0x78, 0xbc,
  0x7c, 0xd2, 0x7d, 0x01, 0x7b, 0xff, 0x7a, 0x0d, 0x79, 0x92, 0x51, 0x10,
  0x78, 0xc3, 0x7c, 0xd2, 0x7d, 0x01, 0x7b, 0xff, 0x7a, 0x0d, 0x79, 0x99,
  0x51, 0x10, 0x7d, 0x06, 0xed, 0xff, 0x33, 0x95, 0xe0, 0xfe, 0x51, 0x17,
  0x11, 0xe3, 0xfc, 0xd3, 0x9f, 0x50, 0x02, 0x21, 0xea, 0xed, 0x64, 0x06,
  0x60, 0x1b, 0xed, 0xfb, 0x33, 0x95, 0xe0, 0xfa, 0x74, 0xbd, 0x2b, 0xf5,
  0x82, 0x74, 0xd2, 0x3a, 0xf5, 0x83, 0x12, 0x91, 0x77, 0xc3, 0x13, 0xef,
  0x13, 0x90, 0xd2, 0xbb, 0xf0, 0xed, 0x64, 0x06, 0x70, 0x2a, 0xed, 0xb1,
  0x15, 0xfb, 0x90, 0xc3, 0xf7, 0xe0, 0xf9, 0xb5, 0x03, 0x1c, 0x51, 0x17,
  0xe0, 0x24, 0x0a, 0xff, 0xe4, 0x33, 0xfe, 0xec, 0xd3, 0x9f, 0xee, 0x64,
  0x80, 0xf8, 0x74, 0x80, 0x98, 0x50, 0x5c, 0x90, 0xd2, 0xba, 0xe9, 0xf0,
  0x80, 0x77, 0x80, 0x53, 0xed, 0x60, 0x26, 0xb1, 0x15, 0xff, 0x90, 0xc3,
  0xf7, 0xe0, 0xfe, 0xb5, 0x07, 0x09, 0x90, 0xd2, 0xbb, 0x11, 0xe3, 0xd3,
  0x9f, 0x40, 0x37, 0xb1, 0x86, 0xb5, 0x06, 0x0b, 0x90, 0xd2, 0xbb, 0x11,
  0xe3, 0xc3, 0x9f, 0x40, 0x02, 0x80, 0x27, 0x80, 0x2a, 0xed, 0x70, 0x49,
  0x90, 0xc3, 0xf7, 0xe0, 0xff, 0x70, 0x0d, 0x90, 0xd2, 0xbb, 0xe0, 0xfe,
  0x90, 0xd2, 0xb9, 0xe0, 0xd3, 0x9e, 0x40, 0x0e, 0xb1, 0x86, 0xb5, 0x07,
  0x0e, 0x90, 0xd2, 0xbb, 0x11, 0xe3, 0xc3, 0x9f, 0x40, 0x05, 0x90, 0xc3,
  0xf7, 0x80, 0x10, 0xed, 0xff, 0x33, 0x95, 0xe0, 0xfe, 0x74, 0xc3, 0x2f,
  0xf5, 0x82, 0x74, 0xd2, 0x3e, 0xf5, 0x83, 0xe0, 0x90, 0xd2, 0xba, 0xf0,
  0x80, 0x0b, 0x1d, 0xc3, 0xed, 0x64, 0x80, 0x94, 0x80, 0x40, 0x02, 0x21,
  0x20, 0xc3, 0xed, 0x64, 0x80, 0x94, 0x80, 0x50, 0x05, 0xe4, 0x90, 0xd2,
  0xba, 0xf0, 0x90, 0xd2, 0xba, 0xe0, 0xff, 0x90, 0xc3, 0xf7, 0xf0, 0x90,
  0xcd, 0xa1, 0xf0, 0x22, 0x7e, 0x00, 0x7f, 0x07, 0x02, 0x15, 0x3e, 0x74,
  0xbc, 0x2f, 0xf5, 0x82, 0x74, 0xd2, 0x3e, 0xf5, 0x83, 0x22, 0x12, 0x90,
  0x1d, 0x90, 0xd2, 0xbe, 0xf0, 0x90, 0xd2, 0xbe, 0xe0, 0xfc, 0xd3, 0x94,
  0x06, 0x40, 0x02, 0x41, 0xd2, 0xe4, 0x12, 0x13, 0x41, 0x90, 0xcd, 0xd9,
  0x12, 0x1a, 0x68, 0x12, 0x12, 0xbe, 0x50, 0x02, 0x41, 0xca, 0x90, 0xd2,
  0xbe, 0xe0, 0x24, 0x01, 0xfd, 0xe4, 0x33, 0xfc, 0xe4, 0x12, 0x13, 0x3c,
  0x90, 0xcd, 0xd9, 0x12, 0x1a, 0x68, 0x12, 0x12, 0xbe, 0x50, 0x6b, 0x90,
  0xd2, 0xbe, 0x51, 0xf6, 0xc0, 0x04, 0xc0, 0x05, 0xc0, 0x06, 0xc0, 0x07,
  0x90, 0xd2, 0xbe, 0xe0, 0xfb, 0x25, 0xe0, 0x25, 0xe0, 0x24, 0xb4, 0xf5,
  0x82, 0xe4, 0x34, 0xcd, 0xf5, 0x83, 0x12, 0x8f, 0x9f, 0x12, 0x1a, 0xe9,
  0xac, 0x03, 0xe4, 0x12, 0x13, 0x41, 0xe4, 0xfb, 0xfa, 0x79, 0x80, 0x78,
  0x3f, 0x12, 0x10, 0x27, 0x90, 0xd2, 0xc7, 0x12, 0x1a, 0xe9, 0x90, 0xd2,
  0xbe, 0xe0, 0x25, 0xe0, 0x25, 0xe0, 0x24, 0xb8, 0xf5, 0x82, 0xe4, 0x34,
  0xcd, 0xf5, 0x83, 0x12, 0x90, 0x7c, 0x90, 0xcd, 0xd9, 0x12, 0x1a, 0x4c,
  0x90, 0xd2, 0xcf, 0x12, 0x1a, 0xe9, 0xd0, 0x07, 0xd0, 0x06, 0xd0, 0x05,
  0xd0, 0x04, 0x12, 0x02, 0xa6, 0x12, 0x8b, 0xd9, 0x80, 0x08, 0x90, 0xd2,
  0xbe, 0xe0, 0x04, 0xf0, 0x41, 0x29, 0x90, 0xd2, 0xbe, 0xe0, 0xb4, 0x07,
  0x06, 0x90, 0xcd, 0xd0, 0x12, 0x8b, 0xd6, 0x90, 0xd2, 0xb9, 0x51, 0xf6,
  0x12, 0xc7, 0x31, 0x91, 0xa4, 0x90, 0xd2, 0xb9, 0xef, 0xf0, 0x90, 0xcd,
  0x9f, 0xf0, 0x22, 0x90, 0xcd, 0x66, 0xe0, 0xfc, 0xe4, 0x02, 0x13, 0x41,
  0x90, 0xcd, 0x73, 0xe0, 0x90, 0xd2, 0xb9, 0xb4, 0x02, 0x09, 0x12, 0x1a,
  0xf5, 0x42, 0xf0, 0x00, 0x00, 0x80, 0x07, 0x12, 0x1a, 0xf5, 0x42, 0xc8,
  0x00, 0x00, 0xe4, 0xfb, 0xfa, 0x79, 0xc8, 0x71, 0x91, 0xc0, 0x04, 0xc0,
  0x05, 0xc0, 0x06, 0xc0, 0x07, 0x51, 0xf3, 0x12, 0xc4, 0xd6, 0xd0, 0x07,
  0xd0, 0x06, 0xd0, 0x05, 0xd0, 0x04, 0x12, 0x12, 0xbe, 0x50, 0x05, 0x90,
  0xcd, 0x68, 0x80, 0x4f, 0xe4, 0xfb, 0xfa, 0x79, 0xa0, 0x71, 0x91, 0xc0,
  0x04, 0xc0, 0x05, 0xc0, 0x06, 0xc0, 0x07, 0x51, 0xf3, 0x12, 0xc4, 0xd6,
  0xd0, 0x07, 0xd0, 0x06, 0xd0, 0x05, 0xd0, 0x04, 0x12, 0x12, 0xbe, 0x50,
  0x05, 0x90, 0xcd, 0x69, 0x80, 0x29, 0xe4, 0xfb, 0xfa, 0x79, 0x70, 0x71,
  0x91, 0xc0, 0x04, 0xc0, 0x05, 0xc0, 0x06, 0xc0, 0x07, 0x51, 0xf3, 0x12,
  0xc4, 0xd6, 0xd0, 0x07, 0xd0, 0x06, 0xd0, 0x05, 0xd0, 0x04, 0x12, 0x12,
  0xbe, 0x50, 0x05, 0x90, 0xcd, 0x6a, 0x80, 0x03, 0x90, 0xcd, 0x6b, 0xe0,
  0x90, 0xcd, 0x67, 0xf0, 0x22, 0x78, 0x41, 0x90, 0xd2, 0xb9, 0x12, 0x1a,
  0x4c, 0x02, 0x12, 0x21, 0x90, 0xd3, 0x10, 0x12, 0x8d, 0x99, 0xee, 0x64,
  0x80, 0x94, 0x80, 0x50, 0x0b, 0x90, 0xd3, 0x10, 0x74, 0x01, 0x75, 0xf0,
  0x68, 0x12, 0x16, 0x9d, 0x90, 0xd3, 0x10, 0x12, 0x8a, 0xf8, 0x94, 0x78,
  0xec, 0x64, 0x80, 0x94, 0x80, 0x50, 0x1b, 0xec, 0x12, 0x13, 0x3c, 0x91,
  0xcb, 0x91, 0xaf, 0x91, 0xe6, 0x12, 0x13, 0x3c, 0xb1, 0x05, 0x78, 0x40,
  0x12, 0x12, 0x21, 0x12, 0xc4, 0xd6, 0x91, 0xf0, 0x80, 0x4e, 0x90, 0xd3,
  0x10, 0x12, 0xdf, 0x05, 0x94, 0xf0, 0xec, 0x64, 0x80, 0x94, 0x80, 0x40,
  0x27, 0xec, 0x12, 0x13, 0x3c, 0xe4, 0xfb, 0xfa, 0x79, 0x70, 0x78, 0xc3,
  0x12, 0x10, 0x27, 0xb1, 0x05, 0x78, 0x40, 0x12, 0x86, 0x7a, 0x79, 0x87,
  0x91, 0xaa, 0x91, 0xe6, 0x12, 0x13, 0x3c, 0x12, 0xc4, 0xd6, 0x91, 0xf0,
  0x91, 0xcb, 0x80, 0x18, 0x91, 0xb5, 0xe4, 0xfb, 0xfa, 0x79, 0x07, 0x91,
  0xaa, 0x91, 0xb5, 0x12, 0xc4, 0xd6, 0xe4, 0xff, 0xfe, 0x7d, 0x87, 0x7c,
  0x43, 0x12, 0x10, 0x23, 0x90, 0xd3, 0x19, 0x12, 0x1a, 0xe9, 0x91, 0xde,
  0x90, 0xd3, 0x15, 0x71, 0x96, 0x91, 0xfa, 0x91, 0xaf, 0x91, 0xde, 0x90,
  0xd3, 0x19, 0x71, 0x96, 0x91, 0xfa, 0x90, 0xd3, 0x19, 0x12, 0x1a, 0xe9,
  0x90, 0xd3, 0x15, 0x91, 0x97, 0x90, 0xd3, 0x12, 0xef, 0xf0, 0x90, 0xd3,
  0x15, 0x12, 0x1a, 0x4c, 0x12, 0x07, 0x4f, 0x91, 0x9d, 0x90, 0xd3, 0x13,
  0xef, 0xf0, 0x90, 0xd3, 0x19, 0x91, 0x97, 0x90, 0xd3, 0x14, 0xef, 0xf0,
  0x90, 0xd3, 0x19, 0x12, 0x1a, 0x4c, 0x12, 0x07, 0x4f, 0x91, 0x9d, 0x90,
  0xd3, 0x12, 0xe0, 0x90, 0x84, 0x1c, 0xf0, 0x90, 0xd3, 0x13, 0xe0, 0x90,
  0x84, 0x1d, 0xf0, 0x90, 0xd3, 0x14, 0xe0, 0x90, 0x84, 0x1e, 0xf0, 0xa3,
  0xef, 0xf0, 0x22, 0x12, 0x1a, 0x4c, 0x12, 0x07, 0x65, 0xe4, 0xfb, 0xfa,
  0x79, 0x80, 0x78, 0x42, 0x12, 0x11, 0x18, 0x02, 0x13, 0x75, 0x78, 0x43,
  0x12, 0x10, 0x27, 0x90, 0xd3, 0x15, 0x02, 0x1a, 0xe9, 0x90, 0xd3, 0x10,
  0xe0, 0xfc, 0xa3, 0xe0, 0xfd, 0xec, 0x12, 0x13, 0x3c, 0xe4, 0xfb, 0xfa,
  0x79, 0xf0, 0x78, 0xc2, 0x12, 0x10, 0x27, 0xe4, 0xfb, 0xfa, 0x79, 0x10,
  0x78, 0x41, 0x12, 0x11, 0x18, 0xe4, 0xfb, 0xfa, 0xf9, 0x78, 0x41, 0x02,
  0x12, 0x21, 0xe4, 0xfb, 0xfa, 0x79, 0x34, 0x78, 0x43, 0x22, 0x90, 0xd3,
  0x10, 0xe0, 0xfc, 0xa3, 0xe0, 0xfd, 0xec, 0x22, 0xe4, 0xff, 0xfe, 0x7d,
  0xb4, 0x7c, 0x43, 0x02, 0x10, 0x23, 0x7b, 0xda, 0x7a, 0x0f, 0x79, 0x49,
  0x78, 0x40, 0x02, 0x11, 0x18, 0xe4, 0xfb, 0xfa, 0x79, 0x40, 0x78, 0x40,
  0x12, 0x11, 0x18, 0xe4, 0xfb, 0xfa, 0x79, 0x80, 0x22, 0xff, 0x33, 0x95,
  0xe0, 0xfe, 0x74, 0xc2, 0x2f, 0xf5, 0x82, 0x74, 0xd2, 0x3e, 0xf5, 0x83,
  0xe0, 0x22, 0x90, 0xd2, 0xb9, 0xef, 0xf0, 0xb1, 0x75, 0xc0, 0x04, 0xc0,
  0x05, 0xc0, 0x06, 0xc0, 0x07, 0x90, 0xd2, 0xb9, 0x51, 0xf6, 0xd0, 0x03,
  0xd0, 0x02, 0xd0, 0x01, 0xd0, 0x00, 0x91, 0xa4, 0x7b, 0xff, 0x12, 0xd9,
  0x23, 0x90, 0xd2, 0xb9, 0xef, 0xf0, 0xb1, 0xb7, 0x90, 0xd2, 0xb9, 0x60,
  0x07, 0xb1, 0x7d, 0xfb, 0x7a, 0x00, 0x80, 0x08, 0xb1, 0x7d, 0x24, 0x1e,
  0xfb, 0xe4, 0x33, 0xfa, 0xe4, 0xfd, 0xfc, 0x12, 0x02, 0x65, 0x90, 0xd2,
  0xb9, 0xef, 0xf0, 0x90, 0xd2, 0xb9, 0xe0, 0xff, 0x22, 0x90, 0xcd, 0xb0,
  0x51, 0xf6, 0x02, 0x8f, 0x7d, 0xe0, 0xff, 0x7e, 0x00, 0x90, 0xcd, 0xa5,
  0xe0, 0x22, 0xed, 0xfb, 0x33, 0x95, 0xe0, 0xfa, 0x74, 0xc4, 0x2b, 0xf5,
  0x82, 0x74, 0xd2, 0x3a, 0xf5, 0x83, 0xe0, 0x22, 0x12, 0xc2, 0x4d, 0x90,
  0xc2, 0x20, 0xe0, 0xb4, 0x01, 0x03, 0x12, 0xc7, 0x37, 0x51, 0x22, 0x12,
  0xc7, 0xb6, 0x01, 0xfd, 0x90, 0xd0, 0x78, 0xe0, 0xb4, 0x01, 0x03, 0x12,
  0x88, 0x1c, 0x22, 0x90, 0xc2, 0x20, 0xe0, 0x64, 0x01, 0x22, 0xef, 0x60,
  0x58, 0x64, 0x01, 0x60, 0x54, 0xb1, 0x98, 0xb1, 0x26, 0x90, 0xcd, 0x97,
  0xef, 0xf0, 0x90, 0x88, 0x0a, 0xe0, 0xfd, 0xc3, 0xef, 0x9d, 0xff, 0xe4,
  0x94, 0x00, 0xfe, 0x12, 0x0d, 0x4e, 0x90, 0xcd, 0xd4, 0xe0, 0xfd, 0x7c,
  0x00, 0x12, 0x16, 0x12, 0x90, 0xcd, 0xd5, 0xef, 0xf0, 0xe0, 0x70, 0x02,
  0x04, 0xf0, 0x90, 0xce, 0x66, 0xe0, 0x70, 0x02, 0xa3, 0xe0, 0x90, 0xcd,
  0x97, 0x70, 0x0d, 0xf0, 0x90, 0x88, 0x02, 0xf0, 0x90, 0x88, 0x08, 0x74,
  0x3f, 0xf0, 0x80, 0x07, 0xe0, 0x90, 0x88, 0x02, 0xf0, 0xd1, 0xc3, 0x90,
  0x88, 0x06, 0x74, 0x81, 0xf0, 0x22, 0x90, 0x31, 0x8e, 0xe4, 0x93, 0x90,
  0x83, 0x5c, 0xf0, 0x90, 0xc3, 0xf9, 0xe0, 0x90, 0x83, 0x5f, 0xf0, 0x78,
  0x40, 0xd1, 0xcc, 0x7a, 0x0d, 0x79, 0x5a, 0x7e, 0x00, 0x7f, 0x09, 0x12,
  0x15, 0x3e, 0xd1, 0xc3, 0x78, 0x20, 0xd1, 0xcc, 0x7a, 0x0d, 0x79, 0x63,
  0x7e, 0x00, 0x7f, 0x1c, 0x12, 0x15, 0x3e, 0x90, 0x31, 0x90, 0xe4, 0x93,
  0x90, 0x88, 0x5b, 0xf0, 0x90, 0x31, 0x91, 0xe4, 0x93, 0x90, 0x88, 0x5c,
  0xf0, 0x90, 0xc3, 0xf8, 0xe0, 0x90, 0x88, 0x01, 0xf0, 0x90, 0x0d, 0x8f,
  0xe4, 0x93, 0x90, 0x88, 0x03, 0xf0, 0x90, 0x0d, 0x90, 0xe4, 0x93, 0x90,
  0x88, 0x04, 0xf0, 0x78, 0x10, 0xd1, 0xcc, 0x7a, 0x0d, 0x79, 0x7f, 0x12,
  0x7f, 0x6a, 0x90, 0x0d, 0x91, 0xe4, 0x93, 0x90, 0x88, 0x09, 0xf0, 0x90,
  0xcd, 0xaf, 0xe0, 0x60, 0x14, 0xb4, 0x01, 0x04, 0xf1, 0x10, 0x80, 0x09,
  0x90, 0xcd, 0x97, 0xe0, 0x90, 0x88, 0x02, 0xf1, 0x2a, 0x7f, 0x01, 0x80,
  0x02, 0xe4, 0xff, 0xef, 0x90, 0x83, 0x5c, 0xb4, 0x01, 0x0b, 0xe0, 0x44,
  0x80, 0xf0, 0x90, 0x88, 0x00, 0x74, 0x27, 0xf0, 0x22, 0xe0, 0x54, 0x7f,
  0xf0, 0x90, 0x88, 0x00, 0xe4, 0xf0, 0x22, 0x90, 0xcd, 0xd5, 0xe0, 0x90,
  0x88, 0x08, 0xf0, 0x22, 0x7c, 0x88, 0x7d, 0x01, 0x7b, 0xff, 0x22, 0x90,
  0xd3, 0x1d, 0xef, 0xf0, 0x24, 0xfe, 0x60, 0x03, 0x04, 0x70, 0x21, 0x90,
  0xd3, 0x1d, 0xe0, 0xb4, 0x01, 0x0a, 0x90, 0xcd, 0xaf, 0xe0, 0x64, 0x01,
  0x60, 0x02, 0xf1, 0x10, 0x90, 0xcd, 0xaf, 0xe0, 0x70, 0x04, 0x7f, 0x01,
  0xd1, 0xa7, 0x90, 0xd3, 0x1d, 0xe0, 0x80, 0x0b, 0x90, 0xcd, 0xaf, 0xe0,
  0x60, 0x09, 0xe4, 0xff, 0xd1, 0xa7, 0xe4, 0x90, 0xcd, 0xaf, 0xf0, 0x22,
  0x90, 0xcd, 0xb0, 0xe0, 0xff, 0x90, 0xd3, 0x42, 0x74, 0x78, 0xf0, 0xa3,
  0xef, 0xf0, 0x7b, 0x64, 0xe4, 0xfd, 0xff, 0x12, 0x02, 0x7e, 0x90, 0x88,
  0x02, 0xef, 0xf0, 0x90, 0x88, 0x06, 0x74, 0x80, 0xf0, 0x22, 0x90, 0xd3,
  0x10, 0xed, 0xf0, 0x90, 0xd3, 0x1e, 0x74, 0x08, 0xf0, 0x12, 0xe1, 0x24,
  0x40, 0x03, 0x02, 0xd0, 0x80, 0x12, 0xf2, 0x15, 0xe4, 0x7b, 0x03, 0x12,
  0x8c, 0x06, 0x90, 0xd3, 0x1a, 0x12, 0x1a, 0xe9, 0x90, 0xce, 0x4c, 0x12,
  0x1a, 0x4c, 0x90, 0xce, 0xb3, 0x12, 0xed, 0x55, 0x40, 0x05, 0x90, 0xce,
  0xb3, 0x80, 0x03, 0x90, 0xce, 0x4c, 0x12, 0x1a, 0x4c, 0x12, 0xd0, 0x92,
  0x90, 0xc1, 0x92, 0xe0, 0x24, 0x2c, 0xfd, 0x90, 0xc1, 0x91, 0xe0, 0x34,
  0x01, 0xfc, 0xe4, 0x12, 0x13, 0x3c, 0xc0, 0x04, 0xc0, 0x05, 0xc0, 0x06,
  0xc0, 0x07, 0x90, 0xcf, 0x46, 0x12, 0x8e, 0x6b, 0x12, 0x13, 0x3c, 0x12,
  0xc4, 0xd6, 0xd0, 0x07, 0xd0, 0x06, 0xd0, 0x05, 0xd0, 0x04, 0x12, 0x12,
  0x21, 0xc0, 0x04, 0xc0, 0x05, 0xc0, 0x06, 0xc0, 0x07, 0x90, 0xd3, 0x12,
  0x12, 0x84, 0x37, 0xd0, 0x03, 0xd0, 0x02, 0xd0, 0x01, 0xd0, 0x00, 0x91,
  0xa4, 0x90, 0xd3, 0x16, 0x12, 0x1a, 0xe9, 0x12, 0xd2, 0x54, 0x60, 0x4d,
  0xe4, 0x90, 0xd3, 0x11, 0xf0, 0x12, 0xf0, 0xb4, 0x50, 0x22, 0x12, 0xd1,
  0xa8, 0x90, 0xd3, 0x12, 0x12, 0xed, 0x55, 0x50, 0x0f, 0x90, 0xd3, 0x11,
  0xe0, 0x12, 0xd1, 0xa9, 0x90, 0xd3, 0x1a, 0x12, 0x8a, 0xda, 0x40, 0x08,
  0x90, 0xd3, 0x11, 0xe0, 0x04, 0xf0, 0x80, 0xd9, 0x90, 0xd3, 0x11, 0xe0,
  0xff, 0x90, 0x1e, 0x04, 0x93, 0x90, 0xd3, 0x1e, 0xf0, 0x12, 0xd1, 0xa8,
  0x90, 0xc3, 0xfb, 0x12, 0x1a, 0xe9, 0x90, 0xd3, 0x12, 0x12, 0x1a, 0x4c,
  0x12, 0x03, 0x7d, 0x11, 0x92, 0x90, 0xd3, 0x16, 0x12, 0x1a, 0x4c, 0x90,
  0xd3, 0x12, 0x12, 0xed, 0x55, 0x40, 0x05, 0x90, 0xd3, 0x12, 0x80, 0x03,
  0x90, 0xd3, 0x16, 0x12, 0x1a, 0x4c, 0x11, 0x92, 0x90, 0xd3, 0x10, 0x12,
  0xc4, 0x95, 0x90, 0xd3, 0x12, 0x12, 0xc4, 0xa8, 0x11, 0x92, 0xe4, 0x90,
  0xd3, 0x11, 0xf0, 0x12, 0xf0, 0xb4, 0x50, 0x21, 0xef, 0x51, 0x5b, 0x90,
  0xd3, 0x12, 0x12, 0x8a, 0xda, 0x50, 0x0e, 0x90, 0xd3, 0x11, 0xe0, 0x51,
  0x5b, 0x90, 0xd3, 0x1a, 0x12, 0x8a, 0xda, 0x40, 0x08, 0x90, 0xd3, 0x11,
  0xe0, 0x04, 0xf0, 0x80, 0xda, 0x90, 0xd3, 0x11, 0x74, 0x02, 0xf0, 0xe0,
  0x90, 0x1e, 0x13, 0x93, 0xff, 0x12, 0xe1, 0xfa, 0x90, 0xd3, 0x11, 0xe0,
  0x31, 0xa9, 0x90, 0xcf, 0x96, 0x12, 0x1a, 0xe9, 0x51, 0x54, 0x60, 0x0d,
  0x12, 0xe1, 0x24, 0x50, 0x08, 0x90, 0xd3, 0x1e, 0xe0, 0xff, 0x12, 0xf1,
  0xf3, 0x22, 0x90, 0xd3, 0x12, 0x02, 0x1a, 0xe9, 0x90, 0xd3, 0x2d, 0xef,
  0xf0, 0x90, 0xcf, 0x57, 0x12, 0x8a, 0xf8, 0x9f, 0xec, 0x94, 0x00, 0x50,
  0x16, 0xaf, 0x05, 0x90, 0xc1, 0x0a, 0x51, 0x1b, 0x74, 0xff, 0x51, 0x0f,
  0x31, 0x0e, 0x90, 0xc1, 0x0c, 0x51, 0x1b, 0x74, 0xff, 0x80, 0x15, 0x31,
  0x13, 0x90, 0xc1, 0x0a, 0x51, 0x46, 0x12, 0x90, 0x97, 0xf0, 0x12, 0x02,
  0x7e, 0x31, 0x0e, 0x90, 0xc1, 0x0c, 0x51, 0x46, 0x51, 0x0f, 0x90, 0xd3,
  0x2f, 0xef, 0xf0, 0x90, 0xc1, 0x0a, 0xe0, 0xff, 0x90, 0xc1, 0x0d, 0xe0,
  0xfd, 0x90, 0xd3, 0x33, 0x74, 0x02, 0xf0, 0x90, 0xd3, 0x2e, 0xe0, 0x90,
  0xd3, 0x34, 0xf0, 0x7b, 0xff, 0x12, 0x02, 0x83, 0x90, 0x85, 0x65, 0xef,
  0xf0, 0x90, 0xd3, 0x2e, 0xe0, 0x90, 0x85, 0x75, 0xf0, 0x90, 0xd3, 0x2f,
  0xe0, 0x90, 0x85, 0xa7, 0xf0, 0x22, 0x90, 0xd3, 0x2e, 0xef, 0xf0, 0x90,
  0xcf, 0x57, 0xa3, 0xe0, 0xff, 0x22, 0xe4, 0xfe, 0x75, 0x0b, 0x80, 0x75,
  0x0c, 0x80, 0x12, 0x91, 0x5f, 0xef, 0x12, 0x1c, 0x64, 0xd1, 0x49, 0x01,
  0xd1, 0x45, 0x02, 0xd1, 0x55, 0x04, 0xd1, 0x5f, 0x20, 0xd1, 0x69, 0x40,
  0xd1, 0x73, 0x80, 0xd1, 0x4d, 0x81, 0xd1, 0x51, 0x82, 0x00, 0x00, 0xd1,
  0x7b, 0x7e, 0x20, 0x80, 0x32, 0x7e, 0x08, 0x80, 0x2e, 0x7e, 0x10, 0x80,
  0x2a, 0x7e, 0x01, 0x80, 0x26, 0x7e, 0x02, 0x75, 0x0b, 0x40, 0x75, 0x0c,
  0xa0, 0x80, 0x1c, 0x7e, 0x02, 0x75, 0x0b, 0x60, 0x75, 0x0c, 0x60, 0x80,
  0x12, 0x7e, 0x02, 0x75, 0x0b, 0x80, 0x75, 0x0c, 0xc0, 0x80, 0x08, 0x7e,
  0x02, 0x75, 0x0b, 0xa0, 0x75, 0x0c, 0x40, 0x12, 0x90, 0x13, 0xe5, 0x0b,
  0xf0, 0xa3, 0xe5, 0x0c, 0xf0, 0x90, 0x80, 0x02, 0xe0, 0x4e, 0xf0, 0x22,
  0x12, 0x8f, 0xe2, 0x90, 0xd0, 0x78, 0xe0, 0xb4, 0x01, 0x06, 0x12, 0x8d,
  0x0f, 0x12, 0x83, 0xc8, 0x22, 0x90, 0xd0, 0x78, 0xe0, 0xb4, 0x01, 0x03,
  0x12, 0x87, 0x5c, 0x22, 0xef, 0x25, 0xe0, 0x25, 0xe0, 0x24, 0xf8, 0xf5,
  0x82, 0xe4, 0x34, 0x1d, 0xf5, 0x83, 0x02, 0x1a, 0x58, 0x12, 0xe0, 0xfc,
  0x70, 0x24, 0x90, 0xce, 0x86, 0xe0, 0xb4, 0x08, 0x1d, 0x90, 0xcf, 0x5d,
  0xe0, 0x60, 0x08, 0x90, 0xd2, 0xbd, 0xe0, 0xff, 0x02, 0x00, 0x32, 0x90,
  0xd2, 0xbd, 0xe0, 0xff, 0x90, 0xcf, 0x65, 0xe0, 0x6f, 0x60, 0x03, 0x12,
  0xe4, 0x5c, 0x22, 0x90, 0xd0, 0x78, 0xe0, 0xb4, 0x01, 0x03, 0x12, 0x03,
  0x9b, 0x22, 0x90, 0xd0, 0x78, 0xe0, 0xb4, 0x01, 0x03, 0x12, 0x03, 0xa0,
  0x22, 0x90, 0xd0, 0x78, 0xe0, 0xb4, 0x01, 0x03, 0x12, 0x03, 0xa5, 0x22,
  0x90, 0xd0, 0x78, 0xe0, 0xb4, 0x01, 0x03, 0x12, 0x03, 0xaa, 0x22, 0xf0,
  0x90, 0xd3, 0x2d, 0xe0, 0x90, 0xd3, 0x43, 0xf0, 0x02, 0x02, 0x7e, 0xe0,
  0xfd, 0x90, 0xcf, 0x53, 0xa3, 0xe0, 0xfb, 0x90, 0xd3, 0x42, 0x22, 0x90,
  0xd2, 0xc3, 0xef, 0xf0, 0x90, 0xd0, 0x78, 0xe0, 0xb4, 0x01, 0x12, 0x90,
  0xcf, 0x5d, 0xe0, 0x90, 0xd2, 0xc3, 0x70, 0x04, 0xe0, 0xff, 0x01, 0x98,
  0xe0, 0xff, 0x12, 0x0d, 0xff, 0x22, 0xe0, 0xfd, 0x90, 0xcf, 0x51, 0xa3,
  0xe0, 0xfb, 0xe4, 0x90, 0xd3, 0x42, 0x22, 0xf0, 0x90, 0xd0, 0x4d, 0xe0,
  0x64, 0x01, 0x22, 0x25, 0xe0, 0x25, 0xe0, 0x24, 0x07, 0xf5, 0x82, 0xe4,
  0x34, 0x1e, 0xf5, 0x83, 0x02, 0x1a, 0x58, 0x51, 0xc5, 0x51, 0xd8, 0x90,
  0xd2, 0xfb, 0x60, 0x0d, 0x12, 0x1b, 0x43, 0x51, 0x9d, 0x12, 0xc7, 0x2b,
  0x51, 0x91, 0x02, 0xc6, 0x7a, 0x12, 0x1b, 0x43, 0x51, 0x9d, 0x51, 0x8b,
  0x02, 0xc7, 0x08, 0x90, 0xd3, 0x01, 0x12, 0x1b, 0x63, 0x90, 0xd2, 0xf8,
  0x02, 0x1b, 0x43, 0x90, 0xd2, 0xe1, 0x12, 0x1b, 0x63, 0xe9, 0x24, 0x01,
  0xf9, 0xe4, 0x3a, 0xfa, 0x22, 0x51, 0xc5, 0x51, 0xd8, 0x90, 0xd2, 0xfb,
  0x60, 0x0d, 0x12, 0x1b, 0x43, 0x51, 0x9d, 0x12, 0xc7, 0x2b, 0x51, 0x91,
  0x02, 0xc6, 0xb1, 0x12, 0x1b, 0x43, 0x51, 0x9d, 0x51, 0x8b, 0x02, 0xc7,
  0x75, 0x90, 0xd2, 0xf8, 0x12, 0x1b, 0x63, 0x90, 0xd2, 0xfb, 0x22, 0x90,
  0xd2, 0xde, 0x12, 0x1b, 0x63, 0x90, 0xd2, 0xde, 0x12, 0x1b, 0x43, 0x02,
  0x15, 0x64, 0xf1, 0x3b, 0x91, 0x0c, 0x12, 0x15, 0x64, 0x60, 0x05, 0x51,
  0x9d, 0x02, 0xe4, 0x28, 0x91, 0x0c, 0x51, 0x9d, 0x12, 0xb3, 0xf7, 0x12,
  0xf9, 0x41, 0x90, 0x00, 0x01, 0xef, 0x12, 0x15, 0xde, 0x90, 0x71, 0x08,
  0x12, 0xb4, 0x63, 0x90, 0x00, 0x08, 0xef, 0x12, 0x15, 0xde, 0x90, 0x71,
  0x09, 0x12, 0x91, 0x9e, 0x12, 0x8b, 0x7a, 0x12, 0x8e, 0xda, 0x12, 0xb4,
  0x65, 0x90, 0x00, 0x0e, 0x12, 0x1a, 0x28, 0x90, 0x00, 0x06, 0x12, 0x16,
  0xf4, 0x12, 0x8e, 0xda, 0x12, 0xb4, 0x65, 0x90, 0x00, 0x12, 0x12, 0x1a,
  0x28, 0x12, 0x16, 0xc9, 0x12, 0x8a, 0xe1, 0x12, 0x8a, 0x9e, 0xff, 0x90,
  0x00, 0x0c, 0xe5, 0xf0, 0x8f, 0xf0, 0x02, 0x17, 0xd0, 0x51, 0x97, 0x90,
  0xd2, 0xe5, 0xf1, 0x47, 0x51, 0xd8, 0xfe, 0xd3, 0x94, 0x04, 0x40, 0x03,
  0x7f, 0x0d, 0x22, 0xee, 0x14, 0x75, 0xf0, 0x08, 0xa4, 0x90, 0xd2, 0xe4,
  0xf0, 0xa3, 0x12, 0x1b, 0x43, 0x12, 0x8a, 0x6b, 0x90, 0xd2, 0xe5, 0x12,
  0x8a, 0x61, 0x90, 0xd2, 0xe5, 0x12, 0xc6, 0xfb, 0x12, 0xe1, 0xd3, 0x9f,
  0xff, 0xe5, 0xf0, 0x9e, 0xfe, 0xef, 0x64, 0x01, 0x4e, 0x70, 0x14, 0x90,
  0xd2, 0xe5, 0x12, 0x8a, 0x9b, 0x24, 0x02, 0xff, 0xe4, 0x35, 0xf0, 0x90,
  0x00, 0x06, 0x8f, 0xf0, 0x12, 0x17, 0xd0, 0x90, 0xd2, 0xe5, 0x12, 0x8b,
  0xa0, 0xff, 0x90, 0xd2, 0xe4, 0xe0, 0x24, 0x16, 0x71, 0xd7, 0x12, 0x83,
  0x73, 0x12, 0x8a, 0x9e, 0xff, 0x90, 0xd2, 0xe4, 0xe0, 0x24, 0x18, 0x71,
  0xd7, 0x12, 0x83, 0x73, 0x12, 0x8b, 0x7a, 0xff, 0x90, 0xd2, 0xe4, 0xe0,
  0x71, 0xd5, 0x12, 0x83, 0x73, 0xf1, 0x4e, 0x90, 0xd2, 0xe4, 0xe0, 0x24,
  0x1c, 0x71, 0xd7, 0x12, 0x83, 0x73, 0x7f, 0x00, 0x22, 0x24, 0x1a, 0xfd,
  0xe4, 0x34, 0x8b, 0x8d, 0x82, 0xf5, 0x83, 0x22, 0x90, 0xd2, 0xdf, 0x12,
  0x1b, 0x63, 0x7b, 0x01, 0x7a, 0xd2, 0x79, 0xe6, 0xaf, 0x05, 0x90, 0xd2,
  0xfc, 0xec, 0xf0, 0xa3, 0xef, 0xf0, 0x90, 0xd2, 0xe4, 0xe0, 0xff, 0xa3,
  0xe0, 0x90, 0xd2, 0xfe, 0xcf, 0xf0, 0xa3, 0xef, 0xf0, 0xc2, 0x00, 0xe4,
  0xff, 0x12, 0x04, 0xcc, 0x90, 0xd2, 0xdf, 0x02, 0x1b, 0x43, 0x71, 0xe0,
  0x91, 0x22, 0x79, 0xe6, 0x41, 0x6b, 0x71, 0xe0, 0x91, 0x22, 0x79, 0xe6,
  0x41, 0xa5, 0x90, 0xd2, 0xfb, 0x12, 0x1b, 0x63, 0x7b, 0x01, 0x7a, 0xd2,
  0x22, 0x90, 0xd2, 0xb8, 0xef, 0xf0, 0xfc, 0x12, 0x8e, 0x15, 0xff, 0xa3,
  0xe0, 0x90, 0xd2, 0xc1, 0x12, 0x8c, 0x47, 0xff, 0xa3, 0xe0, 0x90, 0xd2,
  0xc3, 0xcf, 0xf0, 0xa3, 0xef, 0xf0, 0xed, 0xc4, 0x54, 0x0f, 0xa3, 0xf0,
  0xed, 0x54, 0x0f, 0xa3, 0xf0, 0xaf, 0x04, 0xae, 0x03, 0xad, 0x06, 0x12,
  0xec, 0xaf, 0x90, 0xd2, 0xc0, 0xef, 0xf0, 0x60, 0x03, 0xe0, 0xff, 0x22,
  0x12, 0xf0, 0x6d, 0x40, 0x0a, 0x7f, 0x01, 0xd1, 0xb8, 0x90, 0xd2, 0xbf,
  0x74, 0x01, 0xf0, 0x90, 0xd2, 0xb8, 0xe0, 0x12, 0x1c, 0x64, 0xd4, 0xb8,
  0x01, 0xd4, 0xca, 0x02, 0xd5, 0x02, 0x03, 0xd5, 0x1c, 0x04, 0xd5, 0x61,
  0x05, 0xd5, 0x1c, 0x06, 0xd5, 0x61, 0x07, 0xd5, 0x1c, 0x08, 0xd5, 0x61,
  0x09, 0xd4, 0xc1, 0x81, 0xd4, 0xe3, 0x82, 0xd5, 0x0f, 0x83, 0xd5, 0x3c,
  0x84, 0xd5, 0x8f, 0x85, 0xd5, 0x3c, 0x86, 0xd5, 0x8f, 0x87, 0xd5, 0x3c,
  0x88, 0xd5, 0x8f, 0x89, 0x00, 0x00, 0xd5, 0xc3, 0x90, 0x71, 0x00, 0xe0,
  0x90, 0x8b, 0x00, 0x80, 0x39, 0x90, 0x8b, 0x00, 0xe0, 0x90, 0x72, 0x00,
  0x80, 0x30, 0x90, 0x71, 0x00, 0xe0, 0x90, 0x8b, 0x01, 0xf0, 0x90, 0x71,
  0x01, 0xe0, 0x90, 0x8b, 0x02, 0xf0, 0x90, 0x71, 0x02, 0xe0, 0x90, 0x8b,
  0x03, 0x80, 0x17, 0x90, 0x8b, 0x01, 0xe0, 0x90, 0x72, 0x00, 0xf0, 0x90,
  0x8b, 0x02, 0xe0, 0x90, 0x72, 0x01, 0xf0, 0x90, 0x8b, 0x03, 0xe0, 0x90,
  0x72, 0x02, 0xf0, 0xe4, 0x90, 0xd2, 0xc0, 0xf0, 0xa1, 0xc9, 0x12, 0xdb,
  0x03, 0x12, 0xe4, 0x1a, 0xf1, 0x56, 0x12, 0xdf, 0x30, 0x80, 0x79, 0x12,
  0x8b, 0x99, 0x12, 0xe4, 0x1a, 0xf1, 0x56, 0x12, 0xeb, 0x98, 0x80, 0x6c,
  0xe4, 0x90, 0xd2, 0xc7, 0xf1, 0x1f, 0xe0, 0xb4, 0x04, 0x06, 0xb1, 0xd9,
  0xd1, 0x79, 0x80, 0x0c, 0x90, 0xd2, 0xb8, 0xe0, 0xb4, 0x08, 0x05, 0x12,
  0x8a, 0x45, 0x91, 0x12, 0xb1, 0xfa, 0x80, 0x4c, 0xe4, 0x90, 0xd2, 0xc7,
  0xf1, 0x2c, 0x60, 0x02, 0xa1, 0xc9, 0x90, 0xd2, 0xb8, 0xe0, 0xb4, 0x84,
  0x06, 0xb1, 0xd9, 0xd1, 0x91, 0x80, 0x66, 0x90, 0xd2, 0xb8, 0xe0, 0xb4,
  0x88, 0x05, 0x12, 0x8a, 0x45, 0x91, 0x1a, 0x80, 0x58, 0x90, 0xd2, 0xc6,
  0xe0, 0xff, 0x70, 0x02, 0x80, 0x59, 0x90, 0xd2, 0xc7, 0xef, 0xf1, 0x1f,
  0xe0, 0xb4, 0x05, 0x06, 0xb1, 0xd9, 0xd1, 0x79, 0x80, 0x0c, 0x90, 0xd2,
  0xb8, 0xe0, 0xb4, 0x09, 0x05, 0x12, 0x8a, 0x45, 0x91, 0x12, 0xb1, 0xfa,
  0x90, 0xd2, 0xc0, 0xef, 0xf0, 0x80, 0x3a, 0x90, 0xd2, 0xc6, 0xe0, 0xff,
  0x70, 0x02, 0x80, 0x2b, 0x90, 0xd2, 0xc7, 0xef, 0xf1, 0x2c, 0x70, 0x29,
  0x90, 0xd2, 0xb8, 0xe0, 0xb4, 0x85, 0x06, 0xb1, 0xd9, 0xd1, 0x91, 0x80,
  0x0c, 0x90, 0xd2, 0xb8, 0xe0, 0xb4, 0x89, 0x05, 0x12, 0x8a, 0x45, 0x91,
  0x1a, 0x7b, 0x01, 0x7a, 0xd2, 0x79, 0xc7, 0xb1, 0xe5, 0x80, 0x06, 0x90,
  0xd2, 0xc0, 0x74, 0x0d, 0xf0, 0x90, 0xd2, 0xbf, 0xe0, 0x60, 0x04, 0xe4,
  0xff, 0xd1, 0xb8, 0x90, 0xd2, 0xc0, 0xe0, 0xff, 0x22, 0x7b, 0x01, 0x7a,
  0xd2, 0x79, 0xc7, 0x90, 0xd2, 0xc5, 0xe0, 0xfd, 0x22, 0xf1, 0x3b, 0x91,
  0x0c, 0x12, 0x15, 0x64, 0x60, 0x05, 0x51, 0x9d, 0x02, 0xd9, 0x5e, 0x91,
  0x0c, 0x51, 0x9d, 0x02, 0xb3, 0x96, 0x7b, 0x01, 0x7a, 0xd2, 0x79, 0xc7,
  0x51, 0xcf, 0x60, 0x02, 0x61, 0x45, 0xf1, 0x41, 0x51, 0x9d, 0x90, 0xd2,
  0xe1, 0x12, 0x1b, 0x63, 0x12, 0x8a, 0x6b, 0x90, 0xd2, 0xe1, 0x12, 0x8a,
  0x61, 0x90, 0xd2, 0xe1, 0x12, 0x1b, 0x43, 0x90, 0x00, 0x06, 0x12, 0x16,
  0xf4, 0x64, 0x01, 0x45, 0xf0, 0x70, 0x09, 0x90, 0x00, 0x06, 0x75, 0xf0,
  0x02, 0x12, 0x17, 0xd0, 0x12, 0x16, 0xc9, 0xff, 0x90, 0x8b, 0x04, 0x12,
  0x83, 0x73, 0x12, 0x8a, 0x9e, 0xff, 0x90, 0x8b, 0x06, 0x12, 0x83, 0x73,
  0x12, 0x8b, 0x7a, 0xff, 0x90, 0x8b, 0x0a, 0x12, 0x83, 0x73, 0xf1, 0x4e,
  0x90, 0x8b, 0x0c, 0x12, 0x83, 0x73, 0x12, 0x8b, 0xac, 0x90, 0x8b, 0x08,
  0x12, 0xc7, 0x1e, 0x90, 0x8b, 0x09, 0xf0, 0x78, 0xe1, 0x7c, 0xc3, 0x7d,
  0x01, 0x90, 0xd2, 0xe1, 0x12, 0x1b, 0x43, 0x12, 0x8c, 0xf8, 0x7f, 0x00,
  0x22, 0xd1, 0xa9, 0xe4, 0x90, 0xd2, 0xfc, 0x12, 0x7c, 0x63, 0xf0, 0xd2,
  0x00, 0x91, 0x09, 0x90, 0xd2, 0xfb, 0x12, 0x1b, 0x63, 0xd1, 0xb1, 0x41,
  0x6b, 0xd1, 0xa9, 0xe4, 0x90, 0xd2, 0xfc, 0x12, 0x7c, 0x63, 0xf0, 0xd2,
  0x00, 0x91, 0x09, 0x90, 0xd2, 0xfb, 0x12, 0x1b, 0x63, 0xd1, 0xb1, 0x41,
  0xa5, 0x90, 0xd2, 0xdf, 0x12, 0x1b, 0x63, 0xaf, 0x05, 0x7b, 0x01, 0x7a,
  0xd2, 0x79, 0xe2, 0x22, 0x90, 0xfe, 0x86, 0xe0, 0x30, 0xe0, 0x04, 0xef,
  0xb4, 0x01, 0x0c, 0x90, 0xfe, 0x86, 0xe0, 0x20, 0xe0, 0x36, 0xef, 0x64,
  0x01, 0x70, 0x31, 0x12, 0xe2, 0x12, 0x44, 0x02, 0xf0, 0xef, 0xb4, 0x01,
  0x13, 0x90, 0xfe, 0x86, 0xe0, 0x44, 0x01, 0x51, 0x53, 0x60, 0x1a, 0x90,
  0xfe, 0x86, 0xe0, 0x44, 0x04, 0xf0, 0x80, 0x11, 0x90, 0xfe, 0x86, 0xe0,
  0x54, 0xfe, 0x51, 0x53, 0x60, 0x07, 0x90, 0xfe, 0x86, 0xe0, 0x54, 0xfb,
  0xf0, 0x12, 0xe4, 0x88, 0x22, 0x51, 0xcf, 0x60, 0x02, 0x80, 0x73, 0xf1,
  0x41, 0x51, 0x9d, 0x90, 0xd2, 0xe1, 0xf1, 0x47, 0x12, 0xdb, 0x11, 0x7b,
  0x01, 0x7a, 0xc3, 0x79, 0xe1, 0x12, 0x8c, 0xf8, 0x7f, 0x00, 0x22, 0xf0,
  0x7b, 0x01, 0x7a, 0xd2, 0x79, 0xc7, 0x51, 0xde, 0x90, 0xd2, 0xb8, 0x22,
  0xf0, 0x7b, 0x01, 0x7a, 0xd2, 0x79, 0xc7, 0xf1, 0x01, 0x90, 0xd2, 0xc0,
  0xef, 0xf0, 0x22, 0x90, 0xd2, 0xdf, 0x02, 0x1b, 0x63, 0x90, 0xd2, 0xde,
  0x02, 0x1b, 0x43, 0x12, 0x1b, 0x63, 0x90, 0xd2, 0xe1, 0x22, 0x90, 0x00,
  0x06, 0x12, 0x16, 0xf4, 0xff, 0x22, 0x90, 0xd2, 0xe3, 0xcf, 0xf0, 0xa3,
  0xef, 0xf0, 0x22, 0x12, 0x1a, 0x68, 0x90, 0xd2, 0xb9, 0xe0, 0x25, 0xe0,
  0x24, 0x71, 0xf5, 0x82, 0xe4, 0x34, 0xca, 0xf5, 0x83, 0xe0, 0xfe, 0xa3,
  0xe0, 0xff, 0xe4, 0xfc, 0xfd, 0x22, 0x51, 0x97, 0x90, 0xd2, 0xe4, 0xf1,
  0x47, 0x51, 0xd8, 0xfe, 0xd3, 0x94, 0x04, 0x40, 0x03, 0x7f, 0x0d, 0x22,
  0xee, 0x14, 0x75, 0xf0, 0x08, 0xa4, 0xff, 0x24, 0x16, 0xfd, 0xe4, 0x34,
  0x8b, 0x8d, 0x82, 0x12, 0xc7, 0xae, 0x90, 0xd2, 0xe4, 0x12, 0x1b, 0x43,
  0xec, 0x8d, 0xf0, 0x12, 0x17, 0xb1, 0xef, 0x24, 0x18, 0xfd, 0xe4, 0x34,
  0x8b, 0x8d, 0x82, 0x12, 0xc7, 0xae, 0x90, 0xd2, 0xe4, 0x12, 0x8d, 0x84,
  0x71, 0xd5, 0xe0, 0xfd, 0xa3, 0xe0, 0x90, 0x00, 0x04, 0xcd, 0x12, 0x8d,
  0x8b, 0x24, 0x1c, 0xff, 0xe4, 0x34, 0x8b, 0x8f, 0x82, 0x12, 0xf9, 0x74,
  0x12, 0x8e, 0x48, 0x7f, 0x00, 0x22, 0x90, 0x78, 0x00, 0x12, 0x91, 0x6f,
  0xe5, 0x08, 0x20, 0xe0, 0x03, 0x02, 0xd8, 0xe3, 0x74, 0x01, 0xf0, 0x90,
  0x70, 0x43, 0xe0, 0xff, 0x90, 0x70, 0x42, 0xe0, 0x90, 0xd2, 0xb0, 0xf0,
  0x90, 0x70, 0x41, 0xe0, 0x90, 0xd2, 0xb2, 0xf0, 0x90, 0x70, 0x40, 0xe0,
  0x90, 0xd2, 0xb1, 0xf0, 0x90, 0x70, 0x47, 0xe0, 0x90, 0xd2, 0xb5, 0xf0,
  0x90, 0x70, 0x46, 0xe0, 0x90, 0xd2, 0xb6, 0xf0, 0x90, 0x70, 0x45, 0xe0,
  0x90, 0xd2, 0xb3, 0xf0, 0x90, 0x70, 0x44, 0xe0, 0x90, 0xd2, 0xb4, 0xf0,
  0xef, 0x12, 0x1c, 0x64, 0xd8, 0x51, 0x00, 0xd8, 0x7b, 0x01, 0xd8, 0x82,
  0x02, 0xd8, 0x89, 0x03, 0xd8, 0x90, 0x04, 0xd8, 0x97, 0x05, 0xd8, 0x9e,
  0x06, 0xd8, 0xb1, 0x07, 0xd8, 0xba, 0x09, 0xd8, 0xc3, 0x0a, 0xd8, 0xca,
  0x0c, 0x00, 0x00, 0xd8, 0xd6, 0x90, 0xd2, 0xb2, 0xe0, 0xfd, 0x90, 0xd2,
  0xb5, 0xe0, 0xfa, 0xa3, 0xe0, 0xfb, 0x90, 0xd2, 0xb3, 0xe0, 0xff, 0xa3,
  0xe0, 0x90, 0xd2, 0xbc, 0xcf, 0xf0, 0xa3, 0xef, 0xf0, 0x90, 0xd2, 0xb1,
  0xe0, 0x90, 0xd2, 0xbe, 0x31, 0x11, 0x12, 0x03, 0x37, 0x80, 0x54, 0x11,
  0xe4, 0x12, 0x03, 0x05, 0x80, 0x4d, 0x11, 0xe4, 0x12, 0xe7, 0x90, 0x80,
  0x46, 0x11, 0xe4, 0x12, 0x03, 0x00, 0x80, 0x3f, 0x11, 0xe4, 0x12, 0x02,
  0xf6, 0x80, 0x38, 0x11, 0xe4, 0x12, 0x03, 0x32, 0x80, 0x31, 0x11, 0xe9,
  0x90, 0xd2, 0xb5, 0x12, 0x8c, 0xd8, 0xf0, 0x90, 0xd2, 0xb3, 0x31, 0x06,
  0x12, 0x04, 0xc7, 0x80, 0x1e, 0x11, 0xe9, 0x11, 0xf4, 0x12, 0x02, 0xe7,
  0x80, 0x15, 0x11, 0xe9, 0x11, 0xf4, 0x12, 0xd4, 0x2d, 0x80, 0x0c, 0x11,
  0xe4, 0x12, 0xb4, 0x6b, 0x80, 0x05, 0x11, 0xe4, 0x12, 0xf3, 0x00, 0x90,
  0xd2, 0xb7, 0xef, 0xf0, 0x80, 0x06, 0x90, 0xd2, 0xb7, 0x74, 0xff, 0xf0,
  0x90, 0xd2, 0xb7, 0xe0, 0xff, 0x31, 0x2b, 0x22, 0x90, 0xd2, 0xb0, 0xe0,
  0xff, 0x90, 0xd2, 0xb2, 0xe0, 0xfd, 0x90, 0xd2, 0xb1, 0xe0, 0xfb, 0x22,
  0x90, 0xd2, 0xb3, 0xe0, 0xff, 0xa3, 0xe0, 0x90, 0xd2, 0xbb, 0xcf, 0xf0,
  0xa3, 0xef, 0xf0, 0x90, 0xd2, 0xb5, 0xe0, 0xff, 0xa3, 0xe0, 0x90, 0xd2,
  0xbd, 0xcf, 0xf0, 0xa3, 0xef, 0xf0, 0x90, 0xd2, 0xb0, 0xe0, 0xff, 0x22,
  0x90, 0xd0, 0x78, 0xe0, 0xb4, 0x01, 0x03, 0x12, 0x03, 0xb4, 0x22, 0x7a,
  0x00, 0xe4, 0xfd, 0xfc, 0x02, 0x02, 0x65, 0x90, 0x70, 0x4a, 0xef, 0xf0,
  0x70, 0x05, 0xa3, 0x74, 0x80, 0xf0, 0x22, 0x90, 0x70, 0x4b, 0x74, 0xc0,
  0xf0, 0x22, 0xef, 0x78, 0x03, 0xce, 0xc3, 0x13, 0xce, 0x13, 0xd8, 0xf9,
  0xff, 0x7b, 0x7f, 0x31, 0x23, 0x90, 0x85, 0x05, 0xef, 0xf0, 0x22, 0x90,
  0xd0, 0x78, 0xe0, 0xb4, 0x01, 0x03, 0x12, 0x87, 0xa5, 0x22, 0x31, 0xb2,
  0x12, 0xb4, 0x65, 0x31, 0xac, 0x12, 0x8e, 0xe1, 0xe9, 0x24, 0x02, 0x31,
  0xa8, 0x90, 0x72, 0x02, 0xf0, 0x12, 0xb4, 0x65, 0x90, 0x00, 0x02, 0x12,
  0x15, 0x7d, 0x90, 0x72, 0x03, 0xf0, 0xe9, 0x24, 0x04, 0x31, 0xa8, 0x90,
  0x72, 0x04, 0xf0, 0x12, 0xb4, 0x65, 0x90, 0x00, 0x04, 0x12, 0x15, 0x7d,
  0x90, 0x72, 0x05, 0xf0, 0xe9, 0x24, 0x06, 0x31, 0xa8, 0x90, 0x72, 0x06,
  0xf0, 0x12, 0xb4, 0x65, 0x12, 0x8e, 0x2c, 0x90, 0x72, 0x07, 0xf0, 0x22,
  0xf9, 0xe4, 0x3a, 0xfa, 0x90, 0x00, 0x01, 0x02, 0x15, 0x7d, 0x90, 0xd2,
  0xe2, 0x02, 0x1b, 0x63, 0x90, 0xd0, 0x78, 0xe0, 0xb4, 0x01, 0x03, 0x12,
  0x03, 0xaf, 0x22, 0x12, 0x90, 0x6f, 0x7b, 0x01, 0x7a, 0xd0, 0x79, 0xeb,
  0x90, 0xd2, 0xf4, 0x71, 0x22, 0xfa, 0x90, 0xd2, 0xf7, 0x71, 0x22, 0xfa,
  0x90, 0xd2, 0xfa, 0x71, 0x22, 0xfa, 0x90, 0xd2, 0xfd, 0x12, 0x1b, 0x63,
  0x90, 0xd2, 0xef, 0x12, 0x7f, 0xaf, 0x70, 0x03, 0x7f, 0x0d, 0x22, 0xef,
  0x14, 0x70, 0x02, 0x41, 0x85, 0x14, 0x70, 0x02, 0x41, 0x93, 0x14, 0x70,
  0x02, 0x41, 0xa1, 0x14, 0x70, 0x02, 0x41, 0xb5, 0x24, 0x04, 0x60, 0x02,
  0x41, 0xfb, 0x71, 0x1b, 0x60, 0x03, 0x7f, 0x08, 0x22, 0x90, 0xd2, 0xf3,
  0x74, 0x64, 0xf0, 0x12, 0x00, 0xf8, 0xef, 0x90, 0xd2, 0xf3, 0x60, 0x1c,
  0x71, 0x0a, 0x90, 0xc9, 0xaa, 0x12, 0x1b, 0x43, 0x12, 0x15, 0x3e, 0x7b,
  0x01, 0x7a, 0xc9, 0x79, 0xa6, 0x12, 0x8e, 0x82, 0x7a, 0xd0, 0x79, 0xeb,
  0x71, 0x8a, 0x41, 0xfe, 0x71, 0x0a, 0x12, 0x90, 0x0c, 0x12, 0x15, 0x3e,
  0x12, 0x90, 0x05, 0x90, 0xd3, 0x06, 0x12, 0x1b, 0x63, 0x7a, 0xc5, 0x79,
  0x1a, 0x12, 0x82, 0xe0, 0x7a, 0xc6, 0x79, 0x46, 0x12, 0x83, 0x93, 0x12,
  0x91, 0xc4, 0x90, 0xd3, 0x0f, 0x12, 0x90, 0xe8, 0xe0, 0xff, 0xa3, 0xe0,
  0x90, 0xd3, 0x11, 0xcf, 0xf0, 0xa3, 0xef, 0xf0, 0x90, 0xc3, 0x4b, 0x12,
  0x1a, 0x4c, 0x90, 0xd3, 0x13, 0x12, 0x1a, 0xe9, 0x7a, 0xd0, 0x79, 0xeb,
  0x12, 0xe7, 0x2a, 0x80, 0x79, 0x71, 0x1b, 0x60, 0x03, 0x7f, 0x08, 0x22,
  0x71, 0x0e, 0x90, 0xd2, 0xf4, 0x80, 0x1a, 0x71, 0x1b, 0x60, 0x03, 0x7f,
  0x08, 0x22, 0x71, 0x0e, 0x90, 0xd2, 0xf7, 0x80, 0x0c, 0x71, 0x1b, 0x60,
  0x03, 0x7f, 0x08, 0x22, 0x71, 0x0e, 0x90, 0xd2, 0xfa, 0x12, 0x1b, 0x43,
  0x12, 0x8b, 0x90, 0x80, 0x49, 0x90, 0xd2, 0xf2, 0xe0, 0x64, 0x08, 0x60,
  0x03, 0x7f, 0x08, 0x22, 0x90, 0xd2, 0xfd, 0x12, 0x1b, 0x43, 0x90, 0xd3,
  0x00, 0x12, 0x1b, 0x63, 0x12, 0x16, 0xc9, 0x71, 0x2c, 0x74, 0x02, 0xf0,
  0x71, 0x40, 0x90, 0xd3, 0x00, 0x12, 0x8b, 0xa0, 0x71, 0x2c, 0x71, 0x40,
  0x90, 0xd3, 0x00, 0x12, 0x8e, 0xcd, 0x90, 0xd2, 0xef, 0x12, 0x1b, 0x43,
  0xab, 0x01, 0x90, 0xd3, 0x07, 0xea, 0xf0, 0xa3, 0xeb, 0xf0, 0x12, 0x02,
  0x47, 0x80, 0x03, 0x7f, 0x0b, 0x22, 0x7f, 0x00, 0x22, 0x7d, 0x01, 0x7b,
  0x01, 0x7a, 0x71, 0x79, 0x00, 0x22, 0xe0, 0xff, 0x7e, 0x00, 0x90, 0xd2,
  0xef, 0x12, 0x1b, 0x43, 0xa8, 0x01, 0xac, 0x02, 0xad, 0x03, 0x22, 0x90,
  0xd2, 0xf2, 0xe0, 0x64, 0x64, 0x22, 0x12, 0x1b, 0x63, 0xe9, 0x24, 0x64,
  0xf9, 0xe4, 0x3a, 0x22, 0xff, 0xae, 0xf0, 0x90, 0xd2, 0xef, 0x12, 0x1b,
  0x43, 0xac, 0x02, 0xad, 0x01, 0x12, 0x02, 0x42, 0x90, 0xd2, 0xf3, 0x22,
  0xe0, 0xff, 0x7e, 0x00, 0x90, 0xd2, 0xf0, 0xee, 0x8f, 0xf0, 0x12, 0x16,
  0x9d, 0x90, 0xd3, 0x01, 0xee, 0x8f, 0xf0, 0x02, 0x16, 0x9d, 0xae, 0x07,
  0x12, 0xe1, 0x01, 0x70, 0x2c, 0xee, 0x60, 0x0f, 0x64, 0x01, 0x60, 0x04,
  0xee, 0xb4, 0x02, 0x17, 0x90, 0xcd, 0x73, 0xee, 0xf0, 0x80, 0x10, 0x90,
  0xcd, 0x75, 0x74, 0x01, 0xf0, 0x12, 0xf4, 0x37, 0x12, 0xee, 0xff, 0x90,
  0xcd, 0x77, 0xf0, 0x90, 0xd0, 0x97, 0xe0, 0xff, 0xad, 0x06, 0x12, 0x87,
  0xc0, 0x22, 0x90, 0xd3, 0x2f, 0x12, 0x1b, 0x63, 0x90, 0xd3, 0x35, 0x12,
  0x1b, 0x63, 0x90, 0xd3, 0x2f, 0x12, 0x1b, 0x43, 0x90, 0xd3, 0x38, 0x71,
  0x22, 0xfa, 0x90, 0xd3, 0x3b, 0x71, 0x22, 0xfa, 0x90, 0xd3, 0x3e, 0x71,
  0x22, 0xfa, 0x90, 0xd3, 0x41, 0x12, 0x1b, 0x63, 0x91, 0x63, 0x90, 0xd3,
  0x3b, 0x91, 0x53, 0x90, 0x00, 0x07, 0x12, 0x1b, 0xdb, 0xc0, 0x03, 0xc0,
  0x02, 0xc0, 0x01, 0x90, 0xd3, 0x38, 0x71, 0x11, 0xd0, 0x01, 0xd0, 0x02,
  0xd0, 0x03, 0x12, 0x15, 0x3e, 0x91, 0x63, 0x90, 0xd3, 0x3e, 0x91, 0x53,
  0x90, 0x00, 0x0a, 0x12, 0x1b, 0xdb, 0xc0, 0x03, 0xc0, 0x02, 0xc0, 0x01,
  0x90, 0xd3, 0x3b, 0x71, 0x11, 0xd0, 0x01, 0xd0, 0x02, 0xd0, 0x03, 0x12,
  0x15, 0x3e, 0x90, 0xd3, 0x3e, 0x91, 0x66, 0x90, 0xd3, 0x41, 0x91, 0x53,
  0x90, 0x00, 0x0d, 0x12, 0x1b, 0xdb, 0xc0, 0x03, 0xc0, 0x02, 0xc0, 0x01,
  0x90, 0xd3, 0x3e, 0x71, 0x11, 0xd0, 0x01, 0xd0, 0x02, 0xd0, 0x03, 0x12,
  0x15, 0x3e, 0x90, 0xd3, 0x41, 0x12, 0x1b, 0x43, 0x90, 0xd3, 0x35, 0x12,
  0x1b, 0x63, 0x91, 0x5d, 0x12, 0xf3, 0xda, 0x12, 0x1b, 0x43, 0x12, 0x8a,
  0x71, 0x12, 0xf3, 0xd0, 0x91, 0x5d, 0x12, 0xf3, 0xda, 0x12, 0x1b, 0x43,
  0x12, 0x8a, 0x71, 0x12, 0xf3, 0xd0, 0x91, 0x5d, 0x90, 0x00, 0x14, 0x12,
  0x19, 0xde, 0x90, 0xd3, 0x35, 0x12, 0x1b, 0x43, 0x02, 0x1a, 0x0e, 0x12,
  0x1b, 0x43, 0xc3, 0xe9, 0x9f, 0xff, 0xea, 0x9e, 0xfe, 0x90, 0xd3, 0x32,
  0x02, 0x1b, 0x43, 0x90, 0xd3, 0x38, 0x12, 0x1b, 0x43, 0xae, 0x02, 0xaf,
  0x01, 0x22, 0x90, 0x85, 0x03, 0xe0, 0x90, 0xd3, 0x2c, 0xf0, 0x90, 0x85,
  0x02, 0xe0, 0x90, 0xd3, 0x2d, 0xf0, 0x90, 0x85, 0x01, 0xe0, 0x90, 0xd3,
  0x2a, 0xf0, 0x90, 0x85, 0x00, 0xe0, 0x90, 0xd3, 0x2b, 0xf0, 0x90, 0x85,
  0x04, 0xd1, 0xf7, 0xd1, 0xe8, 0x31, 0x3e, 0x90, 0x85, 0x07, 0xd1, 0xf7,
  0xd1, 0xe8, 0x12, 0xea, 0xca, 0x90, 0x84, 0x7e, 0xe0, 0x54, 0x3f, 0xff,
  0xe4, 0xfc, 0xfd, 0xfe, 0x78, 0x0b, 0x12, 0x19, 0xab, 0xc0, 0x06, 0xc0,
  0x07, 0x90, 0xd3, 0x2a, 0x12, 0x83, 0x8c, 0x90, 0xd3, 0x2d, 0xe0, 0x9f,
  0xff, 0x90, 0xd3, 0x2c, 0xd1, 0xdf, 0xd0, 0x07, 0xd0, 0x06, 0x12, 0x18,
  0xa3, 0xc0, 0x04, 0xc0, 0x05, 0xc0, 0x06, 0xc0, 0x07, 0x90, 0xd3, 0x32,
  0x12, 0x1a, 0xf5, 0x00, 0x00, 0x00, 0x00, 0x90, 0xd3, 0x36, 0x12, 0x1a,
  0xf5, 0x00, 0x00, 0x00, 0x7f, 0xd0, 0x07, 0xd0, 0x06, 0xd0, 0x05, 0xd0,
  0x04, 0x12, 0x02, 0x6f, 0x90, 0x84, 0x7f, 0xef, 0xf0, 0x90, 0x85, 0xb3,
  0xe0, 0x90, 0xd3, 0x2c, 0xf0, 0x90, 0x85, 0xb2, 0xe0, 0x90, 0xd3, 0x2d,
  0xf0, 0x90, 0x85, 0xb1, 0xe0, 0x90, 0xd3, 0x2a, 0xf0, 0x90, 0x85, 0xb0,
  0xe0, 0x90, 0xd3, 0x2b, 0xf0, 0x90, 0x85, 0xb4, 0xd1, 0xf7, 0xd1, 0xe8,
  0x12, 0xea, 0xad, 0x90, 0x88, 0x86, 0xd1, 0xd3, 0x90, 0x88, 0x85, 0x12,
  0xf3, 0xe5, 0x90, 0x88, 0x88, 0xee, 0xf0, 0xa3, 0xef, 0xf0, 0x90, 0x88,
  0x8b, 0xd1, 0xd3, 0x90, 0x88, 0x8a, 0x12, 0xf3, 0xe5, 0x90, 0x88, 0x8d,
  0xee, 0xf0, 0xa3, 0xef, 0xf0, 0x90, 0x88, 0x91, 0xd1, 0xd3, 0x90, 0x88,
  0x90, 0x12, 0xf3, 0xf6, 0x90, 0x88, 0x93, 0xee, 0xf0, 0xa3, 0xef, 0xf0,
  0x90, 0x88, 0x96, 0xd1, 0xd3, 0x90, 0x88, 0x95, 0xe0, 0x7f, 0x00, 0xfe,
  0x12, 0x16, 0x12, 0x7b, 0xff, 0x7a, 0x0f, 0xe4, 0xfd, 0xfc, 0x12, 0x02,
  0x65, 0x90, 0x88, 0x98, 0xee, 0xf0, 0xa3, 0xef, 0xf0, 0x90, 0x88, 0x9b,
  0xd1, 0xd3, 0x90, 0x88, 0x9a, 0x12, 0xf3, 0xf6, 0x90, 0x88, 0x9d, 0xee,
  0xf0, 0xa3, 0xef, 0xf0, 0x90, 0x88, 0xa3, 0xe0, 0xff, 0x33, 0x95, 0xe0,
  0xfe, 0x90, 0x88, 0xa7, 0x12, 0xf4, 0x07, 0xc0, 0x07, 0x90, 0x88, 0xa6,
  0x12, 0x83, 0x7a, 0xd0, 0x07, 0x12, 0x0c, 0xfd, 0xc0, 0x04, 0xc0, 0x05,
  0xc0, 0x06, 0xc0, 0x07, 0x90, 0xd3, 0x32, 0x12, 0x1a, 0xf5, 0xff, 0xff,
  0xf0, 0x00, 0x90, 0xd3, 0x36, 0x12, 0x1a, 0xf5, 0x00, 0x00, 0x0f, 0xff,
  0xd0, 0x07, 0xd0, 0x06, 0xd0, 0x05, 0xd0, 0x04, 0x12, 0x02, 0x74, 0x90,
  0x88, 0xa4, 0xee, 0xf0, 0xa3, 0xef, 0xf0, 0x90, 0x88, 0xa7, 0xe0, 0xff,
  0x33, 0x95, 0xe0, 0xfe, 0x90, 0x88, 0xab, 0x12, 0xf4, 0x07, 0xc0, 0x06,
  0xc0, 0x07, 0x90, 0x88, 0xa6, 0xe0, 0xff, 0x90, 0x88, 0xaa, 0xe0, 0xc3,
  0x9f, 0xff, 0xe4, 0x94, 0x00, 0xd1, 0xe1, 0xd0, 0x07, 0xd0, 0x06, 0x12,
  0x0c, 0xfd, 0xc0, 0x04, 0xc0, 0x05, 0xc0, 0x06, 0xc0, 0x07, 0x90, 0xd3,
  0x32, 0x12, 0x1a, 0xf5, 0xff, 0xff, 0xf0, 0x00, 0x90, 0xd3, 0x36, 0x12,
  0x1a, 0xf5, 0x00, 0x00, 0x0f, 0xff, 0xd0, 0x07, 0xd0, 0x06, 0xd0, 0x05,
  0xd0, 0x04, 0x12, 0x02, 0x74, 0x90, 0x88, 0xa8, 0xf1, 0x0c, 0x12, 0xc4,
  0x95, 0x78, 0x0c, 0x12, 0x19, 0xab, 0xc0, 0x06, 0xc0, 0x07, 0x90, 0x88,
  0xb2, 0x12, 0x8a, 0x87, 0xd0, 0x07, 0xd0, 0x06, 0x12, 0x18, 0xa3, 0xc0,
  0x04, 0xc0, 0x05, 0xc0, 0x06, 0xc0, 0x07, 0x90, 0xd3, 0x32, 0x12, 0x1a,
  0xf5, 0x00, 0x00, 0x00, 0x00, 0x90, 0xd3, 0x36, 0x12, 0x1a, 0xf5, 0x00,
  0x00, 0x03, 0xff, 0xd0, 0x07, 0xd0, 0x06, 0xd0, 0x05, 0xd0, 0x04, 0x12,
  0x02, 0x6f, 0x90, 0x88, 0xb0, 0xf1, 0x0c, 0xe0, 0xff, 0x90, 0x88, 0xb9,
  0x12, 0x8d, 0x15, 0xe4, 0xfc, 0xfd, 0x78, 0x0c, 0x12, 0x19, 0xab, 0xc0,
  0x06, 0xc0, 0x07, 0x90, 0x88, 0xb2, 0x12, 0x83, 0x8c, 0x90, 0x88, 0xb8,
  0xe0, 0x9f, 0xff, 0x90, 0x88, 0xb7, 0xd1, 0xdf, 0xd0, 0x07, 0xd0, 0x06,
  0x12, 0x18, 0xa3, 0xc0, 0x04, 0xc0, 0x05, 0xc0, 0x06, 0xc0, 0x07, 0x90,
  0xd3, 0x32, 0x12, 0x1a, 0xf5, 0x00, 0x00, 0x00, 0x00, 0x90, 0xd3, 0x36,
  0x12, 0x1a, 0xf5, 0x00, 0x00, 0x03, 0xff, 0xd0, 0x07, 0xd0, 0x06, 0xd0,
  0x05, 0xd0, 0x04, 0x12, 0x02, 0x6f, 0x90, 0x88, 0xb5, 0xee, 0xf0, 0xa3,
  0xef, 0xf0, 0x22, 0xe0, 0xff, 0xa3, 0xe0, 0xc3, 0x9f, 0xfd, 0xe4, 0x94,
  0x00, 0xfc, 0x22, 0xe0, 0x9e, 0xab, 0x07, 0xfa, 0xe4, 0xf9, 0xf8, 0x22,
  0x90, 0xd3, 0x2d, 0xe0, 0x9d, 0xfd, 0x90, 0xd3, 0x2c, 0xe0, 0x9c, 0xfc,
  0x02, 0x16, 0x12, 0xe0, 0xff, 0xe4, 0xfc, 0xfd, 0xfe, 0x78, 0x0e, 0x12,
  0x19, 0xab, 0x90, 0xd3, 0x2a, 0xe0, 0xfc, 0xa3, 0xe0, 0xfd, 0xc3, 0x22,
  0xee, 0xf0, 0xa3, 0xef, 0xf0, 0x90, 0x88, 0xb4, 0x22, 0x12, 0x8d, 0x28,
  0x90, 0xd0, 0x78, 0xe0, 0xb4, 0x01, 0x10, 0x90, 0xd2, 0xc9, 0x12, 0x8b,
  0x4d, 0xa2, 0x00, 0x92, 0x01, 0x12, 0xf4, 0x3f, 0x12, 0x87, 0xd0, 0x22,
  0x12, 0xef, 0x32, 0x90, 0xd2, 0xe7, 0x12, 0xec, 0xa7, 0x70, 0x03, 0x7f,
  0x0a, 0x22, 0x12, 0xec, 0x70, 0xaf, 0x03, 0xae, 0x02, 0x12, 0x16, 0x12,
  0x90, 0xd2, 0xe9, 0x12, 0xec, 0x5c, 0x12, 0x16, 0x12, 0x90, 0xd2, 0xea,
  0xef, 0xf0, 0x90, 0x8b, 0x09, 0x12, 0xef, 0x16, 0x40, 0x03, 0x7f, 0x0b,
  0x22, 0x12, 0xec, 0x70, 0x12, 0xef, 0x28, 0x90, 0xd2, 0xeb, 0xed, 0xf0,
  0x12, 0xef, 0x1f, 0xe4, 0xf0, 0xa3, 0xef, 0xf0, 0x90, 0xd2, 0xea, 0xe0,
  0xff, 0x90, 0xd2, 0xe5, 0x12, 0x8a, 0xf8, 0x9f, 0x74, 0x80, 0xf8, 0xec,
  0x64, 0x80, 0x98, 0x40, 0x03, 0x02, 0xe0, 0x27, 0x90, 0x8b, 0x15, 0xed,
  0x12, 0xec, 0x9f, 0x90, 0xd2, 0xe3, 0xe0, 0xfe, 0xa3, 0xe0, 0xff, 0x90,
  0xd2, 0xe7, 0xf1, 0x05, 0x9f, 0xec, 0x9e, 0x50, 0x66, 0x90, 0x8b, 0x08,
  0xe0, 0xff, 0x90, 0xd2, 0xeb, 0xe0, 0xc3, 0x9f, 0x50, 0x59, 0xed, 0xae,
  0x04, 0x78, 0x03, 0xce, 0xc3, 0x13, 0xce, 0x13, 0xd8, 0xf9, 0xff, 0x12,
  0xd7, 0x41, 0x12, 0x8e, 0xd3, 0x12, 0xec, 0x95, 0x08, 0x80, 0x02, 0xc3,
  0x33, 0xd8, 0xfc, 0x5f, 0x60, 0x14, 0x12, 0xf4, 0x1e, 0xc0, 0x83, 0xc0,
  0x82, 0x12, 0xed, 0x2c, 0x08, 0x80, 0x02, 0xc3, 0x33, 0xd8, 0xfc, 0x4e,
  0x80, 0x13, 0x12, 0xf4, 0x1e, 0xc0, 0x83, 0xc0, 0x82, 0x12, 0xed, 0x2c,
  0x08, 0x80, 0x02, 0xc3, 0x33, 0xd8, 0xfc, 0xf4, 0x5e, 0xd0, 0x82, 0xd0,
  0x83, 0xf0, 0x90, 0xd2, 0xeb, 0xe0, 0x04, 0xf0, 0x90, 0xd2, 0xe7, 0x11,
  0x2a, 0x80, 0x88, 0x90, 0xd2, 0xe5, 0xa3, 0xe0, 0x90, 0x8b, 0x15, 0xf0,
  0x90, 0x8b, 0x0e, 0x74, 0x01, 0xf0, 0xe4, 0x90, 0xd2, 0xeb, 0xf0, 0x90,
  0xd2, 0xe5, 0x11, 0x2b, 0x02, 0xdf, 0x74, 0x7f, 0x00, 0x22, 0xe4, 0x75,
  0xf0, 0x01, 0x02, 0x16, 0x9d, 0x90, 0xd2, 0xbd, 0xef, 0xf0, 0xa3, 0xed,
  0x31, 0x00, 0x70, 0x4b, 0x90, 0xd2, 0xbf, 0xf0, 0x90, 0xcf, 0xca, 0xe0,
  0xfe, 0x90, 0xd2, 0xbf, 0xe0, 0xff, 0xc3, 0x9e, 0x50, 0x39, 0xef, 0x31,
  0x0f, 0xe0, 0x60, 0x2b, 0x11, 0x93, 0x90, 0xd2, 0xc0, 0x11, 0x88, 0xe4,
  0xf0, 0x90, 0xd2, 0xbf, 0xe0, 0xff, 0x90, 0xd2, 0xbd, 0xe0, 0xfd, 0xd2,
  0x02, 0x31, 0x57, 0x12, 0x8f, 0xff, 0x90, 0xd2, 0xbe, 0xe0, 0xfb, 0x12,
  0x04, 0xb8, 0x90, 0xd2, 0xc0, 0xe0, 0x11, 0x8a, 0x74, 0x01, 0xf0, 0x90,
  0xd2, 0xbf, 0xe0, 0x04, 0xf0, 0x80, 0xb9, 0x22, 0xef, 0xf0, 0x75, 0xf0,
  0x20, 0x90, 0x8a, 0x15, 0x02, 0x1b, 0x37, 0x12, 0x7d, 0x5f, 0xe0, 0x64,
  0x04, 0x60, 0x04, 0xef, 0x04, 0xff, 0x22, 0x7f, 0x00, 0x22, 0x11, 0xfc,
  0x70, 0x55, 0x90, 0xd2, 0xbe, 0xf0, 0x90, 0xcf, 0xca, 0xe0, 0xfe, 0x90,
  0xd2, 0xbe, 0xe0, 0xff, 0xc3, 0x9e, 0x50, 0x43, 0xef, 0x31, 0x0f, 0xe0,
  0x60, 0x35, 0x11, 0x93, 0x90, 0xd2, 0xbf, 0x11, 0x88, 0xe4, 0xf0, 0x90,
  0xd2, 0xbe, 0x91, 0x35, 0x12, 0xc7, 0xae, 0x12, 0x8a, 0xc8, 0x12, 0xf9,
  0x0c, 0xec, 0xf0, 0xa3, 0xed, 0xf0, 0x90, 0xd2, 0xbe, 0xe0, 0xff, 0x90,
  0xd2, 0xbd, 0x31, 0x44, 0x12, 0x8b, 0xc7, 0x12, 0x04, 0xbd, 0x90, 0xd2,
  0xbf, 0xe0, 0x11, 0x8a, 0x74, 0x01, 0xf0, 0x90, 0xd2, 0xbe, 0xe0, 0x04,
  0xf0, 0x80, 0xaf, 0x22, 0x90, 0xd2, 0xbd, 0xef, 0xf0, 0x90, 0xd0, 0x78,
  0xe0, 0x64, 0x01, 0x22, 0x12, 0x04, 0xc2, 0x90, 0xd2, 0xbe, 0xe0, 0x75,
  0xf0, 0x07, 0xa4, 0x24, 0x6c, 0xf5, 0x82, 0xe4, 0x34, 0xcf, 0xf5, 0x83,
  0x22, 0xfd, 0xac, 0xf0, 0xec, 0x02, 0x13, 0x3c, 0xe4, 0xff, 0x90, 0xcf,
  0xca, 0xe0, 0xfe, 0xef, 0xc3, 0x9e, 0x50, 0x0b, 0xef, 0x31, 0x0f, 0xe0,
  0x60, 0x02, 0xc3, 0x22, 0x0f, 0x80, 0xeb, 0xd3, 0x22, 0x90, 0xd2, 0xb9,
  0xe0, 0x04, 0xf0, 0x22, 0xe0, 0xfd, 0x90, 0xc1, 0x93, 0xe0, 0xfb, 0xa3,
  0xe0, 0x90, 0xd3, 0x1d, 0xcb, 0xf0, 0xa3, 0xeb, 0xf0, 0xd2, 0x01, 0x7b,
  0x00, 0x7a, 0x00, 0x79, 0x00, 0x22, 0x31, 0x24, 0x50, 0x1f, 0x90, 0xfe,
  0xa6, 0xe0, 0x44, 0x80, 0xf0, 0x7f, 0x01, 0x12, 0xd6, 0xb8, 0x90, 0xd0,
  0x78, 0xe0, 0x70, 0x0d, 0x90, 0xd0, 0x4d, 0xe0, 0xb4, 0x01, 0x03, 0x12,
  0x03, 0x41, 0x12, 0x80, 0xf5, 0x22, 0x90, 0xd2, 0xee, 0xef, 0xf0, 0xe4,
  0xfd, 0x12, 0x04, 0xc2, 0x90, 0xd2, 0xee, 0x31, 0x0e, 0xe4, 0xf0, 0x31,
  0x24, 0x50, 0x16, 0xe4, 0xff, 0x12, 0x03, 0xc3, 0x7d, 0x40, 0xe4, 0xff,
  0x12, 0x04, 0x7c, 0x12, 0xf4, 0x50, 0x7f, 0x01, 0x12, 0xef, 0xf9, 0x80,
  0x14, 0x90, 0xd2, 0xee, 0xe0, 0x31, 0xe0, 0x12, 0x8f, 0xc5, 0x64, 0x04,
  0x4e, 0x70, 0x06, 0x90, 0x86, 0xb8, 0x74, 0x02, 0xf0, 0x31, 0xdb, 0xf5,
  0x83, 0xe4, 0xf0, 0xa3, 0xf0, 0x12, 0x8a, 0xb6, 0xe4, 0xf0, 0xa3, 0xf0,
  0x02, 0x04, 0x3b, 0x90, 0x00, 0x06, 0x12, 0x16, 0xf4, 0xc3, 0x22, 0x90,
  0xd2, 0xee, 0xe0, 0xff, 0x75, 0xf0, 0x07, 0xa4, 0x24, 0x66, 0xf5, 0x82,
  0xe4, 0x34, 0xcf, 0x22, 0x90, 0xd0, 0x78, 0xe0, 0xb4, 0x01, 0x06, 0x12,
  0x8d, 0xcb, 0x12, 0x88, 0x45, 0x22, 0x90, 0xfe, 0x82, 0xe0, 0x6f, 0x60,
  0x10, 0x51, 0x12, 0x44, 0x02, 0xf0, 0x90, 0xfe, 0x82, 0xef, 0xf0, 0x00,
  0x00, 0x00, 0x00, 0x91, 0x88, 0x22, 0xc2, 0xaf, 0xc2, 0xdd, 0x90, 0xfe,
  0x87, 0xe0, 0x22, 0x90, 0xd3, 0x0f, 0xef, 0xf0, 0x90, 0xce, 0x86, 0xe0,
  0xff, 0x12, 0x87, 0x5c, 0x90, 0xcf, 0x44, 0xe0, 0xff, 0x12, 0x88, 0x1c,
  0x12, 0x90, 0x75, 0x60, 0x14, 0x90, 0xd0, 0x36, 0x12, 0x1a, 0x4c, 0x12,
  0x83, 0xc8, 0x12, 0x87, 0x2d, 0x78, 0x43, 0x12, 0x12, 0x21, 0x12, 0x86,
  0xab, 0x90, 0xcf, 0x44, 0xe0, 0x70, 0x17, 0x90, 0xcf, 0xb4, 0xe0, 0xfe,
  0xa3, 0xe0, 0xff, 0xe4, 0x90, 0xd3, 0x16, 0xf0, 0xa3, 0xf0, 0xd2, 0x01,
  0xfb, 0xfa, 0xfd, 0xfc, 0x80, 0x15, 0x90, 0xcf, 0x44, 0xe0, 0xb4, 0x02,
  0x11, 0x90, 0xd0, 0xa4, 0x12, 0x8a, 0xaa, 0x12, 0x8b, 0x4c, 0xc2, 0x01,
  0xe4, 0xff, 0xfe, 0x12, 0x87, 0xd0, 0x90, 0xce, 0xda, 0xa3, 0xe0, 0xff,
  0x12, 0x03, 0x9b, 0x91, 0x73, 0x90, 0xcf, 0x2c, 0xa3, 0xe0, 0xff, 0x12,
  0x03, 0xa5, 0x90, 0xce, 0xe7, 0xe0, 0xfe, 0xa3, 0xe0, 0xff, 0x12, 0x03,
  0xaa, 0x91, 0x6b, 0x70, 0x08, 0xa3, 0xe0, 0xff, 0x12, 0xd0, 0x98, 0x80,
  0x06, 0xa3, 0xe0, 0xff, 0x12, 0x0d, 0xff, 0x12, 0x90, 0xa0, 0x12, 0x03,
  0xb4, 0x90, 0xce, 0x66, 0xa3, 0xe0, 0xff, 0x12, 0x87, 0xa5, 0x90, 0xce,
  0x5a, 0xa3, 0xe0, 0xff, 0x12, 0x03, 0xaf, 0x90, 0xd3, 0x0f, 0xe0, 0xff,
  0x90, 0xd0, 0x4c, 0xe0, 0xfd, 0x12, 0x87, 0xc0, 0x90, 0xce, 0x97, 0xe0,
  0xff, 0x12, 0xd1, 0x1a, 0x90, 0xce, 0x32, 0xe0, 0xfe, 0xa3, 0xe0, 0xff,
  0x90, 0xce, 0x2c, 0xe0, 0xfc, 0xa3, 0xe0, 0xfd, 0x12, 0x04, 0x9f, 0x12,
  0x03, 0x0a, 0xe4, 0x90, 0xd3, 0x16, 0x12, 0x7c, 0x63, 0xf0, 0xfb, 0xfa,
  0xfd, 0xfc, 0xff, 0xfe, 0x12, 0x04, 0xb3, 0x12, 0x8d, 0xc5, 0x02, 0x88,
  0x45, 0x90, 0xd2, 0xee, 0x12, 0x8a, 0x7e, 0x12, 0x8b, 0x45, 0x31, 0x5e,
  0x31, 0xdb, 0x12, 0xc7, 0xae, 0x90, 0xd2, 0xf7, 0xe0, 0x6c, 0x70, 0x03,
  0xa3, 0xe0, 0x6d, 0x70, 0x31, 0xef, 0x91, 0x37, 0x12, 0x8f, 0xc5, 0xff,
  0x90, 0xd2, 0xef, 0xe0, 0xb5, 0x06, 0x23, 0xa3, 0xe0, 0xb5, 0x07, 0x1e,
  0x90, 0xd2, 0xee, 0xe0, 0x12, 0x8a, 0xc9, 0x12, 0x90, 0xdf, 0xe0, 0xb5,
  0x06, 0x10, 0xa3, 0xe0, 0xb5, 0x07, 0x0b, 0x90, 0xce, 0x1d, 0x12, 0x0f,
  0xf7, 0x12, 0x8a, 0xda, 0x60, 0x64, 0x90, 0xd2, 0xf1, 0xe0, 0xfa, 0xa3,
  0xe0, 0xfb, 0xa3, 0x12, 0x1a, 0x4c, 0x90, 0xd2, 0xfe, 0x12, 0x1a, 0xe9,
  0x12, 0x91, 0xac, 0x90, 0xd3, 0x02, 0xcf, 0xf0, 0xa3, 0xef, 0xf0, 0x90,
  0xd2, 0xef, 0xe0, 0xfc, 0xa3, 0xe0, 0xfd, 0x90, 0xd2, 0xee, 0xe0, 0xff,
  0xb1, 0x99, 0x71, 0xf6, 0x31, 0x24, 0x50, 0x34, 0x90, 0xce, 0x6f, 0xe0,
  0x70, 0x16, 0x90, 0x80, 0x2a, 0xf0, 0x90, 0xcd, 0xdd, 0xe0, 0x44, 0x80,
  0x90, 0x80, 0x2b, 0xf0, 0x90, 0xce, 0x6f, 0x74, 0x01, 0xf0, 0x80, 0x18,
  0x12, 0x90, 0x24, 0x90, 0xd3, 0x55, 0x74, 0x32, 0xf0, 0x7b, 0x04, 0x7d,
  0x04, 0x7f, 0x09, 0x7e, 0x80, 0x12, 0x02, 0xba, 0x80, 0x02, 0x71, 0xf6,
  0x12, 0x04, 0x09, 0x31, 0x24, 0x50, 0x13, 0x90, 0xce, 0x87, 0xe0, 0x90,
  0x80, 0x50, 0xf0, 0x90, 0x80, 0x00, 0x74, 0x80, 0xf0, 0x12, 0x04, 0x72,
  0x80, 0x11, 0x90, 0xd2, 0xf7, 0xe0, 0x70, 0x04, 0xa3, 0xe0, 0x64, 0x04,
  0x70, 0x05, 0x90, 0x86, 0xb8, 0x04, 0xf0, 0x90, 0xce, 0xb2, 0x74, 0x01,
  0xf0, 0x90, 0xd2, 0xee, 0x31, 0x0e, 0x74, 0x01, 0xf0, 0x22, 0x31, 0x24,
  0x50, 0x1f, 0x12, 0x04, 0x5e, 0x90, 0xd0, 0x4d, 0xe0, 0x70, 0x03, 0x02,
  0x03, 0x73, 0x91, 0x63, 0x60, 0x04, 0xef, 0xb4, 0x03, 0x03, 0x02, 0x03,
  0x5a, 0x90, 0xcf, 0x5d, 0xe0, 0xff, 0x12, 0x03, 0x4b, 0x22, 0x90, 0xd2,
  0xbb, 0xe0, 0xfc, 0xa3, 0xe0, 0xfd, 0xa3, 0xe0, 0xff, 0xa3, 0xe0, 0x22,
  0x12, 0xb3, 0xf7, 0x12, 0xf9, 0x41, 0x90, 0x00, 0x01, 0xef, 0x02, 0x15,
  0xde, 0xe0, 0xff, 0x75, 0xf0, 0x07, 0xa4, 0x24, 0x68, 0xf5, 0x82, 0xe4,
  0x34, 0xcf, 0x22, 0x90, 0xfe, 0x85, 0xe0, 0x6f, 0x60, 0x10, 0x51, 0x12,
  0x44, 0x10, 0xf0, 0x90, 0xfe, 0x85, 0xef, 0xf0, 0x00, 0x00, 0x00, 0x00,
  0x91, 0x7c, 0x22, 0xf0, 0x90, 0xcb, 0x77, 0x74, 0x01, 0xf0, 0x22, 0x90,
  0xd0, 0x4d, 0xe0, 0xff, 0x64, 0x02, 0x22, 0x90, 0xcf, 0x5d, 0xe0, 0x90,
  0xcf, 0x5b, 0x22, 0x90, 0xd0, 0x44, 0xa3, 0xe0, 0xff, 0x02, 0x03, 0xa0,
  0x90, 0xfe, 0x87, 0xe0, 0x54, 0xef, 0xf0, 0xd2, 0xaf, 0xd2, 0xdd, 0x22,
  0x90, 0xfe, 0x87, 0xe0, 0x54, 0xfd, 0xf0, 0xd2, 0xaf, 0xd2, 0xdd, 0x22,
  0xe4, 0xf9, 0xef, 0x12, 0x1c, 0x64, 0xe5, 0x49, 0x01, 0xe5, 0x49, 0x02,
  0xe5, 0x49, 0x05, 0xe5, 0x49, 0x06, 0xe5, 0x49, 0x07, 0xe5, 0x49, 0x08,
  0xe5, 0x76, 0x09, 0xe5, 0x49, 0x0e, 0xe5, 0x6d, 0x0f, 0xe5, 0x52, 0x10,
  0xe5, 0x49, 0x12, 0xe5, 0x49, 0x13, 0xe5, 0x49, 0x14, 0xe5, 0x49, 0x15,
  0xe5, 0x49, 0x18, 0xe5, 0x49, 0x19, 0xe5, 0x49, 0x1a, 0xe5, 0x49, 0x1b,
  0xe5, 0x49, 0x1d, 0xe5, 0x49, 0x20, 0xe5, 0x49, 0x22, 0xe5, 0x49, 0x24,
  0xe5, 0x49, 0x26, 0xe5, 0x7f, 0x27, 0xe5, 0x6d, 0x28, 0xe5, 0x49, 0x81,
  0xe5, 0x49, 0x82, 0xe5, 0x5b, 0x83, 0xe5, 0x64, 0x84, 0xe5, 0x49, 0x85,
  0xe5, 0x49, 0x86, 0xe5, 0x49, 0x87, 0xe5, 0x49, 0x88, 0xe5, 0x76, 0x89,
  0xe5, 0x88, 0x8a, 0xe5, 0x52, 0x8d, 0xe5, 0x49, 0x8e, 0xe5, 0x6d, 0x8f,
  0xe5, 0x52, 0x90, 0xe5, 0x91, 0x91, 0xe5, 0x49, 0x92, 0xe5, 0x49, 0x93,
  0xe5, 0x49, 0x94, 0xe5, 0x49, 0x95, 0xe5, 0x49, 0x98, 0xe5, 0x49, 0x99,
  0xe5, 0x49, 0x9a, 0xe5, 0x49, 0x9b, 0xe5, 0x49, 0x9c, 0xe5, 0x49, 0x9d,
  0xe5, 0x49, 0xa0, 0xe5, 0x49, 0xa2, 0xe5, 0x49, 0xa4, 0xe5, 0x49, 0xa6,
  0xe5, 0x7f, 0xa7, 0xe5, 0x6d, 0xa8, 0xe5, 0x49, 0xaa, 0x00, 0x00, 0xe5,
  0x94, 0xed, 0x64, 0x01, 0x60, 0x48, 0x79, 0x08, 0x80, 0x44, 0xed, 0x64,
  0x02, 0x60, 0x3f, 0x79, 0x08, 0x80, 0x3b, 0xed, 0x64, 0x05, 0x60, 0x36,
  0x79, 0x08, 0x80, 0x32, 0xed, 0x64, 0x03, 0x60, 0x2d, 0x79, 0x08, 0x80,
  0x29, 0xed, 0x64, 0x04, 0x60, 0x24, 0x79, 0x08, 0x80, 0x20, 0xed, 0x64,
  0x06, 0x60, 0x1b, 0x79, 0x08, 0x80, 0x17, 0xed, 0x64, 0x1c, 0x60, 0x12,
  0x79, 0x08, 0x80, 0x0e, 0xed, 0x64, 0x64, 0x60, 0x09, 0x79, 0x08, 0x80,
  0x05, 0xed, 0x64, 0x6c, 0xe4, 0xf9, 0xaf, 0x01, 0x22, 0x90, 0xd2, 0xf9,
  0x12, 0x8a, 0x7e, 0x12, 0x8b, 0x45, 0x31, 0x24, 0x50, 0x52, 0x90, 0xd2,
  0xfa, 0x12, 0x8c, 0x90, 0x12, 0xef, 0x3e, 0x8e, 0x09, 0x8f, 0x0a, 0xd2,
  0x00, 0x12, 0x02, 0x24, 0x90, 0xcf, 0xbd, 0x12, 0x8f, 0x6a, 0xaf, 0x0a,
  0xae, 0x09, 0x12, 0x02, 0x29, 0x90, 0xce, 0xe9, 0xee, 0xf0, 0xa3, 0xef,
  0xf0, 0x90, 0xcf, 0xa8, 0xe0, 0xb5, 0x09, 0x13, 0xa3, 0xe0, 0xb5, 0x0a,
  0x0e, 0x90, 0xce, 0x1d, 0x12, 0x1a, 0x4c, 0x90, 0xd2, 0xfe, 0x12, 0x8a,
  0xda, 0x60, 0x0b, 0xf1, 0x03, 0xad, 0x07, 0xaf, 0x0a, 0xae, 0x09, 0x12,
  0x81, 0x6b, 0x90, 0xcf, 0xa8, 0x12, 0x91, 0x57, 0x90, 0xd3, 0x02, 0xe0,
  0xfe, 0xa3, 0xe0, 0xff, 0x90, 0xd2, 0xf9, 0xe0, 0xfd, 0x31, 0xe0, 0xd1,
  0xf3, 0x90, 0xd2, 0xfa, 0x12, 0x8d, 0x37, 0x91, 0x37, 0xd1, 0xf3, 0x90,
  0xd2, 0xfc, 0x12, 0x8d, 0x37, 0x12, 0x8a, 0xc9, 0xee, 0x12, 0x91, 0x3f,
  0x12, 0x1a, 0x4c, 0x90, 0xce, 0x1d, 0x12, 0x1a, 0xe9, 0xf1, 0x03, 0x90,
  0xd0, 0x97, 0xef, 0xf0, 0x90, 0xc3, 0x85, 0xf0, 0x90, 0xc3, 0x77, 0xf0,
  0xd1, 0xfb, 0x90, 0xcf, 0xbf, 0x12, 0x8c, 0xe4, 0xe0, 0x90, 0xce, 0xf2,
  0xcf, 0xf0, 0xa3, 0xef, 0xf0, 0x12, 0x8e, 0x0c, 0x90, 0xc1, 0x93, 0xe0,
  0xfa, 0xa3, 0xe0, 0xfb, 0xd1, 0xfb, 0x90, 0xd3, 0x09, 0x12, 0x8c, 0xe4,
  0xe0, 0x90, 0xd3, 0x0b, 0xcf, 0xf0, 0xa3, 0xef, 0xf0, 0x90, 0xd3, 0x02,
  0xe0, 0xff, 0xa3, 0xe0, 0x90, 0xd3, 0x0d, 0xcf, 0xf0, 0xa3, 0x12, 0x91,
  0xb4, 0x02, 0x04, 0x40, 0x90, 0xd2, 0xbe, 0x12, 0x1a, 0xe9, 0x12, 0xf9,
  0x2e, 0xe4, 0x90, 0xd2, 0xc2, 0xf0, 0x90, 0xcf, 0xca, 0xe0, 0xfe, 0x90,
  0xd2, 0xc2, 0xe0, 0xff, 0xc3, 0x9e, 0x50, 0x10, 0xef, 0x31, 0x0f, 0xe0,
  0x60, 0x02, 0x31, 0x82, 0x90, 0xd2, 0xc2, 0xe0, 0x04, 0xf0, 0x80, 0xe2,
  0xe4, 0x90, 0xd2, 0xc2, 0xf0, 0x90, 0xcf, 0xca, 0xe0, 0xff, 0x90, 0xd2,
  0xc2, 0xe0, 0xfe, 0xc3, 0x9f, 0x50, 0x33, 0x12, 0xf9, 0x1c, 0x70, 0x26,
  0x90, 0xd2, 0xc2, 0x12, 0xf8, 0xfe, 0x12, 0xc7, 0xae, 0xc0, 0x04, 0xc0,
  0x05, 0x12, 0xf9, 0x55, 0xf1, 0x14, 0x90, 0xd2, 0xbe, 0x12, 0x0f, 0xf7,
  0x12, 0x1a, 0xe9, 0x90, 0xd2, 0xc2, 0xe0, 0xff, 0xd0, 0x05, 0xd0, 0x04,
  0x71, 0x09, 0x90, 0xd2, 0xc2, 0xe0, 0x04, 0xf0, 0x80, 0xbf, 0x22, 0x90,
  0xc3, 0x47, 0xe0, 0xfd, 0x02, 0x16, 0x12, 0xf5, 0x83, 0xee, 0xf0, 0xa3,
  0xef, 0xf0, 0x22, 0x90, 0xd2, 0xfa, 0xe0, 0xff, 0xa3, 0xe0, 0x22, 0x90,
  0xd2, 0xfe, 0x12, 0x1a, 0x68, 0x7f, 0x80, 0x7e, 0x96, 0x7d, 0x98, 0x7c,
  0x00, 0x02, 0x18, 0xa3, 0x90, 0xd2, 0xf7, 0xcf, 0xf0, 0xa3, 0xef, 0xf0,
  0x22, 0x90, 0xd2, 0xbe, 0xef, 0xf0, 0xe4, 0xfd, 0x31, 0x08, 0x74, 0x02,
  0xf0, 0x22, 0x90, 0xd3, 0x03, 0x12, 0x1b, 0x63, 0x90, 0xd3, 0x17, 0x12,
  0x1a, 0xf5, 0x00, 0x00, 0x00, 0x00, 0x31, 0x57, 0x90, 0xd3, 0x1b, 0x12,
  0x1b, 0x63, 0x90, 0xd3, 0x06, 0x12, 0x1b, 0x43, 0x90, 0xd3, 0x1e, 0x12,
  0x1b, 0x63, 0x12, 0x82, 0xba, 0x90, 0xd3, 0x21, 0x12, 0x1b, 0x63, 0x12,
  0xc5, 0xd2, 0x90, 0xd3, 0x24, 0x12, 0x1b, 0x63, 0x90, 0xd3, 0x0f, 0xe0,
  0xff, 0xa3, 0xe0, 0x90, 0xd3, 0x27, 0x12, 0x8e, 0x3f, 0xe0, 0xff, 0xa3,
  0xe0, 0x90, 0xd3, 0x29, 0xcf, 0x12, 0xf4, 0x48, 0x12, 0x1a, 0x4c, 0x12,
  0x86, 0xb9, 0x7b, 0x01, 0x7a, 0xd3, 0x79, 0x17, 0x12, 0x8e, 0x82, 0x90,
  0xd3, 0x03, 0x12, 0x1b, 0x43, 0x02, 0xdb, 0x8a, 0x90, 0xd2, 0xb8, 0xed,
  0xf0, 0xe4, 0x90, 0xd2, 0xbd, 0xf0, 0xef, 0x12, 0x1c, 0x64, 0xe7, 0xba,
  0x01, 0xe7, 0xe5, 0x02, 0xe8, 0x3a, 0x03, 0xe8, 0x44, 0x04, 0xe8, 0x5e,
  0x05, 0xe8, 0x68, 0x06, 0xe8, 0x71, 0x07, 0xe8, 0x94, 0x09, 0x00, 0x00,
  0xe8, 0x9e, 0x90, 0x70, 0x47, 0xe0, 0x90, 0xd5, 0x0c, 0xf0, 0x90, 0x70,
  0x46, 0xe0, 0x90, 0xd5, 0x0d, 0xf0, 0x90, 0x70, 0x45, 0xe0, 0x90, 0xd5,
  0x0e, 0xf0, 0x90, 0x70, 0x44, 0xe0, 0x90, 0xd5, 0x0f, 0xf0, 0x90, 0xd5,
  0x0c, 0x12, 0x1a, 0x4c, 0xd1, 0x78, 0x02, 0xe8, 0xa4, 0x90, 0x70, 0x47,
  0xe0, 0x90, 0xd2, 0xb9, 0xf0, 0x90, 0x70, 0x46, 0xe0, 0x90, 0xd2, 0xba,
  0xf0, 0x90, 0x70, 0x45, 0xe0, 0x90, 0xd2, 0xbb, 0xf0, 0x90, 0x70, 0x44,
  0xe0, 0x90, 0xd2, 0xbc, 0xf0, 0x90, 0xd2, 0xb8, 0xe0, 0xff, 0x11, 0xaa,
  0xe0, 0xfd, 0xa3, 0xe0, 0x90, 0xd2, 0xf7, 0xcd, 0xf0, 0xa3, 0xed, 0xf0,
  0xc0, 0x07, 0x90, 0xd2, 0xbb, 0xe0, 0xfa, 0xa3, 0xe0, 0xfb, 0x90, 0xd5,
  0x0c, 0x12, 0x0f, 0xf7, 0x12, 0x1a, 0xe9, 0x90, 0xd2, 0xb9, 0xe0, 0xfc,
  0xa3, 0xe0, 0xfd, 0xd0, 0x07, 0x12, 0xe3, 0x09, 0x80, 0x6a, 0x90, 0xd2,
  0xb8, 0xe0, 0xff, 0x12, 0xe1, 0x82, 0x80, 0x60, 0x90, 0xd2, 0xb8, 0xe0,
  0xff, 0x90, 0x70, 0x46, 0xe0, 0xfd, 0x12, 0x04, 0x86, 0xef, 0x64, 0x01,
  0x60, 0x4e, 0x90, 0xd2, 0xbd, 0x74, 0x03, 0xf0, 0x80, 0x46, 0x90, 0xd2,
  0xb8, 0xe0, 0xff, 0x12, 0xe7, 0x1d, 0x80, 0x3c, 0x90, 0xd2, 0xb8, 0xe0,
  0xff, 0x11, 0xb6, 0x80, 0x33, 0x90, 0x70, 0x47, 0xe0, 0xff, 0x90, 0xd2,
  0xb8, 0xe0, 0xfe, 0x11, 0xaa, 0xef, 0xf0, 0x90, 0x70, 0x46, 0xe0, 0xff,
  0xee, 0x25, 0xe0, 0x24, 0x11, 0xf5, 0x82, 0xe4, 0x34, 0xd5, 0xf5, 0x83,
  0xef, 0xf0, 0x80, 0x10, 0x12, 0x8a, 0x0d, 0x90, 0xd2, 0xbd, 0xef, 0xf0,
  0x80, 0x06, 0x90, 0xd2, 0xbd, 0x74, 0xff, 0xf0, 0x90, 0xd2, 0xbd, 0xe0,
  0xff, 0x22, 0x25, 0xe0, 0x24, 0x10, 0xf5, 0x82, 0xe4, 0x34, 0xd5, 0xf5,
  0x83, 0x22, 0x90, 0xd2, 0xbe, 0xef, 0xf0, 0x7d, 0x01, 0x12, 0xe1, 0x08,
  0x74, 0x01, 0xf0, 0x22, 0x90, 0xd3, 0x2a, 0xef, 0xf0, 0xe4, 0xa3, 0xf0,
  0xa3, 0xf0, 0xed, 0x70, 0x0e, 0x90, 0xd3, 0x2a, 0xe0, 0xff, 0x90, 0xcd,
  0x8a, 0xe0, 0x6f, 0x70, 0x02, 0x41, 0xac, 0x90, 0xd3, 0x2a, 0xe0, 0x90,
  0xcd, 0x8a, 0xf0, 0xe4, 0x90, 0xd3, 0x2b, 0xf0, 0xa3, 0xf0, 0x90, 0xd3,
  0x2a, 0xe0, 0xff, 0x7e, 0x00, 0x7c, 0x01, 0x7d, 0xfe, 0x12, 0x16, 0x00,
  0x90, 0xd2, 0x43, 0x12, 0x8d, 0x1e, 0x12, 0x8d, 0xe1, 0x1c, 0x7d, 0x03,
  0x12, 0x16, 0x00, 0x12, 0x8d, 0x21, 0x90, 0x01, 0xfa, 0x12, 0xc7, 0x01,
  0x4e, 0x70, 0x01, 0x22, 0xef, 0x8e, 0xf0, 0x12, 0x1c, 0x8a, 0xea, 0x76,
  0x84, 0x25, 0xe9, 0x9e, 0x84, 0x60, 0xe9, 0xaa, 0x84, 0x7d, 0xea, 0x6a,
  0x84, 0x82, 0xe9, 0x92, 0x85, 0x0c, 0xe9, 0x7a, 0x85, 0x1a, 0xe9, 0x86,
  0x85, 0x1f, 0xea, 0x46, 0x85, 0x31, 0xea, 0x52, 0x85, 0x36, 0xea, 0x5e,
  0x85, 0x37, 0xe9, 0xc2, 0x85, 0x51, 0xe9, 0xb6, 0x85, 0x52, 0xe9, 0xda,
  0x85, 0x5c, 0xe9, 0xce, 0x85, 0x5d, 0xe9, 0xf2, 0x85, 0x65, 0xe9, 0xfe,
  0x85, 0x75, 0xea, 0x0a, 0x85, 0xa7, 0xe9, 0xe6, 0x85, 0xab, 0xea, 0x16,
  0x85, 0xe4, 0xea, 0x22, 0x85, 0xe7, 0xea, 0x2e, 0x85, 0xfa, 0xea, 0x3a,
  0x85, 0xfb, 0x00, 0x00, 0xea, 0x80, 0x90, 0x01, 0xfc, 0x12, 0x15, 0x7d,
  0x90, 0xc1, 0x10, 0xf0, 0x41, 0x92, 0x90, 0x01, 0xfc, 0x12, 0x15, 0x7d,
  0x90, 0xc1, 0x11, 0xf0, 0x41, 0x92, 0x90, 0x01, 0xfc, 0x12, 0x15, 0x7d,
  0x90, 0xc1, 0x12, 0xf0, 0x41, 0x92, 0x90, 0x01, 0xfc, 0x12, 0x15, 0x7d,
  0x90, 0xc1, 0x13, 0xf0, 0x41, 0x92, 0x90, 0x01, 0xfc, 0x12, 0x15, 0x7d,
  0x90, 0xc1, 0x14, 0xf0, 0x41, 0x92, 0x90, 0x01, 0xfc, 0x12, 0x15, 0x7d,
  0x90, 0xc1, 0x15, 0xf0, 0x41, 0x92, 0x90, 0x01, 0xfc, 0x12, 0x15, 0x7d,
  0x90, 0xc1, 0x16, 0xf0, 0x41, 0x92, 0x90, 0x01, 0xfc, 0x12, 0x15, 0x7d,
  0x90, 0xc1, 0x17, 0xf0, 0x41, 0x92, 0x90, 0x01, 0xfc, 0x12, 0x15, 0x7d,
  0x90, 0xc1, 0x18, 0xf0, 0x41, 0x92, 0x90, 0x01, 0xfc, 0x12, 0x15, 0x7d,
  0x90, 0xc1, 0x19, 0xf0, 0x41, 0x92, 0x90, 0x01, 0xfc, 0x12, 0x15, 0x7d,
  0x90, 0xc1, 0x1a, 0xf0, 0x41, 0x92, 0x90, 0x01, 0xfc, 0x12, 0x15, 0x7d,
  0x90, 0xc1, 0x1b, 0xf0, 0x41, 0x92, 0x90, 0x01, 0xfc, 0x12, 0x15, 0x7d,
  0x90, 0xc1, 0x1c, 0xf0, 0x80, 0x7c, 0x90, 0x01, 0xfc, 0x12, 0x15, 0x7d,
  0x90, 0xc1, 0x1d, 0xf0, 0x80, 0x70, 0x90, 0x01, 0xfc, 0x12, 0x15, 0x7d,
  0x90, 0xc1, 0x1e, 0xf0, 0x80, 0x64, 0x90, 0x01, 0xfc, 0x12, 0x15, 0x7d,
  0x90, 0xc1, 0x1f, 0xf0, 0x80, 0x58, 0x90, 0x01, 0xfc, 0x12, 0x15, 0x7d,
  0x90, 0xc1, 0x20, 0xf0, 0x80, 0x4c, 0x90, 0x01, 0xfc, 0x12, 0x15, 0x7d,
  0x90, 0xc1, 0x21, 0xf0, 0x80, 0x40, 0x90, 0x01, 0xfc, 0x12, 0x15, 0x7d,
  0x90, 0xc1, 0x22, 0xf0, 0x80, 0x34, 0x90, 0x01, 0xfc, 0x12, 0x15, 0x7d,
  0x90, 0xc1, 0x23, 0xf0, 0x80, 0x28, 0x90, 0x01, 0xfc, 0x12, 0x15, 0x7d,
  0x90, 0xc1, 0x24, 0xf0, 0x80, 0x1c, 0x90, 0x01, 0xfc, 0x12, 0x15, 0x7d,
  0x90, 0xc2, 0x03, 0xf0, 0x90, 0x01, 0xfc, 0x12, 0x15, 0x7d, 0xff, 0xc0,
  0x07, 0x90, 0x01, 0xfa, 0x12, 0x90, 0xc4, 0xd0, 0xe0, 0xf0, 0x12, 0xe4,
  0x73, 0x90, 0xd3, 0x2b, 0x12, 0xe0, 0x2a, 0xc3, 0x90, 0xd3, 0x2c, 0xe0,
  0x94, 0x6e, 0x90, 0xd3, 0x2b, 0xe0, 0x94, 0x00, 0x50, 0x02, 0x01, 0xee,
  0x22, 0xef, 0x78, 0x03, 0xce, 0xc3, 0x13, 0xce, 0x13, 0xd8, 0xf9, 0x51,
  0xbf, 0x90, 0x85, 0xb5, 0xef, 0xf0, 0x22, 0xff, 0x7b, 0x7f, 0x7a, 0x00,
  0xe4, 0xfd, 0xfc, 0x02, 0x02, 0x65, 0xef, 0x78, 0x03, 0xce, 0xc3, 0x13,
  0xce, 0x13, 0xd8, 0xf9, 0x51, 0xbf, 0x90, 0x85, 0x08, 0xef, 0xf0, 0x22,
  0x90, 0xd3, 0x1c, 0x12, 0x1a, 0xe9, 0x90, 0xd2, 0x43, 0x12, 0xd2, 0xd8,
  0x70, 0x0e, 0x12, 0x85, 0xd8, 0x90, 0xd3, 0x1c, 0x12, 0x1a, 0x68, 0x12,
  0x11, 0x18, 0x80, 0x06, 0x90, 0xd3, 0x20, 0x12, 0x1a, 0x4c, 0x12, 0x13,
  0x75, 0x90, 0xd3, 0x26, 0x12, 0x1a, 0xe9, 0x90, 0xd3, 0x24, 0xe0, 0x70,
  0x0e, 0x90, 0xcd, 0x90, 0x12, 0x1a, 0x4c, 0x90, 0xd3, 0x26, 0x12, 0x8a,
  0xda, 0x60, 0x7c, 0x90, 0xd3, 0x26, 0x12, 0x1a, 0x4c, 0x90, 0xcd, 0x90,
  0x12, 0x1a, 0xe9, 0xe4, 0x90, 0xd3, 0x25, 0xf0, 0x90, 0xd2, 0x43, 0x12,
  0x1b, 0x43, 0x12, 0xd9, 0xac, 0x14, 0xff, 0x90, 0xd3, 0x25, 0xe0, 0xc3,
  0x9f, 0x50, 0x1c, 0x12, 0x8d, 0xb6, 0xe0, 0x75, 0xf0, 0x04, 0x12, 0x83,
  0xa7, 0x12, 0x19, 0xde, 0x90, 0xd3, 0x26, 0xb1, 0x55, 0x40, 0x08, 0x90,
  0xd3, 0x25, 0xe0, 0x04, 0xf0, 0x80, 0xd1, 0x90, 0xd3, 0x25, 0xe0, 0xff,
  0x90, 0xc1, 0x0b, 0xf0, 0x90, 0xd3, 0x24, 0xe0, 0xfd, 0x11, 0xc4, 0x90,
  0xd3, 0x26, 0x12, 0x1a, 0x4c, 0x90, 0xc1, 0x0b, 0xe0, 0x90, 0xd3, 0x2e,
  0xf0, 0x90, 0xd3, 0x24, 0xe0, 0x90, 0xd3, 0x2f, 0xf0, 0x12, 0xbd, 0xd6,
  0x12, 0xdc, 0x6e, 0x90, 0xc1, 0x0e, 0xe0, 0xff, 0x12, 0xb0, 0x4a, 0x90,
  0xc1, 0x0f, 0xe0, 0xff, 0x12, 0xb2, 0x44, 0x22, 0xf1, 0x32, 0x90, 0xd2,
  0xe6, 0x91, 0xa7, 0x70, 0x03, 0x7f, 0x0a, 0x22, 0x91, 0x70, 0xaf, 0x03,
  0xae, 0x02, 0x12, 0x16, 0x12, 0x90, 0xd2, 0xe8, 0x91, 0x5c, 0x12, 0x16,
  0x12, 0x90, 0xd2, 0xe9, 0xef, 0xf0, 0x90, 0x8b, 0x09, 0xe0, 0xff, 0x90,
  0xd2, 0xe9, 0xe0, 0xc3, 0x9f, 0x40, 0x03, 0x7f, 0x0b, 0x22, 0x91, 0x70,
  0xf1, 0x28, 0x90, 0xd2, 0xea, 0xed, 0xf0, 0x90, 0xd2, 0xe8, 0xe0, 0x90,
  0xd2, 0xe5, 0xf0, 0xf1, 0x1f, 0xe0, 0xfe, 0xd3, 0x9f, 0x50, 0x76, 0x90,
  0x8b, 0x15, 0xee, 0x91, 0x9f, 0x90, 0xd2, 0xe3, 0x12, 0x83, 0x8c, 0x90,
  0xd2, 0xe7, 0xe0, 0x9f, 0x90, 0xd2, 0xe6, 0xe0, 0x9e, 0x50, 0x51, 0x90,
  0x8b, 0x08, 0xf1, 0x16, 0x50, 0x4a, 0x12, 0xf4, 0x21, 0xb1, 0x2c, 0x08,
  0x80, 0x02, 0xc3, 0x33, 0xd8, 0xfc, 0x5e, 0xff, 0x60, 0x15, 0x91, 0x78,
  0xce, 0xc3, 0x13, 0xce, 0x13, 0xd8, 0xf9, 0x91, 0x85, 0x08, 0x80, 0x02,
  0xc3, 0x33, 0xd8, 0xfc, 0x4f, 0x80, 0x14, 0x91, 0x78, 0xce, 0xc3, 0x13,
  0xce, 0x13, 0xd8, 0xf9, 0x91, 0x85, 0x08, 0x80, 0x02, 0xc3, 0x33, 0xd8,
  0xfc, 0xf4, 0x5f, 0x12, 0x15, 0xcc, 0x90, 0xd2, 0xea, 0xe0, 0x04, 0xf0,
  0x90, 0xd2, 0xe6, 0x12, 0xe0, 0x2a, 0x80, 0x9d, 0xe4, 0x90, 0xd2, 0xea,
  0xf0, 0x90, 0xd2, 0xe5, 0xe0, 0x04, 0xf0, 0x80, 0x82, 0x7f, 0x00, 0x22,
  0xef, 0xf0, 0x90, 0xd2, 0xe4, 0xe0, 0x2b, 0xff, 0x90, 0xd2, 0xe3, 0xe0,
  0x3a, 0xcf, 0x24, 0xff, 0xcf, 0x34, 0xff, 0xfe, 0x90, 0x8b, 0x08, 0xe0,
  0xfd, 0x7c, 0x00, 0x22, 0x90, 0xd2, 0xe6, 0xe0, 0xfc, 0xa3, 0xe0, 0xfd,
  0xae, 0x04, 0x78, 0x03, 0x22, 0xff, 0x90, 0xd2, 0xde, 0x12, 0x1b, 0x43,
  0xe9, 0x2f, 0xf9, 0xea, 0x3e, 0xfa, 0x12, 0x15, 0x64, 0xff, 0xed, 0x54,
  0x07, 0xfe, 0x74, 0x01, 0xa8, 0x06, 0x22, 0xf0, 0x90, 0x8b, 0x0f, 0x74,
  0x01, 0xf0, 0x22, 0xf0, 0xa3, 0xf0, 0x90, 0x8b, 0x08, 0xe0, 0x22, 0xe4,
  0xfe, 0xef, 0x12, 0x1c, 0x64, 0xec, 0xef, 0x01, 0xec, 0xf8, 0x02, 0xed,
  0x13, 0x03, 0xed, 0x0a, 0x04, 0xed, 0x01, 0x05, 0xed, 0x0a, 0x06, 0xed,
  0x01, 0x07, 0xed, 0x0a, 0x08, 0xed, 0x01, 0x09, 0xec, 0xef, 0x81, 0xec,
  0xf8, 0x82, 0xed, 0x1d, 0x83, 0xed, 0x0a, 0x84, 0xed, 0x01, 0x85, 0xed,
  0x0a, 0x86, 0xed, 0x01, 0x87, 0xed, 0x0a, 0x88, 0xed, 0x01, 0x89, 0x00,
  0x00, 0xed, 0x27, 0xed, 0x64, 0x01, 0x60, 0x35, 0x7e, 0x08, 0x80, 0x31,
  0xed, 0x64, 0x03, 0x60, 0x2c, 0x7e, 0x08, 0x80, 0x28, 0xed, 0x64, 0x08,
  0x60, 0x23, 0x7e, 0x08, 0x80, 0x1f, 0xed, 0x64, 0x0a, 0x60, 0x1a, 0x7e,
  0x08, 0x80, 0x16, 0xed, 0xd3, 0x94, 0x40, 0x40, 0x10, 0x7e, 0x08, 0x80,
  0x0c, 0xed, 0xd3, 0x94, 0xc0, 0x40, 0x06, 0x7e, 0x08, 0x80, 0x02, 0xe4,
  0xfe, 0xaf, 0x06, 0x22, 0xe0, 0xfe, 0xef, 0x54, 0x07, 0xff, 0x74, 0x01,
  0xa8, 0x07, 0x22, 0x90, 0x78, 0x02, 0xe4, 0xf0, 0x90, 0x78, 0x01, 0x04,
  0xf0, 0x90, 0x78, 0x00, 0xf0, 0x22, 0x90, 0xcd, 0x75, 0x74, 0x05, 0xf0,
  0x90, 0xcd, 0x7d, 0x12, 0x1a, 0x4c, 0x90, 0xcd, 0x79, 0x12, 0x1a, 0x68,
  0xd3, 0x02, 0x19, 0x73, 0x90, 0xd3, 0x0d, 0xec, 0xf0, 0xa3, 0x12, 0x8b,
  0x43, 0x90, 0xd3, 0x0b, 0xee, 0xf0, 0xa3, 0xef, 0xf0, 0xc2, 0x00, 0x12,
  0x02, 0x24, 0xd3, 0x90, 0xd3, 0x0e, 0xe0, 0x9f, 0x90, 0xd3, 0x0d, 0xe0,
  0x9e, 0x50, 0x1d, 0x90, 0xd3, 0x0b, 0xe0, 0xfe, 0xa3, 0xe0, 0xff, 0xc2,
  0x00, 0x12, 0x02, 0x29, 0xd3, 0x90, 0xd3, 0x10, 0xe0, 0x9f, 0x90, 0xd3,
  0x0f, 0xe0, 0x9e, 0x50, 0x03, 0x7f, 0x01, 0x22, 0x7f, 0x00, 0x22, 0x12,
  0x8f, 0xf8, 0x60, 0x02, 0xc1, 0xf5, 0x12, 0xf7, 0xc9, 0xef, 0x60, 0x02,
  0xc1, 0xf5, 0x90, 0x86, 0x20, 0xe0, 0x30, 0xe3, 0x05, 0xe0, 0x54, 0xf7,
  0xf0, 0x22, 0x90, 0x86, 0x20, 0xe0, 0x20, 0xe2, 0x02, 0xc1, 0xf5, 0x90,
  0xcd, 0x75, 0xe0, 0xb4, 0x05, 0x0d, 0xd1, 0xf6, 0x90, 0xcd, 0x78, 0x04,
  0xf0, 0xe4, 0x90, 0xcd, 0x76, 0xf0, 0x22, 0x12, 0xca, 0xfc, 0x90, 0xcd,
  0x76, 0xe0, 0x14, 0xf0, 0x12, 0xf7, 0x88, 0x90, 0xcd, 0x67, 0xe0, 0xfe,
  0xef, 0xd3, 0x9e, 0x40, 0x1b, 0x90, 0xcd, 0x74, 0xe0, 0x04, 0xf0, 0x90,
  0xcd, 0x79, 0x12, 0x1a, 0x68, 0xe4, 0xfc, 0xfd, 0xfe, 0x12, 0x17, 0xfd,
  0x90, 0xcd, 0x79, 0x12, 0x1a, 0xe9, 0x80, 0x0f, 0x90, 0xcd, 0x79, 0x12,
  0x1a, 0xf5, 0x00, 0x00, 0x00, 0x00, 0xe4, 0x90, 0xcd, 0x74, 0xf0, 0x90,
  0xcd, 0x6c, 0xe0, 0xff, 0x90, 0xcd, 0x74, 0xe0, 0xc3, 0x9f, 0x50, 0x02,
  0xc1, 0xa4, 0x90, 0xcd, 0x73, 0xe0, 0xb4, 0x02, 0x05, 0x74, 0x01, 0xf0,
  0x80, 0x06, 0x90, 0xcd, 0x73, 0x74, 0x02, 0xf0, 0x90, 0xcd, 0x75, 0xe0,
  0xfb, 0xb4, 0x01, 0x14, 0xf1, 0x06, 0x12, 0x1a, 0xf5, 0x00, 0x00, 0x00,
  0x00, 0x90, 0xcd, 0x75, 0x74, 0x04, 0xf0, 0x90, 0xcd, 0x71, 0x80, 0x2d,
  0xeb, 0xb4, 0x04, 0x0f, 0xb1, 0x46, 0x50, 0x79, 0x90, 0xcd, 0x73, 0xe0,
  0xb4, 0x02, 0x02, 0x80, 0x32, 0x80, 0x34, 0x90, 0xcd, 0x75, 0xe0, 0xfb,
  0xb4, 0x02, 0x19, 0xf1, 0x06, 0x12, 0x1a, 0xf5, 0x00, 0x00, 0x00, 0x00,
  0x90, 0xcd, 0x75, 0x74, 0x03, 0xf0, 0x90, 0xcd, 0x72, 0xe0, 0x90, 0xcd,
  0x76, 0xf0, 0x80, 0x4d, 0xeb, 0xb4, 0x03, 0x16, 0xb1, 0x46, 0x50, 0x45,
  0x90, 0xcd, 0x73, 0xe0, 0xb4, 0x02, 0x04, 0x74, 0x01, 0xf0, 0x22, 0x90,
  0xcd, 0x73, 0x74, 0x02, 0xf0, 0x22, 0x80, 0x31, 0x90, 0xcd, 0x76, 0xe0,
  0x70, 0x4b, 0x90, 0xcd, 0x75, 0xe0, 0xff, 0xb4, 0x01, 0x0d, 0x74, 0x02,
  0xf0, 0x90, 0xcd, 0x72, 0xe0, 0x90, 0xcd, 0x76, 0xf0, 0x80, 0x16, 0xef,
  0xb4, 0x04, 0x07, 0x90, 0xcd, 0x75, 0x74, 0x05, 0x80, 0x26, 0x90, 0xcd,
  0x75, 0xe0, 0xff, 0xb4, 0x02, 0x0d, 0x74, 0x05, 0xf0, 0x12, 0xe4, 0x5c,
  0x90, 0xcd, 0x77, 0x74, 0x03, 0x80, 0x11, 0xef, 0x90, 0xcd, 0x75, 0xb4,
  0x03, 0x0c, 0x74, 0x05, 0x12, 0xe4, 0x5b, 0x90, 0xcd, 0x77, 0x74, 0x03,
  0x80, 0x0d, 0x74, 0x05, 0xf0, 0x22, 0xe4, 0x90, 0xcd, 0x77, 0xf0, 0x90,
  0xcd, 0x75, 0x04, 0xf0, 0xe4, 0x90, 0xcd, 0x74, 0xf0, 0x22, 0x90, 0xcd,
  0x79, 0x12, 0x1a, 0x4c, 0x90, 0xcd, 0x7d, 0x12, 0x1a, 0xe9, 0x90, 0xcd,
  0x79, 0x22, 0xe0, 0xff, 0x90, 0xd2, 0xea, 0xe0, 0xc3, 0x9f, 0x22, 0x90,
  0xd2, 0xe9, 0xe0, 0xff, 0x90, 0xd2, 0xe5, 0x22, 0xae, 0x02, 0xaf, 0x03,
  0x12, 0x16, 0x12, 0xaf, 0x05, 0x22, 0x90, 0xd2, 0xde, 0x12, 0x1b, 0x63,
  0xab, 0x05, 0xaa, 0x04, 0xe4, 0x22, 0x90, 0xd3, 0x04, 0x12, 0x8a, 0x7b,
  0xe4, 0x90, 0xd3, 0x04, 0x12, 0x7c, 0x63, 0xf0, 0x90, 0xcf, 0x4f, 0xe0,
  0xfe, 0xa3, 0xe0, 0xff, 0x64, 0x01, 0x4e, 0x70, 0x01, 0x22, 0xe4, 0x90,
  0xd3, 0x0a, 0xf0, 0x90, 0xcf, 0xca, 0xe0, 0xff, 0x90, 0xd3, 0x0a, 0xe0,
  0xfe, 0xc3, 0x9f, 0x50, 0x40, 0xee, 0x12, 0x7d, 0x43, 0xe0, 0xfe, 0xa3,
  0xe0, 0xff, 0x90, 0xd3, 0x04, 0x12, 0x8a, 0xf8, 0xef, 0x9d, 0xee, 0x9c,
  0x40, 0x03, 0x12, 0x83, 0xb6, 0x90, 0xd3, 0x0a, 0xe0, 0x12, 0x7d, 0x74,
  0xe0, 0xfe, 0xa3, 0xe0, 0xff, 0x90, 0xd3, 0x06, 0x12, 0x8a, 0xf8, 0xef,
  0x9d, 0xee, 0x9c, 0x40, 0x08, 0x90, 0xd3, 0x06, 0xee, 0xf0, 0xa3, 0xef,
  0xf0, 0x90, 0xd3, 0x0a, 0xe0, 0x04, 0xf0, 0x80, 0xb2, 0xe4, 0x90, 0xd3,
  0x0a, 0xf0, 0x90, 0xd3, 0x0a, 0xe0, 0xff, 0xc3, 0x94, 0x10, 0x50, 0x34,
  0x74, 0x01, 0x7e, 0x00, 0xa8, 0x07, 0x08, 0x80, 0x05, 0xc3, 0x33, 0xce,
  0x33, 0xce, 0xd8, 0xf9, 0xff, 0x90, 0xcf, 0x4f, 0x12, 0x91, 0x87, 0x90,
  0xd3, 0x08, 0xee, 0xf0, 0xa3, 0xef, 0xf0, 0x90, 0xd3, 0x04, 0x12, 0x8a,
  0xaa, 0xb1, 0x5c, 0xef, 0x64, 0x01, 0x60, 0x08, 0x90, 0xd3, 0x0a, 0xe0,
  0x04, 0xf0, 0x80, 0xc2, 0x90, 0xd3, 0x08, 0xe0, 0xfe, 0xa3, 0xe0, 0xff,
  0x22, 0x90, 0xd2, 0xef, 0xef, 0xf0, 0x90, 0xd0, 0x4d, 0xe0, 0x70, 0x07,
  0x7f, 0x01, 0x12, 0x03, 0x78, 0x80, 0x16, 0x12, 0xe4, 0x63, 0x60, 0x04,
  0xef, 0xb4, 0x03, 0x07, 0x7f, 0x01, 0x12, 0x03, 0x5f, 0x80, 0x06, 0x90,
  0xfe, 0xd6, 0x74, 0x20, 0xf0, 0x90, 0x80, 0x00, 0x74, 0x08, 0xf0, 0x12,
  0x04, 0x81, 0xe4, 0x90, 0xce, 0xb2, 0xf0, 0x12, 0x04, 0x77, 0x90, 0xd2,
  0xef, 0xe0, 0xff, 0x12, 0x81, 0x69, 0xe4, 0xff, 0x12, 0xd6, 0xb8, 0x90,
  0xfe, 0xa6, 0xe0, 0x54, 0x7f, 0xf0, 0xe4, 0x90, 0xcf, 0xbf, 0xf0, 0xa3,
  0xf0, 0x90, 0xce, 0xf2, 0xf0, 0xa3, 0xf0, 0x90, 0xd0, 0x97, 0xf0, 0x90,
  0xcf, 0x16, 0xf0, 0x90, 0xce, 0x1d, 0x12, 0x1a, 0xf5, 0x00, 0x00, 0x00,
  0x00, 0xe4, 0x90, 0xcf, 0xa8, 0xf0, 0xa3, 0xf0, 0x22, 0x90, 0xfe, 0x86,
  0xe0, 0xc3, 0x30, 0xe0, 0x01, 0xd3, 0x22, 0x90, 0xfe, 0x86, 0xe0, 0x30,
  0xe3, 0x04, 0xef, 0xb4, 0x01, 0x0c, 0x90, 0xfe, 0x86, 0xe0, 0x20, 0xe3,
  0x2a, 0xef, 0x64, 0x01, 0x70, 0x25, 0x12, 0xe2, 0x12, 0x44, 0x10, 0xf0,
  0xef, 0x90, 0xfe, 0x86, 0xb4, 0x01, 0x0c, 0xe0, 0x44, 0x08, 0xf0, 0x90,
  0xfe, 0x89, 0x74, 0x01, 0xf0, 0x80, 0x09, 0xe0, 0x54, 0xf7, 0xf0, 0x90,
  0xfe, 0x89, 0xe4, 0xf0, 0x12, 0xe4, 0x7c, 0x22, 0x90, 0xd3, 0x11, 0xe0,
  0xff, 0xc3, 0x94, 0x02, 0x22, 0xab, 0x05, 0xaa, 0x04, 0xa9, 0x07, 0x90,
  0xd2, 0x92, 0x12, 0x1a, 0xf5, 0x03, 0x93, 0x87, 0x00, 0xe9, 0x24, 0xfc,
  0x60, 0x13, 0x24, 0xfc, 0x60, 0x1b, 0x14, 0x70, 0x22, 0x90, 0xd2, 0x92,
  0x12, 0x1a, 0xf5, 0x08, 0xf0, 0xd1, 0x80, 0x80, 0x16, 0x90, 0xd2, 0x92,
  0x12, 0x1a, 0xf5, 0x07, 0x27, 0x0e, 0x00, 0x80, 0x0a, 0x90, 0xd2, 0x92,
  0x12, 0x1a, 0xf5, 0x03, 0x93, 0x87, 0x00, 0xae, 0x02, 0xaf, 0x03, 0xe4,
  0xf9, 0xf8, 0x90, 0xd2, 0x92, 0x12, 0x1a, 0x4c, 0x12, 0x18, 0xa3, 0xef,
  0x24, 0xff, 0xff, 0xee, 0x34, 0xff, 0x90, 0xd2, 0x96, 0xf0, 0xa3, 0xef,
  0xf0, 0x90, 0xd2, 0x96, 0xe0, 0x90, 0xfe, 0x94, 0xf0, 0x90, 0xd2, 0x97,
  0xe0, 0x90, 0xfe, 0x95, 0xf0, 0x22, 0x90, 0xd2, 0x91, 0xef, 0xf0, 0xc2,
  0xaf, 0xc2, 0xdd, 0x90, 0xfe, 0x81, 0xe0, 0x6f, 0x60, 0x22, 0x90, 0xfe,
  0x87, 0xe0, 0x44, 0x01, 0xf0, 0x90, 0xd2, 0x91, 0xe0, 0x90, 0xfe, 0x81,
  0xf0, 0x00, 0x00, 0x00, 0x00, 0x90, 0xfe, 0x87, 0xe0, 0x54, 0xfe, 0xf0,
  0x53, 0x94, 0xfd, 0x31, 0xb7, 0x43, 0x94, 0x02, 0x90, 0xd2, 0x91, 0xe0,
  0xff, 0x7d, 0x00, 0x7c, 0xe1, 0x11, 0xbd, 0xd2, 0xaf, 0xd2, 0xdd, 0x90,
  0xd2, 0x91, 0xe0, 0xff, 0x90, 0xfe, 0x9c, 0xb4, 0x08, 0x05, 0x74, 0x02,
  0xf0, 0x80, 0x03, 0x74, 0x04, 0xf0, 0x90, 0xfe, 0x86, 0xe0, 0x44, 0x10,
  0xf0, 0xef, 0x90, 0xfe, 0xf2, 0xb4, 0x09, 0x15, 0x74, 0x34, 0xf0, 0xa3,
  0x74, 0x2b, 0xf0, 0xa3, 0x74, 0x1a, 0xf0, 0xa3, 0x74, 0x34, 0xf0, 0xa3,
  0x74, 0x1a, 0xf0, 0x80, 0x13, 0x74, 0x2a, 0xf0, 0xa3, 0x74, 0x22, 0xf0,
  0xa3, 0x74, 0x15, 0xf0, 0xa3, 0x74, 0x2a, 0xf0, 0xa3, 0x74, 0x15, 0xf0,
  0x02, 0x8b, 0x80, 0x90, 0xfe, 0x81, 0xe0, 0x24, 0xfc, 0x60, 0x11, 0x24,
  0xfb, 0x60, 0x17, 0x04, 0x70, 0x21, 0x31, 0xe8, 0x7f, 0x40, 0x7e, 0xd8,
  0x7d, 0xf6, 0x80, 0x12, 0x31, 0xe8, 0x7f, 0x80, 0x7e, 0xb0, 0x7d, 0xed,
  0x80, 0x08, 0x31, 0xe8, 0x7f, 0xa0, 0x7e, 0x1c, 0x7d, 0xe9, 0x7c, 0xff,
  0x12, 0x02, 0x4c, 0x22, 0x90, 0xd2, 0x96, 0x74, 0xde, 0xf0, 0xa3, 0x74,
  0x50, 0xf0, 0x22, 0x90, 0xfe, 0x84, 0xe0, 0x6f, 0x60, 0x1a, 0x12, 0xe2,
  0x12, 0x44, 0x08, 0xf0, 0x90, 0xfe, 0x84, 0xef, 0xf0, 0x00, 0x00, 0x00,
  0x00, 0x90, 0xfe, 0x87, 0xe0, 0x54, 0xf7, 0xf0, 0xd2, 0xaf, 0xd2, 0xdd,
  0x22, 0x90, 0xd3, 0x1f, 0x12, 0x1a, 0xf5, 0x03, 0x93, 0x87, 0x00, 0x90,
  0xfe, 0x81, 0xe0, 0x24, 0xfc, 0x60, 0x13, 0x24, 0xfb, 0x60, 0x1b, 0x04,
  0x70, 0x22, 0x90, 0xd3, 0x1f, 0x12, 0x1a, 0xf5, 0x03, 0x93, 0x87, 0x00,
  0x80, 0x16, 0x90, 0xd3, 0x1f, 0x12, 0x1a, 0xf5, 0x07, 0x27, 0x0e, 0x00,
  0x80, 0x0a, 0x90, 0xd3, 0x1f, 0x12, 0x1a, 0xf5, 0x08, 0xf0, 0xd1, 0x80,
  0x02, 0x8f, 0xa6, 0x90, 0xd3, 0x47, 0x12, 0x1a, 0xf5, 0x03, 0x93, 0x87,
  0x00, 0x90, 0xfe, 0x82, 0xe0, 0x24, 0xfc, 0x60, 0x20, 0x24, 0xfc, 0x60,
  0x10, 0x24, 0xfc, 0x70, 0x22, 0x90, 0xd3, 0x47, 0x12, 0x1a, 0xf5, 0x02,
  0x62, 0x5a, 0x00, 0x80, 0x16, 0x90, 0xd3, 0x47, 0x12, 0x1a, 0xf5, 0x03,
  0x93, 0x87, 0x00, 0x80, 0x0a, 0x90, 0xd3, 0x47, 0x12, 0x1a, 0xf5, 0x07,
  0x27, 0x0e, 0x00, 0x90, 0xd3, 0x47, 0x02, 0x1a, 0x4c, 0x90, 0xd3, 0x0f,
  0xef, 0x12, 0xd2, 0x53, 0x60, 0x05, 0x90, 0xd3, 0x0f, 0x80, 0x09, 0x90,
  0xcf, 0x5d, 0xe0, 0x90, 0xd3, 0x0f, 0x70, 0x06, 0xe0, 0xff, 0x7d, 0x01,
  0x80, 0x04, 0xe0, 0xff, 0x7d, 0x02, 0x02, 0xcf, 0x32, 0x90, 0xfe, 0xa2,
  0x74, 0x50, 0xf0, 0xa3, 0x74, 0x56, 0xf0, 0x90, 0xfe, 0xa6, 0xe4, 0xf0,
  0x90, 0xfe, 0xa0, 0x74, 0xc2, 0xf0, 0x90, 0xfe, 0xa5, 0xe0, 0x54, 0x7f,
  0xf0, 0x90, 0xfe, 0x93, 0xe4, 0xf0, 0x90, 0xd0, 0x46, 0x74, 0xc5, 0xf0,
  0x22, 0xe4, 0xfe, 0xef, 0x24, 0xfd, 0x60, 0x0a, 0x24, 0x82, 0x24, 0xfd,
  0x50, 0x04, 0x24, 0x82, 0x70, 0x09, 0xed, 0x64, 0x01, 0x60, 0x06, 0x7e,
  0x08, 0x80, 0x02, 0xe4, 0xfe, 0xaf, 0x06, 0x22, 0xac, 0x05, 0xaa, 0x07,
  0xaf, 0x02, 0xae, 0x03, 0xad, 0x06, 0x51, 0xe1, 0xef, 0x60, 0x01, 0x22,
  0xea, 0x24, 0xfe, 0x60, 0x22, 0x14, 0x60, 0x61, 0x24, 0x81, 0x60, 0x4d,
  0x14, 0x70, 0x02, 0x61, 0xab, 0x24, 0x02, 0x60, 0x02, 0x61, 0xc5, 0x90,
  0xd0, 0x46, 0xe0, 0xff, 0xa8, 0x04, 0x08, 0x80, 0x02, 0xc3, 0x13, 0xd8,
  0xfc, 0x61, 0xbb, 0x90, 0x71, 0x00, 0xe0, 0x70, 0x13, 0x90, 0xfe, 0xa0,
  0xc0, 0x83, 0xc0, 0x82, 0x71, 0xc8, 0x80, 0x02, 0xc3, 0x33, 0xd8, 0xfc,
  0xf4, 0x5e, 0x80, 0x10, 0x90, 0xfe, 0xa0, 0xc0, 0x83, 0xc0, 0x82, 0x71,
  0xc8, 0x80, 0x02, 0xc3, 0x33, 0xd8, 0xfc, 0x4e, 0xd0, 0x82, 0xd0, 0x83,
  0xf0, 0xe4, 0xff, 0x80, 0x5e, 0x90, 0xfe, 0xa0, 0xe0, 0xff, 0xa8, 0x04,
  0x08, 0x80, 0x02, 0xc3, 0x13, 0xd8, 0xfc, 0x80, 0x42, 0x90, 0x71, 0x00,
  0xe0, 0x70, 0x13, 0x90, 0xfe, 0xa6, 0xc0, 0x83, 0xc0, 0x82, 0x71, 0xc8,
  0x80, 0x02, 0xc3, 0x33, 0xd8, 0xfc, 0xf4, 0x5e, 0x80, 0x10, 0x90, 0xfe,
  0xa6, 0xc0, 0x83, 0xc0, 0x82, 0x71, 0xc8, 0x80, 0x02, 0xc3, 0x33, 0xd8,
  0xfc, 0x4e, 0xd0, 0x82, 0xd0, 0x83, 0xf0, 0xe4, 0xff, 0x80, 0x1c, 0xaf,
  0x04, 0x90, 0xfe, 0xa6, 0xe0, 0xfe, 0xa8, 0x07, 0x08, 0x80, 0x02, 0xc3,
  0x13, 0xd8, 0xfc, 0x54, 0x01, 0x90, 0x72, 0x00, 0xf0, 0xe4, 0xff, 0x80,
  0x02, 0x7f, 0x0d, 0x22, 0xe0, 0xfe, 0x74, 0x01, 0xa8, 0x04, 0x08, 0x22,
  0x90, 0xd3, 0x36, 0xe4, 0x75, 0xf0, 0x02, 0x02, 0x16, 0x9d, 0x90, 0x00,
  0x10, 0x12, 0x16, 0xf4, 0xff, 0x90, 0xd3, 0x35, 0x22, 0xe0, 0x7f, 0x00,
  0xfe, 0x12, 0x16, 0x12, 0x7b, 0xff, 0x7a, 0x0f, 0xe4, 0xfd, 0xfc, 0x02,
  0x02, 0x65, 0xe0, 0x7f, 0x00, 0xfe, 0x12, 0x16, 0x12, 0x7b, 0xff, 0x7a,
  0x0f, 0xe4, 0xfd, 0xfc, 0x02, 0x02, 0x65, 0xe0, 0xfd, 0x33, 0x95, 0xe0,
  0xfc, 0xc3, 0xed, 0x9f, 0xff, 0xec, 0x9e, 0xfe, 0x33, 0x95, 0xe0, 0xfd,
  0xfc, 0x78, 0x0c, 0x02, 0x19, 0xab, 0x90, 0xd2, 0xeb, 0xe0, 0xff, 0x13,
  0x13, 0x13, 0x54, 0x1f, 0xfd, 0xc3, 0x74, 0x14, 0x9d, 0xfd, 0x74, 0x8b,
  0x94, 0x00, 0x8d, 0x82, 0xf5, 0x83, 0x22, 0x90, 0xcd, 0x71, 0xe0, 0x90,
  0xcd, 0x76, 0x22, 0x90, 0xd2, 0xc3, 0xe0, 0xfe, 0xa3, 0xe0, 0xff, 0x22,
  0xf0, 0xa3, 0xef, 0xf0, 0x90, 0xd3, 0x13, 0x22, 0xe4, 0x90, 0xc3, 0x5a,
  0xf0, 0x90, 0xc3, 0x74, 0xf0, 0x90, 0x8e, 0x03, 0xf0, 0x22, 0x12, 0x8f,
  0xf8, 0x60, 0x02, 0xa1, 0x14, 0x90, 0xcd, 0x77, 0xe0, 0xff, 0x70, 0x19,
  0x90, 0xcb, 0x72, 0xe0, 0xb4, 0x02, 0x12, 0x90, 0xcd, 0x75, 0x74, 0x01,
  0x12, 0xee, 0xff, 0x90, 0xcd, 0x76, 0xf0, 0x90, 0xcd, 0x77, 0x04, 0xf0,
  0x22, 0xef, 0xb4, 0x01, 0x1d, 0x90, 0xcb, 0x72, 0xe0, 0x70, 0x17, 0x90,
  0xcd, 0x78, 0xe0, 0x70, 0x09, 0x12, 0xee, 0xfb, 0x90, 0xcd, 0x76, 0xf0,
  0x80, 0x2a, 0x90, 0xcd, 0x77, 0x74, 0x02, 0xf0, 0x80, 0x27, 0x90, 0xcd,
  0x77, 0xe0, 0xb4, 0x03, 0x0e, 0x90, 0xcb, 0x72, 0xe0, 0xb4, 0x02, 0x07,
  0x90, 0xcd, 0x77, 0x74, 0x04, 0xf0, 0x22, 0x90, 0xcd, 0x77, 0xe0, 0xb4,
  0x04, 0x0b, 0x90, 0xcb, 0x72, 0xe0, 0x70, 0x05, 0x90, 0xcd, 0x77, 0xf0,
  0x22, 0x90, 0xcd, 0x77, 0xe0, 0xb4, 0x02, 0x1d, 0x90, 0xcd, 0x79, 0x12,
  0x1a, 0xf5, 0x00, 0x00, 0x00, 0x00, 0x90, 0xcd, 0x7d, 0x12, 0x1a, 0xf5,
  0x00, 0x00, 0x00, 0x00, 0xe4, 0x12, 0x8f, 0xd8, 0x91, 0x37, 0x12, 0xee,
  0xff, 0x90, 0xcb, 0x72, 0xe0, 0x70, 0x1d, 0x90, 0xcc, 0x97, 0xe0, 0x64,
  0x01, 0x70, 0x15, 0x90, 0xcd, 0x77, 0xe0, 0x70, 0x0f, 0x90, 0xcd, 0x76,
  0xe0, 0x60, 0x09, 0x90, 0x86, 0x20, 0xe0, 0x30, 0xe2, 0x02, 0xd1, 0x96,
  0x22, 0x12, 0x8a, 0x78, 0x90, 0xd3, 0x0f, 0xd1, 0x3a, 0xd1, 0x4e, 0x90,
  0xd3, 0x13, 0xee, 0x12, 0x8e, 0x40, 0xd1, 0x3a, 0xd1, 0x4e, 0xab, 0x07,
  0xaa, 0x06, 0xa3, 0xd1, 0x3a, 0x7d, 0x05, 0x12, 0x16, 0x00, 0x12, 0x8f,
  0x25, 0x9e, 0xfe, 0x90, 0xd2, 0x21, 0x12, 0x8b, 0xbc, 0x78, 0x03, 0xce,
  0xc3, 0x13, 0xce, 0x13, 0xd8, 0xf9, 0x78, 0x03, 0xc3, 0x33, 0xce, 0x33,
  0xce, 0xd8, 0xf9, 0xff, 0x90, 0xd3, 0x15, 0x12, 0x91, 0x2f, 0x7d, 0x05,
  0x12, 0x8f, 0x12, 0x12, 0x8f, 0x19, 0x9e, 0x12, 0x8b, 0xb8, 0x78, 0x03,
  0xce, 0xc3, 0x13, 0xce, 0x13, 0xd8, 0xf9, 0x78, 0x03, 0xc3, 0x33, 0xce,
  0x33, 0xce, 0xd8, 0xf9, 0xfd, 0xac, 0x06, 0x90, 0xd3, 0x13, 0xe0, 0xfe,
  0xa3, 0xe0, 0x78, 0x03, 0xce, 0xc3, 0x13, 0xce, 0x13, 0xd8, 0xf9, 0x90,
  0xd3, 0x17, 0xf0, 0xeb, 0xae, 0x02, 0x78, 0x03, 0xce, 0xc3, 0x13, 0xce,
  0x13, 0xd8, 0xf9, 0xf9, 0x12, 0x8e, 0x7a, 0x90, 0x85, 0x98, 0xcf, 0xf0,
  0xa3, 0xef, 0xf0, 0x90, 0x85, 0x9a, 0x12, 0x8f, 0xee, 0x90, 0x85, 0x9c,
  0xf0, 0xaf, 0x01, 0xa3, 0xef, 0x12, 0x8e, 0x79, 0x90, 0x85, 0x78, 0x12,
  0x8f, 0x62, 0x90, 0x85, 0x7a, 0xec, 0x91, 0x48, 0xd1, 0x3a, 0x7d, 0x05,
  0x12, 0x16, 0x00, 0xd1, 0x42, 0x90, 0x85, 0x7c, 0xf0, 0xa3, 0xef, 0xf0,
  0x12, 0x8f, 0x12, 0x90, 0x85, 0x7b, 0xe0, 0x2f, 0xff, 0x90, 0x85, 0x7a,
  0xe0, 0x3e, 0x90, 0x85, 0x7e, 0x91, 0x48, 0xe0, 0xfe, 0xa3, 0xe0, 0xff,
  0xd1, 0x42, 0x90, 0x85, 0x80, 0xf0, 0xa3, 0xef, 0xf0, 0x90, 0x85, 0x7b,
  0xe0, 0x2b, 0xfe, 0x90, 0x85, 0x7a, 0xe0, 0x3a, 0x90, 0x85, 0x82, 0xf0,
  0xa3, 0xce, 0xf0, 0x90, 0xd3, 0x13, 0x12, 0x83, 0x8c, 0x90, 0x85, 0x7d,
  0xe0, 0x9f, 0xff, 0x90, 0x85, 0x7c, 0xe0, 0x9e, 0x90, 0x85, 0x84, 0xf0,
  0xa3, 0xef, 0xf0, 0xc3, 0x90, 0x85, 0x7f, 0xe0, 0x9b, 0xfe, 0x90, 0x85,
  0x7e, 0xe0, 0x9a, 0x90, 0x85, 0x86, 0xf0, 0xa3, 0xce, 0xf0, 0x22, 0xe0,
  0xfb, 0x7a, 0x00, 0x90, 0xd3, 0x2a, 0xe0, 0xfe, 0xa3, 0xe0, 0xff, 0x7c,
  0x00, 0x22, 0x90, 0x85, 0x79, 0xe0, 0x2f, 0xff, 0x90, 0x85, 0x78, 0xe0,
  0x3e, 0x22, 0x7d, 0x09, 0x12, 0x16, 0x00, 0x0d, 0x12, 0x16, 0x12, 0x7c,
  0x00, 0x7d, 0x05, 0x02, 0x16, 0x12, 0xe4, 0xff, 0xfe, 0x7d, 0x48, 0x7c,
  0x42, 0x12, 0x8f, 0xd2, 0x12, 0x12, 0xbe, 0x50, 0x09, 0xe4, 0x90, 0xcd,
  0x62, 0xf0, 0xd1, 0xb3, 0x80, 0x0f, 0x90, 0xcd, 0x62, 0x74, 0x01, 0xf0,
  0x90, 0xcd, 0x63, 0x04, 0xf0, 0xd1, 0xa3, 0x81, 0x5e, 0x90, 0xcc, 0x97,
  0xe0, 0xb4, 0x01, 0x09, 0x90, 0x86, 0x20, 0xe0, 0x30, 0xe2, 0x02, 0xd1,
  0x96, 0x22, 0xe4, 0x90, 0xcc, 0x97, 0xf0, 0x90, 0x86, 0x20, 0xe0, 0x44,
  0x01, 0xf0, 0x22, 0xe4, 0x90, 0xcd, 0x65, 0xf0, 0x90, 0xcd, 0x64, 0xf0,
  0x22, 0xf1, 0x3b, 0xd1, 0xb3, 0x80, 0xf0, 0x12, 0xee, 0xf6, 0x90, 0xcd,
  0x78, 0x04, 0xf0, 0x90, 0xd0, 0x4c, 0xe0, 0xb4, 0x03, 0x06, 0x90, 0xcd,
  0x71, 0xe0, 0x80, 0x01, 0xe4, 0x90, 0xcd, 0x76, 0xf0, 0x90, 0xcd, 0x79,
  0x12, 0x1a, 0xf5, 0x00, 0x00, 0x00, 0x00, 0x90, 0xcd, 0x7d, 0x12, 0x1a,
  0xf5, 0x00, 0x00, 0x00, 0x00, 0x22, 0xb1, 0x15, 0x90, 0xcc, 0x22, 0xe0,
  0x90, 0x85, 0x77, 0xf0, 0x22, 0x90, 0xcd, 0x62, 0xe0, 0xb4, 0x01, 0x03,
  0x02, 0xed, 0x9f, 0xf1, 0xc9, 0xef, 0x70, 0x3e, 0xf1, 0x88, 0xef, 0xd3,
  0x94, 0x50, 0x40, 0x0d, 0x90, 0xcd, 0x65, 0xe0, 0x04, 0xf0, 0xe4, 0x90,
  0xcd, 0x64, 0xf0, 0x80, 0x0b, 0x90, 0xcd, 0x64, 0xe0, 0x04, 0xf0, 0xe4,
  0x90, 0xcd, 0x65, 0xf0, 0x90, 0xcd, 0x65, 0xe0, 0xd3, 0x94, 0x05, 0x40,
  0x07, 0x90, 0xcd, 0x63, 0x74, 0x01, 0xf0, 0x22, 0x90, 0xcd, 0x64, 0xe0,
  0xd3, 0x94, 0x05, 0x40, 0x05, 0xe4, 0x90, 0xcd, 0x63, 0xf0, 0x22, 0xef,
  0xc4, 0xf8, 0x54, 0x0f, 0xc8, 0xee, 0xc4, 0x54, 0xf0, 0x48, 0xc3, 0x13,
  0x90, 0x86, 0x21, 0xf0, 0xed, 0xc4, 0xf8, 0x54, 0x0f, 0xc8, 0xec, 0xc4,
  0x54, 0xf0, 0x48, 0xa3, 0xf0, 0x90, 0xd2, 0x21, 0xf1, 0x78, 0x7d, 0x23,
  0x7c, 0x86, 0x12, 0x02, 0x42, 0x90, 0xd0, 0xd7, 0xf1, 0x78, 0x7d, 0x25,
  0x7c, 0x86, 0x12, 0x02, 0x42, 0x90, 0x86, 0x27, 0x74, 0x06, 0xf0, 0x22,
  0xe0, 0xc3, 0x13, 0x13, 0x13, 0x13, 0x54, 0x1f, 0x75, 0xf0, 0x08, 0xa4,
  0xff, 0xae, 0xf0, 0x22, 0x90, 0x86, 0x2e, 0x12, 0x1a, 0x4c, 0x12, 0x8f,
  0xe2, 0x90, 0x86, 0x32, 0x12, 0x1a, 0x4c, 0x90, 0xd2, 0xb9, 0x12, 0x1a,
  0xe9, 0xe4, 0x7f, 0x64, 0xfe, 0xfd, 0xfc, 0x90, 0xd2, 0xb9, 0x12, 0xc4,
  0xa8, 0x12, 0x8f, 0xb9, 0x12, 0x18, 0xa3, 0xab, 0x07, 0x90, 0xd2, 0xb9,
  0x12, 0x1a, 0x4c, 0x90, 0xcd, 0x81, 0x12, 0x1a, 0xe9, 0x12, 0x8d, 0x0f,
  0x90, 0xcd, 0x85, 0x12, 0x1a, 0xe9, 0xaf, 0x03, 0x22, 0x7b, 0x01, 0x7a,
  0xcc, 0x79, 0x98, 0x12, 0xf8, 0x0b, 0x90, 0xcd, 0x61, 0xe0, 0x90, 0xd2,
  0xce, 0xf0, 0x7a, 0xcc, 0x79, 0xfc, 0x12, 0x02, 0xc4, 0x90, 0xcd, 0x62,
  0xe0, 0x70, 0x0b, 0xef, 0xc3, 0x94, 0x0c, 0x7f, 0x00, 0x50, 0x1b, 0x7f,
  0x01, 0x22, 0x90, 0xcd, 0x60, 0xe0, 0xfe, 0xef, 0xc3, 0x9e, 0x50, 0x08,
  0x90, 0xcd, 0x89, 0x74, 0x01, 0xf0, 0xff, 0x22, 0xe4, 0x90, 0xcd, 0x89,
  0xf0, 0xff, 0x22, 0x90, 0xd2, 0xcb, 0x02, 0x1b, 0x63, 0x90, 0xc3, 0x74,
  0xef, 0xf0, 0xbf, 0x01, 0x1e, 0x90, 0xc3, 0x53, 0x74, 0x01, 0xf0, 0x90,
  0x8e, 0x3c, 0xe4, 0xf0, 0x90, 0x8e, 0x3b, 0x74, 0x07, 0xf0, 0x90, 0x8e,
  0x00, 0x74, 0x01, 0xf0, 0x90, 0x8e, 0x3a, 0x74, 0x07, 0xf0, 0x22, 0x02,
  0xf4, 0x50, 0x90, 0xd3, 0x11, 0xec, 0xf0, 0xa3, 0xed, 0xf0, 0xc3, 0xeb,
  0x9f, 0xff, 0xea, 0x9e, 0x12, 0x91, 0x27, 0x12, 0x83, 0x89, 0x90, 0xd3,
  0x16, 0xe0, 0x9f, 0xff, 0x90, 0xd3, 0x15, 0xe0, 0x9e, 0xab, 0x07, 0xfa,
  0x90, 0xd3, 0x17, 0x12, 0xf6, 0x3a, 0x7d, 0x28, 0x12, 0x16, 0x12, 0x12,
  0x8e, 0xb8, 0x7c, 0x00, 0x7d, 0x1e, 0x12, 0x16, 0x12, 0xab, 0x07, 0x90,
  0x8e, 0x08, 0x74, 0x28, 0xf0, 0xa3, 0x74, 0x1e, 0xf0, 0x90, 0xd3, 0x19,
  0xe0, 0x90, 0x8e, 0x06, 0xf0, 0xa3, 0xeb, 0xf0, 0x7a, 0x01, 0x90, 0xd3,
  0x19, 0xe0, 0x8a, 0xf0, 0x84, 0xff, 0xeb, 0x8a, 0xf0, 0x84, 0xfd, 0x7e,
  0x00, 0x7c, 0x00, 0x12, 0x16, 0x00, 0xa3, 0xee, 0xf0, 0xa3, 0xef, 0xf0,
  0xd3, 0x94, 0x00, 0xee, 0x94, 0x01, 0x40, 0x05, 0x0a, 0xea, 0xb4, 0x80,
  0xd9, 0xea, 0xd3, 0x94, 0x7f, 0x40, 0x02, 0x7a, 0x7f, 0x90, 0x8e, 0x0f,
  0xea, 0xf0, 0xa3, 0xf0, 0x90, 0xd3, 0x1a, 0x12, 0x8a, 0x87, 0xff, 0xfe,
  0x7d, 0x01, 0xfc, 0x12, 0x18, 0xa3, 0x90, 0xd3, 0x1c, 0xee, 0x12, 0x89,
  0xec, 0x90, 0x8e, 0x0a, 0xf0, 0x90, 0xd3, 0x1d, 0xe0, 0x90, 0x8e, 0x0b,
  0xf0, 0x22, 0x90, 0xcf, 0xbd, 0xe0, 0xfa, 0xa3, 0xe0, 0xfb, 0x90, 0xce,
  0xe9, 0x12, 0x8b, 0x6d, 0xe4, 0xfd, 0xfc, 0xff, 0xfe, 0x11, 0x3a, 0x90,
  0x8e, 0x02, 0x74, 0x1f, 0xf0, 0x22, 0xe0, 0xff, 0x75, 0xf0, 0x07, 0xa4,
  0x24, 0xee, 0xf5, 0x82, 0xe4, 0x34, 0xcd, 0x22, 0xe0, 0xff, 0xa3, 0xe0,
  0x90, 0xd3, 0x21, 0xcf, 0xf0, 0xa3, 0xef, 0xf0, 0x90, 0xd3, 0x1f, 0x22,
  0xee, 0x75, 0xf0, 0x07, 0xa4, 0x24, 0xf2, 0xf5, 0x82, 0xe4, 0x34, 0xcd,
  0xf5, 0x83, 0xe0, 0x64, 0x01, 0x22, 0x78, 0xec, 0x7c, 0xcd, 0x7d, 0x01,
  0x7b, 0x01, 0x7a, 0xcf, 0x79, 0x66, 0x7e, 0x00, 0x7f, 0x23, 0x02, 0x15,
  0x3e, 0x90, 0x00, 0x06, 0xef, 0x12, 0x15, 0xde, 0x90, 0x71, 0x06, 0xe0,
  0xff, 0xe9, 0x24, 0x06, 0xf9, 0xe4, 0x3a, 0xfa, 0x22, 0xef, 0x75, 0xf0,
  0x07, 0xa4, 0x24, 0xf0, 0xf5, 0x82, 0xe4, 0x34, 0xcd, 0xf5, 0x83, 0xe0,
  0xfa, 0xa3, 0xe0, 0xfb, 0xef, 0x75, 0xf0, 0x07, 0xa4, 0x24, 0xec, 0xf5,
  0x82, 0xe4, 0x34, 0xcd, 0xf5, 0x83, 0xe0, 0xff, 0xa3, 0xe0, 0x22, 0x90,
  0x85, 0x88, 0x12, 0x1a, 0x4c, 0x90, 0xcc, 0x23, 0x12, 0x1a, 0xe9, 0x90,
  0x85, 0x8c, 0x12, 0x1a, 0x4c, 0x90, 0xcc, 0x27, 0x12, 0x1a, 0xe9, 0x90,
  0x85, 0x90, 0x12, 0x1a, 0x4c, 0x90, 0xcc, 0x2b, 0x12, 0x1a, 0xe9, 0x90,
  0x85, 0x94, 0x12, 0x1a, 0x4c, 0x90, 0xcc, 0x2f, 0x12, 0x1a, 0xe9, 0x78,
  0x33, 0x7c, 0xcc, 0x7d, 0x01, 0x7b, 0x01, 0x7a, 0x87, 0x79, 0x00, 0x7e,
  0x00, 0x7f, 0x64, 0x02, 0x15, 0x3e, 0x90, 0x85, 0x76, 0x74, 0xb0, 0xf0,
  0x22, 0x90, 0xc3, 0x3e, 0xe0, 0xff, 0x90, 0x8e, 0x50, 0xf0, 0x90, 0xc3,
  0x48, 0xe0, 0xfe, 0x90, 0x8e, 0x51, 0xf0, 0x90, 0xc3, 0x41, 0xe0, 0xfb,
  0x90, 0x8e, 0x52, 0xf0, 0x90, 0xc3, 0x49, 0xe0, 0xfa, 0x90, 0x8e, 0x53,
  0xf0, 0xef, 0xfd, 0xee, 0xc3, 0x9d, 0x51, 0x6c, 0xfd, 0xe4, 0x3f, 0xfc,
  0xeb, 0xff, 0xea, 0x51, 0x6a, 0x51, 0x74, 0xad, 0x07, 0xac, 0x06, 0x7e,
  0x40, 0x7f, 0x00, 0x12, 0x16, 0x12, 0xa3, 0xef, 0xf0, 0x90, 0xc3, 0x3a,
  0xe0, 0xff, 0x90, 0x8e, 0x55, 0xf0, 0x90, 0xc3, 0x44, 0xe0, 0xfe, 0x90,
  0x8e, 0x56, 0xf0, 0x90, 0xc3, 0x3c, 0xe0, 0xf9, 0x90, 0x8e, 0x57, 0xf0,
  0x90, 0xc3, 0x45, 0xe0, 0x90, 0x8e, 0x58, 0xf0, 0xef, 0xfd, 0xee, 0xc3,
  0x9d, 0x51, 0x6c, 0xfd, 0xe4, 0x3f, 0xfc, 0xe9, 0xff, 0x90, 0xc3, 0x45,
  0xe0, 0x51, 0x6a, 0x51, 0x74, 0xac, 0x06, 0xad, 0x07, 0x7e, 0x20, 0x7f,
  0x00, 0x12, 0x16, 0x12, 0x90, 0x8e, 0x59, 0xef, 0xf0, 0x90, 0x8e, 0x01,
  0x74, 0x01, 0xf0, 0x90, 0xc3, 0x53, 0xe0, 0xd3, 0x94, 0x00, 0x40, 0x09,
  0xe0, 0x14, 0xf0, 0x90, 0xc3, 0x76, 0x74, 0x01, 0xf0, 0x22, 0xc3, 0x9f,
  0xff, 0xe4, 0x94, 0x00, 0xcf, 0x24, 0x01, 0x22, 0xcf, 0x34, 0x00, 0xfe,
  0x02, 0x16, 0x00, 0x90, 0xd2, 0xb9, 0xef, 0xf0, 0x20, 0xe0, 0x02, 0x61,
  0x0c, 0x90, 0x8e, 0x3a, 0x74, 0x01, 0xf0, 0x90, 0x8e, 0x5a, 0xe0, 0x90,
  0xc3, 0x4f, 0xf0, 0x90, 0x8e, 0x5b, 0xe0, 0x90, 0xc3, 0x84, 0xf0, 0x90,
  0x8e, 0x5c, 0xe0, 0x90, 0xc3, 0x8c, 0xf0, 0x90, 0xc3, 0x76, 0xe0, 0x64,
  0x01, 0x70, 0x5f, 0x90, 0xc3, 0x69, 0xf0, 0x90, 0x8e, 0x1d, 0xe0, 0x90,
  0xc3, 0x6a, 0xf0, 0x90, 0x8e, 0x1e, 0xe0, 0x90, 0xc3, 0x6b, 0xf0, 0x90,
  0x8e, 0x1f, 0xe0, 0x90, 0xc3, 0x6c, 0xf0, 0x90, 0xc3, 0x69, 0x12, 0x1a,
  0x68, 0xe4, 0xff, 0xfe, 0xfd, 0x7c, 0xff, 0x12, 0x18, 0xa3, 0x90, 0xc3,
  0x88, 0x12, 0x1a, 0xe9, 0x90, 0xc3, 0x89, 0xe0, 0x90, 0x8e, 0x28, 0xf0,
  0x90, 0xc3, 0x8a, 0xe0, 0x90, 0x8e, 0x29, 0xf0, 0x90, 0xc3, 0x8b, 0xe0,
  0x90, 0x8e, 0x2a, 0xf0, 0x90, 0x8e, 0x03, 0x74, 0x01, 0xf0, 0x90, 0x8e,
  0x27, 0xf0, 0x90, 0x8e, 0x01, 0x04, 0xf0, 0xe4, 0x90, 0xc3, 0x76, 0xf0,
  0x80, 0x02, 0x31, 0xc5, 0x90, 0xd2, 0xb9, 0xe0, 0x30, 0xe1, 0x0a, 0x90,
  0x8e, 0x3a, 0x74, 0x02, 0xf0, 0x71, 0x35, 0x31, 0xc5, 0x90, 0xd2, 0xb9,
  0xe0, 0x30, 0xe2, 0x10, 0x90, 0x8e, 0x3a, 0x74, 0x04, 0xf0, 0x90, 0xc3,
  0x5a, 0xe0, 0x70, 0x04, 0x90, 0x8e, 0x3b, 0xf0, 0x22, 0x02, 0x8b, 0x12,
  0xe0, 0xff, 0x90, 0xd3, 0x2b, 0xe0, 0x2f, 0xff, 0x90, 0xd3, 0x2a, 0xe0,
  0x34, 0x00, 0xfe, 0x7b, 0x3f, 0x7a, 0x00, 0xe4, 0xfd, 0xfc, 0x02, 0x02,
  0x6a, 0x90, 0xff, 0x4a, 0x12, 0x15, 0x7d, 0xc4, 0x54, 0x0f, 0x90, 0xd3,
  0x3d, 0xf0, 0x90, 0x01, 0x48, 0x12, 0x15, 0x7d, 0xff, 0xc4, 0x54, 0x0f,
  0x90, 0xd3, 0x3e, 0xf0, 0x90, 0xd3, 0x3d, 0xe0, 0x90, 0xd3, 0x44, 0xf0,
  0x90, 0xd3, 0x39, 0x12, 0x1a, 0x4c, 0x90, 0xd3, 0x45, 0x12, 0x1a, 0xe9,
  0x90, 0xd3, 0x3e, 0xe0, 0x90, 0xd3, 0x49, 0xf0, 0x90, 0xd3, 0x2a, 0x12,
  0x1a, 0x4c, 0x90, 0xd3, 0x4a, 0x12, 0x1a, 0xe9, 0x90, 0xd3, 0x35, 0x12,
  0x1a, 0x4c, 0x02, 0x02, 0x9c, 0x9e, 0xfe, 0x7b, 0x3f, 0x7a, 0x00, 0xe4,
  0xfd, 0xfc, 0x02, 0x02, 0x6a, 0xf5, 0x83, 0x75, 0xf0, 0x04, 0xee, 0x12,
  0x1b, 0x37, 0xe0, 0xfd, 0xac, 0x07, 0x0f, 0xe4, 0x2c, 0xf5, 0x82, 0xe4,
  0x34, 0x72, 0xf5, 0x83, 0xed, 0xf0, 0x90, 0xd2, 0xbb, 0xe0, 0x75, 0xf0,
  0x14, 0xa4, 0x22, 0x90, 0xc9, 0xe9, 0xe0, 0xfd, 0x7c, 0x00, 0x90, 0xd2,
  0xb9, 0xe0, 0xff, 0x7e, 0x00, 0x02, 0x16, 0x00, 0xf9, 0xe4, 0x3a, 0xfe,
  0xaf, 0x01, 0x02, 0x02, 0x38, 0xef, 0xf0, 0x90, 0xd3, 0x2a, 0xe0, 0xfc,
  0xa3, 0xe0, 0xfd, 0xec, 0x12, 0x13, 0x3c, 0x74, 0x33, 0xfb, 0xfa, 0xf9,
  0x78, 0x3f, 0x02, 0x11, 0x18, 0xe0, 0x54, 0xf0, 0xc4, 0x54, 0x0f, 0xff,
  0x90, 0xd3, 0x2b, 0xe0, 0x2f, 0xff, 0x90, 0xd3, 0x2a, 0xe0, 0x34, 0x00,
  0x22, 0x90, 0xd2, 0xb8, 0xe0, 0x24, 0x11, 0xf5, 0x82, 0xe4, 0x34, 0xcf,
  0xf5, 0x83, 0x22, 0x2d, 0xff, 0xee, 0x3c, 0xfe, 0x7b, 0x3f, 0x7a, 0x00,
  0xe4, 0xfd, 0x22, 0x7d, 0x01, 0x7b, 0x01, 0x7a, 0xd4, 0x79, 0xfa, 0x7e,
  0x00, 0x7f, 0x12, 0x02, 0x15, 0x3e, 0x7d, 0x0a, 0x12, 0x16, 0x00, 0xef,
  0x2b, 0xff, 0xea, 0x3e, 0xfe, 0x7b, 0xff, 0xe4, 0xfd, 0x02, 0x02, 0x6a,
  0x90, 0xd2, 0xb9, 0xe0, 0xff, 0xc3, 0x22, 0xe0, 0x54, 0xcc, 0xfe, 0x90,
  0xd3, 0x2c, 0xe0, 0x4e, 0xfe, 0xef, 0xc4, 0x54, 0xf0, 0x4e, 0x22, 0xef,
  0x24, 0xfc, 0xfe, 0xe4, 0x34, 0xff, 0x90, 0xd3, 0x2a, 0xf0, 0xa3, 0xce,
  0xf0, 0x22, 0x78, 0x00, 0x7c, 0x72, 0x7d, 0x01, 0x7b, 0x01, 0x22, 0x90,
  0xff, 0x4a, 0x12, 0x15, 0x7d, 0x54, 0x1f, 0x90, 0xd3, 0x3d, 0xf0, 0x22,
  0x90, 0xff, 0x4a, 0x12, 0x15, 0x7d, 0x54, 0x3f, 0x90, 0xd3, 0x3d, 0xf0,
  0x22, 0x12, 0x02, 0x79, 0x12, 0x13, 0x75, 0x90, 0xd3, 0x2c, 0x22, 0xe4,
  0xfb, 0xfa, 0x79, 0x80, 0x78, 0x43, 0x22, 0x7b, 0x01, 0x7a, 0xd2, 0x79,
  0xce, 0x22, 0x90, 0xd2, 0xbc, 0xf0, 0xe0, 0xff, 0x22, 0x12, 0x17, 0xfd,
  0x90, 0xd2, 0xca, 0x02, 0x1a, 0xe9, 0x12, 0x17, 0xfd, 0x90, 0xd2, 0xc2,
  0x02, 0x1a, 0xe9, 0xe0, 0x54, 0x03, 0xfc, 0xe4, 0x02, 0x13, 0x41, 0x90,
  0xca, 0x6d, 0xe0, 0x90, 0x72, 0x00, 0xf0, 0x22, 0xe0, 0xff, 0x90, 0xcd,
  0x98, 0xe0, 0xc3, 0x9f, 0x22, 0xfe, 0x7b, 0x02, 0x7a, 0x00, 0xe4, 0xfd,
  0x22, 0xff, 0xff, 0xff, 0xff, 0xff, 0xff, 0xff, 0xff, 0xff, 0xff, 0xff,
  0xff, 0xff, 0xff, 0xff, 0xff, 0xff, 0xff, 0xff, 0xff, 0xff, 0xff, 0xff,
  0xff, 0xff, 0xff, 0xff, 0xff, 0xff, 0xff, 0xff, 0xff, 0xff, 0xff, 0xff,
  0xff, 0xff, 0xff, 0xff, 0xff, 0xff, 0xff, 0xff, 0xff, 0xff, 0xff, 0xff,
  0xff, 0xff, 0xff, 0xff, 0xff, 0xff, 0xff, 0xff, 0xff, 0xff, 0xff, 0xff,
  0xff, 0xff, 0xff, 0xff, 0xff, 0xff, 0xff, 0xff, 0xff, 0xff, 0xff, 0xff,
  0xff, 0xff, 0xff, 0xff, 0xff, 0xff, 0xff, 0xff, 0xff, 0xff, 0xff, 0xff,
  0xff, 0xff, 0xff, 0xff, 0xff, 0xff, 0xff, 0xff, 0xff, 0xff, 0xff, 0xff,
  0xff, 0xff, 0xff, 0xff, 0xff, 0xff, 0xff, 0xff, 0xff, 0xff, 0xff, 0xff,
  0xff, 0xff, 0xff, 0xff, 0xff, 0xff, 0xff, 0xff, 0xff, 0xff, 0xff, 0xff,
  0xff, 0xff, 0xff, 0xff, 0xff, 0xff, 0xff, 0xff, 0xff, 0xff, 0xff, 0xff,
  0xff, 0xff, 0xff, 0xff, 0xff, 0xff, 0xff, 0xff, 0xff, 0xff, 0xff, 0xff,
  0xff, 0xff, 0xff, 0xff, 0xff, 0xff, 0xff, 0xff, 0xff, 0xff, 0xff, 0xff,
  0xff, 0xff, 0xff, 0xff, 0xff, 0xff, 0xff, 0xff, 0xff, 0xff, 0xff, 0xff,
  0xff, 0xff, 0xff, 0xff, 0xff, 0xff, 0xff, 0xff, 0xff, 0xff, 0xff, 0xff,
  0xff, 0xff, 0xff, 0xff, 0xff, 0xff, 0xff, 0xff, 0xff, 0xff, 0xff, 0xff,
  0xff, 0xff, 0xff, 0xff, 0xff, 0xff, 0xff, 0xff, 0xff, 0xff, 0xff, 0xff,
  0xff, 0xff, 0xff, 0xff, 0xff, 0xff, 0xff, 0xff, 0xff, 0xff, 0xff, 0xff,
  0xff, 0xff, 0xff, 0xff, 0xff, 0xff, 0xff, 0xff, 0xff, 0xff, 0xff, 0xff,
  0xff, 0xff, 0xff, 0xff, 0xff, 0xff, 0xff, 0xff, 0xff, 0xff, 0xff, 0xff,
  0xff, 0xff, 0xff, 0xff, 0xff, 0xff, 0xff, 0xff, 0xff, 0xff, 0xff, 0xff,
  0xff, 0xff, 0xff, 0xff, 0xff, 0xff, 0xff, 0xff, 0xff, 0xff, 0xff, 0xff,
  0xff, 0xff, 0xff, 0xff, 0xff, 0xff, 0xff, 0xff, 0xff, 0xff, 0xff, 0xff,
  0xff, 0xff, 0xff, 0xff, 0xff, 0xff, 0xff, 0xff, 0xff, 0xff, 0xff, 0xff,
  0xff, 0xff, 0xff, 0xff, 0xff, 0xff, 0xff, 0xff, 0xff, 0xff, 0xff, 0xff,
  0xff, 0xff, 0xff, 0xff, 0xff, 0xff, 0xff, 0xff, 0xff, 0xff, 0xff, 0xff,
  0xff, 0xff, 0xff, 0xff, 0xff, 0xff, 0xff, 0xff, 0xff, 0xff, 0xff, 0xff,
  0xff, 0xff, 0xff, 0xff, 0xff, 0xff, 0xff, 0xff, 0xff, 0xff, 0xff, 0xff,
  0xff, 0xff, 0xff, 0xff, 0xff, 0xff, 0xff, 0xff, 0xff, 0xff, 0xff, 0xff,
  0xff, 0xff, 0xff, 0xff, 0xff, 0xff, 0xff, 0xff, 0xff, 0xff, 0xff, 0xff,
  0xff, 0xff, 0xff, 0xff, 0xff, 0xff, 0xff, 0xff, 0xff, 0xff, 0xff, 0xff,
  0xff, 0xff, 0xff, 0xff, 0xff, 0xff, 0xff, 0xff, 0xff, 0xff, 0xff, 0xff,
  0xff, 0xff, 0xff, 0xff, 0xff, 0xff, 0xff, 0xff, 0xff, 0xff, 0xff, 0xff,
  0xff, 0xff, 0xff, 0xff, 0xff, 0xff, 0xff, 0xff, 0xff, 0xff, 0xff, 0xff,
  0xff, 0xff, 0xff, 0xff, 0xff, 0xff, 0xff, 0xff, 0xff, 0xff, 0xff, 0xff,
  0xff, 0xff, 0xff, 0xff, 0xff, 0xff, 0xff, 0xff, 0xff, 0xff, 0xff, 0xff,
  0xff, 0xff, 0xff, 0xff, 0xff, 0xff, 0xff, 0xff, 0xff, 0xff, 0xff, 0xff,
  0xff, 0xff, 0xff, 0xff, 0xff, 0xff, 0xff, 0xff, 0xff, 0xff, 0xff, 0xff,
  0xff, 0xff, 0xff, 0xff, 0xff, 0xff, 0xff, 0xff, 0xff, 0xff, 0xff, 0xff,
  0xff, 0xff, 0xff, 0xff, 0xff, 0xff, 0xff, 0xff, 0xff, 0xff, 0xff, 0xff,
  0xff, 0xff, 0xff, 0xff, 0xff, 0xff, 0xff, 0xff, 0xff, 0xff, 0xff, 0xff,
  0xff, 0xff, 0xff, 0xff, 0xff, 0xff, 0xff, 0xff, 0xff, 0xff, 0xff, 0xff,
  0xff, 0xff, 0xff, 0xff, 0xff, 0xff, 0xff, 0xff, 0xff, 0xff, 0xff, 0xff,
  0xff, 0xff, 0xff, 0xff, 0xff, 0xff, 0xff, 0xff, 0xff, 0xff, 0xff, 0xff,
  0xff, 0xff, 0xff, 0xff, 0xff, 0xff, 0xff, 0xff, 0xff, 0xff, 0xff, 0xff,
  0xff, 0xff, 0xff, 0xff, 0xff, 0xff, 0xff, 0xff, 0xff, 0xff, 0xff, 0xff,
  0xff, 0xff, 0xff, 0xff, 0xff, 0xff, 0xff, 0xff, 0xff, 0xff, 0xff, 0xff,
  0xff, 0xff, 0xff, 0xff, 0xff, 0xff, 0xff, 0xff, 0xff, 0xff, 0xff, 0xff,
  0xff, 0xff, 0xff, 0xff, 0xff, 0xff, 0xff, 0xff, 0xff, 0xff, 0xff, 0xff,
  0xff, 0xff, 0xff, 0xff, 0xff, 0xff, 0xff, 0xff, 0xff, 0xff, 0xff, 0xff,
  0xff, 0xff, 0xff, 0xff, 0xff, 0xff, 0xff, 0xff, 0xff, 0xff, 0xff, 0xff,
  0xff, 0xff, 0xff, 0xff, 0xff, 0xff, 0xff, 0xff, 0xff, 0xff, 0xff, 0xff,
  0xff, 0xff, 0xff, 0xff, 0xff, 0xff, 0xff, 0xff, 0xff, 0xff, 0xff, 0xff,
  0xff, 0xff, 0xff, 0xff, 0xff, 0xff, 0xff, 0xff, 0xff, 0xff, 0xff, 0xff,
  0xff, 0xff, 0xff, 0xff, 0xff, 0xff, 0xff, 0xff, 0xff, 0xff, 0xff, 0xff,
  0xff, 0xff, 0xff, 0xff, 0xff, 0xff, 0xff, 0xff, 0xff, 0xff, 0xff, 0xff,
  0xff, 0xff, 0xff, 0xff, 0xff, 0xff, 0xff, 0xff, 0xff, 0xff, 0xff, 0xff,
  0xff, 0xff, 0xff, 0xff, 0xff, 0xff, 0xff, 0xff, 0xff, 0xff, 0xff, 0xff,
  0xff, 0xff, 0xff, 0xff, 0xff, 0xff, 0xff, 0xff, 0xff, 0xff, 0xff, 0xff,
  0xff, 0xff, 0xff, 0xff, 0xff, 0xff, 0xff, 0xff, 0xff, 0xff, 0xff, 0xff,
  0xff, 0xff, 0xff, 0xff, 0xff, 0xff, 0xff, 0xff, 0xff, 0xff, 0xff, 0xff,
  0xff, 0xff, 0xff, 0xff, 0xff, 0xff, 0xff, 0xff, 0xff, 0xff, 0xff, 0xff,
  0xff, 0xff, 0xff, 0xff, 0xff, 0xff, 0xff, 0xff, 0xff, 0xff, 0xff, 0xff,
  0xff, 0xff, 0xff, 0xff, 0xff, 0xff, 0xff, 0xff, 0xff, 0xff, 0xff, 0xff,
  0xff, 0xff, 0xff, 0xff, 0xff, 0xff, 0xff, 0xff, 0xff, 0xff, 0xff, 0xff,
  0xff, 0xff, 0xff, 0xff, 0xff, 0xff, 0xff, 0xff, 0xff, 0xff, 0xff, 0xff,
  0xd3, 0xef, 0x9d, 0xee, 0x9c, 0x40, 0x03, 0x02, 0x8e, 0x58, 0xc3, 0xed,
  0x9f, 0xff, 0xec, 0x9e, 0xfe, 0x22, 0x90, 0xd3, 0x2d, 0x12, 0x8a, 0x7b,
  0x12, 0x8a, 0xf5, 0x9b, 0xea, 0x11, 0x3c, 0x40, 0x05, 0xae, 0x02, 0xaf,
  0x03, 0x22, 0x90, 0xd3, 0x2f, 0x12, 0x83, 0x8c, 0xed, 0x9f, 0xee, 0x11,
  0x3c, 0x50, 0x01, 0x22, 0x12, 0xf7, 0x9b, 0xff, 0x22, 0x9f, 0xe5, 0xf0,
  0x64, 0x80, 0xf8, 0xec, 0x64, 0x80, 0x98, 0x22, 0x90, 0xd2, 0xc6, 0xed,
  0xf0, 0x12, 0x90, 0x55, 0x90, 0xd2, 0xc8, 0x12, 0x1a, 0xf5, 0x00, 0x00,
  0x00, 0x00, 0xe4, 0x90, 0xd2, 0xcc, 0xf0, 0xa3, 0xf0, 0xa3, 0xf0, 0x12,
  0x15, 0x64, 0x30, 0xe2, 0x03, 0x7f, 0x0a, 0x22, 0x90, 0xd2, 0xc3, 0x12,
  0xf7, 0x27, 0xff, 0x90, 0xd2, 0xc7, 0xf0, 0x90, 0xd2, 0xc6, 0xe0, 0xfe,
  0xd3, 0x9f, 0x50, 0x03, 0xee, 0x70, 0x03, 0x7f, 0xff, 0x22, 0x90, 0xd2,
  0xc7, 0xe0, 0xff, 0xb4, 0x01, 0x0a, 0x90, 0x71, 0x00, 0xe0, 0x90, 0xd2,
  0xce, 0xf0, 0x80, 0x42, 0xef, 0x64, 0x02, 0x70, 0x20, 0x90, 0xd2, 0xcf,
  0xf0, 0x12, 0xf7, 0x84, 0x50, 0x34, 0x12, 0xf7, 0x77, 0xfd, 0xc3, 0x74,
  0x01, 0x12, 0xf7, 0x1d, 0x7b, 0x01, 0x74, 0xcc, 0x2d, 0xf9, 0x74, 0xd2,
  0x12, 0xf7, 0x6a, 0x80, 0xe4, 0xe4, 0x90, 0xd2, 0xcf, 0xf0, 0x12, 0xf7,
  0x84, 0x50, 0x13, 0x12, 0xf7, 0x77, 0x12, 0xf7, 0x19, 0x7b, 0x01, 0x74,
  0xc8, 0x2d, 0xf9, 0x74, 0xd2, 0x12, 0xf7, 0x6a, 0x80, 0xe8, 0x90, 0xd2,
  0xc7, 0xe0, 0xfe, 0x64, 0x01, 0x70, 0x53, 0x12, 0xc6, 0xd7, 0x30, 0xe7,
  0x1f, 0x51, 0x0a, 0x12, 0x8b, 0xb2, 0x12, 0xf7, 0xa3, 0xef, 0x12, 0xf8,
  0x05, 0x50, 0x0e, 0x90, 0xd2, 0xc3, 0x51, 0x07, 0x12, 0x15, 0x64, 0xc3,
  0x12, 0xf8, 0x05, 0x50, 0x22, 0x7f, 0x0b, 0x22, 0x90, 0xd2, 0xc3, 0x51,
  0x07, 0x12, 0x8b, 0xb2, 0x12, 0xf7, 0xa3, 0x9f, 0x50, 0x0e, 0x90, 0xd2,
  0xc3, 0x51, 0x07, 0x12, 0x15, 0x64, 0xff, 0xed, 0xc3, 0x9f, 0x50, 0x03,
  0x7f, 0x0b, 0x22, 0x90, 0xd2, 0xce, 0xe0, 0xff, 0x90, 0xd2, 0xc3, 0x51,
  0x07, 0x12, 0xf7, 0xfe, 0x21, 0xec, 0xee, 0x64, 0x02, 0x70, 0x5d, 0x12,
  0xc6, 0xd7, 0x30, 0xe7, 0x22, 0x51, 0x0a, 0x12, 0x8a, 0x9e, 0xff, 0x90,
  0xd2, 0xcc, 0x12, 0x8a, 0xf8, 0x11, 0x39, 0x50, 0x0f, 0x90, 0xd2, 0xc3,
  0x51, 0x07, 0x12, 0x16, 0xc9, 0xff, 0xc3, 0xed, 0x11, 0x39, 0x50, 0x28,
  0x7f, 0x0b, 0x22, 0x90, 0xd2, 0xc3, 0x51, 0x07, 0x12, 0x8a, 0x9e, 0xff,
  0x90, 0xd2, 0xcc, 0x12, 0x8a, 0xf8, 0x9f, 0xec, 0x95, 0xf0, 0x50, 0x0d,
  0x90, 0xd2, 0xc3, 0x51, 0x07, 0x12, 0x16, 0xc9, 0x12, 0x8f, 0x01, 0x50,
  0x03, 0x7f, 0x0b, 0x22, 0x12, 0x90, 0xb2, 0x90, 0xd2, 0xc3, 0x51, 0x07,
  0x90, 0x00, 0x08, 0x12, 0x8a, 0xef, 0x80, 0x58, 0x12, 0xc6, 0xd7, 0x30,
  0xe7, 0x20, 0x51, 0x0a, 0x12, 0x83, 0x6d, 0x90, 0xd2, 0xc8, 0x12, 0x8d,
  0xa0, 0x50, 0x10, 0x90, 0xd2, 0xc3, 0x51, 0x07, 0x12, 0x19, 0xbe, 0x90,
  0xd2, 0xc8, 0x12, 0x8c, 0xbb, 0x50, 0x2a, 0x7f, 0x0b, 0x22, 0x90, 0xd2,
  0xc3, 0x51, 0x07, 0x12, 0x83, 0x6d, 0x90, 0xd2, 0xc8, 0x12, 0x1a, 0x68,
  0xd3, 0x12, 0x19, 0x73, 0x50, 0x10, 0x90, 0xd2, 0xc3, 0x51, 0x07, 0x12,
  0x19, 0xbe, 0x90, 0xd2, 0xc8, 0x12, 0x8a, 0xda, 0x50, 0x03, 0x7f, 0x0b,
  0x22, 0x90, 0xd2, 0xc8, 0x12, 0x8f, 0x9f, 0x51, 0x07, 0x12, 0x90, 0x37,
  0x12, 0xed, 0x71, 0x7f, 0x00, 0x22, 0x90, 0xd2, 0xc9, 0x12, 0x1b, 0x43,
  0x90, 0x00, 0x04, 0x12, 0x1b, 0xdb, 0x90, 0xd2, 0xce, 0x12, 0x1b, 0x63,
  0x90, 0xd2, 0xc9, 0x12, 0x1b, 0x43, 0x90, 0x00, 0x04, 0x02, 0x1b, 0xdb,
  0xd3, 0xef, 0x9d, 0xee, 0x9c, 0x40, 0x05, 0xae, 0x04, 0xaf, 0x05, 0x22,
  0x22, 0x90, 0xd2, 0xbb, 0xe0, 0x90, 0xd2, 0xcd, 0xf0, 0x12, 0xc7, 0xcd,
  0x75, 0x0a, 0x00, 0x75, 0x0b, 0x00, 0x75, 0x0c, 0x00, 0x12, 0xce, 0x00,
  0x12, 0xcd, 0xeb, 0x90, 0xd2, 0xd1, 0x12, 0x1b, 0x63, 0x90, 0xd2, 0xd4,
  0x12, 0x1b, 0x63, 0x12, 0x8f, 0xe8, 0x12, 0xce, 0x1d, 0x12, 0xf7, 0x24,
  0xff, 0x12, 0xc6, 0xdd, 0xfe, 0xef, 0x64, 0x01, 0x70, 0x1f, 0x31, 0xf2,
  0x12, 0xd4, 0xd9, 0x90, 0xd2, 0xd1, 0x51, 0x01, 0x12, 0x8d, 0xb6, 0x90,
  0xd2, 0xd4, 0x51, 0x01, 0xe9, 0x24, 0x03, 0x12, 0x8d, 0xd9, 0x51, 0x01,
  0xe9, 0x24, 0x05, 0x80, 0x4a, 0xef, 0x64, 0x02, 0x70, 0x1f, 0x31, 0xf2,
  0x12, 0x8d, 0xb6, 0x90, 0xd2, 0xd1, 0x51, 0x01, 0xe9, 0x24, 0x04, 0x12,
  0xf7, 0xf6, 0x51, 0x01, 0xe9, 0x24, 0x06, 0x12, 0x8d, 0xd9, 0x51, 0x01,
  0xe9, 0x24, 0x0a, 0x80, 0x26, 0xef, 0x64, 0x04, 0x70, 0x28, 0x31, 0xf2,
  0xe9, 0x24, 0x04, 0xf9, 0xe4, 0x3a, 0xfa, 0x90, 0xd2, 0xd1, 0x51, 0x01,
  0xe9, 0x24, 0x08, 0x12, 0xf7, 0xf6, 0x51, 0x01, 0xe9, 0x24, 0x0c, 0x12,
  0x8d, 0xd9, 0x51, 0x01, 0xe9, 0x24, 0x14, 0xf9, 0xe4, 0x3a, 0xfa, 0x12,
  0xce, 0x1d, 0x90, 0xd2, 0xd7, 0x12, 0xf7, 0xec, 0xed, 0x12, 0x1c, 0x64,
  0xb3, 0x13, 0x81, 0xb3, 0x2d, 0x82, 0xb3, 0x39, 0x83, 0xb3, 0x45, 0x84,
  0xb2, 0xf6, 0x85, 0xb2, 0xe9, 0x86, 0xb3, 0x51, 0x87, 0x00, 0x00, 0xb3,
  0x60, 0x90, 0xd2, 0xc9, 0x12, 0xcc, 0x03, 0x90, 0x72, 0x00, 0xf0, 0x7f,
  0x00, 0x22, 0xee, 0x30, 0xe6, 0x16, 0x12, 0xf7, 0x24, 0x90, 0x72, 0x00,
  0xf0, 0x90, 0xd2, 0xcd, 0xe0, 0xb4, 0x02, 0x05, 0x90, 0x72, 0x01, 0xe4,
  0xf0, 0x7f, 0x00, 0x22, 0x7f, 0xff, 0x22, 0xee, 0x30, 0xe0, 0x13, 0x90,
  0xd2, 0xc9, 0x12, 0x1b, 0x43, 0x12, 0x8b, 0xb2, 0x70, 0x05, 0x90, 0xd2,
  0xda, 0x80, 0x31, 0x7f, 0xff, 0x22, 0x7f, 0xff, 0x22, 0xee, 0x30, 0xe2,
  0x05, 0x90, 0xd2, 0xce, 0x80, 0x22, 0x7f, 0xff, 0x22, 0xee, 0x30, 0xe3,
  0x05, 0x90, 0xd2, 0xd1, 0x80, 0x16, 0x7f, 0xff, 0x22, 0xee, 0x30, 0xe4,
  0x05, 0x90, 0xd2, 0xd4, 0x80, 0x0a, 0x7f, 0xff, 0x22, 0xee, 0x30, 0xe5,
  0x08, 0x90, 0xd2, 0xd7, 0x12, 0xf7, 0xec, 0x80, 0x06, 0x7f, 0xff, 0x22,
  0x7f, 0xff, 0x22, 0x90, 0xd2, 0xcd, 0xe0, 0xc3, 0x9f, 0x40, 0x45, 0xef,
  0xb4, 0x01, 0x0c, 0x12, 0xf7, 0xe5, 0x12, 0x15, 0x64, 0x90, 0x72, 0x00,
  0xf0, 0x80, 0x38, 0xef, 0xb4, 0x02, 0x0b, 0x12, 0xf7, 0xe5, 0x12, 0x8b,
  0xb2, 0x12, 0x8e, 0xe1, 0x80, 0x29, 0xef, 0x64, 0x04, 0x70, 0x24, 0x12,
  0xf7, 0xe5, 0x12, 0xf7, 0x2a, 0x90, 0x72, 0x00, 0xf0, 0x12, 0xc6, 0xdd,
  0x90, 0x72, 0x01, 0xf0, 0x12, 0x8b, 0xb2, 0x90, 0x72, 0x02, 0xf0, 0x12,
  0x15, 0x64, 0x90, 0x72, 0x03, 0xf0, 0x80, 0x03, 0x7f, 0xff, 0x22, 0x7f,
  0x00, 0x22, 0x12, 0xd6, 0xd7, 0xe4, 0xa3, 0xf0, 0xed, 0x12, 0x1c, 0x64,
  0xb5, 0x84, 0x01, 0xb3, 0xe8, 0x02, 0xb4, 0x2c, 0x03, 0xb5, 0xc8, 0x04,
  0xb6, 0x0c, 0x05, 0xb4, 0x70, 0x06, 0xb4, 0xb6, 0x07, 0xb4, 0xfa, 0x08,
  0xb5, 0x3e, 0x09, 0xb6, 0x57, 0x0a, 0xb8, 0x06, 0x0b, 0xb6, 0xee, 0x0c,
  0x00, 0x00, 0xb8, 0x46, 0x90, 0xcf, 0x2f, 0xe0, 0x30, 0xe0, 0x3a, 0x12,
  0xb8, 0x4f, 0x60, 0x10, 0x24, 0x80, 0x24, 0xf9, 0x50, 0x02, 0x80, 0x2a,
  0x7b, 0x01, 0x7a, 0xce, 0x79, 0x88, 0xe1, 0x22, 0x7b, 0x01, 0x7a, 0xce,
  0x79, 0x88, 0x12, 0xb8, 0x9b, 0x60, 0x03, 0x02, 0xb8, 0x49, 0x90, 0xce,
  0x8c, 0x12, 0x8a, 0x92, 0xff, 0x12, 0x01, 0x43, 0xe4, 0x90, 0xce, 0x89,
  0xf0, 0x90, 0xce, 0x8c, 0xc1, 0xdf, 0x7f, 0x0d, 0x22, 0x7f, 0x0d, 0x22,
  0x90, 0xcf, 0x2f, 0xe0, 0x30, 0xe1, 0x3a, 0x12, 0xb8, 0x4f, 0x60, 0x10,
  0x24, 0x80, 0x24, 0xf9, 0x50, 0x02, 0x80, 0x2a, 0x7b, 0x01, 0x7a, 0xcf,
  0x79, 0xa1, 0xe1, 0x22, 0x7b, 0x01, 0x7a, 0xcf, 0x79, 0xa1, 0x12, 0xb8,
  0x9b, 0x60, 0x03, 0x02, 0xb8, 0x49, 0x90, 0xcf, 0xa5, 0x12, 0x8a, 0x92,
  0xff, 0x12, 0x01, 0x48, 0xe4, 0x90, 0xcf, 0xa2, 0xf0, 0x90, 0xcf, 0xa5,
  0xc1, 0xdf, 0x7f, 0x0d, 0x22, 0x7f, 0x0d, 0x22, 0x90, 0xcf, 0x2f, 0xe0,
  0x30, 0xe2, 0x3c, 0x12, 0xb8, 0x4f, 0x60, 0x10, 0x24, 0x80, 0x24, 0xf9,
  0x50, 0x02, 0x80, 0x2c, 0x7b, 0x01, 0x7a, 0xce, 0x79, 0x8f, 0xe1, 0x22,
  0x7b, 0x01, 0x7a, 0xce, 0x79, 0x8f, 0x12, 0xb8, 0x9b, 0x60, 0x03, 0x02,
  0xb8, 0x49, 0x90, 0xce, 0x93, 0x12, 0x8a, 0x92, 0xff, 0xae, 0xf0, 0x12,
  0x01, 0x52, 0xe4, 0x90, 0xce, 0x90, 0xf0, 0x90, 0xce, 0x93, 0xc1, 0xdf,
  0x7f, 0x0d, 0x22, 0x7f, 0x0d, 0x22, 0x90, 0xcf, 0x2f, 0xe0, 0x30, 0xe3,
  0x3a, 0x12, 0xb8, 0x4f, 0x60, 0x10, 0x24, 0x80, 0x24, 0xf9, 0x50, 0x02,
  0x80, 0x2a, 0x7b, 0x01, 0x7a, 0xce, 0x79, 0xeb, 0xe1, 0x22, 0x7b, 0x01,
  0x7a, 0xce, 0x79, 0xeb, 0x12, 0xb8, 0x9b, 0x60, 0x03, 0x02, 0xb8, 0x49,
  0x90, 0xce, 0xef, 0x12, 0x8a, 0x92, 0xff, 0x12, 0x01, 0x4d, 0xe4, 0x90,
  0xce, 0xec, 0xf0, 0x90, 0xce, 0xef, 0xc1, 0xdf, 0x7f, 0x0d, 0x22, 0x7f,
  0x0d, 0x22, 0x90, 0xcf, 0x2f, 0xe0, 0x30, 0xe4, 0x3a, 0x12, 0xb8, 0x4f,
  0x60, 0x10, 0x24, 0x80, 0x24, 0xf9, 0x50, 0x02, 0x80, 0x2a, 0x7b, 0x01,
  0x7a, 0xcf, 0x79, 0x1b, 0xe1, 0x22, 0x7b, 0x01, 0x7a, 0xcf, 0x79, 0x1b,
  0x12, 0xb8, 0x9b, 0x60, 0x03, 0x02, 0xb8, 0x49, 0x90, 0xcf, 0x1f, 0x12,
  0x8a, 0x92, 0xff, 0x12, 0x01, 0x57, 0xe4, 0x90, 0xcf, 0x1c, 0xf0, 0x90,
  0xcf, 0x1f, 0xc1, 0xdf, 0x7f, 0x0d, 0x22, 0x7f, 0x0d, 0x22, 0x90, 0xcf,
  0x2f, 0xe0, 0x30, 0xe5, 0x3c, 0x12, 0xb8, 0x4f, 0x60, 0x10, 0x24, 0x80,
  0x24, 0xf9, 0x50, 0x02, 0x80, 0x2c, 0x7b, 0x01, 0x7a, 0xd0, 0x79, 0x4e,
  0xe1, 0x22, 0x7b, 0x01, 0x7a, 0xd0, 0x79, 0x4e, 0x12, 0xb8, 0x9b, 0x60,
  0x03, 0x02, 0xb8, 0x49, 0x90, 0xd0, 0x52, 0x12, 0x8a, 0x92, 0xff, 0xae,
  0xf0, 0x12, 0x01, 0x5c, 0xe4, 0x90, 0xd0, 0x4f, 0xf0, 0x90, 0xd0, 0x52,
  0xc1, 0xdf, 0x7f, 0x0d, 0x22, 0x7f, 0x0d, 0x22, 0x90, 0xcf, 0x2e, 0xe0,
  0x30, 0xe0, 0x3a, 0x12, 0xb8, 0x4f, 0x60, 0x10, 0x24, 0x80, 0x24, 0xf9,
  0x50, 0x02, 0x80, 0x2a, 0x7b, 0x01, 0x7a, 0xce, 0x79, 0x16, 0xe1, 0x22,
  0x7b, 0x01, 0x7a, 0xce, 0x79, 0x16, 0x12, 0xb8, 0x9b, 0x60, 0x03, 0x02,
  0xb8, 0x49, 0x90, 0xce, 0x1a, 0x12, 0x8a, 0x92, 0xff, 0x12, 0x01, 0x61,
  0xe4, 0x90, 0xce, 0x17, 0xf0, 0x90, 0xce, 0x1a, 0xc1, 0xdf, 0x7f, 0x0d,
  0x22, 0x7f, 0x0d, 0x22, 0x90, 0xcf, 0x2e, 0xe0, 0x30, 0xe1, 0x3a, 0x12,
  0xb8, 0x4f, 0x60, 0x10, 0x24, 0x80, 0x24, 0xf9, 0x50, 0x02, 0x80, 0x2a,
  0x7b, 0x01, 0x7a, 0xce, 0x79, 0x0f, 0xe1, 0x22, 0x7b, 0x01, 0x7a, 0xce,
  0x79, 0x0f, 0x12, 0xb8, 0x9b, 0x60, 0x03, 0x02, 0xb8, 0x49, 0x90, 0xce,
  0x13, 0x12, 0x8a, 0x92, 0xff, 0x12, 0x01, 0x66, 0xe4, 0x90, 0xce, 0x10,
  0xf0, 0x90, 0xce, 0x13, 0xc1, 0xdf, 0x7f, 0x0d, 0x22, 0x7f, 0x0d, 0x22,
  0x90, 0xcf, 0x2e, 0xe0, 0x30, 0xe2, 0x41, 0x12, 0xb8, 0x4f, 0x60, 0x10,
  0x24, 0x80, 0x24, 0xf9, 0x50, 0x02, 0x80, 0x31, 0x7b, 0x01, 0x7a, 0xcf,
  0x79, 0xb6, 0xe1, 0x22, 0x7b, 0x01, 0x7a, 0xcf, 0x79, 0xb6, 0x12, 0xb8,
  0x9b, 0x60, 0x03, 0x02, 0xb8, 0x49, 0x90, 0xcf, 0xba, 0x12, 0xd8, 0x6c,
  0xff, 0x12, 0x01, 0x6b, 0xe4, 0x90, 0xcf, 0xb7, 0xf0, 0x90, 0xcf, 0xba,
  0x12, 0xd8, 0x6c, 0x12, 0x8d, 0x31, 0x02, 0xb8, 0x49, 0x7f, 0x0d, 0x22,
  0x7f, 0x0d, 0x22, 0x90, 0xcf, 0x2f, 0xe0, 0x20, 0xe6, 0x02, 0xc1, 0xeb,
  0x12, 0xb8, 0x4f, 0x60, 0x45, 0x24, 0x7f, 0x24, 0xfa, 0x50, 0x33, 0x24,
  0x07, 0x70, 0x79, 0x90, 0xcf, 0x44, 0xe0, 0x60, 0x0d, 0x90, 0xcf, 0xb4,
  0x12, 0x8e, 0xf5, 0xf0, 0x90, 0xc7, 0x7c, 0x12, 0xf7, 0x5d, 0x12, 0xf7,
  0xb6, 0x90, 0xd2, 0xb9, 0x51, 0x20, 0x90, 0xd2, 0xba, 0x12, 0x90, 0x4e,
  0x70, 0x03, 0x02, 0xb8, 0x49, 0x90, 0xd2, 0xc1, 0x12, 0xf7, 0x5d, 0x02,
  0xb8, 0x49, 0x12, 0xf7, 0xb6, 0x90, 0xd2, 0xb8, 0xe0, 0xfd, 0xa3, 0x02,
  0xb8, 0x22, 0x90, 0xcf, 0x48, 0xe0, 0x30, 0xe2, 0x02, 0xe1, 0xf9, 0x12,
  0xf7, 0xb6, 0x12, 0xb8, 0x9b, 0x60, 0x03, 0x02, 0xb8, 0x49, 0x90, 0xcf,
  0x4c, 0x12, 0x8a, 0x92, 0xff, 0xae, 0xf0, 0xe4, 0x90, 0xd2, 0xc9, 0xf0,
  0xa3, 0xf0, 0xd2, 0x00, 0xfb, 0xfa, 0xfd, 0xfc, 0x12, 0x01, 0x70, 0xe4,
  0x90, 0xcf, 0x49, 0xf0, 0x90, 0xcf, 0x4c, 0x12, 0x8a, 0x92, 0x12, 0x8a,
  0xe1, 0x02, 0xb8, 0x49, 0x7f, 0x0d, 0x22, 0x7f, 0x0d, 0x22, 0x90, 0xcf,
  0x2f, 0xe0, 0x20, 0xe7, 0x03, 0x02, 0xb8, 0x03, 0x90, 0xd2, 0xb8, 0xe0,
  0xfd, 0x12, 0x1c, 0x64, 0xb7, 0xa6, 0x01, 0xb7, 0x28, 0x81, 0xb7, 0x77,
  0x82, 0xb7, 0x6c, 0x83, 0xb7, 0x94, 0x84, 0xb7, 0x1c, 0x85, 0xb7, 0x1c,
  0x86, 0xb7, 0x83, 0x87, 0x00, 0x00, 0xb8, 0x00, 0x7b, 0x01, 0x7a, 0xd0,
  0x79, 0x62, 0x90, 0xd2, 0xb9, 0x02, 0xb8, 0x22, 0x90, 0xd0, 0x62, 0xe0,
  0x30, 0xe2, 0x1c, 0x7b, 0x01, 0x7a, 0xd2, 0x79, 0xbd, 0x90, 0xd2, 0xc6,
  0x12, 0x1b, 0x63, 0x7a, 0xd2, 0x79, 0xbf, 0x12, 0xc7, 0xcd, 0x7a, 0xd2,
  0x79, 0xbb, 0x12, 0x00, 0xd5, 0x80, 0x1c, 0x90, 0xd0, 0xa4, 0x12, 0x8c,
  0xd8, 0xf0, 0x90, 0xd0, 0xa6, 0xe0, 0xff, 0xa3, 0xe0, 0x90, 0xd2, 0xbd,
  0xcf, 0xf0, 0xa3, 0xef, 0xf0, 0x90, 0xd0, 0xa8, 0x12, 0x8e, 0x88, 0x90,
  0xd2, 0xbb, 0x80, 0x03, 0x90, 0xd0, 0x98, 0x12, 0x8a, 0xa4, 0x12, 0xf7,
  0x44, 0x80, 0x29, 0x12, 0xf7, 0x44, 0xe4, 0xfb, 0xfa, 0xfd, 0xfc, 0xff,
  0xfe, 0x80, 0x1d, 0x12, 0xf7, 0x44, 0x7b, 0x00, 0x7a, 0x01, 0x7d, 0x00,
  0x7c, 0x01, 0x7f, 0x00, 0x7e, 0x01, 0x80, 0x0c, 0x12, 0xf7, 0x44, 0x7b,
  0x01, 0x12, 0x8f, 0x0b, 0x7f, 0x01, 0x7e, 0x00, 0x12, 0xec, 0x9a, 0x02,
  0xb8, 0x25, 0x90, 0xd0, 0x62, 0xe0, 0x20, 0xe2, 0x4c, 0x7b, 0x01, 0x7a,
  0xd0, 0x79, 0x62, 0x90, 0xd2, 0xb9, 0xe0, 0xfd, 0x12, 0xec, 0xe2, 0x90,
  0xd2, 0xba, 0xef, 0xf0, 0x60, 0x03, 0x02, 0xb8, 0x49, 0x90, 0xd0, 0x9e,
  0x12, 0x8a, 0xaa, 0xa3, 0xe0, 0xff, 0xa3, 0xe0, 0x90, 0xd2, 0xc9, 0xcf,
  0xf0, 0xa3, 0xef, 0xf0, 0xc2, 0x00, 0xe4, 0xff, 0xfe, 0x12, 0x01, 0x70,
  0xe4, 0x90, 0xd0, 0x63, 0xf0, 0x78, 0xa4, 0x7c, 0xd0, 0x7d, 0x01, 0x7b,
  0x01, 0x7a, 0xd0, 0x79, 0x9e, 0xfe, 0x7f, 0x06, 0x12, 0x15, 0x3e, 0x80,
  0x50, 0xe4, 0x90, 0xd2, 0xba, 0xf0, 0x80, 0x49, 0x7f, 0x0d, 0x22, 0x7f,
  0x0d, 0x22, 0x90, 0xcf, 0x2e, 0xe0, 0x30, 0xe4, 0x36, 0x11, 0x4f, 0x60,
  0x1b, 0x24, 0x80, 0x24, 0xf9, 0x50, 0x02, 0x80, 0x27, 0x7b, 0x01, 0x7a,
  0xcf, 0x79, 0x0a, 0x90, 0xd2, 0xb9, 0x12, 0xb2, 0x20, 0x90, 0xd2, 0xba,
  0xef, 0xf0, 0x80, 0x1d, 0x90, 0x71, 0x00, 0xe0, 0xf5, 0x09, 0x90, 0xd4,
  0x4c, 0xe0, 0x60, 0x03, 0x7f, 0x0c, 0x22, 0xaf, 0x09, 0x02, 0xc7, 0xd3,
  0x7f, 0x0d, 0x22, 0x7f, 0x0d, 0x22, 0x7f, 0x0d, 0x22, 0x90, 0xd2, 0xba,
  0xe0, 0xff, 0x22, 0x90, 0xd2, 0xb8, 0xe0, 0xfd, 0x14, 0x22, 0x90, 0xd3,
  0x2f, 0x12, 0x1a, 0xe9, 0x90, 0xd3, 0x37, 0x11, 0xd5, 0x12, 0x12, 0xbe,
  0x60, 0x07, 0x40, 0x05, 0x90, 0xd3, 0x37, 0x80, 0x12, 0x90, 0xd3, 0x33,
  0x11, 0xd5, 0x12, 0x12, 0xbe, 0x50, 0x05, 0x90, 0xd3, 0x33, 0x80, 0x03,
  0x90, 0xd3, 0x2f, 0x02, 0x1a, 0x4c, 0x90, 0xd3, 0x27, 0xee, 0xf0, 0xa3,
  0xef, 0xf0, 0x90, 0xd3, 0x27, 0x12, 0xc5, 0x7b, 0xf0, 0x90, 0xd3, 0x28,
  0xe0, 0x8d, 0x82, 0x8c, 0x83, 0xf0, 0x22, 0x90, 0xd2, 0xb9, 0xe0, 0xfd,
  0x12, 0xb0, 0x44, 0x90, 0xd2, 0xba, 0xef, 0xf0, 0x22, 0x90, 0xd3, 0x5a,
  0x12, 0x8a, 0x7b, 0x90, 0xd3, 0x5a, 0x12, 0x8a, 0xf8, 0x9b, 0xec, 0x9a,
  0x40, 0x05, 0xae, 0x02, 0xaf, 0x03, 0x22, 0x90, 0xd3, 0x5c, 0x12, 0x83,
  0x8c, 0xed, 0x9f, 0xec, 0x9e, 0x50, 0x01, 0x22, 0x90, 0xd3, 0x5a, 0xe0,
  0xfe, 0xa3, 0xe0, 0xff, 0x22, 0x12, 0x1a, 0x4c, 0x90, 0xd3, 0x2f, 0x02,
  0x1a, 0x68, 0x12, 0xd1, 0x35, 0xd3, 0x12, 0x19, 0x73, 0x40, 0x05, 0x90,
  0xd3, 0x36, 0x80, 0x16, 0x90, 0xd3, 0x32, 0x12, 0x1a, 0x4c, 0x90, 0xd3,
  0x2e, 0x12, 0x8a, 0xda, 0x50, 0x05, 0x90, 0xd3, 0x32, 0x80, 0x03, 0x90,
  0xd3, 0x2e, 0x02, 0x1a, 0x4c, 0x12, 0xd6, 0xd7, 0xe4, 0x90, 0xd2, 0xbc,
  0xf0, 0xed, 0x24, 0xfe, 0x60, 0x76, 0x14, 0x70, 0x02, 0x41, 0x2c, 0x24,
  0xf8, 0x70, 0x02, 0x61, 0xa5, 0x24, 0xfe, 0x70, 0x02, 0x41, 0x6b, 0x24,
  0xfe, 0x70, 0x02, 0x61, 0xe2, 0x24, 0x0b, 0x60, 0x02, 0x81, 0x2a, 0x90,
  0xcf, 0x5f, 0xe0, 0x30, 0xe3, 0x4f, 0x11, 0x4f, 0x60, 0x1c, 0x24, 0x80,
  0x60, 0x0e, 0x24, 0xf9, 0x50, 0x02, 0x80, 0x3e, 0x7b, 0x01, 0x7a, 0xcf,
  0x79, 0x9a, 0x80, 0x57, 0x90, 0xd2, 0xb9, 0xe0, 0xff, 0x12, 0xef, 0x4c,
  0x61, 0xfb, 0x7b, 0x01, 0x7a, 0xcf, 0x79, 0x9a, 0x90, 0xd2, 0xb9, 0x12,
  0xd7, 0x76, 0x60, 0x02, 0x81, 0x2d, 0x12, 0xd6, 0xe9, 0x12, 0x01, 0x34,
  0xe4, 0x90, 0xcf, 0x9b, 0xf0, 0x12, 0xd6, 0xe9, 0x90, 0x00, 0x14, 0x12,
  0x1a, 0x28, 0x90, 0xc3, 0x46, 0x74, 0x01, 0xf0, 0x81, 0x2d, 0x7f, 0x0d,
  0x22, 0x7f, 0x0d, 0x22, 0x90, 0xcf, 0x5f, 0xe0, 0x20, 0xe1, 0x02, 0x41,
  0x29, 0x11, 0x4f, 0x60, 0x16, 0x24, 0x80, 0x24, 0xf9, 0x50, 0x02, 0x41,
  0x26, 0x7b, 0x01, 0x7a, 0xce, 0x79, 0x68, 0x90, 0xd2, 0xb9, 0x12, 0xb2,
  0x20, 0x61, 0xfb, 0x90, 0x71, 0x00, 0xe0, 0x90, 0xd2, 0xba, 0xf0, 0xe0,
  0xff, 0x64, 0x08, 0x60, 0x05, 0xef, 0x64, 0x01, 0x70, 0x65, 0x12, 0xda,
  0xbf, 0xff, 0x90, 0xd2, 0xbb, 0xf0, 0x90, 0xd2, 0xba, 0xe0, 0xfe, 0x90,
  0x00, 0x04, 0x12, 0x15, 0xde, 0x90, 0x00, 0x05, 0xee, 0x12, 0x15, 0xde,
  0xe4, 0x90, 0xce, 0x69, 0xf0, 0xef, 0x6e, 0x70, 0x02, 0x81, 0x2d, 0xee,
  0x90, 0xcf, 0x9a, 0xb4, 0x08, 0x0d, 0xe0, 0x44, 0x0c, 0xf0, 0x90, 0xd0,
  0x5b, 0xe0, 0x44, 0x0c, 0xf0, 0x80, 0x18, 0xe0, 0x54, 0xf3, 0xf0, 0x90,
  0xd0, 0x5b, 0xe0, 0x54, 0xf3, 0xf0, 0xe4, 0x90, 0xc2, 0xfe, 0xf0, 0x90,
  0xc3, 0x46, 0xf0, 0x90, 0xc3, 0x2e, 0xf0, 0xe4, 0x90, 0xcf, 0x9b, 0xf0,
  0x7f, 0x01, 0x12, 0xdc, 0xd4, 0x90, 0xd2, 0xba, 0xe0, 0xff, 0x12, 0x01,
  0x39, 0x81, 0x2d, 0x7f, 0x0b, 0x22, 0x7f, 0x0d, 0x22, 0x7f, 0x0d, 0x22,
  0x90, 0xcf, 0x5f, 0xe0, 0x30, 0xe2, 0x35, 0x11, 0x4f, 0x60, 0x10, 0x24,
  0x80, 0x24, 0xf9, 0x50, 0x02, 0x80, 0x26, 0x12, 0xf7, 0xdb, 0x12, 0xb2,
  0x20, 0x61, 0xfb, 0x12, 0xf7, 0xdb, 0x12, 0xd7, 0x76, 0x60, 0x02, 0x81,
  0x2d, 0x12, 0xd8, 0x69, 0xff, 0x12, 0x01, 0x3e, 0xe4, 0x90, 0xcf, 0x38,
  0xf0, 0x12, 0xd8, 0x69, 0x12, 0x8d, 0x31, 0x81, 0x2d, 0x7f, 0x0d, 0x22,
  0x7f, 0x0d, 0x22, 0x90, 0xcf, 0x5e, 0xe0, 0x20, 0xe3, 0x02, 0x61, 0xa2,
  0x90, 0xd2, 0xb8, 0xe0, 0xfd, 0x12, 0x1c, 0x64, 0xbb, 0x54, 0x01, 0xba,
  0xa0, 0x81, 0xba, 0xe5, 0x82, 0xba, 0xc4, 0x83, 0xbb, 0x2d, 0x84, 0xba,
  0x98, 0x85, 0xba, 0x98, 0x86, 0xbb, 0x09, 0x87, 0x00, 0x00, 0xbb, 0x9f,
  0x12, 0xf7, 0xd1, 0x12, 0xb2, 0x20, 0x61, 0xfb, 0x90, 0xce, 0xce, 0x12,
  0xc2, 0x81, 0xc0, 0x04, 0xc0, 0x05, 0xc0, 0x06, 0xc0, 0x07, 0x90, 0xce,
  0xc1, 0x12, 0xc2, 0x81, 0x12, 0xc8, 0xd5, 0xd0, 0x07, 0xd0, 0x06, 0xd0,
  0x05, 0xd0, 0x04, 0x12, 0xc9, 0xcb, 0x61, 0xfb, 0x12, 0xc2, 0x7e, 0xc0,
  0x04, 0xc0, 0x05, 0xc0, 0x06, 0xc0, 0x07, 0x90, 0xce, 0xb9, 0x12, 0xc2,
  0x81, 0x12, 0xc8, 0xd5, 0xd0, 0x07, 0xd0, 0x06, 0xd0, 0x05, 0xd0, 0x04,
  0x12, 0xc9, 0xcb, 0x61, 0xfb, 0x90, 0xce, 0xc4, 0x12, 0xc2, 0x81, 0xc0,
  0x04, 0xc0, 0x05, 0xc0, 0x06, 0xc0, 0x07, 0x90, 0xce, 0xb7, 0x12, 0xc2,
  0x81, 0x12, 0xc8, 0xd5, 0xd0, 0x07, 0xd0, 0x06, 0xd0, 0x05, 0xd0, 0x04,
  0x12, 0xc9, 0xcb, 0x61, 0xfb, 0x90, 0xce, 0xca, 0x12, 0xc2, 0x81, 0xc0,
  0x04, 0xc0, 0x05, 0xc0, 0x06, 0xc0, 0x07, 0x90, 0xce, 0xbd, 0x12, 0xc2,
  0x81, 0x12, 0xc8, 0xd5, 0xd0, 0x07, 0xd0, 0x06, 0xd0, 0x05, 0xd0, 0x04,
  0x12, 0xc9, 0xcb, 0x61, 0xfb, 0x90, 0xce, 0xc8, 0x12, 0xc3, 0x77, 0xc0,
  0x04, 0xc0, 0x05, 0xc0, 0x06, 0xc0, 0x07, 0x90, 0xce, 0xbb, 0xe0, 0xfe,
  0xa3, 0xe0, 0xff, 0xe4, 0x12, 0xc8, 0xd5, 0xd0, 0x07, 0xd0, 0x06, 0xd0,
  0x05, 0xd0, 0x04, 0x12, 0xc9, 0xcb, 0x61, 0xfb, 0x12, 0xf7, 0xd1, 0xe0,
  0xfd, 0x12, 0xc6, 0xe3, 0x90, 0xd2, 0xbb, 0xef, 0xf0, 0x70, 0x02, 0x81,
  0x2d, 0x90, 0xce, 0xcc, 0xa3, 0xe0, 0xff, 0x90, 0xce, 0xbf, 0xa3, 0xe0,
  0xfd, 0x12, 0x01, 0x7a, 0xe4, 0x90, 0xcf, 0x31, 0xf0, 0x90, 0xce, 0xcc,
  0xe0, 0xff, 0xa3, 0xe0, 0xa3, 0xcf, 0xf0, 0xa3, 0xef, 0xf0, 0x90, 0xce,
  0xbf, 0xe0, 0xff, 0xa3, 0xe0, 0xa3, 0x12, 0x8c, 0x47, 0x64, 0x01, 0x70,
  0x02, 0x81, 0x2d, 0x90, 0xd2, 0xbc, 0x74, 0x0b, 0xf0, 0x81, 0x2d, 0x7f,
  0x0d, 0x22, 0x7f, 0x0d, 0x22, 0x90, 0xcf, 0x5e, 0xe0, 0x30, 0xe1, 0x33,
  0x11, 0x4f, 0x60, 0x10, 0x24, 0x80, 0x24, 0xf9, 0x50, 0x02, 0x80, 0x24,
  0x12, 0xf7, 0xc7, 0x12, 0xb2, 0x20, 0x80, 0x3b, 0x12, 0xf7, 0xc7, 0x12,
  0xd7, 0x76, 0x70, 0x65, 0x90, 0xce, 0x9c, 0x12, 0x8a, 0x92, 0xff, 0x12,
  0x01, 0x7f, 0xe4, 0x90, 0xce, 0x99, 0xf0, 0x90, 0xce, 0x9c, 0x80, 0x40,
  0x7f, 0x0d, 0x22, 0x7f, 0x0d, 0x22, 0x90, 0xcf, 0x5e, 0xe0, 0x30, 0xe5,
  0x3e, 0x11, 0x4f, 0x60, 0x15, 0x24, 0x80, 0x24, 0xf9, 0x50, 0x02, 0x80,
  0x2f, 0x12, 0xf7, 0xbd, 0x12, 0xb2, 0x20, 0x90, 0xd2, 0xbc, 0xef, 0xf0,
  0x80, 0x2b, 0x12, 0xf7, 0xbd, 0x12, 0xd7, 0x76, 0x70, 0x23, 0x90, 0xce,
  0x7e, 0x12, 0x8a, 0x92, 0xff, 0x12, 0x01, 0x84, 0xe4, 0x90, 0xce, 0x7b,
  0xf0, 0x90, 0xce, 0x7e, 0x12, 0x8a, 0x92, 0x12, 0x8a, 0xe1, 0x80, 0x09,
  0x7f, 0x0d, 0x22, 0x7f, 0x0d, 0x22, 0x7f, 0x0d, 0x22, 0x90, 0xd2, 0xbc,
  0xe0, 0xff, 0x22, 0x90, 0xd2, 0xb9, 0xed, 0xf0, 0x12, 0x8f, 0x72, 0xfd,
  0x12, 0x8e, 0x15, 0xfb, 0xa3, 0xe0, 0x90, 0xd2, 0xc1, 0xcb, 0xf0, 0xa3,
  0xeb, 0xf0, 0x90, 0xd2, 0xbb, 0xe0, 0xfb, 0xa3, 0xe0, 0x90, 0xd2, 0xc3,
  0xcb, 0xf0, 0xa3, 0xeb, 0xf0, 0x90, 0xd2, 0xb9, 0xe0, 0xfe, 0xc4, 0x54,
  0x0f, 0x90, 0xd2, 0xc5, 0xf0, 0xee, 0x54, 0x0f, 0xa3, 0xf0, 0x12, 0xeb,
  0xcd, 0x90, 0xd2, 0xc0, 0xef, 0xf0, 0x60, 0x03, 0xe0, 0xff, 0x22, 0x12,
  0x01, 0xe3, 0x40, 0x0b, 0x7f, 0x01, 0x12, 0x01, 0xe8, 0x90, 0xd2, 0xbf,
  0x74, 0x01, 0xf0, 0x90, 0xd2, 0xb8, 0xe0, 0x12, 0x1c, 0x64, 0xbd, 0x01,
  0x01, 0xbd, 0x1a, 0x02, 0xbd, 0x50, 0x03, 0xbd, 0x87, 0x04, 0xbe, 0x0d,
  0x05, 0xbd, 0x87, 0x06, 0xbe, 0x0d, 0x07, 0xbe, 0xa8, 0x08, 0xbe, 0xc1,
  0x09, 0xbf, 0x18, 0x0a, 0xbd, 0x87, 0x0b, 0xbe, 0x0d, 0x0c, 0xbf, 0x56,
  0x0e, 0xc0, 0x5c, 0x0f, 0xc0, 0x6e, 0x10, 0xc0, 0x75, 0x11, 0xc0, 0x9e,
  0x12, 0xc1, 0x26, 0x13, 0xc1, 0x3a, 0x14, 0xbd, 0x10, 0x81, 0xbd, 0x3f,
  0x82, 0xbd, 0x6e, 0x83, 0xbd, 0xc9, 0x84, 0xbe, 0x58, 0x85, 0xbd, 0xc9,
  0x86, 0xbe, 0x58, 0x87, 0xbe, 0xb2, 0x88, 0xbe, 0xff, 0x89, 0xbf, 0x34,
  0x8a, 0xbd, 0xc9, 0x8b, 0xbe, 0x58, 0x8c, 0xbf, 0x4a, 0x8d, 0xc0, 0x1f,
  0x8e, 0xc0, 0xe0, 0x92, 0xc1, 0x30, 0x93, 0xc1, 0x44, 0x94, 0xc1, 0x4e,
  0x95, 0x00, 0x00, 0xc1, 0xa3, 0x12, 0xf7, 0x91, 0xfd, 0x12, 0xe3, 0x44,
  0x90, 0xd2, 0xc0, 0xef, 0xf0, 0x02, 0xc1, 0xa9, 0x90, 0xd2, 0xb9, 0xe0,
  0xff, 0x12, 0xe4, 0xca, 0xc1, 0xfc, 0x90, 0x71, 0x00, 0xe0, 0x90, 0x89,
  0xa7, 0xf0, 0x90, 0x71, 0x01, 0xe0, 0x90, 0x89, 0xa8, 0xf0, 0x90, 0x71,
  0x00, 0xe0, 0x90, 0x8c, 0x2b, 0xf0, 0x90, 0x71, 0x01, 0xe0, 0x90, 0x8c,
  0x2c, 0xf0, 0x12, 0xe5, 0x8c, 0xc1, 0xfc, 0x90, 0x8c, 0x2b, 0xe0, 0x90,
  0x72, 0x00, 0xf0, 0x90, 0x8c, 0x2c, 0xe0, 0x90, 0x72, 0x01, 0xc1, 0xbd,
  0x12, 0xf7, 0xab, 0x60, 0x03, 0x02, 0xc1, 0xa3, 0x90, 0xd2, 0xc6, 0xe0,
  0xff, 0x7b, 0x01, 0x7a, 0x71, 0x79, 0x00, 0x12, 0xf7, 0x30, 0xed, 0xf0,
  0x12, 0xe5, 0x63, 0x02, 0xc0, 0x67, 0x12, 0xf7, 0xab, 0x60, 0x03, 0x02,
  0xc1, 0xa3, 0x90, 0xd2, 0xc6, 0x12, 0x8b, 0x97, 0x12, 0xf7, 0x30, 0xed,
  0xf0, 0x12, 0xe9, 0x1a, 0x02, 0xc0, 0x67, 0x12, 0xc2, 0xb6, 0x12, 0xd6,
  0x22, 0xb4, 0x04, 0x0d, 0x12, 0xc2, 0xc3, 0x90, 0xd2, 0xc5, 0xe0, 0xfd,
  0x12, 0x01, 0xac, 0x80, 0x0d, 0x90, 0xd2, 0xb8, 0xe0, 0xb4, 0x0b, 0x06,
  0x12, 0x8a, 0x45, 0x12, 0x01, 0xb1, 0x90, 0xd2, 0xde, 0xe0, 0xff, 0x30,
  0xe4, 0x0e, 0x90, 0xd2, 0xb8, 0xe0, 0x64, 0x06, 0x60, 0x06, 0x12, 0xc2,
  0xc3, 0x12, 0xd5, 0x21, 0x12, 0xc2, 0xc3, 0x12, 0xd6, 0xbf, 0x02, 0xc0,
  0x67, 0x12, 0xc2, 0xb6, 0x12, 0xd6, 0xe0, 0x60, 0x03, 0x02, 0xc1, 0xa9,
  0x90, 0xd2, 0xde, 0xe0, 0xff, 0x30, 0xe4, 0x0e, 0x90, 0xd2, 0xb8, 0xe0,
  0x64, 0x86, 0x60, 0x06, 0x12, 0xc2, 0xc3, 0x12, 0xd6, 0x1a, 0x90, 0xd2,
  0xb8, 0xe0, 0xb4, 0x84, 0x0d, 0x12, 0xc2, 0xc3, 0x90, 0xd2, 0xc5, 0xe0,
  0xfd, 0x12, 0x01, 0xb6, 0xc1, 0x9f, 0x90, 0xd2, 0xb8, 0xe0, 0xb4, 0x8b,
  0x06, 0x12, 0x8a, 0x45, 0x12, 0x01, 0xbb, 0xc1, 0x9f, 0x90, 0xd2, 0xc6,
  0xe0, 0xa3, 0xf0, 0x90, 0x89, 0xa7, 0x12, 0xc2, 0xbe, 0x12, 0xd6, 0x22,
  0xb4, 0x05, 0x0d, 0x12, 0xc2, 0xc3, 0x90, 0xd2, 0xc5, 0xe0, 0xfd, 0x12,
  0x01, 0xac, 0x80, 0x0d, 0x90, 0xd2, 0xb8, 0xe0, 0xb4, 0x0c, 0x06, 0x12,
  0x8a, 0x45, 0x12, 0x01, 0xb1, 0x90, 0xd2, 0xde, 0xe0, 0xff, 0x30, 0xe4,
  0x0e, 0x90, 0xd2, 0xb8, 0xe0, 0x64, 0x06, 0x60, 0x06, 0x12, 0xc2, 0xc3,
  0x12, 0xd5, 0x21, 0x12, 0xc2, 0xc3, 0x12, 0xd6, 0xbf, 0x02, 0xc0, 0x67,
  0x90, 0xd2, 0xc6, 0xe0, 0xa3, 0x12, 0xc2, 0xc2, 0x12, 0xd6, 0xe0, 0x60,
  0x03, 0x02, 0xc1, 0xa9, 0x90, 0xd2, 0xde, 0xe0, 0xff, 0x30, 0xe4, 0x0e,
  0x90, 0xd2, 0xb8, 0xe0, 0x64, 0x86, 0x60, 0x06, 0x12, 0xc2, 0xc3, 0x12,
  0xd6, 0x1a, 0x90, 0xd2, 0xb8, 0xe0, 0xb4, 0x85, 0x0d, 0x12, 0xc2, 0xc3,
  0x90, 0xd2, 0xc5, 0xe0, 0xfd, 0x12, 0x01, 0xb6, 0x80, 0x0d, 0x90, 0xd2,
  0xb8, 0xe0, 0xb4, 0x8c, 0x06, 0x12, 0x8a, 0x45, 0x12, 0x01, 0xb1, 0x12,
  0xc2, 0xc3, 0x12, 0x01, 0x98, 0x02, 0xc1, 0xa9, 0x12, 0xf7, 0x91, 0xfd,
  0x12, 0xe9, 0xe6, 0x02, 0xc0, 0x1d, 0x90, 0xd2, 0xb9, 0xe0, 0x12, 0xe9,
  0xdc, 0xe0, 0x90, 0x72, 0x00, 0xf0, 0x02, 0xc0, 0x1d, 0x7f, 0x00, 0x7e,
  0x71, 0x12, 0xc2, 0x28, 0xef, 0x4e, 0x70, 0x03, 0x02, 0xc1, 0xa3, 0x90,
  0xd2, 0xc6, 0xe0, 0x7f, 0x00, 0x7e, 0x71, 0x60, 0x18, 0x12, 0xc2, 0x28,
  0xac, 0x06, 0xad, 0x07, 0x90, 0xd2, 0xc6, 0xe0, 0x12, 0xe3, 0xb5, 0x12,
  0xd5, 0xf8, 0xec, 0xf0, 0xa3, 0xed, 0xf0, 0x80, 0x0b, 0x12, 0xc2, 0x28,
  0x90, 0x8c, 0x20, 0xee, 0xf0, 0xa3, 0xef, 0xf0, 0x02, 0xc0, 0x1d, 0x90,
  0xd2, 0xc6, 0xe0, 0x60, 0x08, 0x12, 0xe3, 0xb5, 0x12, 0xd5, 0xf8, 0x80,
  0x03, 0x90, 0x8c, 0x20, 0x12, 0x8c, 0x51, 0x11, 0x82, 0x02, 0xc0, 0x1d,
  0x90, 0xd2, 0xc6, 0xe0, 0xff, 0x90, 0x71, 0x00, 0x60, 0x0a, 0xe0, 0xfd,
  0xef, 0x12, 0xd5, 0xf2, 0xed, 0xf0, 0x80, 0x05, 0xe0, 0x90, 0x8c, 0x02,
  0xf0, 0x02, 0xc0, 0x1d, 0x90, 0xd2, 0xc6, 0xe0, 0x60, 0x05, 0x12, 0xd5,
  0xf2, 0x80, 0x03, 0x90, 0x8c, 0x02, 0xe0, 0x90, 0x72, 0x00, 0xf0, 0x02,
  0xc0, 0x1d, 0x90, 0xd2, 0xb9, 0x12, 0x8c, 0x54, 0x12, 0xeb, 0x5c, 0x02,
  0xc0, 0x9c, 0x12, 0xc8, 0x54, 0x90, 0x8c, 0x64, 0x12, 0x1a, 0xe9, 0x90,
  0x8c, 0x64, 0x12, 0xc5, 0xeb, 0x90, 0xd4, 0xce, 0x60, 0x06, 0xe0, 0x44,
  0x01, 0xf0, 0x80, 0x04, 0xe0, 0x54, 0xfe, 0xf0, 0x7f, 0x04, 0x7e, 0x71,
  0x12, 0xc8, 0x58, 0x90, 0x8c, 0x6c, 0x12, 0x1a, 0xe9, 0x90, 0x8c, 0x6c,
  0x12, 0xc5, 0xeb, 0x90, 0xd4, 0xce, 0x60, 0x06, 0xe0, 0x44, 0x02, 0xf0,
  0x80, 0x04, 0xe0, 0x54, 0xfd, 0xf0, 0x7f, 0x08, 0x7e, 0x71, 0x12, 0xc8,
  0x58, 0x90, 0x8c, 0x70, 0x12, 0x1a, 0xe9, 0x90, 0x8c, 0x70, 0x12, 0xc5,
  0xeb, 0x90, 0xd4, 0xce, 0x60, 0x06, 0xe0, 0x44, 0x04, 0xf0, 0x80, 0x04,
  0xe0, 0x54, 0xfb, 0xf0, 0x7f, 0x0c, 0x7e, 0x71, 0x12, 0xc8, 0x58, 0x90,
  0x8c, 0x68, 0x12, 0x1a, 0xe9, 0x90, 0x8c, 0x68, 0x12, 0xc5, 0xeb, 0x90,
  0xd4, 0xce, 0x60, 0x06, 0xe0, 0x44, 0x08, 0xf0, 0x80, 0x04, 0xe0, 0x54,
  0xf7, 0xf0, 0x7f, 0x10, 0x7e, 0x71, 0x12, 0xc8, 0x58, 0x90, 0x8c, 0x74,
  0x12, 0x1a, 0xe9, 0x90, 0x8c, 0x74, 0x12, 0xc5, 0xeb, 0x90, 0xd4, 0xce,
  0x60, 0x06, 0xe0, 0x44, 0x10, 0xf0, 0x80, 0x04, 0xe0, 0x54, 0xef, 0xf0,
  0x7f, 0x14, 0x7e, 0x71, 0x12, 0xc8, 0x58, 0x90, 0x8c, 0x78, 0x12, 0x1a,
  0xe9, 0x90, 0x8c, 0x78, 0xb1, 0xeb, 0x90, 0xd4, 0xce, 0x60, 0x06, 0xe0,
  0x44, 0x20, 0xf0, 0x80, 0x04, 0xe0, 0x54, 0xdf, 0xf0, 0x80, 0x7d, 0x90,
  0x8c, 0x64, 0x51, 0x73, 0xe4, 0xf0, 0x51, 0x8d, 0x90, 0x8c, 0x6c, 0x51,
  0x73, 0x74, 0x04, 0xf0, 0x51, 0x8d, 0x90, 0x8c, 0x70, 0x51, 0x73, 0x74,
  0x08, 0xf0, 0x51, 0x8d, 0x90, 0x8c, 0x68, 0x51, 0x73, 0x74, 0x0c, 0xf0,
  0x51, 0x8d, 0x90, 0x8c, 0x74, 0x51, 0x73, 0x74, 0x10, 0xf0, 0x51, 0x8d,
  0x90, 0x8c, 0x78, 0x51, 0x73, 0x74, 0x14, 0xf0, 0x51, 0x8d, 0x21, 0x94,
  0x90, 0x8c, 0x25, 0xe0, 0x60, 0x02, 0x21, 0xa3, 0x12, 0xe1, 0x65, 0x90,
  0xd2, 0xc0, 0xef, 0xf0, 0x21, 0xa9, 0x7f, 0x01, 0x12, 0xde, 0xa5, 0x21,
  0x94, 0x90, 0x71, 0x00, 0xe0, 0x30, 0xe0, 0x11, 0x90, 0x8c, 0x40, 0xe0,
  0x30, 0xe0, 0x02, 0x21, 0x9b, 0xb1, 0xa4, 0x90, 0x8c, 0x25, 0xf0, 0x80,
  0x0f, 0x12, 0xe0, 0xef, 0xef, 0x60, 0x02, 0x21, 0x9b, 0xb1, 0xa4, 0x90,
  0x8c, 0x25, 0xe4, 0xf0, 0x21, 0x94, 0x90, 0x71, 0x00, 0xe0, 0x90, 0x8c,
  0x49, 0xf0, 0x7f, 0x01, 0x7e, 0x71, 0x51, 0x28, 0x90, 0x8c, 0x41, 0xee,
  0xf0, 0xa3, 0xef, 0xf0, 0x7f, 0x03, 0x7e, 0x71, 0x51, 0x28, 0x90, 0x8c,
  0x43, 0xee, 0xf0, 0xa3, 0xef, 0xf0, 0x7f, 0x05, 0x7e, 0x71, 0x51, 0x28,
  0x90, 0x8c, 0x45, 0xee, 0xf0, 0xa3, 0xef, 0xf0, 0x7f, 0x07, 0x7e, 0x71,
  0x51, 0x28, 0x90, 0x8c, 0x47, 0xee, 0xf0, 0xa3, 0xef, 0xf0, 0x21, 0x94,
  0x90, 0x8c, 0x49, 0xe0, 0x90, 0x72, 0x00, 0xf0, 0x90, 0x8c, 0x41, 0xe0,
  0xfe, 0xa3, 0xe0, 0xff, 0x7d, 0x01, 0x7c, 0x72, 0x12, 0xb8, 0x82, 0x90,
  0x8c, 0x43, 0xe0, 0xfe, 0xa3, 0xe0, 0xff, 0x7d, 0x03, 0x7c, 0x72, 0x12,
  0xb8, 0x82, 0x90, 0x8c, 0x45, 0xe0, 0xfe, 0xa3, 0xe0, 0xff, 0x7d, 0x05,
  0x7c, 0x72, 0x12, 0xb8, 0x82, 0x90, 0x8c, 0x47, 0xe0, 0xfe, 0xa3, 0xe0,
  0xff, 0x7d, 0x07, 0x7c, 0x72, 0x12, 0xb8, 0x82, 0x80, 0x6e, 0x90, 0x71,
  0x00, 0xe0, 0x90, 0x8c, 0x4a, 0xf0, 0x80, 0x64, 0x90, 0x8c, 0x4a, 0xe0,
  0x90, 0x72, 0x00, 0xf0, 0x80, 0x5a, 0x90, 0x71, 0x00, 0xe0, 0x90, 0x8c,
  0x4b, 0xf0, 0x80, 0x50, 0x90, 0x8c, 0x4b, 0xe0, 0x90, 0x72, 0x00, 0xf0,
  0x80, 0x46, 0x90, 0x8c, 0x26, 0xe0, 0x30, 0xe2, 0x46, 0x90, 0x8c, 0x4c,
  0xe0, 0x90, 0x72, 0x00, 0xf0, 0xe4, 0xff, 0xb1, 0xf3, 0x50, 0x0f, 0xef,
  0xfd, 0x7c, 0x00, 0xc3, 0x74, 0x55, 0xd1, 0x08, 0x24, 0x01, 0xb1, 0xfc,
  0x80, 0xed, 0xe4, 0xff, 0xb1, 0xf3, 0x50, 0x0f, 0xef, 0xfd, 0x7c, 0x00,
  0xc3, 0x74, 0x5b, 0xd1, 0x08, 0x24, 0x07, 0xb1, 0xfc, 0x80, 0xed, 0x90,
  0x8c, 0x26, 0x74, 0x04, 0xf0, 0x90, 0x8c, 0x25, 0xe0, 0x44, 0x04, 0xf0,
  0xe4, 0x90, 0xd2, 0xc0, 0xf0, 0x80, 0x0e, 0x90, 0xd2, 0xc0, 0x74, 0x0c,
  0xf0, 0x80, 0x06, 0x90, 0xd2, 0xc0, 0x74, 0x0d, 0xf0, 0x90, 0xd2, 0xbf,
  0xe0, 0x60, 0x05, 0xe4, 0xff, 0x12, 0x01, 0xe8, 0x90, 0xd2, 0xc0, 0xe0,
  0xff, 0x22, 0x90, 0xd3, 0x2b, 0xec, 0xf0, 0xa3, 0xed, 0xf0, 0x90, 0xd3,
  0x29, 0xee, 0xf0, 0xa3, 0xef, 0xf0, 0x90, 0xd3, 0x2d, 0xea, 0xf0, 0xa3,
  0xeb, 0xf0, 0xb5, 0x07, 0x07, 0xee, 0xb5, 0x02, 0x03, 0x02, 0x8d, 0xe1,
  0x12, 0xf7, 0x9b, 0xfb, 0x12, 0x90, 0xa9, 0x90, 0xd3, 0x31, 0x51, 0xda,
  0x90, 0xd3, 0x2b, 0x51, 0x81, 0x12, 0x18, 0x18, 0xc0, 0x04, 0xc0, 0x05,
  0xc0, 0x06, 0xc0, 0x07, 0x90, 0xd3, 0x31, 0x51, 0xca, 0x90, 0xd3, 0x2f,
  0x51, 0x81, 0x12, 0x18, 0x18, 0xd0, 0x03, 0xd0, 0x02, 0xd0, 0x01, 0xd0,
  0x00, 0x12, 0x17, 0xfd, 0xc0, 0x04, 0xc0, 0x05, 0xc0, 0x06, 0xc0, 0x07,
  0x90, 0xd3, 0x2d, 0x51, 0xca, 0xd0, 0x07, 0xd0, 0x06, 0xd0, 0x05, 0xd0,
  0x04, 0x02, 0x0c, 0xfd, 0x8f, 0x82, 0x8e, 0x83, 0xa3, 0xe0, 0x90, 0xd3,
  0x27, 0x12, 0xc8, 0xce, 0x90, 0xd3, 0x28, 0xf0, 0x90, 0xd3, 0x27, 0xe0,
  0xfe, 0xa3, 0xe0, 0xff, 0x22, 0x7f, 0x4c, 0x7e, 0x70, 0x90, 0xd3, 0x51,
  0xee, 0xf0, 0xa3, 0xef, 0xf0, 0x90, 0xd3, 0x55, 0xe0, 0x04, 0xf5, 0x12,
  0x90, 0xd3, 0x51, 0xe0, 0x70, 0x02, 0xa3, 0xe0, 0x60, 0x0f, 0xeb, 0x60,
  0x06, 0xb1, 0xb4, 0x60, 0x08, 0xd3, 0x22, 0xb1, 0xb4, 0x70, 0x02, 0xd3,
  0x22, 0xe5, 0x12, 0x70, 0xe3, 0xc3, 0x22, 0x12, 0x1a, 0x4c, 0x90, 0xd3,
  0x07, 0x74, 0x72, 0xf0, 0xa3, 0x22, 0x90, 0xce, 0xc6, 0xe0, 0xfe, 0xa3,
  0xe0, 0xff, 0xee, 0x33, 0x95, 0xe0, 0xfd, 0xfc, 0x22, 0x90, 0xd3, 0x03,
  0x12, 0x1a, 0xe9, 0x90, 0xd3, 0x03, 0xe0, 0xff, 0x90, 0xd3, 0x07, 0x12,
  0x8c, 0x22, 0xa3, 0xa3, 0xa3, 0xef, 0xf0, 0x90, 0xd3, 0x04, 0xb1, 0x7b,
  0xa3, 0xf0, 0x90, 0xd3, 0x05, 0xb1, 0x7b, 0xf0, 0x90, 0xd3, 0x06, 0x02,
  0xb8, 0x94, 0xe4, 0x90, 0xd2, 0xc7, 0xf0, 0x90, 0x8c, 0x2b, 0xe0, 0x90,
  0xd2, 0xde, 0xf0, 0x7b, 0x01, 0x7a, 0xd2, 0x79, 0xc7, 0x22, 0xe0, 0xfe,
  0xa3, 0xe0, 0xfb, 0xaa, 0x06, 0xea, 0x33, 0x95, 0xe0, 0xf9, 0xf8, 0x90,
  0xd3, 0x29, 0xe0, 0xfe, 0xa3, 0xe0, 0xff, 0xee, 0x33, 0x95, 0xe0, 0xfd,
  0xfc, 0x12, 0x18, 0x0a, 0xa8, 0x04, 0xa9, 0x05, 0xaa, 0x06, 0xab, 0x07,
  0x22, 0x90, 0xd3, 0x41, 0xec, 0xf0, 0xa3, 0xed, 0xf0, 0x90, 0xd3, 0x3f,
  0xee, 0xf0, 0xa3, 0xef, 0xf0, 0x90, 0xd3, 0x43, 0xea, 0xf0, 0xa3, 0xeb,
  0xf0, 0xb5, 0x07, 0x0d, 0xee, 0xb5, 0x02, 0x09, 0x90, 0xd3, 0x41, 0xe0,
  0xfe, 0xa3, 0xe0, 0xff, 0x22, 0x90, 0xd3, 0x43, 0x12, 0x8a, 0x87, 0x90,
  0xd3, 0x47, 0x71, 0x77, 0x51, 0xe5, 0x90, 0xd3, 0x41, 0x71, 0x77, 0x12,
  0x18, 0x18, 0xc0, 0x04, 0xc0, 0x05, 0xc0, 0x06, 0xc0, 0x07, 0x90, 0xd3,
  0x47, 0x71, 0x6a, 0x51, 0xe5, 0x90, 0xd3, 0x45, 0x71, 0x77, 0x12, 0x18,
  0x18, 0xd0, 0x03, 0xd0, 0x02, 0xd0, 0x01, 0xd0, 0x00, 0x12, 0x17, 0xfd,
  0xc0, 0x04, 0xc0, 0x05, 0xc0, 0x06, 0xc0, 0x07, 0x90, 0xd3, 0x43, 0x71,
  0x6a, 0x51, 0xe5, 0xd0, 0x07, 0xd0, 0x06, 0xd0, 0x05, 0xd0, 0x04, 0x02,
  0x0c, 0xfd, 0xe0, 0xfe, 0xa3, 0xe0, 0xfb, 0xaa, 0x06, 0xe4, 0xf9, 0xf8,
  0x90, 0xd3, 0x3f, 0xe0, 0xfe, 0xa3, 0xe0, 0xff, 0xe4, 0xfc, 0xfd, 0x22,
  0x12, 0xc9, 0xc5, 0x12, 0x8d, 0x0f, 0x78, 0x10, 0x12, 0x19, 0x84, 0x12,
  0x8d, 0xea, 0x12, 0x8d, 0x0f, 0x12, 0x8d, 0x28, 0x90, 0xce, 0x34, 0x91,
  0x7c, 0x51, 0xe8, 0x90, 0xd2, 0xc1, 0x71, 0x77, 0xd3, 0x12, 0x19, 0x73,
  0x50, 0x23, 0x90, 0xce, 0x38, 0x91, 0x7c, 0x51, 0xe8, 0x90, 0xd2, 0xc1,
  0x71, 0x77, 0xc3, 0x12, 0x19, 0x73, 0x40, 0x11, 0x90, 0xce, 0x3c, 0x91,
  0x7c, 0x51, 0xe8, 0x90, 0xd2, 0xc1, 0x71, 0x77, 0x12, 0xf7, 0x4d, 0x60,
  0x03, 0x7f, 0x0b, 0x22, 0x90, 0xce, 0x34, 0xb1, 0xeb, 0x7e, 0x00, 0x60,
  0x04, 0x7f, 0x01, 0x80, 0x02, 0x7f, 0x00, 0xc3, 0x90, 0xd2, 0xc4, 0xe0,
  0x9f, 0x90, 0xd2, 0xc3, 0xe0, 0x9e, 0x40, 0x22, 0x90, 0xce, 0x38, 0xb1,
  0xab, 0xf9, 0xf8, 0x90, 0xd2, 0xc3, 0x71, 0x77, 0xc3, 0x12, 0x19, 0x73,
  0x40, 0x10, 0x90, 0xce, 0x3c, 0xb1, 0xab, 0xf8, 0x90, 0xd2, 0xc3, 0x71,
  0x77, 0x12, 0xf7, 0x4d, 0x60, 0x03, 0x7f, 0x0b, 0x22, 0x12, 0x8d, 0x0f,
  0x90, 0xcd, 0xe9, 0x12, 0x1b, 0x43, 0x12, 0x90, 0x37, 0x90, 0xcd, 0xe6,
  0x74, 0x01, 0xf0, 0x7f, 0x00, 0x22, 0x90, 0xd3, 0x3f, 0x91, 0x84, 0x90,
  0xd3, 0x4b, 0x12, 0x1a, 0x4c, 0x51, 0xe5, 0x90, 0xd3, 0x43, 0x71, 0x77,
  0x12, 0x18, 0x18, 0xc0, 0x04, 0xc0, 0x05, 0xc0, 0x06, 0xc0, 0x07, 0x90,
  0xd3, 0x4b, 0x91, 0x8a, 0x90, 0xd3, 0x3f, 0x12, 0x1a, 0x4c, 0x51, 0xe5,
  0x90, 0xd3, 0x49, 0x71, 0x77, 0x12, 0x18, 0x18, 0xd0, 0x03, 0xd0, 0x02,
  0xd0, 0x01, 0xd0, 0x00, 0x12, 0x17, 0xfd, 0xc0, 0x04, 0xc0, 0x05, 0xc0,
  0x06, 0xc0, 0x07, 0x91, 0x87, 0x90, 0xd3, 0x3f, 0x12, 0x1a, 0x4c, 0x51,
  0xe5, 0xd0, 0x07, 0xd0, 0x06, 0xd0, 0x05, 0xd0, 0x04, 0x02, 0x0c, 0xfd,
  0x12, 0x1a, 0x4c, 0x78, 0x10, 0x02, 0x19, 0x84, 0x12, 0x1a, 0xe9, 0x90,
  0xd3, 0x45, 0x12, 0x1a, 0x4c, 0xab, 0x07, 0xaa, 0x06, 0xa9, 0x05, 0xa8,
  0x04, 0x22, 0x90, 0xd3, 0x40, 0xed, 0xf0, 0x90, 0xd3, 0x3f, 0xef, 0xf0,
  0x90, 0xd3, 0x41, 0xeb, 0xf0, 0xb5, 0x07, 0x11, 0xa3, 0xe0, 0xff, 0x90,
  0xd3, 0x40, 0xe0, 0x2f, 0xff, 0xe4, 0x33, 0xc3, 0x13, 0xef, 0x13, 0xff,
  0x22, 0x90, 0xd3, 0x41, 0xe0, 0xff, 0x90, 0xd3, 0x43, 0xb1, 0x70, 0x33,
  0x95, 0xe0, 0xf9, 0xf8, 0x90, 0xd3, 0x40, 0xb1, 0x64, 0x12, 0x18, 0x18,
  0xc0, 0x04, 0xc0, 0x05, 0xc0, 0x06, 0xc0, 0x07, 0x90, 0xd3, 0x43, 0xb1,
  0x6b, 0x33, 0x95, 0xe0, 0xf9, 0xf8, 0x90, 0xd3, 0x42, 0xb1, 0x64, 0x12,
  0x18, 0x18, 0xd0, 0x03, 0xd0, 0x02, 0xd0, 0x01, 0xd0, 0x00, 0x12, 0x17,
  0xfd, 0xc0, 0x06, 0xc0, 0x07, 0x90, 0xd3, 0x41, 0xb1, 0x6b, 0x33, 0x95,
  0xe0, 0xf9, 0xf8, 0xd0, 0x07, 0xd0, 0x06, 0x02, 0x0c, 0xfd, 0x90, 0xd3,
  0x40, 0x91, 0x84, 0x90, 0xd3, 0x4a, 0x12, 0x1a, 0x4c, 0x51, 0xe5, 0x90,
  0xd3, 0x44, 0xb1, 0x64, 0x12, 0x18, 0x18, 0xc0, 0x04, 0xc0, 0x05, 0xc0,
  0x06, 0xc0, 0x07, 0x90, 0xd3, 0x4a, 0x91, 0x8a, 0x90, 0xd3, 0x40, 0x12,
  0x1a, 0x4c, 0x51, 0xe5, 0x90, 0xd3, 0x49, 0xb1, 0x64, 0x12, 0x18, 0x18,
  0xd0, 0x03, 0xd0, 0x02, 0xd0, 0x01, 0xd0, 0x00, 0x12, 0x17, 0xfd, 0xc0,
  0x04, 0xc0, 0x05, 0xc0, 0x06, 0xc0, 0x07, 0x91, 0x87, 0x90, 0xd3, 0x40,
  0x12, 0x1a, 0x4c, 0x51, 0xe5, 0xd0, 0x07, 0xd0, 0x06, 0xd0, 0x05, 0xd0,
  0x04, 0x02, 0x0c, 0xfd, 0xe0, 0xff, 0xe4, 0xfc, 0xfd, 0xfe, 0x22, 0xe0,
  0xff, 0x90, 0xd3, 0x3f, 0xe0, 0xc3, 0x9f, 0xff, 0xe4, 0x94, 0x00, 0xab,
  0x07, 0xfa, 0x22, 0xe0, 0x8d, 0x82, 0x8c, 0x83, 0xa3, 0x22, 0x90, 0xd2,
  0xf9, 0x12, 0x1a, 0xe9, 0x90, 0xd2, 0xfa, 0xe0, 0xff, 0x90, 0xd2, 0xfd,
  0x12, 0x8c, 0x22, 0xef, 0xf0, 0x90, 0xd2, 0xfb, 0xb1, 0x7b, 0xf0, 0x90,
  0xd2, 0xfc, 0xb1, 0x7b, 0xa3, 0xf0, 0x22, 0xf0, 0x90, 0x8c, 0x26, 0x74,
  0x42, 0xf0, 0x22, 0x12, 0x1a, 0x4c, 0xef, 0xfb, 0xee, 0xfa, 0xe4, 0x22,
  0x90, 0xd3, 0x51, 0xe0, 0xfe, 0xa3, 0xe0, 0xf5, 0x82, 0x8e, 0x83, 0xe0,
  0x5d, 0x22, 0x90, 0xd2, 0x92, 0x12, 0x1a, 0xe9, 0x90, 0xd2, 0x92, 0xe0,
  0xff, 0x90, 0xd2, 0x96, 0x12, 0x8c, 0x22, 0xa3, 0xa3, 0xa3, 0xef, 0xf0,
  0x90, 0xd2, 0x93, 0xb1, 0x7b, 0xa3, 0xf0, 0x90, 0xd2, 0x94, 0xb1, 0x7b,
  0xf0, 0x90, 0xd2, 0x95, 0x02, 0xb8, 0x94, 0x12, 0x1a, 0x4c, 0xec, 0x4d,
  0x4e, 0x4f, 0x22, 0x90, 0x8c, 0x4c, 0xe0, 0xfe, 0xef, 0xc3, 0x9e, 0x22,
  0xfd, 0xec, 0x34, 0x72, 0x8d, 0x82, 0xf5, 0x83, 0xee, 0xf0, 0x0f, 0x22,
  0x9d, 0xfb, 0x74, 0x8c, 0x9c, 0x8b, 0x82, 0xf5, 0x83, 0xe0, 0xfe, 0xed,
  0x22, 0x90, 0xd3, 0x3f, 0x12, 0x1b, 0x63, 0x7e, 0x01, 0x7f, 0x00, 0x7d,
  0x00, 0x7b, 0x01, 0x7a, 0xd3, 0x79, 0x42, 0x12, 0x1d, 0x1e, 0xe4, 0xf5,
  0x0e, 0xf5, 0x0f, 0x90, 0xd3, 0x3f, 0x12, 0x1b, 0x43, 0x85, 0x0f, 0x82,
  0x85, 0x0e, 0x83, 0x12, 0x15, 0x7d, 0x24, 0x42, 0x12, 0xd1, 0x47, 0x04,
  0xf0, 0x05, 0x0f, 0xe5, 0x0f, 0x70, 0x02, 0x05, 0x0e, 0x64, 0x64, 0x45,
  0x0e, 0x70, 0xdc, 0xe4, 0xf5, 0x11, 0xf5, 0x0e, 0xf5, 0x0f, 0xe4, 0xf5,
  0x10, 0xaf, 0x0f, 0x74, 0x42, 0x2f, 0x12, 0xd1, 0x47, 0xfe, 0xe5, 0x10,
  0xc3, 0x9e, 0x50, 0x13, 0x90, 0xd3, 0x3f, 0x12, 0x1b, 0x43, 0xae, 0x11,
  0x05, 0x11, 0x8e, 0x82, 0x12, 0xe1, 0x5e, 0x05, 0x10, 0x80, 0xde, 0x05,
  0x0f, 0xe5, 0x0f, 0x70, 0x02, 0x05, 0x0e, 0xb4, 0x00, 0xd0, 0xe5, 0x0e,
  0xb4, 0x01, 0xcb, 0x22, 0x90, 0xd2, 0xc8, 0x12, 0x1b, 0x63, 0xe4, 0x90,
  0xd2, 0xcf, 0xf0, 0xf5, 0x0e, 0x90, 0xd2, 0xcb, 0x12, 0x1b, 0x43, 0x85,
  0x0e, 0x82, 0x12, 0xca, 0x3f, 0xff, 0x90, 0xd2, 0xc8, 0x12, 0x1b, 0x43,
  0x85, 0x0e, 0x82, 0x12, 0xca, 0x3f, 0x12, 0x8d, 0x16, 0x12, 0x0d, 0x4e,
  0x12, 0xf7, 0xa4, 0x12, 0xe0, 0xd4, 0x50, 0x04, 0xa3, 0xe0, 0x04, 0xf0,
  0x05, 0x0e, 0xe5, 0x0e, 0xc3, 0x94, 0x64, 0x40, 0xcc, 0x90, 0xd2, 0xcf,
  0xe0, 0xff, 0x22, 0x90, 0xd2, 0xc3, 0x12, 0x1b, 0x43, 0x90, 0x00, 0x02,
  0x02, 0x15, 0x7d, 0x90, 0xd2, 0xbd, 0x12, 0x1b, 0x63, 0xc2, 0x00, 0xed,
  0x64, 0x08, 0x60, 0x03, 0x7f, 0x00, 0x22, 0xe4, 0x90, 0xd2, 0xc8, 0xf0,
  0x90, 0xd2, 0xc8, 0xe0, 0xff, 0xe4, 0x2f, 0x12, 0xf7, 0x0f, 0x7b, 0x01,
  0x74, 0xc0, 0x2d, 0xf9, 0x74, 0xd2, 0x12, 0xe0, 0x96, 0xe0, 0xb4, 0x04,
  0xe7, 0x51, 0x7e, 0xf1, 0xc3, 0x90, 0xd2, 0xc0, 0x12, 0x8d, 0xa0, 0x50,
  0x0f, 0x90, 0xce, 0xc4, 0x51, 0x81, 0xf1, 0xc3, 0x90, 0xd2, 0xc0, 0x12,
  0x8c, 0xbb, 0x50, 0x0d, 0x90, 0xce, 0xce, 0xe0, 0xff, 0xa3, 0xe0, 0x90,
  0xce, 0xcc, 0xcf, 0x80, 0x11, 0xe4, 0x7b, 0x10, 0x7a, 0x0e, 0xf9, 0xf8,
  0x12, 0x8e, 0xc7, 0x12, 0x0c, 0xfd, 0x90, 0xce, 0xcc, 0xee, 0xf0, 0xa3,
  0xef, 0xf0, 0xe4, 0x90, 0xd2, 0xc8, 0xf0, 0x90, 0xd2, 0xc8, 0xe0, 0xff,
  0x24, 0x04, 0x12, 0xf7, 0x0f, 0x7b, 0x01, 0x74, 0xc4, 0x2d, 0xf9, 0x74,
  0xd2, 0x12, 0xe0, 0x96, 0xe0, 0xb4, 0x04, 0xe7, 0x90, 0xce, 0xb9, 0x51,
  0x81, 0xf1, 0xc3, 0x90, 0xd2, 0xc4, 0x12, 0x8d, 0xa0, 0x50, 0x0f, 0x90,
  0xce, 0xb7, 0x51, 0x81, 0xf1, 0xc3, 0x90, 0xd2, 0xc4, 0x12, 0x8c, 0xbb,
  0x50, 0x10, 0x90, 0xce, 0xc1, 0xe0, 0xff, 0xa3, 0xe0, 0x90, 0xce, 0xbf,
  0xcf, 0x12, 0x8f, 0x6b, 0x80, 0x18, 0xe4, 0x7b, 0x10, 0x7a, 0x0e, 0xf9,
  0xf8, 0x90, 0xd2, 0xc4, 0x12, 0x1a, 0x4c, 0x12, 0x0c, 0xfd, 0x90, 0xce,
  0xbf, 0xee, 0xf0, 0xa3, 0xef, 0xf0, 0x90, 0xd2, 0xbd, 0x12, 0xed, 0x74,
  0x7f, 0x01, 0x30, 0x00, 0x02, 0x7f, 0x02, 0x22, 0x12, 0x1a, 0x4c, 0xe4,
  0x7b, 0x10, 0x7a, 0x0e, 0xf9, 0xf8, 0x02, 0x18, 0x18, 0x90, 0xd2, 0xc9,
  0x02, 0x1b, 0x63, 0xef, 0x64, 0x01, 0x60, 0x07, 0xef, 0x60, 0x04, 0x64,
  0x02, 0x70, 0x61, 0x90, 0xcf, 0x0e, 0x12, 0xda, 0xc2, 0xfe, 0x12, 0xf7,
  0xfe, 0x90, 0x00, 0x05, 0xef, 0x12, 0x15, 0xde, 0xe4, 0x90, 0xcf, 0x0b,
  0xf0, 0xee, 0x6f, 0x60, 0x44, 0xef, 0xb4, 0x01, 0x10, 0x90, 0xcf, 0x48,
  0x11, 0x83, 0x44, 0x04, 0xf0, 0x90, 0xd2, 0xef, 0x74, 0x01, 0xf0, 0x80,
  0x23, 0xef, 0x90, 0xcf, 0x48, 0x70, 0x12, 0xe0, 0x54, 0xfb, 0xf0, 0x90,
  0xd0, 0x62, 0xe0, 0x44, 0x04, 0xf0, 0xe4, 0x90, 0xd2, 0xef, 0xf0, 0x80,
  0x0b, 0x11, 0x83, 0x54, 0xfb, 0xf0, 0x90, 0xd2, 0xef, 0x74, 0x02, 0xf0,
  0x90, 0xd2, 0xef, 0xe0, 0xff, 0x12, 0x01, 0x75, 0xe4, 0x90, 0xcf, 0x49,
  0xf0, 0x7f, 0x00, 0x22, 0x7f, 0x0b, 0x22, 0x90, 0xd2, 0x91, 0xee, 0x12,
  0x91, 0xbc, 0x12, 0xc5, 0x7b, 0xf0, 0x90, 0xd2, 0x92, 0x02, 0xb8, 0x94,
  0x7f, 0x00, 0x7e, 0x71, 0x8f, 0x82, 0x8e, 0x83, 0xa3, 0xa3, 0xa3, 0xe0,
  0x90, 0xd2, 0xdf, 0x11, 0x7c, 0xa3, 0xe0, 0x90, 0xd2, 0xe0, 0x11, 0x7c,
  0xe0, 0x90, 0xd2, 0xe1, 0x11, 0xce, 0x90, 0xd2, 0xe2, 0xf0, 0x90, 0xd2,
  0xdf, 0x02, 0x1a, 0x4c, 0xf0, 0x8f, 0x82, 0x8e, 0x83, 0xa3, 0x22, 0xe0,
  0x44, 0x04, 0xf0, 0x90, 0xd0, 0x62, 0xe0, 0x22, 0xe4, 0x90, 0xd2, 0xd8,
  0x11, 0x7c, 0xa3, 0xe0, 0x90, 0xd2, 0xd9, 0x11, 0x7c, 0xe0, 0x90, 0xd2,
  0xda, 0x11, 0xce, 0x90, 0xd2, 0xdb, 0xf0, 0x90, 0xd2, 0xd8, 0x02, 0x1a,
  0x4c, 0x90, 0x89, 0xa6, 0xf0, 0x7f, 0xa0, 0x7e, 0x89, 0xe4, 0x90, 0xd2,
  0xf6, 0x11, 0xce, 0x90, 0xd2, 0xf7, 0x11, 0x7c, 0xe0, 0x90, 0xd2, 0xf8,
  0x11, 0x7c, 0xa3, 0xe0, 0x90, 0xd2, 0xf9, 0xf0, 0x90, 0xd2, 0xf6, 0x02,
  0x1a, 0x4c, 0xf0, 0x8f, 0x82, 0x8e, 0x83, 0xe0, 0x22, 0x90, 0xd2, 0xc1,
  0x12, 0x1a, 0xe9, 0x90, 0xd2, 0xb9, 0xe0, 0x90, 0xd2, 0xc5, 0xf0, 0x22,
  0x90, 0xd2, 0xbf, 0x12, 0x1a, 0xe9, 0x90, 0xd2, 0xc7, 0x12, 0x1a, 0x68,
  0x90, 0xd2, 0xcf, 0x31, 0x38, 0x90, 0xd2, 0xc3, 0x31, 0x48, 0xc0, 0x04,
  0xc0, 0x05, 0xc0, 0x06, 0xc0, 0x07, 0x90, 0xd2, 0xcf, 0x31, 0x32, 0x90,
  0xd2, 0xcb, 0x31, 0x48, 0xd0, 0x03, 0xd0, 0x02, 0xd0, 0x01, 0xd0, 0x00,
  0x12, 0x10, 0x27, 0xc0, 0x04, 0xc0, 0x05, 0xc0, 0x06, 0xc0, 0x07, 0x90,
  0xd2, 0xc7, 0x31, 0x32, 0x12, 0xc2, 0xe8, 0xd0, 0x07, 0xd0, 0x06, 0xd0,
  0x05, 0xd0, 0x04, 0x02, 0x12, 0x21, 0x12, 0x1a, 0x68, 0x90, 0xd2, 0xbf,
  0x12, 0x1a, 0x4c, 0x02, 0x10, 0x23, 0xe4, 0xff, 0xfe, 0x7d, 0x80, 0x7c,
  0x43, 0x90, 0xd2, 0xbd, 0x12, 0x1a, 0x68, 0x02, 0x11, 0x18, 0xef, 0xc3,
  0x94, 0x02, 0x40, 0x68, 0x12, 0x87, 0x4c, 0x31, 0xc5, 0x12, 0x8f, 0xb9,
  0xc0, 0x00, 0xc0, 0x01, 0xc0, 0x02, 0xc0, 0x03, 0x12, 0x87, 0x9d, 0xd0,
  0x03, 0xd0, 0x02, 0xd0, 0x01, 0xd0, 0x00, 0x31, 0xc2, 0x12, 0x8f, 0xb9,
  0xc0, 0x00, 0xc0, 0x01, 0xc0, 0x02, 0xc0, 0x03, 0x12, 0x04, 0x04, 0xd0,
  0x03, 0xd0, 0x02, 0xd0, 0x01, 0xd0, 0x00, 0x31, 0xc2, 0x31, 0x3e, 0x12,
  0x13, 0x75, 0xe4, 0x7b, 0xff, 0x7a, 0xff, 0xf9, 0xf8, 0xd3, 0x12, 0x19,
  0x73, 0x40, 0x04, 0x31, 0x3e, 0x80, 0x08, 0x7f, 0x00, 0x7e, 0xff, 0x7d,
  0x7f, 0x7c, 0x47, 0x12, 0x13, 0x75, 0x12, 0x8d, 0xea, 0xe0, 0x90, 0x72,
  0x00, 0xf0, 0x90, 0xd2, 0xc1, 0xe0, 0x90, 0x72, 0x01, 0xf0, 0x80, 0x03,
  0x7f, 0x08, 0x22, 0x7f, 0x00, 0x22, 0x12, 0x11, 0x18, 0x90, 0xd2, 0xbd,
  0x02, 0x1a, 0xe9, 0x31, 0xc5, 0x90, 0xd2, 0xbd, 0x12, 0xc7, 0xc0, 0x31,
  0xc5, 0x90, 0xd2, 0xc1, 0x12, 0xc7, 0xc0, 0x90, 0xd2, 0xc1, 0x12, 0x1a,
  0xe9, 0x90, 0xd2, 0xc5, 0xe0, 0xc3, 0x94, 0x08, 0x40, 0x1f, 0x12, 0x8d,
  0x73, 0x90, 0xd2, 0xbe, 0x12, 0x90, 0xcd, 0x12, 0x8c, 0xa6, 0xf0, 0x90,
  0xd2, 0xc2, 0xe0, 0x90, 0x72, 0x06, 0xf0, 0x90, 0xd2, 0xc1, 0xe0, 0x90,
  0x72, 0x07, 0xf0, 0x80, 0x03, 0x7f, 0x0b, 0x22, 0x7f, 0x00, 0x22, 0x90,
  0xd2, 0xbb, 0xef, 0xf0, 0x90, 0x89, 0xa3, 0xe4, 0xf0, 0xa3, 0x74, 0x0c,
  0xf0, 0x90, 0xd2, 0xbb, 0x12, 0xe6, 0xf7, 0x80, 0x02, 0xc3, 0x33, 0xd8,
  0xfc, 0x11, 0xa9, 0xee, 0x54, 0x01, 0xfe, 0x90, 0xd2, 0xbb, 0xe0, 0x12,
  0xeb, 0x66, 0x02, 0x8c, 0xd0, 0xa3, 0x12, 0x1b, 0x43, 0x8f, 0x82, 0x75,
  0x83, 0x00, 0x02, 0x15, 0x7d, 0x90, 0xd2, 0xb9, 0xed, 0xf0, 0x7e, 0xff,
  0xef, 0x30, 0xe7, 0x12, 0x90, 0xd2, 0xbe, 0xe0, 0xd3, 0x94, 0xc0, 0x40,
  0x03, 0x7f, 0x08, 0x22, 0x7b, 0x01, 0x7a, 0x72, 0x80, 0x10, 0x90, 0xd2,
  0xbe, 0xe0, 0xd3, 0x94, 0x40, 0x40, 0x03, 0x7f, 0x08, 0x22, 0x7b, 0x01,
  0x7a, 0x71, 0x79, 0x00, 0x90, 0xd2, 0xbf, 0x12, 0x1b, 0x63, 0xef, 0x14,
  0x60, 0x1a, 0x14, 0x60, 0x20, 0x14, 0x60, 0x46, 0x24, 0x81, 0x60, 0x29,
  0x14, 0x60, 0x36, 0x24, 0x02, 0x70, 0x44, 0x51, 0xd8, 0x12, 0xe1, 0x20,
  0xae, 0x07, 0x80, 0x3d, 0x51, 0xd8, 0x12, 0xf3, 0x5f, 0xae, 0x07, 0x80,
  0x34, 0x91, 0x09, 0x91, 0x14, 0x90, 0xd2, 0xbe, 0xe0, 0xfb, 0x12, 0xf3,
  0x8e, 0xae, 0x07, 0x80, 0x24, 0x91, 0x09, 0x91, 0x14, 0x90, 0xd2, 0xbe,
  0xe0, 0xfb, 0x12, 0xf3, 0xd4, 0xae, 0x07, 0x80, 0x14, 0x51, 0xd8, 0x12,
  0xdf, 0x42, 0xae, 0x07, 0x80, 0x0b, 0x51, 0xd8, 0x12, 0xdf, 0xc6, 0xae,
  0x07, 0x80, 0x02, 0x7e, 0xff, 0xaf, 0x06, 0x22, 0x90, 0xd2, 0xbc, 0xe0,
  0xfe, 0xa3, 0xe0, 0xff, 0xa3, 0xe0, 0xfd, 0xa3, 0x02, 0x1b, 0x43, 0xac,
  0x07, 0xaa, 0x05, 0x90, 0xd2, 0xb8, 0xeb, 0xf0, 0xfd, 0xe4, 0xa3, 0xf0,
  0x12, 0xf1, 0xf0, 0x90, 0xd2, 0xb9, 0xef, 0xf0, 0x60, 0x03, 0xe0, 0xff,
  0x22, 0xec, 0x12, 0x1c, 0x64, 0xcb, 0x33, 0x81, 0xcb, 0x38, 0x82, 0xcb,
  0x3d, 0x83, 0xcb, 0x44, 0x84, 0xcb, 0x49, 0x85, 0xcb, 0x4e, 0x86, 0xcb,
  0x53, 0x87, 0xcb, 0x58, 0x88, 0xcb, 0x5d, 0x89, 0xcb, 0x62, 0x8a, 0xcb,
  0x66, 0x8b, 0xcb, 0x6b, 0x8d, 0xcb, 0x70, 0x8e, 0xcb, 0x7d, 0x8f, 0x00,
  0x00, 0xcb, 0x8e, 0x12, 0xef, 0x7a, 0x80, 0x5c, 0x12, 0xef, 0xa9, 0x80,
  0x57, 0xaf, 0x02, 0x12, 0xf0, 0x20, 0x80, 0x50, 0x12, 0xf0, 0xc7, 0x80,
  0x4b, 0x12, 0xf0, 0xe2, 0x80, 0x46, 0x12, 0xf1, 0x07, 0x80, 0x41, 0x12,
  0xf1, 0x73, 0x80, 0x3c, 0x12, 0xf0, 0x66, 0x80, 0x37, 0x12, 0xf1, 0x86,
  0x80, 0x32, 0x91, 0x21, 0x80, 0x2e, 0x12, 0xf1, 0x9f, 0x80, 0x29, 0x12,
  0x03, 0xbe, 0x80, 0x24, 0x12, 0x8b, 0x99, 0x90, 0xd2, 0xb8, 0xe0, 0xfd,
  0x12, 0xdd, 0x6a, 0x80, 0x0a, 0x12, 0x8b, 0x99, 0x90, 0xd2, 0xb8, 0xe0,
  0xfd, 0x91, 0xdd, 0x90, 0xd2, 0xb9, 0xef, 0xf0, 0x80, 0x06, 0x90, 0xd2,
  0xb9, 0x74, 0xff, 0xf0, 0x90, 0xd2, 0xb9, 0xe0, 0xff, 0x22, 0xd1, 0x07,
  0x60, 0x51, 0x90, 0xd2, 0xd7, 0x12, 0x7f, 0xaf, 0x60, 0x49, 0x90, 0xd2,
  0xda, 0x12, 0x7f, 0xaf, 0x60, 0x41, 0x90, 0xd2, 0xda, 0x91, 0x03, 0x70,
  0x02, 0x80, 0x38, 0xe4, 0xff, 0x90, 0xd2, 0xda, 0x91, 0x03, 0xfe, 0xef,
  0xc3, 0x9e, 0x50, 0x17, 0x90, 0xd2, 0xd7, 0x51, 0x3a, 0xfd, 0x60, 0x0f,
  0x12, 0x8f, 0xcc, 0x8f, 0x82, 0x75, 0x83, 0x00, 0xed, 0x12, 0x15, 0xde,
  0x0f, 0x80, 0xde, 0x90, 0xd2, 0xda, 0x12, 0x1b, 0x43, 0xc3, 0xee, 0x9f,
  0x12, 0x15, 0xcc, 0x90, 0xd2, 0xda, 0x91, 0x03, 0xb5, 0x07, 0x02, 0xc1,
  0x00, 0x12, 0x8f, 0xcc, 0x7e, 0x00, 0xe9, 0x2f, 0xf9, 0xee, 0x3a, 0xfa,
  0x22, 0x12, 0x1b, 0x63, 0x90, 0xd2, 0xf4, 0x12, 0x1b, 0x43, 0x02, 0x15,
  0x64, 0x90, 0xd2, 0xbc, 0xa3, 0xe0, 0xff, 0x90, 0xd2, 0xb9, 0xe0, 0x22,
  0xfd, 0x90, 0xd2, 0xbf, 0x12, 0x1b, 0x43, 0x90, 0xd2, 0xc5, 0x02, 0x1b,
  0x63, 0x12, 0xd2, 0x6b, 0xa3, 0x74, 0x0b, 0xf0, 0x22, 0x90, 0xd2, 0xf4,
  0x71, 0xfd, 0x60, 0x02, 0xc1, 0x23, 0x90, 0xd2, 0xf4, 0x12, 0x1b, 0x43,
  0x12, 0xd4, 0xd9, 0x90, 0x8c, 0x2b, 0xe0, 0x54, 0x1c, 0x90, 0xd2, 0xf8,
  0xf0, 0x12, 0x16, 0xc9, 0xff, 0x90, 0x8c, 0x03, 0xb1, 0xf9, 0x12, 0x8a,
  0x9e, 0xff, 0x90, 0x8c, 0x05, 0xb1, 0xf9, 0x12, 0x8b, 0x7a, 0xff, 0x90,
  0x8c, 0x07, 0xb1, 0xf9, 0x12, 0x8d, 0xa7, 0x90, 0x8c, 0x09, 0xb1, 0xf9,
  0x12, 0x8b, 0xac, 0xff, 0x90, 0x8c, 0x0b, 0xf0, 0xf1, 0xe8, 0xfe, 0x90,
  0x8c, 0x0c, 0xf0, 0xef, 0x8e, 0xf0, 0xa4, 0xff, 0x90, 0x8c, 0x7c, 0xb1,
  0xf9, 0x90, 0xd2, 0xf8, 0xe0, 0xff, 0x60, 0x0e, 0x64, 0x08, 0x60, 0x04,
  0xef, 0x30, 0xe4, 0x0e, 0x90, 0x8c, 0x2c, 0xe0, 0x60, 0x08, 0x90, 0xd2,
  0xf7, 0x74, 0x01, 0xf0, 0x80, 0x05, 0xe4, 0x90, 0xd2, 0xf7, 0xf0, 0x90,
  0x00, 0x06, 0xd1, 0xed, 0x12, 0x8b, 0x7a, 0xf1, 0xf5, 0x80, 0x05, 0xce,
  0xc3, 0x13, 0xce, 0x13, 0xd8, 0xf9, 0xd3, 0x94, 0x00, 0xee, 0x94, 0x02,
  0x40, 0x08, 0x90, 0xd2, 0xf7, 0xe0, 0x04, 0xf0, 0x80, 0xdd, 0xed, 0xd3,
  0x94, 0x04, 0x40, 0x03, 0x7f, 0x0b, 0x22, 0x90, 0xd2, 0xf7, 0xe0, 0x90,
  0x8c, 0x01, 0xf0, 0x12, 0xe5, 0x8c, 0x7f, 0x00, 0x22, 0x90, 0xd2, 0xbd,
  0xed, 0xf0, 0x90, 0xd2, 0xba, 0xd1, 0x0a, 0x60, 0x08, 0x90, 0xd2, 0xbd,
  0xe0, 0x64, 0x20, 0x60, 0x03, 0x7f, 0xfd, 0x22, 0x7b, 0x01, 0x7a, 0xd2,
  0x79, 0xbe, 0x7d, 0x10, 0x12, 0xdd, 0x6a, 0xef, 0x60, 0x01, 0x22, 0x7b,
  0xff, 0x7a, 0x00, 0x79, 0x0a, 0x90, 0xd2, 0xd1, 0x12, 0x1b, 0x63, 0x90,
  0xd2, 0xd1, 0x12, 0x1b, 0x43, 0xd1, 0x11, 0x90, 0xd2, 0xba, 0xb1, 0xe6,
  0xc0, 0x03, 0xc0, 0x02, 0xc0, 0x01, 0x7b, 0xff, 0x7a, 0x00, 0x79, 0x11,
  0xd1, 0x11, 0xd0, 0x01, 0xd0, 0x02, 0xd0, 0x03, 0xb1, 0xe9, 0xc0, 0x03,
  0xc0, 0x02, 0xc0, 0x01, 0x7b, 0x01, 0x7a, 0xd2, 0x79, 0xbe, 0x12, 0x8f,
  0xe8, 0x7a, 0xd2, 0x19, 0xd1, 0x1d, 0xd0, 0x01, 0xd0, 0x02, 0xd0, 0x03,
  0xb1, 0xe9, 0x90, 0xd0, 0x4d, 0xe0, 0xfc, 0xb4, 0x01, 0x08, 0x7b, 0xff,
  0x7a, 0x00, 0x79, 0x17, 0x80, 0x25, 0xec, 0x70, 0x08, 0x7b, 0xff, 0x7a,
  0x00, 0x79, 0x19, 0x80, 0x1a, 0x90, 0xd0, 0x4d, 0xe0, 0xfc, 0xb4, 0x02,
  0x08, 0x7b, 0xff, 0x7a, 0x00, 0x79, 0x1b, 0x80, 0x0a, 0xec, 0xb4, 0x03,
  0x0d, 0x7b, 0xff, 0x7a, 0x00, 0x79, 0x1d, 0xd1, 0x11, 0x90, 0xd2, 0xce,
  0xb1, 0xe6, 0x90, 0x00, 0x1f, 0xe4, 0x93, 0x60, 0x0d, 0x7b, 0xff, 0x7a,
  0x00, 0x79, 0x24, 0xd1, 0x11, 0x90, 0xd2, 0xce, 0xb1, 0xe6, 0x90, 0xd2,
  0xce, 0x12, 0x7f, 0xaf, 0x60, 0x06, 0x90, 0xd2, 0xbd, 0xe0, 0x70, 0x03,
  0x7f, 0xf9, 0x22, 0x90, 0xd2, 0xba, 0x12, 0x1b, 0x43, 0xe9, 0x24, 0x20,
  0xf9, 0xe4, 0x3a, 0xfa, 0xc0, 0x03, 0xc0, 0x02, 0xc0, 0x01, 0x90, 0xd2,
  0xce, 0x12, 0x1b, 0x43, 0xc3, 0xd0, 0x82, 0xd0, 0x83, 0xd0, 0xe0, 0xe9,
  0x95, 0x82, 0xea, 0x95, 0x83, 0x50, 0x0c, 0x90, 0xd2, 0xce, 0x12, 0x8f,
  0x40, 0xe4, 0x12, 0x15, 0xcc, 0x80, 0xcc, 0x7f, 0x00, 0x22, 0x12, 0x1b,
  0x43, 0x71, 0x9a, 0x90, 0xd2, 0xce, 0x02, 0x1b, 0x63, 0xfd, 0xe4, 0x34,
  0x89, 0x8d, 0x82, 0xf5, 0x83, 0xe5, 0xf0, 0xf0, 0xa3, 0xef, 0xf0, 0x22,
  0x7b, 0x00, 0x7a, 0x00, 0x79, 0x00, 0x22, 0x90, 0xd2, 0xd4, 0x12, 0x1b,
  0x63, 0xea, 0x49, 0x4b, 0x22, 0x90, 0xd2, 0xd7, 0x12, 0x1b, 0x63, 0x7b,
  0x01, 0x7a, 0xd2, 0x79, 0xbd, 0x90, 0xd2, 0xda, 0x02, 0x1b, 0x63, 0x12,
  0x15, 0x64, 0xc4, 0x33, 0x54, 0xe0, 0x90, 0xd2, 0xf8, 0xf0, 0x90, 0x89,
  0xa7, 0xe0, 0x54, 0x1c, 0x90, 0xd2, 0xf9, 0xf0, 0x12, 0xd4, 0xd9, 0x12,
  0x16, 0xc9, 0xff, 0x90, 0xd2, 0xf8, 0xe0, 0x24, 0x03, 0xb1, 0xf1, 0x12,
  0x8a, 0x9e, 0xff, 0x90, 0xd2, 0xf8, 0xe0, 0x24, 0x05, 0xb1, 0xf1, 0x12,
  0x8b, 0x7a, 0xff, 0x90, 0xd2, 0xf8, 0xe0, 0x24, 0x07, 0xb1, 0xf1, 0x12,
  0x8d, 0xa7, 0x90, 0xd2, 0xf8, 0xe0, 0x24, 0x09, 0xb1, 0xf1, 0x12, 0x8b,
  0xac, 0xff, 0x90, 0xd2, 0xf8, 0xe0, 0xfe, 0x24, 0x0b, 0x12, 0xd3, 0xbf,
  0xef, 0xf0, 0xf1, 0xe8, 0xff, 0x74, 0x0c, 0x12, 0xd3, 0xbe, 0x12, 0x91,
  0xb4, 0x60, 0x0e, 0x64, 0x08, 0x60, 0x04, 0xef, 0x30, 0xe4, 0x0e, 0x90,
  0x89, 0xa8, 0xe0, 0x60, 0x08, 0x90, 0xd2, 0xf7, 0x74, 0x01, 0xf0, 0x80,
  0x05, 0xe4, 0x90, 0xd2, 0xf7, 0xf0, 0x90, 0x00, 0x06, 0xd1, 0xed, 0x12,
  0x8b, 0x7a, 0xf1, 0xf5, 0x80, 0x05, 0xce, 0xc3, 0x13, 0xce, 0x13, 0xd8,
  0xf9, 0xd3, 0x94, 0x00, 0xee, 0x94, 0x10, 0x40, 0x08, 0x90, 0xd2, 0xf7,
  0xe0, 0x04, 0xf0, 0x80, 0xdd, 0xed, 0xd3, 0x94, 0x04, 0x40, 0x03, 0x7f,
  0x0b, 0x22, 0x12, 0x91, 0xac, 0x24, 0x01, 0x12, 0xd3, 0xbf, 0xef, 0xf0,
  0x7f, 0x00, 0x22, 0x90, 0xd2, 0xfb, 0x12, 0x1b, 0x43, 0x90, 0x00, 0x08,
  0x12, 0x15, 0x7d, 0xff, 0x7e, 0x00, 0x90, 0x00, 0x04, 0x12, 0x16, 0xf4,
  0xfd, 0xac, 0xf0, 0x22, 0x90, 0xd2, 0xf4, 0x12, 0x1b, 0x63, 0x12, 0xd4,
  0xd9, 0x90, 0xd2, 0xfb, 0x71, 0xfd, 0x70, 0x0c, 0xf1, 0xdc, 0x12, 0x8b,
  0xac, 0x54, 0x07, 0x60, 0x03, 0x7f, 0x0d, 0x22, 0x90, 0xd2, 0xfb, 0x12,
  0x8b, 0xa0, 0x12, 0xe0, 0x84, 0x40, 0x21, 0x12, 0x8a, 0x9e, 0x12, 0xe0,
  0x84, 0x40, 0x19, 0xd1, 0xea, 0xc3, 0x94, 0x08, 0xec, 0x94, 0x00, 0x40,
  0x0f, 0x90, 0x00, 0x06, 0x12, 0x16, 0xf4, 0xc3, 0x94, 0x08, 0xe5, 0xf0,
  0x94, 0x00, 0x50, 0x03, 0x7f, 0x0b, 0x22, 0xf1, 0xdc, 0x12, 0x8b, 0xac,
  0x12, 0x8b, 0xa6, 0x12, 0x90, 0xd6, 0xf1, 0xe8, 0xf1, 0xee, 0xd1, 0xed,
  0x12, 0x16, 0x00, 0x90, 0xd2, 0xf9, 0xee, 0xf0, 0xa3, 0xef, 0xf0, 0x12,
  0x8a, 0x64, 0xf1, 0xdc, 0xe9, 0x24, 0x06, 0x12, 0x8a, 0x67, 0xd1, 0xdb,
  0x12, 0x16, 0x00, 0x12, 0x8f, 0x4e, 0x12, 0xdb, 0x2e, 0xee, 0x8f, 0xf0,
  0x12, 0x17, 0x2c, 0xf1, 0xe2, 0xf1, 0xee, 0xd1, 0xed, 0x12, 0x16, 0x00,
  0xc3, 0x90, 0xd2, 0xfa, 0xe0, 0x9f, 0xff, 0x90, 0xd2, 0xf9, 0xe0, 0x12,
  0xdb, 0x2e, 0x90, 0x00, 0x02, 0xee, 0x8f, 0xf0, 0x12, 0x17, 0x64, 0x12,
  0x8a, 0x6b, 0xf1, 0xdc, 0xe9, 0x24, 0x02, 0x12, 0x8a, 0x67, 0xd1, 0xdb,
  0x12, 0x16, 0x00, 0x12, 0x16, 0xc9, 0x12, 0x8f, 0x98, 0xc3, 0x90, 0xc1,
  0x92, 0xe0, 0x9f, 0x90, 0xc1, 0x91, 0xe0, 0x9e, 0x40, 0x1c, 0xf1, 0xe2,
  0xf1, 0xee, 0xd1, 0xed, 0x12, 0x16, 0x00, 0x12, 0x8a, 0x9e, 0x12, 0x8f,
  0x98, 0xc3, 0x90, 0xc1, 0x94, 0xe0, 0x9f, 0x90, 0xc1, 0x93, 0xe0, 0x9e,
  0x50, 0x03, 0x7f, 0x0b, 0x22, 0x7f, 0x00, 0x22, 0x90, 0xd2, 0xfb, 0x02,
  0x1b, 0x43, 0x90, 0xd2, 0xfb, 0x12, 0x1b, 0x43, 0x90, 0x00, 0x09, 0x02,
  0x15, 0x7d, 0xff, 0x7e, 0x00, 0x90, 0x00, 0x06, 0x22, 0xff, 0xae, 0xf0,
  0x12, 0x16, 0x00, 0x90, 0xd2, 0xf7, 0xe0, 0xfd, 0x25, 0xe0, 0xfc, 0xef,
  0xa8, 0x04, 0x08, 0x22, 0xd1, 0xd7, 0x79, 0x0d, 0xed, 0x12, 0x1c, 0x64,
  0xd0, 0x3b, 0x01, 0xd0, 0x43, 0x02, 0xd0, 0x4c, 0x03, 0xd0, 0x54, 0x04,
  0xd0, 0x5c, 0x05, 0xd0, 0x64, 0x06, 0xd0, 0x6c, 0x13, 0xd0, 0x74, 0x14,
  0xd0, 0x7c, 0x15, 0xd0, 0x84, 0x1d, 0xd0, 0x8d, 0x1e, 0xd0, 0x95, 0x1f,
  0xd0, 0x9e, 0x20, 0x00, 0x00, 0xd0, 0xa6, 0x11, 0xab, 0xf1, 0x81, 0xa9,
  0x07, 0x80, 0x65, 0x11, 0xab, 0x12, 0xe2, 0x39, 0xa9, 0x07, 0x80, 0x5c,
  0x11, 0xab, 0x71, 0x39, 0xa9, 0x07, 0x80, 0x54, 0x11, 0xab, 0x31, 0x50,
  0xa9, 0x07, 0x80, 0x4c, 0x11, 0xab, 0x51, 0x4e, 0xa9, 0x07, 0x80, 0x44,
  0x11, 0xab, 0x51, 0x5d, 0xa9, 0x07, 0x80, 0x3c, 0x11, 0xab, 0xf1, 0x16,
  0xa9, 0x07, 0x80, 0x34, 0x11, 0xab, 0x91, 0x59, 0xa9, 0x07, 0x80, 0x2c,
  0x11, 0xab, 0x71, 0xc7, 0xa9, 0x07, 0x80, 0x24, 0x11, 0xab, 0x12, 0xda,
  0x36, 0xa9, 0x07, 0x80, 0x1b, 0x11, 0xab, 0xf1, 0xe4, 0xa9, 0x07, 0x80,
  0x13, 0x11, 0xab, 0x12, 0xe2, 0xb7, 0xa9, 0x07, 0x80, 0x0a, 0x11, 0xab,
  0x51, 0xcf, 0xa9, 0x07, 0x80, 0x02, 0x79, 0x0d, 0xaf, 0x01, 0x22, 0x90,
  0xd2, 0xb8, 0xe0, 0xff, 0xa3, 0xe0, 0xfd, 0x22, 0x31, 0x35, 0xd3, 0x12,
  0x19, 0x5d, 0x40, 0x05, 0x90, 0xd3, 0x36, 0x80, 0x13, 0x90, 0xd3, 0x32,
  0x31, 0x3e, 0xc3, 0x12, 0x19, 0x5d, 0x50, 0x05, 0x90, 0xd3, 0x32, 0x80,
  0x03, 0x90, 0xd3, 0x2e, 0x02, 0x1a, 0x4c, 0x90, 0xce, 0x7e, 0x12, 0x1b,
  0x43, 0x12, 0x8e, 0xed, 0x02, 0x01, 0x84, 0x12, 0xf4, 0x94, 0x90, 0xfd,
  0x01, 0x74, 0x01, 0xf0, 0x90, 0xfd, 0x31, 0x74, 0x0f, 0xf0, 0xe4, 0xf0,
  0x74, 0x0f, 0xf0, 0x90, 0xd0, 0x4d, 0xe0, 0xb4, 0x03, 0x05, 0x90, 0xfd,
  0x0d, 0xe4, 0xf0, 0x90, 0x80, 0x2d, 0x74, 0x01, 0xf0, 0x22, 0x12, 0xf4,
  0xe7, 0x12, 0xf5, 0xd2, 0x90, 0xce, 0xf6, 0xe0, 0xff, 0x90, 0xfe, 0x1d,
  0xf0, 0x90, 0xfe, 0x2b, 0xe4, 0xf0, 0x90, 0xfe, 0x27, 0xe0, 0x44, 0x04,
  0xf0, 0x90, 0xfe, 0x20, 0xef, 0xf0, 0x90, 0xfe, 0x2a, 0xe4, 0xf0, 0x90,
  0x80, 0x2d, 0x04, 0xf0, 0x22, 0x90, 0xd3, 0x2e, 0x12, 0x1a, 0xe9, 0x90,
  0xd3, 0x36, 0x12, 0x1a, 0x4c, 0x90, 0xd3, 0x2e, 0x02, 0x1a, 0x68, 0xf5,
  0x82, 0xe4, 0x34, 0xd3, 0xf5, 0x83, 0xe0, 0x22, 0x51, 0x54, 0x7f, 0x08,
  0x7e, 0x00, 0x7d, 0x00, 0x7c, 0x00, 0x12, 0x8b, 0xd9, 0x12, 0xce, 0x00,
  0x90, 0xd2, 0xc0, 0x12, 0x1b, 0x63, 0xe4, 0x90, 0xd2, 0xc3, 0x12, 0x8c,
  0xc2, 0x12, 0x1c, 0xb7, 0xd1, 0x86, 0x00, 0x00, 0x00, 0x08, 0xd1, 0x8e,
  0x00, 0x00, 0x00, 0x10, 0xd1, 0x96, 0x00, 0x00, 0x00, 0x20, 0x00, 0x00,
  0xd1, 0xa4, 0x7b, 0x01, 0x7a, 0xc1, 0x79, 0xa1, 0x80, 0x0e, 0x7b, 0x01,
  0x7a, 0xc1, 0x79, 0xa2, 0x80, 0x06, 0x7b, 0x01, 0x7a, 0xc1, 0x79, 0xa3,
  0x90, 0xd2, 0xc0, 0x12, 0x1b, 0x63, 0x80, 0x03, 0x7f, 0x0d, 0x22, 0x12,
  0x8c, 0xc3, 0x90, 0xd0, 0x87, 0x12, 0x1a, 0x68, 0x12, 0x19, 0x35, 0x12,
  0x8a, 0xd7, 0x60, 0x02, 0x41, 0x42, 0x90, 0xd2, 0xbe, 0xe0, 0x12, 0x1c,
  0x64, 0xd2, 0x18, 0x01, 0xd1, 0xf5, 0x81, 0xd2, 0x11, 0x82, 0xd2, 0x11,
  0x83, 0xd2, 0x11, 0x84, 0xd1, 0xe5, 0x85, 0xd1, 0xdd, 0x86, 0xd2, 0x03,
  0x87, 0x00, 0x00, 0xd2, 0x40, 0x90, 0x72, 0x00, 0x74, 0x03, 0xf0, 0x80,
  0x63, 0x51, 0x6b, 0x90, 0xd2, 0xbf, 0xe0, 0x64, 0x02, 0x70, 0x59, 0x90,
  0x72, 0x01, 0xf0, 0x80, 0x53, 0x51, 0x63, 0x40, 0x10, 0xa3, 0x12, 0xcc,
  0x03, 0x90, 0x72, 0x00, 0xf0, 0x80, 0x45, 0x51, 0x63, 0x40, 0x02, 0x80,
  0x08, 0x90, 0xd2, 0xc3, 0x74, 0x0a, 0xf0, 0x80, 0x37, 0x90, 0x72, 0x00,
  0xe4, 0xf0, 0x80, 0x30, 0x90, 0xd2, 0xbf, 0xe0, 0x64, 0x01, 0x60, 0x08,
  0x90, 0xd2, 0xc3, 0x74, 0x0b, 0xf0, 0x80, 0x20, 0x90, 0x71, 0x00, 0xe0,
  0xff, 0xd3, 0x94, 0x01, 0x40, 0x06, 0x90, 0xd2, 0xc3, 0x74, 0x0b, 0xf0,
  0x90, 0xd2, 0xc0, 0x12, 0x8c, 0xc9, 0x80, 0x08, 0x80, 0x00, 0x90, 0xd2,
  0xc3, 0x74, 0x0d, 0xf0, 0x90, 0xd2, 0xc3, 0xe0, 0xff, 0x22, 0x51, 0x54,
  0x7f, 0x10, 0x21, 0x54, 0x90, 0xd2, 0xbe, 0xef, 0xf0, 0xa3, 0xed, 0xf0,
  0x22, 0x51, 0x54, 0x7f, 0x20, 0x21, 0x54, 0x90, 0xd2, 0xbf, 0xe0, 0xc3,
  0x94, 0x01, 0x22, 0x90, 0x72, 0x00, 0x74, 0x01, 0xf0, 0x22, 0x90, 0xd3,
  0x1c, 0x12, 0x8a, 0x7b, 0x90, 0xd3, 0x1c, 0xe0, 0xfe, 0xa3, 0xe0, 0xff,
  0x90, 0xd3, 0x24, 0x91, 0xc0, 0x9f, 0xee, 0x12, 0xb0, 0x3c, 0x50, 0x05,
  0x90, 0xd3, 0x1e, 0x80, 0x0c, 0xd3, 0xed, 0x9b, 0xea, 0x12, 0xb0, 0x3c,
  0x40, 0x09, 0x90, 0xd3, 0x22, 0xe0, 0xfe, 0xa3, 0xe0, 0xff, 0x22, 0x90,
  0xd3, 0x1e, 0xe0, 0xfc, 0xa3, 0xe0, 0xfd, 0x90, 0xd3, 0x22, 0xe0, 0xff,
  0xa3, 0xe0, 0x90, 0xd3, 0x2f, 0xcf, 0xf0, 0xa3, 0xef, 0xf0, 0x90, 0xd3,
  0x24, 0xe0, 0xff, 0xa3, 0xe0, 0x90, 0xd3, 0x31, 0xcf, 0x12, 0x89, 0xec,
  0xfe, 0xa3, 0xe0, 0xff, 0x02, 0xc1, 0xba, 0x71, 0xb4, 0xa3, 0x91, 0x52,
  0xe4, 0xff, 0xfe, 0xec, 0x54, 0x80, 0xfc, 0x60, 0x56, 0x90, 0xd2, 0xba,
  0xe0, 0xfd, 0x14, 0x60, 0x18, 0x24, 0x80, 0x24, 0xf9, 0x50, 0x02, 0x80,
  0x43, 0x7b, 0x01, 0x7a, 0xcd, 0x79, 0xe5, 0x12, 0xb2, 0x1d, 0x90, 0xd2,
  0xbc, 0xef, 0xf0, 0x80, 0x36, 0x90, 0xd2, 0xbb, 0xe0, 0xff, 0x90, 0xcd,
  0xe8, 0xe0, 0x6f, 0x60, 0x03, 0x7f, 0x08, 0x22, 0x12, 0xc8, 0x54, 0x12,
  0xc3, 0x80, 0x90, 0xd2, 0xbc, 0xef, 0xf0, 0x60, 0x03, 0xe0, 0xff, 0x22,
  0x11, 0xd7, 0xe4, 0x90, 0xcd, 0xe6, 0xf0, 0x90, 0xd0, 0x5f, 0xd1, 0xec,
  0x90, 0x00, 0x14, 0x12, 0x1a, 0x28, 0x80, 0x03, 0x7f, 0x0d, 0x22, 0x90,
  0xd2, 0xbc, 0xe0, 0xff, 0x22, 0x71, 0xb4, 0x90, 0xd2, 0xbe, 0x91, 0x52,
  0xef, 0x54, 0x04, 0xff, 0xe4, 0xfe, 0xfd, 0xfc, 0x7b, 0x04, 0x12, 0x8d,
  0xd2, 0x70, 0x59, 0x90, 0xd2, 0xba, 0xe0, 0x24, 0x7f, 0x60, 0x1e, 0x24,
  0xfc, 0x60, 0x0f, 0x14, 0x60, 0x08, 0x24, 0x04, 0x24, 0xfa, 0x50, 0x39,
  0x80, 0x40, 0x51, 0x6b, 0x80, 0x44, 0x90, 0x72, 0x00, 0x74, 0x02, 0x91,
  0xa7, 0x70, 0x3b, 0x80, 0x1a, 0x90, 0xd2, 0xbb, 0xe0, 0xc3, 0x94, 0x02,
  0x40, 0x17, 0x12, 0x04, 0xa4, 0x90, 0xd2, 0xbc, 0x12, 0x83, 0xa0, 0x90,
  0x72, 0x00, 0xf0, 0x90, 0xd2, 0xbc, 0xe0, 0x90, 0x72, 0x01, 0xf0, 0x80,
  0x19, 0x90, 0xd2, 0xbe, 0x74, 0x0a, 0xf0, 0x80, 0x11, 0x90, 0x72, 0x00,
  0xe4, 0xf0, 0xa3, 0xf0, 0x80, 0x08, 0x80, 0x00, 0x90, 0xd2, 0xbe, 0x74,
  0x0d, 0xf0, 0x90, 0xd2, 0xbe, 0xe0, 0xff, 0x22, 0x90, 0xd2, 0xba, 0xef,
  0xf0, 0xa3, 0xed, 0xf0, 0xe4, 0x22, 0x2e, 0xf5, 0x82, 0xe4, 0x34, 0x89,
  0xf5, 0x83, 0x22, 0x71, 0xb4, 0xa3, 0x91, 0x52, 0xe4, 0xff, 0xfe, 0xed,
  0x54, 0x10, 0xfd, 0xe4, 0xfc, 0xfb, 0xfa, 0x79, 0x10, 0xf8, 0xc3, 0x12,
  0x19, 0x73, 0x70, 0x5f, 0x90, 0xd2, 0xba, 0xe0, 0x24, 0x7f, 0x60, 0x22,
  0x24, 0xfc, 0x60, 0x0f, 0x14, 0x60, 0x08, 0x24, 0x04, 0x24, 0xfa, 0x50,
  0x3e, 0x80, 0x46, 0x51, 0x6b, 0x80, 0x4a, 0x90, 0x72, 0x00, 0x74, 0x04,
  0x91, 0xa7, 0x70, 0x41, 0x90, 0x72, 0x01, 0xf0, 0x80, 0x3b, 0x90, 0xd2,
  0xbb, 0xe0, 0xc3, 0x94, 0x04, 0x40, 0x18, 0x12, 0x04, 0xa9, 0x90, 0x72,
  0x00, 0xef, 0xf0, 0xa3, 0xe4, 0xf0, 0x12, 0x04, 0xae, 0x90, 0x72, 0x02,
  0xef, 0xf0, 0xa3, 0xe4, 0xf0, 0x80, 0x1a, 0x90, 0xd2, 0xbc, 0x74, 0x0b,
  0xf0, 0x80, 0x12, 0x90, 0x72, 0x00, 0xe4, 0x12, 0x7c, 0x63, 0xf0, 0x80,
  0x08, 0x80, 0x00, 0x90, 0xd2, 0xbc, 0x74, 0x0d, 0xf0, 0x90, 0xd2, 0xbc,
  0xe0, 0xff, 0x22, 0x90, 0xd2, 0xba, 0xef, 0xf0, 0xa3, 0xed, 0xf0, 0x90,
  0xd0, 0x87, 0x02, 0x1a, 0x4c, 0x91, 0x4b, 0xe4, 0xff, 0xfe, 0xed, 0x54,
  0x08, 0xfd, 0xe4, 0xfc, 0xfb, 0xfa, 0x79, 0x08, 0xf8, 0xc3, 0x12, 0x19,
  0x73, 0x70, 0x0b, 0x90, 0xd2, 0xba, 0xe0, 0xff, 0xa3, 0xe0, 0xfd, 0x02,
  0xee, 0x3e, 0x7f, 0xff, 0x22, 0x7f, 0x01, 0xef, 0xc4, 0x33, 0x54, 0xe0,
  0xfe, 0x24, 0x14, 0x71, 0xbf, 0xe4, 0xf0, 0x74, 0x15, 0x71, 0xbe, 0x74,
  0x03, 0xf0, 0x74, 0x16, 0x71, 0xbe, 0x74, 0x03, 0xf0, 0x0f, 0xef, 0xb4,
  0x05, 0xe1, 0x90, 0x8c, 0x85, 0x74, 0x3f, 0xf0, 0xa3, 0xf0, 0x22, 0xf0,
  0x90, 0xd2, 0xbb, 0xe0, 0x64, 0x02, 0x22, 0x90, 0xd2, 0xeb, 0xe0, 0xfe,
  0xa3, 0xe0, 0xff, 0xc3, 0x74, 0x09, 0x9f, 0xff, 0xe4, 0x9e, 0xfe, 0xa3,
  0xe0, 0xfc, 0xa3, 0xe0, 0xfd, 0xc3, 0x22, 0x90, 0xfd, 0x08, 0xe4, 0xf0,
  0x90, 0xfd, 0x01, 0x74, 0x02, 0xf0, 0x22, 0x90, 0xd2, 0xe2, 0x12, 0x1b,
  0x43, 0xe9, 0x24, 0x01, 0xf9, 0xe4, 0x3a, 0xfa, 0x22, 0x90, 0xd2, 0xe2,
  0x12, 0x1b, 0x63, 0xb1, 0x46, 0x90, 0xd2, 0xe5, 0xef, 0xf0, 0x60, 0x03,
  0xe0, 0xff, 0x22, 0x91, 0xd3, 0x78, 0xe6, 0x7c, 0xd2, 0x7d, 0x01, 0x12,
  0x8c, 0xf8, 0x91, 0xd3, 0xc0, 0x03, 0xc0, 0x02, 0xc0, 0x01, 0x7b, 0x01,
  0x7a, 0xd2, 0x79, 0xe6, 0x90, 0xd3, 0x0f, 0x12, 0x1b, 0x63, 0xd0, 0x01,
  0xd0, 0x02, 0xd0, 0x03, 0x12, 0x01, 0xa2, 0x90, 0xd2, 0xe5, 0xe0, 0xff,
  0x22, 0xef, 0x54, 0x0f, 0x14, 0xfd, 0x02, 0x01, 0xb6, 0x90, 0xfe, 0x20,
  0xe0, 0x54, 0xfc, 0xf0, 0x90, 0xfe, 0x26, 0xe0, 0x44, 0x01, 0xf0, 0xe0,
  0x54, 0xfe, 0xf0, 0x90, 0xfe, 0x1d, 0xe4, 0xf0, 0x90, 0xfe, 0x1b, 0x04,
  0xf0, 0x22, 0x90, 0xd2, 0xfc, 0x12, 0x1b, 0x63, 0x12, 0x15, 0x64, 0xfe,
  0xd3, 0x94, 0x04, 0x40, 0x03, 0x7f, 0x0b, 0x22, 0x90, 0xd2, 0xfc, 0x91,
  0xd6, 0x90, 0xd2, 0xff, 0x12, 0x1b, 0x63, 0xee, 0x60, 0x7c, 0x90, 0xd2,
  0xfc, 0x12, 0xcc, 0x03, 0xc4, 0x33, 0x54, 0xe0, 0x90, 0xd3, 0x02, 0xf0,
  0x24, 0x03, 0xff, 0xe4, 0xb1, 0xfb, 0xe0, 0xfe, 0xa3, 0xe0, 0xff, 0x90,
  0xd2, 0xff, 0x12, 0x1b, 0x43, 0x12, 0x8e, 0x32, 0x90, 0xd3, 0x02, 0xe0,
  0xff, 0x7e, 0x00, 0x24, 0x05, 0xfd, 0xee, 0x34, 0x89, 0x8d, 0x82, 0x12,
  0x8e, 0x38, 0xfd, 0x90, 0xd2, 0xff, 0x12, 0x8d, 0x84, 0x24, 0x07, 0xff,
  0xee, 0xb1, 0xfb, 0xe0, 0xff, 0xa3, 0xe0, 0x90, 0x00, 0x04, 0x12, 0x8e,
  0x4b, 0x90, 0xd3, 0x02, 0xe0, 0xff, 0x24, 0x09, 0xfd, 0xe4, 0x34, 0x89,
  0x8d, 0x82, 0xf5, 0x83, 0xe0, 0xfd, 0xa3, 0xe0, 0x90, 0x00, 0x06, 0xcd,
  0x8d, 0xf0, 0x12, 0x17, 0xd0, 0x74, 0x0b, 0x2f, 0x71, 0xbf, 0x12, 0x91,
  0xa5, 0x90, 0xd3, 0x02, 0xe0, 0x24, 0x0c, 0x71, 0xbf, 0x12, 0x91, 0x9e,
  0x80, 0x0d, 0x90, 0xd2, 0xff, 0x12, 0x7f, 0xe4, 0x7a, 0xd4, 0x79, 0xd0,
  0x12, 0x8c, 0xf8, 0x7f, 0x00, 0x22, 0x75, 0xf0, 0x20, 0xa4, 0x24, 0x02,
  0xff, 0xe5, 0xf0, 0x34, 0x89, 0x8f, 0x82, 0xf5, 0x83, 0x22, 0x90, 0xd2,
  0xdf, 0x12, 0x1b, 0x63, 0x90, 0xd2, 0xdf, 0x12, 0xcc, 0x03, 0x60, 0x02,
  0x81, 0xe1, 0x90, 0xd2, 0xdf, 0x12, 0x1b, 0x43, 0xa1, 0x46, 0xef, 0x54,
  0x0f, 0x14, 0xfd, 0x02, 0x01, 0xac, 0x12, 0x01, 0x9d, 0x90, 0xd2, 0xb8,
  0xe0, 0x22, 0x90, 0xd2, 0xf0, 0x12, 0x1b, 0x63, 0x12, 0xce, 0xf4, 0x90,
  0xd2, 0xf3, 0xef, 0xf0, 0x60, 0x03, 0xe0, 0xff, 0x22, 0x90, 0xd2, 0xf0,
  0x12, 0x1b, 0x43, 0x12, 0xcc, 0x29, 0x90, 0xd2, 0xf3, 0xef, 0xf0, 0x60,
  0x03, 0xe0, 0xff, 0x22, 0x90, 0xd2, 0xf0, 0x12, 0xcc, 0x03, 0x70, 0x0b,
  0x91, 0xd9, 0x78, 0xd0, 0x7c, 0xd4, 0x7d, 0x01, 0x12, 0x8c, 0xf8, 0x90,
  0xd2, 0xf3, 0xe0, 0xff, 0x22, 0x90, 0xd2, 0xe2, 0x12, 0x1b, 0x63, 0x91,
  0xd3, 0x90, 0xd2, 0xe5, 0x12, 0x1b, 0x63, 0x78, 0xe8, 0x7c, 0xd2, 0x7d,
  0x01, 0x90, 0xd2, 0xe5, 0x12, 0x1b, 0x43, 0x12, 0x8d, 0x62, 0x90, 0xd2,
  0xe5, 0x12, 0x1b, 0x43, 0x90, 0x00, 0x08, 0x74, 0x03, 0x12, 0x15, 0xde,
  0x90, 0x00, 0x09, 0x74, 0x03, 0x12, 0x15, 0xde, 0xc0, 0x03, 0xc0, 0x02,
  0xc0, 0x01, 0x7b, 0x01, 0x7a, 0xd2, 0x79, 0xe8, 0x90, 0xd3, 0x0f, 0x12,
  0x1b, 0x63, 0xd0, 0x01, 0xd0, 0x02, 0xd0, 0x03, 0x12, 0x01, 0xa7, 0x90,
  0xd2, 0xe2, 0x12, 0x1b, 0x43, 0xc1, 0x2a, 0x90, 0xd2, 0xdf, 0x12, 0x1b,
  0x63, 0x90, 0xd2, 0xdf, 0x12, 0xcc, 0x03, 0x60, 0x02, 0x80, 0x9a, 0x90,
  0xd2, 0xdf, 0x12, 0x1b, 0x43, 0xc1, 0x2a, 0x90, 0xd2, 0xb8, 0xef, 0xf0,
  0xa3, 0xeb, 0xf0, 0x22, 0xd1, 0x02, 0x90, 0xd2, 0xc0, 0xef, 0xf0, 0x22,
  0x22, 0x90, 0xcf, 0x9e, 0x12, 0x1b, 0x43, 0x90, 0x00, 0x10, 0x02, 0x19,
  0xde, 0x22, 0x90, 0xd2, 0xf9, 0xed, 0xf0, 0xef, 0xb4, 0x01, 0x06, 0xd1,
  0xe8, 0x7f, 0xc8, 0x80, 0x0b, 0xd1, 0xf5, 0x90, 0xd2, 0xf9, 0xe0, 0xb4,
  0x01, 0x07, 0x7f, 0x64, 0x7e, 0x00, 0x12, 0xd9, 0xf7, 0x22, 0x91, 0x4b,
  0xe4, 0xff, 0xfe, 0xed, 0x54, 0x04, 0xfd, 0xe4, 0xfc, 0xfb, 0xfa, 0x79,
  0x04, 0xf8, 0xc3, 0x12, 0x19, 0x73, 0x70, 0x3b, 0x90, 0xd2, 0xba, 0xe0,
  0xfd, 0x14, 0x60, 0x18, 0x24, 0x80, 0x24, 0xf9, 0x50, 0x02, 0x80, 0x29,
  0x7b, 0x01, 0x7a, 0xcf, 0x79, 0xc1, 0x12, 0xb2, 0x1d, 0x90, 0xd2, 0xbc,
  0xef, 0xf0, 0x80, 0x21, 0x7b, 0x01, 0x7a, 0xcf, 0x79, 0xc1, 0xf1, 0x73,
  0x70, 0x17, 0x90, 0xcf, 0xc2, 0xf0, 0x90, 0xcf, 0xc5, 0x12, 0xd8, 0x6c,
  0x12, 0x8d, 0x31, 0x80, 0x08, 0x80, 0x00, 0x90, 0xd2, 0xbc, 0x74, 0x0d,
  0xf0, 0x90, 0xd2, 0xbc, 0xe0, 0xff, 0x22, 0x90, 0xd2, 0xbb, 0xe0, 0xfd,
  0x12, 0xb0, 0x44, 0x90, 0xd2, 0xbc, 0xef, 0xf0, 0x22, 0x91, 0x4b, 0xef,
  0x54, 0x01, 0xff, 0xe4, 0xfe, 0xfd, 0xfc, 0x7b, 0x01, 0x12, 0x8d, 0xd2,
  0x70, 0x49, 0x90, 0xd2, 0xba, 0xe0, 0xfd, 0x14, 0x60, 0x18, 0x24, 0x80,
  0x24, 0xf9, 0x50, 0x02, 0x80, 0x36, 0x7b, 0x01, 0x7a, 0xd0, 0x79, 0x71,
  0x12, 0xb2, 0x1d, 0x90, 0xd2, 0xbc, 0xef, 0xf0, 0x80, 0x2c, 0x7b, 0x01,
  0x7a, 0xd0, 0x79, 0x71, 0xf1, 0x73, 0x70, 0x22, 0x90, 0xd0, 0x75, 0x12,
  0x8a, 0x92, 0xff, 0xae, 0xf0, 0x12, 0x04, 0x9a, 0xe4, 0x90, 0xd0, 0x72,
  0xf0, 0x90, 0xd0, 0x75, 0x12, 0x8a, 0x92, 0x12, 0x8a, 0xe1, 0x80, 0x06,
  0x7f, 0x0d, 0x22, 0x7f, 0x0d, 0x22, 0x90, 0xd2, 0xbc, 0xe0, 0xff, 0x22,
  0x91, 0x4b, 0xe4, 0xff, 0xfe, 0xfd, 0xec, 0x54, 0x20, 0xfc, 0xe4, 0xfb,
  0xfa, 0xf9, 0x78, 0x20, 0xc3, 0x12, 0x19, 0x73, 0x70, 0x4f, 0x90, 0xd2,
  0xba, 0xe0, 0xfd, 0x14, 0x60, 0x18, 0x24, 0x80, 0x24, 0xf9, 0x50, 0x02,
  0x80, 0x3c, 0x7b, 0x01, 0x7a, 0xce, 0x79, 0xab, 0x12, 0xb2, 0x1d, 0x90,
  0xd2, 0xbc, 0xef, 0xf0, 0x80, 0x32, 0x7b, 0x01, 0x7a, 0xce, 0x79, 0xab,
  0x12, 0xd7, 0x73, 0x70, 0x27, 0x90, 0xce, 0x25, 0x51, 0xc2, 0x64, 0x01,
  0x70, 0x1e, 0x90, 0xce, 0xaf, 0x11, 0x6c, 0xff, 0x12, 0x04, 0x45, 0xe4,
  0x90, 0xce, 0xac, 0xf0, 0x90, 0xce, 0xaf, 0x11, 0x6c, 0x12, 0x8d, 0x31,
  0x80, 0x06, 0x7f, 0x0d, 0x22, 0x7f, 0x0d, 0x22, 0x90, 0xd2, 0xbc, 0xe0,
  0xff, 0x22, 0x90, 0xfe, 0xa6, 0xe0, 0x54, 0xbf, 0xf0, 0x90, 0xfe, 0xa0,
  0xe0, 0x44, 0x40, 0xf0, 0x22, 0x90, 0xfe, 0xa0, 0xe0, 0x54, 0xbf, 0xf0,
  0x22, 0x90, 0xcf, 0x3b, 0x12, 0x1b, 0x43, 0x90, 0x00, 0x04, 0x02, 0x15,
  0x7d, 0xef, 0x8e, 0xf0, 0x12, 0x1c, 0x8a, 0xd8, 0xbf, 0x00, 0x01, 0xd8,
  0xc1, 0x00, 0x02, 0xd8, 0xcb, 0x00, 0x04, 0xd8, 0xd0, 0x00, 0x08, 0xd8,
  0xd0, 0x00, 0x10, 0xd8, 0xc6, 0x00, 0x20, 0xd8, 0xd0, 0x00, 0x40, 0xd8,
  0xd0, 0x00, 0x80, 0xd8, 0xd0, 0x01, 0x00, 0xd8, 0xdf, 0x02, 0x00, 0xd8,
  0xe4, 0x04, 0x00, 0xd8, 0xd5, 0x08, 0x00, 0xd8, 0xe9, 0x10, 0x00, 0xd8,
  0xeb, 0x20, 0x00, 0xd8, 0xda, 0x40, 0x00, 0xd8, 0xe9, 0x80, 0x00, 0x00,
  0x00, 0xd8, 0xf5, 0x80, 0x37, 0x7e, 0x03, 0x7f, 0x20, 0x22, 0x7e, 0x03,
  0x7f, 0xc0, 0x22, 0x7e, 0x04, 0x7f, 0x00, 0x22, 0x7e, 0x05, 0x7f, 0x00,
  0x22, 0x7e, 0x05, 0x7f, 0xa0, 0x22, 0x7e, 0x06, 0x7f, 0x00, 0x22, 0x7e,
  0x06, 0x7f, 0x40, 0x22, 0x7e, 0x06, 0x7f, 0x60, 0x22, 0x80, 0x05, 0x7e,
  0x08, 0x7f, 0x00, 0x22, 0x7e, 0x07, 0x7f, 0x80, 0x22, 0x30, 0x00, 0x05,
  0x7e, 0x02, 0x7f, 0x80, 0x22, 0xe4, 0xfe, 0xff, 0x22, 0xef, 0x8e, 0xf0,
  0x12, 0x1c, 0x8a, 0xd9, 0x4b, 0x00, 0x01, 0xd9, 0x4d, 0x00, 0x02, 0xd9,
  0x57, 0x00, 0x04, 0xd9, 0x52, 0x00, 0x08, 0xd9, 0x5c, 0x00, 0x10, 0xd9,
  0x61, 0x00, 0x20, 0xd9, 0x61, 0x00, 0x40, 0xd9, 0x66, 0x00, 0x80, 0xd9,
  0x6b, 0x01, 0x00, 0xd9, 0x70, 0x02, 0x00, 0xd9, 0x75, 0x04, 0x00, 0xd9,
  0x7a, 0x08, 0x00, 0xd9, 0x7f, 0x10, 0x00, 0xd9, 0x84, 0x20, 0x00, 0xd9,
  0x84, 0x40, 0x00, 0xd9, 0x84, 0x80, 0x00, 0x00, 0x00, 0xd9, 0x89, 0x80,
  0x3f, 0x7e, 0x02, 0x7f, 0x58, 0x22, 0x7e, 0x02, 0x7f, 0xd0, 0x22, 0x7e,
  0x03, 0x7f, 0x00, 0x22, 0x7e, 0x03, 0x7f, 0x20, 0x22, 0x7e, 0x03, 0x7f,
  0xc0, 0x22, 0x7e, 0x03, 0x7f, 0xcc, 0x22, 0x7e, 0x04, 0x7f, 0x00, 0x22,
  0x7e, 0x04, 0x7f, 0xb0, 0x22, 0x7e, 0x04, 0x7f, 0xc8, 0x22, 0x7e, 0x05,
  0x7f, 0xa0, 0x22, 0x7e, 0x04, 0x7f, 0x38, 0x22, 0x7e, 0x06, 0x7f, 0x00,
  0x22, 0x30, 0x00, 0x05, 0x7e, 0x01, 0x7f, 0xe0, 0x22, 0xe4, 0xfe, 0xff,
  0x22, 0x12, 0x8a, 0x15, 0x12, 0x0d, 0xfc, 0x90, 0xc4, 0x4c, 0x31, 0xd2,
  0xc0, 0x06, 0xc0, 0x07, 0x90, 0xc4, 0x4e, 0x12, 0x8a, 0x87, 0xd0, 0x07,
  0xd0, 0x06, 0x12, 0x18, 0xa3, 0x90, 0xc4, 0x48, 0xee, 0xf0, 0xa3, 0xef,
  0xf0, 0x90, 0xc4, 0x50, 0x31, 0xd2, 0xc0, 0x06, 0xc0, 0x07, 0x90, 0xc4,
  0x4e, 0x12, 0x8a, 0x87, 0xd0, 0x07, 0xd0, 0x06, 0x12, 0x18, 0xa3, 0x02,
  0x8e, 0x23, 0xe0, 0xfe, 0xa3, 0xe0, 0xff, 0x7c, 0x01, 0x7d, 0x00, 0x02,
  0x1c, 0xf1, 0xef, 0x4e, 0x60, 0x14, 0x7d, 0xb6, 0x7c, 0x0b, 0xed, 0x1d,
  0x70, 0x01, 0x1c, 0xed, 0x4c, 0x70, 0xf7, 0xef, 0x1f, 0x70, 0x01, 0x1e,
  0x80, 0xe8, 0x22, 0xef, 0x4e, 0x60, 0x14, 0x7d, 0x2a, 0x7c, 0x01, 0xed,
  0x1d, 0x70, 0x01, 0x1c, 0xed, 0x4c, 0x70, 0xf7, 0xef, 0x1f, 0x70, 0x01,
  0x1e, 0x80, 0xe8, 0x22, 0x90, 0xd3, 0x34, 0xe0, 0xfe, 0xc3, 0x9f, 0x50,
  0x03, 0xaf, 0x05, 0x22, 0xee, 0xd3, 0x9b, 0x90, 0xd3, 0x33, 0xe0, 0x40,
  0x02, 0xff, 0x22, 0x90, 0xd3, 0x42, 0xf0, 0x90, 0xd3, 0x34, 0xe0, 0x90,
  0xd3, 0x43, 0xf0, 0x02, 0xc4, 0x96, 0x12, 0xd4, 0x4b, 0xe4, 0xff, 0xfe,
  0xfd, 0xec, 0x54, 0x10, 0xfc, 0xe4, 0xfb, 0xfa, 0xf9, 0x78, 0x10, 0xc3,
  0x12, 0x19, 0x73, 0x70, 0x69, 0x90, 0xd2, 0xba, 0xe0, 0xfd, 0x14, 0x60,
  0x18, 0x24, 0x80, 0x24, 0xf9, 0x50, 0x02, 0x80, 0x56, 0x7b, 0x01, 0x7a,
  0xce, 0x79, 0x21, 0x12, 0xb2, 0x1d, 0x90, 0xd2, 0xbc, 0xef, 0xf0, 0x80,
  0x4c, 0x7b, 0x01, 0x7a, 0xce, 0x79, 0x21, 0x12, 0xd7, 0x73, 0x70, 0x41,
  0x90, 0xce, 0x25, 0x11, 0x6c, 0xff, 0x51, 0xc5, 0x6f, 0x60, 0x21, 0xef,
  0x90, 0xce, 0xab, 0x70, 0x0f, 0xe0, 0x44, 0x0c, 0xf0, 0x90, 0xc3, 0x78,
  0xe4, 0xf0, 0xa3, 0x74, 0x10, 0xf0, 0x80, 0x0c, 0xe0, 0x54, 0xf3, 0xf0,
  0x90, 0xcf, 0x09, 0xe0, 0xff, 0x12, 0x04, 0x45, 0xe4, 0x90, 0xce, 0x22,
  0xf0, 0x90, 0xce, 0x25, 0x11, 0x6c, 0x12, 0x8d, 0x31, 0x80, 0x06, 0x7f,
  0x0d, 0x22, 0x7f, 0x0d, 0x22, 0x90, 0xd2, 0xbc, 0xe0, 0xff, 0x22, 0x90,
  0xce, 0x6c, 0x12, 0x1b, 0x43, 0x90, 0x00, 0x05, 0x02, 0x15, 0x7d, 0x90,
  0xd3, 0x1d, 0x12, 0x8a, 0x7b, 0x90, 0xd3, 0x1d, 0xe0, 0xfe, 0xa3, 0xe0,
  0xff, 0x90, 0xd3, 0x25, 0x12, 0xd4, 0xc0, 0x9f, 0xec, 0x9e, 0x50, 0x05,
  0x90, 0xd3, 0x1f, 0x80, 0x0a, 0xd3, 0xed, 0x9b, 0xec, 0x9a, 0x40, 0x09,
  0x90, 0xd3, 0x23, 0xe0, 0xfe, 0xa3, 0xe0, 0xff, 0x22, 0x90, 0xd3, 0x1f,
  0xe0, 0xfc, 0xa3, 0xe0, 0xfd, 0x90, 0xd3, 0x23, 0xe0, 0xff, 0xa3, 0xe0,
  0x90, 0xd3, 0x45, 0xcf, 0xf0, 0xa3, 0xef, 0xf0, 0x90, 0xd3, 0x25, 0xe0,
  0xff, 0xa3, 0xe0, 0x90, 0xd3, 0x47, 0x12, 0x8e, 0xae, 0xe0, 0xfe, 0xa3,
  0xe0, 0xff, 0x02, 0xc2, 0xf1, 0xef, 0xc3, 0x9d, 0x50, 0x01, 0x22, 0xaf,
  0x05, 0x22, 0x9e, 0xc3, 0x13, 0xfe, 0xef, 0x13, 0xff, 0x22, 0x12, 0x8b,
  0xf7, 0x40, 0x05, 0xae, 0x04, 0xaf, 0x05, 0x22, 0x22, 0x90, 0xd3, 0x39,
  0x12, 0x8a, 0xff, 0x12, 0x1b, 0x63, 0x91, 0xc5, 0x60, 0x13, 0x24, 0x10,
  0x70, 0x35, 0x71, 0xbb, 0xe0, 0xfc, 0x12, 0xca, 0xe0, 0x90, 0xd3, 0x44,
  0xe5, 0x0e, 0xf0, 0x81, 0x95, 0x90, 0xce, 0x70, 0xe0, 0xff, 0x90, 0xce,
  0x72, 0xe0, 0xfd, 0x90, 0xd3, 0x3b, 0x12, 0x1b, 0x43, 0x90, 0xd3, 0x42,
  0x12, 0x1b, 0x63, 0x90, 0xd3, 0x45, 0xe5, 0x0e, 0xf0, 0x90, 0xd3, 0x39,
  0xe0, 0xfa, 0xa3, 0xe0, 0xfb, 0x80, 0x3d, 0x71, 0xbb, 0x12, 0xca, 0xe0,
  0x90, 0xd3, 0x4b, 0xe5, 0x0e, 0xf0, 0x90, 0xd3, 0x46, 0xef, 0xf0, 0x90,
  0xd3, 0x48, 0x91, 0xb8, 0x90, 0xd3, 0x46, 0xe0, 0xff, 0x71, 0xf9, 0x50,
  0x10, 0x90, 0xd3, 0x46, 0xe0, 0xff, 0x90, 0xd3, 0x48, 0x12, 0x1b, 0x43,
  0x90, 0xd3, 0x4b, 0x71, 0xef, 0x12, 0x8b, 0x80, 0xa2, 0x02, 0x22, 0x90,
  0xce, 0x70, 0xe0, 0xff, 0x90, 0xd3, 0x39, 0x22, 0x90, 0xd3, 0x40, 0xea,
  0xf0, 0xa3, 0xeb, 0xf0, 0x90, 0xd3, 0x3e, 0xef, 0xf0, 0x90, 0xd3, 0x40,
  0xe0, 0xfb, 0x7a, 0x00, 0x90, 0xd3, 0x45, 0x91, 0xe1, 0x40, 0x01, 0x22,
  0x91, 0x37, 0x12, 0xca, 0xe1, 0x90, 0xd3, 0x45, 0xe0, 0x90, 0xd3, 0x4b,
  0xf0, 0x80, 0xa3, 0xe0, 0x90, 0xd3, 0x50, 0xf0, 0xb1, 0x00, 0x92, 0x02,
  0x22, 0x90, 0xfe, 0xe0, 0xef, 0x91, 0x47, 0x74, 0x02, 0xf0, 0x90, 0xfe,
  0xef, 0x74, 0x83, 0xf0, 0x90, 0xd3, 0x55, 0x74, 0x0a, 0xf0, 0x7b, 0x01,
  0x7d, 0x40, 0x7f, 0xef, 0x7e, 0xfe, 0x12, 0xc2, 0x45, 0x40, 0x07, 0x90,
  0xfe, 0xef, 0x74, 0x10, 0xf0, 0x22, 0x90, 0xfe, 0xf0, 0xe0, 0xd3, 0x30,
  0xe7, 0x01, 0xc3, 0x22, 0x74, 0x80, 0xf0, 0x80, 0xd7, 0x91, 0x40, 0x74,
  0x03, 0x80, 0xca, 0x90, 0xd3, 0x3e, 0xe0, 0xff, 0x90, 0xd3, 0x41, 0x22,
  0x90, 0xfe, 0xe0, 0xef, 0xf0, 0xec, 0xa3, 0xf0, 0xa3, 0xed, 0xf0, 0x90,
  0xfe, 0xe6, 0x22, 0x90, 0xd3, 0x39, 0x12, 0x8a, 0x7b, 0x91, 0xc5, 0x60,
  0x11, 0x24, 0x10, 0x70, 0x2b, 0x71, 0xbb, 0x12, 0x8a, 0xaa, 0x90, 0xd3,
  0x42, 0xe5, 0x0e, 0xf0, 0xa1, 0x46, 0x90, 0xce, 0x72, 0xe0, 0xfd, 0x90,
  0xd3, 0x39, 0x12, 0x8d, 0xf3, 0x90, 0xd3, 0x41, 0xcf, 0xf0, 0xa3, 0xef,
  0xf0, 0xa3, 0xe5, 0x0e, 0xf0, 0x90, 0xce, 0x70, 0xe0, 0xff, 0xc1, 0x3d,
  0x71, 0xbb, 0x12, 0x8a, 0xac, 0x90, 0xd3, 0x4a, 0xe5, 0x0e, 0xf0, 0x80,
  0x51, 0x90, 0xd3, 0x3e, 0xef, 0xf0, 0x90, 0xd3, 0x41, 0x91, 0xb8, 0x90,
  0xd3, 0x3e, 0xe0, 0xff, 0x91, 0x31, 0x50, 0x0a, 0x91, 0x37, 0x12, 0x1b,
  0x43, 0x90, 0xd3, 0x44, 0x71, 0xef, 0x12, 0x8b, 0x80, 0xa2, 0x02, 0x22,
  0x12, 0x1b, 0x63, 0xc2, 0x02, 0x90, 0xfe, 0x86, 0xe0, 0x44, 0x10, 0xf0,
  0x22, 0x90, 0xce, 0x71, 0xe0, 0xff, 0x54, 0x0f, 0xf5, 0x0e, 0xef, 0x54,
  0xf0, 0x24, 0xe0, 0x22, 0x90, 0xd3, 0x55, 0xef, 0xf0, 0xe4, 0xfb, 0xfd,
  0xff, 0xfe, 0x02, 0xc2, 0x45, 0xe0, 0x90, 0xd3, 0x4a, 0xf0, 0x91, 0xbd,
  0x90, 0xfe, 0xe0, 0xef, 0x91, 0x47, 0x74, 0x02, 0xf0, 0xae, 0x02, 0xaf,
  0x03, 0x90, 0xd3, 0x4a, 0xb1, 0x5c, 0x12, 0x8b, 0x80, 0xa2, 0x02, 0x22,
  0x90, 0xd3, 0x4d, 0x12, 0x1b, 0x63, 0xd1, 0x72, 0x90, 0xd3, 0x50, 0xb1,
  0x63, 0x74, 0x81, 0xf0, 0x91, 0x08, 0x92, 0x03, 0x30, 0x03, 0x2c, 0x90,
  0xd3, 0x50, 0xe0, 0x90, 0xfe, 0xf7, 0xb4, 0x02, 0x14, 0xe0, 0xff, 0x90,
  0xd3, 0x4d, 0x12, 0x8c, 0xc9, 0x90, 0xfe, 0xf8, 0xe0, 0xff, 0x90, 0xd3,
  0x4d, 0xd1, 0x90, 0x80, 0x0e, 0xe0, 0xff, 0x90, 0xd3, 0x4d, 0x12, 0x1b,
  0x43, 0xe4, 0x8f, 0xf0, 0x12, 0x17, 0xb1, 0xa2, 0x03, 0x22, 0x91, 0xbd,
  0x91, 0x40, 0x74, 0x03, 0xf0, 0xae, 0x02, 0xaf, 0x03, 0x90, 0xd3, 0x42,
  0xb1, 0x5c, 0x12, 0x8b, 0x80, 0xa2, 0x02, 0x22, 0xe0, 0xfd, 0xd1, 0x12,
  0x92, 0x02, 0x22, 0xe0, 0x90, 0xfe, 0xee, 0xf0, 0xa3, 0x22, 0x12, 0xce,
  0x07, 0x70, 0x03, 0x7f, 0xfd, 0x22, 0xed, 0x64, 0x10, 0x60, 0x03, 0x7f,
  0x08, 0x22, 0x7b, 0x01, 0x7a, 0xd2, 0x79, 0xd8, 0x12, 0x7f, 0x91, 0x90,
  0xd2, 0xd7, 0xef, 0xf0, 0x7b, 0x01, 0x7a, 0xd2, 0x79, 0xd8, 0x12, 0x15,
  0x64, 0xff, 0x60, 0x18, 0xc3, 0x64, 0x80, 0x94, 0xc1, 0x40, 0x0d, 0xd3,
  0xef, 0x64, 0x80, 0x94, 0xda, 0x50, 0x05, 0x74, 0x20, 0x12, 0x15, 0xaa,
  0xd1, 0x80, 0x80, 0xe2, 0x90, 0xd2, 0xd7, 0xe0, 0x70, 0x0d, 0x90, 0xd2,
  0xd4, 0x12, 0x7f, 0xe4, 0x7a, 0xd2, 0x79, 0xd8, 0x12, 0x7f, 0x6a, 0x90,
  0xd2, 0xd7, 0xe0, 0xff, 0x22, 0x90, 0xd2, 0xc9, 0xed, 0xf0, 0xa3, 0xeb,
  0xf0, 0xc2, 0x01, 0x91, 0xbd, 0x90, 0xd2, 0xc9, 0xe0, 0x70, 0x13, 0xd1,
  0x72, 0x90, 0xd2, 0xca, 0xb1, 0x63, 0x74, 0x81, 0xf0, 0x91, 0x08, 0x92,
  0x01, 0x30, 0x01, 0x24, 0x80, 0x15, 0x90, 0xd2, 0xc9, 0xe0, 0x64, 0x01,
  0x70, 0x1a, 0xa3, 0xb1, 0x63, 0x74, 0x82, 0xf0, 0x91, 0x08, 0x92, 0x01,
  0x30, 0x01, 0x0d, 0xd1, 0x88, 0xa3, 0x12, 0x7f, 0xe4, 0x7a, 0xfe, 0x79,
  0xf7, 0x12, 0x15, 0x3e, 0x12, 0x8b, 0x80, 0xa2, 0x01, 0x22, 0x90, 0xd3,
  0x4b, 0x12, 0x90, 0x3d, 0xb4, 0x02, 0x12, 0x90, 0xd3, 0x4b, 0xe0, 0x90,
  0xfe, 0xf7, 0xf0, 0x90, 0xd3, 0x4c, 0xe0, 0x90, 0xfe, 0xf8, 0xf0, 0x80,
  0x08, 0x90, 0xd3, 0x4c, 0xe0, 0x90, 0xfe, 0xf7, 0xf0, 0x90, 0xfe, 0xee,
  0xed, 0xf0, 0xa3, 0x81, 0x2c, 0x90, 0xd3, 0x3f, 0xea, 0xf0, 0xa3, 0xeb,
  0xf0, 0x90, 0xd3, 0x3d, 0xef, 0xf0, 0x90, 0xd3, 0x3f, 0xe0, 0xfb, 0x7a,
  0x00, 0x90, 0xd3, 0x43, 0x91, 0xe1, 0x40, 0x01, 0x22, 0x90, 0xd3, 0x3d,
  0xe0, 0xff, 0x90, 0xd3, 0x40, 0x12, 0x8a, 0xad, 0xa3, 0x81, 0xe1, 0x91,
  0xbd, 0x90, 0xfe, 0xf1, 0x74, 0x0a, 0xf0, 0x02, 0x8b, 0x80, 0xef, 0x44,
  0x01, 0x90, 0xfe, 0xe0, 0xf0, 0x90, 0xfe, 0xe6, 0x74, 0x01, 0xf0, 0x22,
  0x74, 0x01, 0x29, 0xf9, 0xe4, 0x3a, 0xfa, 0x22, 0x90, 0xd2, 0xca, 0xe0,
  0xff, 0x7e, 0x00, 0x22, 0x12, 0x1b, 0x43, 0x90, 0x00, 0x01, 0xef, 0x02,
  0x15, 0xde, 0x7b, 0x01, 0x7a, 0xd2, 0x79, 0xc9, 0x71, 0x41, 0x92, 0x00,
  0x22, 0x90, 0xd4, 0xcf, 0xef, 0xf0, 0x60, 0x06, 0xe4, 0x90, 0xd4, 0xcd,
  0xf0, 0x22, 0x90, 0x8c, 0x02, 0xe0, 0xff, 0x7e, 0x00, 0x7c, 0x01, 0x7d,
  0x90, 0x12, 0x16, 0x00, 0x90, 0xd0, 0x97, 0xe0, 0xfd, 0x1c, 0x12, 0x16,
  0x12, 0x90, 0xd4, 0xcd, 0xef, 0xf0, 0x22, 0x90, 0xd2, 0xc8, 0xef, 0xf0,
  0x90, 0xd2, 0xca, 0xeb, 0xf0, 0x90, 0xd2, 0xc9, 0xed, 0xf0, 0xc2, 0x01,
  0x70, 0x25, 0x91, 0xbd, 0x90, 0xd2, 0xc8, 0xe0, 0xd1, 0x75, 0xd1, 0x88,
  0x78, 0xf7, 0x7c, 0xfe, 0x7d, 0x01, 0xa3, 0x12, 0x1b, 0x43, 0x12, 0x15,
  0x3e, 0x90, 0xd2, 0xca, 0xb1, 0x63, 0x91, 0x2c, 0x92, 0x01, 0x12, 0x8b,
  0x80, 0x80, 0x38, 0x90, 0xd2, 0xc9, 0xe0, 0x64, 0x01, 0x70, 0x30, 0x90,
  0xd2, 0xc8, 0xe0, 0x90, 0xfe, 0xe0, 0xf0, 0xe4, 0xff, 0x90, 0xd2, 0xca,
  0xe0, 0xfe, 0xef, 0xc3, 0x9e, 0x50, 0x09, 0x12, 0xca, 0x39, 0x12, 0xf6,
  0x8e, 0x0f, 0x80, 0xed, 0x90, 0xd2, 0xc8, 0xe0, 0x44, 0x01, 0x12, 0xf6,
  0x8e, 0xee, 0x04, 0x44, 0x10, 0x90, 0xfe, 0xe6, 0xf0, 0xd2, 0x01, 0xa2,
  0x01, 0x22, 0x90, 0xd2, 0xc2, 0x12, 0x8a, 0xff, 0x12, 0xf6, 0xaa, 0x70,
  0x1f, 0x90, 0xd2, 0xc8, 0xf0, 0x12, 0xe0, 0x8c, 0xc3, 0x9f, 0x50, 0x66,
  0x12, 0xf6, 0x9c, 0xd1, 0x9a, 0x30, 0x00, 0x5e, 0x90, 0xd2, 0xc9, 0xa3,
  0x12, 0xe1, 0x50, 0x12, 0xe0, 0x9c, 0x80, 0xe5, 0x90, 0xd2, 0xcb, 0xe0,
  0x64, 0x02, 0x70, 0x4a, 0x90, 0xd2, 0xc8, 0xf0, 0x12, 0xe0, 0x8c, 0xc3,
  0x9f, 0x50, 0x3f, 0x90, 0xd2, 0xc2, 0xe0, 0xfe, 0xa3, 0xe0, 0xff, 0xd1,
  0x9a, 0x30, 0x00, 0x32, 0x90, 0xd2, 0xca, 0xe0, 0xff, 0x90, 0xd2, 0xc5,
  0x12, 0x1b, 0x43, 0x90, 0xd2, 0xc8, 0xe0, 0xfe, 0x12, 0xe1, 0x5c, 0x12,
  0xe0, 0xe4, 0x90, 0xd2, 0xc4, 0xe0, 0x12, 0x90, 0x44, 0x50, 0x0e, 0x90,
  0xd2, 0xc9, 0xe0, 0xfd, 0x12, 0xe0, 0xdc, 0x90, 0xd2, 0xc5, 0x12, 0xe6,
  0xa5, 0x12, 0xf6, 0xf3, 0x80, 0xba, 0x7f, 0x09, 0x30, 0x00, 0x02, 0x7f,
  0x00, 0x22, 0x90, 0xd2, 0xc2, 0x12, 0x8a, 0xff, 0x12, 0xf6, 0xaa, 0x70,
  0x29, 0x90, 0xd2, 0xc8, 0xf0, 0x12, 0xe0, 0x8c, 0xfd, 0xc3, 0x9f, 0x50,
  0x76, 0x12, 0xf6, 0x9c, 0x90, 0xd2, 0xc5, 0x12, 0x1b, 0x43, 0x8d, 0x82,
  0x12, 0xca, 0x3f, 0xfd, 0x7c, 0x00, 0x91, 0x4f, 0x92, 0x00, 0x30, 0x00,
  0x5e, 0x12, 0xe0, 0x9c, 0x80, 0xdb, 0x90, 0xd2, 0xcb, 0xe0, 0x64, 0x02,
  0x70, 0x51, 0x90, 0xd2, 0xc8, 0xf0, 0x11, 0x8c, 0xfe, 0xc3, 0x9f, 0x50,
  0x46, 0x11, 0xe4, 0x90, 0xd2, 0xc5, 0x12, 0x8d, 0x69, 0x90, 0xd2, 0xc9,
  0xf0, 0x90, 0xd2, 0xc8, 0xe0, 0xf5, 0x82, 0x12, 0xca, 0x3f, 0x90, 0xd2,
  0xca, 0xf0, 0x11, 0xdc, 0x90, 0xd2, 0xc4, 0xe0, 0xfd, 0xc3, 0x11, 0xd4,
  0x90, 0xd2, 0xc2, 0xe0, 0xfe, 0x50, 0x09, 0x11, 0x5b, 0x12, 0xdc, 0x4f,
  0x92, 0x00, 0x80, 0x0b, 0x11, 0x5b, 0x7b, 0xff, 0x7a, 0x00, 0x12, 0x03,
  0x82, 0x92, 0x00, 0x30, 0x00, 0x05, 0x12, 0xf6, 0xf3, 0x80, 0xb3, 0x7f,
  0x09, 0x30, 0x00, 0x02, 0x7f, 0x00, 0x22, 0xa3, 0xe0, 0xff, 0x90, 0xd2,
  0xc9, 0xe0, 0xfc, 0xa3, 0xe0, 0xfd, 0x22, 0x90, 0xd4, 0xcd, 0xe0, 0x70,
  0x05, 0x7f, 0x01, 0x12, 0xde, 0xa5, 0x90, 0xd4, 0xcf, 0xe0, 0xff, 0x22,
  0x90, 0xd4, 0xcc, 0xe0, 0xfe, 0xef, 0xf4, 0xff, 0xee, 0x5f, 0xf0, 0x22,
  0xc3, 0xe5, 0xf0, 0x64, 0x80, 0x94, 0x80, 0x22, 0x90, 0xd2, 0xc4, 0xe0,
  0xff, 0x90, 0xd2, 0xc8, 0xe0, 0x22, 0x3c, 0xfa, 0xee, 0x12, 0x15, 0xcc,
  0x90, 0xd2, 0xc8, 0xe0, 0x04, 0xf0, 0x22, 0x90, 0x8c, 0x85, 0xe0, 0xff,
  0xa3, 0xe0, 0x5f, 0xff, 0x60, 0x0e, 0x90, 0x8c, 0x86, 0xef, 0xf0, 0x11,
  0x78, 0x11, 0xce, 0xef, 0x70, 0x02, 0x11, 0xbd, 0x22, 0x12, 0x8c, 0x61,
  0x7d, 0x20, 0x12, 0xc2, 0x41, 0x50, 0x06, 0x90, 0x70, 0x4c, 0x74, 0x20,
  0xf0, 0x22, 0x90, 0xd4, 0xcc, 0xe0, 0xff, 0x22, 0xef, 0x9d, 0x74, 0x80,
  0xf8, 0x6e, 0x98, 0x22, 0xef, 0x24, 0x01, 0xff, 0xee, 0x33, 0xfe, 0x22,
  0xee, 0xff, 0x7e, 0x00, 0x24, 0x01, 0xfd, 0xee, 0x33, 0xfc, 0x22, 0x7f,
  0x10, 0x7e, 0x27, 0x7d, 0x00, 0x7c, 0x00, 0x90, 0xd2, 0xef, 0x12, 0x1a,
  0xe9, 0x90, 0xd4, 0xcc, 0xe0, 0x60, 0x12, 0x90, 0xd2, 0xef, 0x74, 0xff,
  0x12, 0x1a, 0xb6, 0xec, 0x4d, 0x4e, 0x4f, 0x60, 0x04, 0x11, 0xa3, 0x80,
  0xe8, 0x90, 0xd4, 0xcc, 0xe0, 0x7f, 0x00, 0x60, 0x02, 0x7f, 0xff, 0x22,
  0x90, 0xd2, 0xc2, 0x12, 0x8a, 0xff, 0xed, 0x12, 0x83, 0xaf, 0x90, 0xd2,
  0xc8, 0xf0, 0x11, 0x8c, 0xfe, 0xc3, 0x9f, 0x50, 0x18, 0xee, 0xff, 0x90,
  0xd2, 0xc3, 0xe0, 0x2f, 0xff, 0x90, 0xd2, 0xc2, 0xe0, 0x34, 0x00, 0x8f,
  0x82, 0xf5, 0x83, 0x31, 0x50, 0x11, 0x9c, 0x80, 0xe1, 0x7f, 0x00, 0x22,
  0xe0, 0xff, 0x90, 0xd2, 0xc5, 0x12, 0x1b, 0x43, 0x90, 0xd2, 0xc8, 0xe0,
  0xf5, 0x82, 0x75, 0x83, 0x00, 0xef, 0x02, 0x15, 0xde, 0x90, 0xd4, 0xce,
  0xe0, 0xff, 0x90, 0xd2, 0xdf, 0xef, 0xf0, 0x70, 0x02, 0xff, 0x22, 0x11,
  0xef, 0xef, 0x60, 0x03, 0x7f, 0x0c, 0x22, 0x90, 0xd2, 0xdf, 0xe0, 0x90,
  0xd4, 0xcc, 0xf0, 0x30, 0xe0, 0x07, 0x90, 0x8c, 0x7e, 0xe0, 0x44, 0x40,
  0xf0, 0x90, 0xd2, 0xdf, 0xe0, 0x30, 0xe1, 0x07, 0x90, 0x8c, 0x7f, 0xe0,
  0x44, 0x40, 0xf0, 0x90, 0xd2, 0xdf, 0xe0, 0xff, 0x30, 0xe2, 0x07, 0x90,
  0x8c, 0x80, 0xe0, 0x44, 0x40, 0xf0, 0xef, 0x30, 0xe3, 0x07, 0x90, 0x8c,
  0x81, 0xe0, 0x44, 0x40, 0xf0, 0x90, 0xd2, 0xdf, 0xe0, 0x30, 0xe4, 0x07,
  0x90, 0x8c, 0x82, 0xe0, 0x44, 0x40, 0xf0, 0x90, 0xd2, 0xdf, 0xe0, 0x30,
  0xe5, 0x07, 0x90, 0x8c, 0x83, 0xe0, 0x44, 0x40, 0xf0, 0x7f, 0x00, 0x22,
  0x90, 0x8c, 0x25, 0xe0, 0xff, 0xa3, 0xe0, 0x5f, 0x90, 0xd2, 0xb9, 0xf0,
  0xe0, 0xff, 0x60, 0x54, 0xef, 0x54, 0x42, 0x60, 0x08, 0x90, 0xd2, 0xb9,
  0xe0, 0x90, 0x8c, 0x26, 0xf0, 0x90, 0xd2, 0xb9, 0xe0, 0x30, 0xe6, 0x22,
  0x11, 0x67, 0xef, 0x60, 0x1d, 0x31, 0x65, 0x12, 0x8c, 0x61, 0x7d, 0x01,
  0x12, 0xc2, 0x41, 0x50, 0x11, 0x90, 0x70, 0x4c, 0x74, 0x01, 0xf0, 0x90,
  0xd4, 0xce, 0xe0, 0x60, 0x05, 0xe4, 0xff, 0x12, 0xde, 0xa5, 0x90, 0xd2,
  0xb9, 0xe0, 0x30, 0xe2, 0x17, 0x12, 0x8c, 0x61, 0x7d, 0x40, 0x12, 0xc2,
  0x41, 0x50, 0x06, 0x90, 0x70, 0x4c, 0x74, 0x40, 0xf0, 0x90, 0x8c, 0x25,
  0xe0, 0x54, 0xfb, 0xf0, 0x22, 0x12, 0xd4, 0x4b, 0xef, 0x54, 0x02, 0xff,
  0xe4, 0xfe, 0xfd, 0xfc, 0x7b, 0x02, 0x12, 0x8d, 0xd2, 0x70, 0x63, 0x90,
  0xd2, 0xba, 0xe0, 0xfd, 0x14, 0x60, 0x18, 0x24, 0x80, 0x24, 0xf9, 0x50,
  0x02, 0x80, 0x50, 0x7b, 0x01, 0x7a, 0xcd, 0x79, 0xde, 0x12, 0xb2, 0x1d,
  0x90, 0xd2, 0xbc, 0xef, 0xf0, 0x80, 0x46, 0x7b, 0x01, 0x7a, 0xcd, 0x79,
  0xde, 0x12, 0xd7, 0x73, 0x70, 0x3b, 0x90, 0xcd, 0xe2, 0x12, 0x1b, 0x43,
  0x90, 0x00, 0x0a, 0x12, 0xce, 0xed, 0x12, 0x8a, 0x95, 0xff, 0xae, 0xf0,
  0x6d, 0x70, 0x02, 0xee, 0x6c, 0x60, 0x0c, 0x90, 0xcd, 0xe2, 0x12, 0x1b,
  0x43, 0x12, 0xce, 0xea, 0x12, 0x04, 0x9f, 0xe4, 0x90, 0xcd, 0xdf, 0xf0,
  0x90, 0xcd, 0xe2, 0x12, 0x8a, 0x92, 0x12, 0x8a, 0xe1, 0x80, 0x06, 0x7f,
  0x0d, 0x22, 0x7f, 0x0d, 0x22, 0x90, 0xd2, 0xbc, 0xe0, 0xff, 0x22, 0x12,
  0xd4, 0x4b, 0xe4, 0xff, 0xfe, 0xfd, 0xec, 0x54, 0x40, 0xfc, 0x12, 0x8e,
  0xc0, 0xc3, 0x12, 0x19, 0x73, 0x70, 0x70, 0x90, 0xd2, 0xba, 0xe0, 0xfd,
  0x14, 0x60, 0x24, 0x24, 0x80, 0x60, 0x11, 0x24, 0xf9, 0x50, 0x02, 0x80,
  0x5b, 0x7b, 0x01, 0x7a, 0xd0, 0x79, 0x5b, 0x12, 0xb2, 0x1d, 0x80, 0x08,
  0x90, 0xd2, 0xbb, 0xe0, 0xff, 0x12, 0xc9, 0x4e, 0x90, 0xd2, 0xbc, 0xef,
  0xf0, 0x80, 0x47, 0x7b, 0x01, 0x7a, 0xd0, 0x79, 0x5b, 0x12, 0xd7, 0x73,
  0x70, 0x3c, 0x12, 0xda, 0xbf, 0x64, 0x01, 0x70, 0x35, 0x90, 0xd0, 0x5f,
  0x12, 0x8a, 0x92, 0xfd, 0xac, 0xf0, 0x12, 0x87, 0x35, 0x78, 0x43, 0x12,
  0x12, 0x21, 0x12, 0x86, 0xab, 0xe4, 0x90, 0xd0, 0x5c, 0xf0, 0x90, 0xd0,
  0x5f, 0x12, 0x8a, 0x92, 0x12, 0x8a, 0xe1, 0x90, 0xc3, 0x2e, 0x74, 0x01,
  0xf0, 0xe4, 0x90, 0xc2, 0xfe, 0xf0, 0x80, 0x06, 0x7f, 0x0d, 0x22, 0x7f,
  0x0d, 0x22, 0x90, 0xd2, 0xbc, 0xe0, 0xff, 0x22, 0x90, 0xd2, 0xdf, 0xef,
  0xf0, 0xed, 0x30, 0xe0, 0x0a, 0xe0, 0xff, 0xae, 0x05, 0xee, 0xc3, 0x13,
  0xfd, 0x80, 0x35, 0x90, 0xd2, 0xdf, 0xe0, 0x60, 0x09, 0x71, 0x85, 0x12,
  0xd5, 0xf8, 0xe4, 0xf0, 0x80, 0x18, 0x90, 0x8c, 0x00, 0xe4, 0xf0, 0x90,
  0x8c, 0x25, 0xf0, 0x90, 0x8c, 0x30, 0x12, 0xc5, 0xa3, 0x7f, 0x01, 0x12,
  0xde, 0xa5, 0x7f, 0xff, 0x11, 0x78, 0x7f, 0x00, 0x22, 0x90, 0xd2, 0xe7,
  0xe0, 0x75, 0xf0, 0x20, 0xa4, 0x24, 0x00, 0x22, 0xac, 0x07, 0xec, 0x60,
  0x1d, 0x71, 0xb5, 0x71, 0xbc, 0xfa, 0xa3, 0xe0, 0x4a, 0x70, 0x08, 0x8f,
  0x82, 0x8e, 0x83, 0xf0, 0xa3, 0x04, 0xf0, 0xec, 0x71, 0x85, 0x12, 0xd5,
  0xf8, 0x74, 0x07, 0xf0, 0x80, 0x04, 0xaf, 0x05, 0x71, 0xc8, 0x7f, 0x00,
  0x22, 0x75, 0xf0, 0x20, 0xa4, 0x24, 0x10, 0x22, 0xff, 0xe5, 0xf0, 0x34,
  0x89, 0xfe, 0x8f, 0x82, 0xf5, 0x83, 0xe0, 0x22, 0x90, 0xd2, 0xe0, 0xef,
  0xf0, 0x11, 0xef, 0xef, 0x60, 0x03, 0x7f, 0x0c, 0x22, 0x90, 0xd2, 0xe0,
  0xe0, 0x30, 0xe0, 0x1e, 0x90, 0x8c, 0x00, 0x74, 0x03, 0x91, 0xbf, 0x74,
  0x0b, 0xf0, 0x90, 0x8c, 0x25, 0xe0, 0x54, 0x42, 0x90, 0xd4, 0xc3, 0x12,
  0xc5, 0xa3, 0x90, 0x8c, 0x25, 0x74, 0x04, 0xf0, 0x80, 0x22, 0x90, 0x8c,
  0x30, 0xe0, 0x60, 0x0d, 0x90, 0xd4, 0xc3, 0xe0, 0x60, 0x07, 0x12, 0xc5,
  0xa4, 0x90, 0x8c, 0x25, 0xf0, 0x90, 0x8c, 0x00, 0x74, 0x03, 0xf0, 0x90,
  0x8c, 0x60, 0x74, 0x01, 0x91, 0xbf, 0xe4, 0xf0, 0x7f, 0x00, 0x22, 0x90,
  0xd2, 0xe7, 0xef, 0xf0, 0xa3, 0x12, 0x1b, 0x63, 0x71, 0x81, 0x71, 0xbc,
  0x90, 0xd2, 0xf5, 0xf0, 0x8f, 0x82, 0x8e, 0x83, 0xe4, 0xf0, 0x90, 0xd2,
  0xef, 0xf0, 0xa3, 0xf0, 0x12, 0xd4, 0xaf, 0x9f, 0xec, 0x9e, 0x50, 0x06,
  0xae, 0x04, 0xaf, 0x05, 0x80, 0x00, 0xc3, 0x90, 0xd2, 0xf0, 0xe0, 0x9f,
  0x90, 0xd2, 0xef, 0xe0, 0x9e, 0x50, 0x59, 0xe0, 0xfc, 0xa3, 0xe0, 0xfd,
  0xae, 0x04, 0x78, 0x03, 0xce, 0xc3, 0x13, 0xce, 0x13, 0xd8, 0xf9, 0xff,
  0x90, 0xd2, 0xe8, 0x12, 0x1b, 0x43, 0x12, 0x8e, 0xd3, 0xff, 0xed, 0x12,
  0x8c, 0xf0, 0x80, 0x02, 0xc3, 0x13, 0xd8, 0xfc, 0x7e, 0x00, 0x54, 0x01,
  0xff, 0xe4, 0xfc, 0xfd, 0x78, 0x14, 0x12, 0x19, 0xab, 0x12, 0x90, 0x31,
  0x12, 0x90, 0x2b, 0x90, 0xd2, 0xfd, 0x74, 0x89, 0xf0, 0xa3, 0x74, 0xa0,
  0xf0, 0x12, 0xc5, 0x82, 0xd1, 0xd4, 0x80, 0x02, 0xc3, 0x33, 0xd8, 0xfc,
  0x90, 0x89, 0xa5, 0xf0, 0x90, 0xd2, 0xef, 0x12, 0x8d, 0xaf, 0x80, 0x8c,
  0x90, 0xd2, 0xf5, 0xe0, 0xfd, 0x71, 0x81, 0x12, 0xd5, 0xf8, 0xed, 0xf0,
  0x7f, 0x00, 0x22, 0xf0, 0x90, 0x8c, 0x30, 0x74, 0x07, 0xf0, 0x90, 0x8c,
  0x40, 0x22, 0xef, 0x60, 0x0a, 0x71, 0x85, 0x12, 0xd5, 0xf8, 0xe0, 0x54,
  0x01, 0x80, 0x10, 0x90, 0x8c, 0x40, 0xe0, 0x54, 0x01, 0x25, 0xe0, 0xff,
  0x90, 0x8c, 0x00, 0xe0, 0x54, 0x01, 0x4f, 0x90, 0x72, 0x00, 0xf0, 0x22,
  0x12, 0xf6, 0xce, 0x90, 0x8c, 0x00, 0xe0, 0x90, 0xd2, 0xee, 0xf0, 0x90,
  0x8c, 0x00, 0xe4, 0xf0, 0x7f, 0x10, 0x7e, 0x27, 0xfd, 0xfc, 0x11, 0xf7,
  0xef, 0x60, 0x05, 0xb1, 0x5a, 0x7f, 0x0c, 0x22, 0x90, 0x8c, 0x60, 0xe4,
  0x12, 0xf6, 0xdd, 0xaf, 0x05, 0x90, 0x8c, 0xb1, 0xed, 0x12, 0xf6, 0xbf,
  0x90, 0x8c, 0xb2, 0xb1, 0x85, 0xff, 0x90, 0x8c, 0xb3, 0xe4, 0xf0, 0xa3,
  0xef, 0xf0, 0x90, 0x8c, 0xb0, 0x80, 0x1c, 0x90, 0xd2, 0xec, 0x74, 0xff,
  0xf5, 0xf0, 0x12, 0x16, 0xb3, 0x45, 0xf0, 0x60, 0x13, 0x90, 0xd2, 0xe7,
  0x12, 0x8f, 0x40, 0x12, 0x15, 0x64, 0x90, 0x8c, 0xb5, 0xf0, 0xa3, 0x74,
  0x01, 0xf0, 0x80, 0xdf, 0x90, 0x8c, 0xb0, 0xb1, 0x7b, 0xb1, 0x5a, 0x7f,
  0x00, 0x22, 0x90, 0xd2, 0xee, 0xe0, 0x90, 0x8c, 0x00, 0xf0, 0x22, 0xd1,
  0x10, 0x60, 0x0f, 0x12, 0x1b, 0x43, 0xe4, 0x90, 0xd2, 0xeb, 0x12, 0x7c,
  0x63, 0x74, 0x09, 0xf0, 0x81, 0x1f, 0x12, 0xe9, 0x58, 0x81, 0xec, 0xe4,
  0xf0, 0x90, 0x8c, 0x60, 0x04, 0xf0, 0x22, 0xf0, 0xa3, 0xef, 0xf0, 0x90,
  0x8c, 0x0b, 0xe0, 0x22, 0xb1, 0xf6, 0x80, 0x05, 0xc3, 0x33, 0xce, 0x33,
  0xce, 0xd8, 0xf9, 0xff, 0x90, 0x8c, 0x07, 0xe0, 0xfc, 0xa3, 0xe0, 0x2f,
  0xff, 0xec, 0xd1, 0x03, 0xfd, 0xef, 0xa8, 0x05, 0x08, 0x80, 0x05, 0xce,
  0xc3, 0x13, 0xce, 0x13, 0xd8, 0xf9, 0xfd, 0xb1, 0xf6, 0x80, 0x05, 0xc3,
  0x33, 0xce, 0x33, 0xce, 0xd8, 0xf9, 0xff, 0x90, 0x8c, 0x09, 0x12, 0x91,
  0x7f, 0xd1, 0x03, 0xfc, 0xef, 0xa8, 0x04, 0x08, 0x80, 0x05, 0xce, 0xc3,
  0x13, 0xce, 0x13, 0xd8, 0xf9, 0xff, 0xae, 0x05, 0xed, 0x8f, 0xf0, 0xa4,
  0xae, 0xf0, 0x12, 0x8a, 0x8b, 0xff, 0xfe, 0x7d, 0x04, 0xfc, 0x12, 0x18,
  0xa3, 0x90, 0xd2, 0xfd, 0x74, 0x8c, 0xf0, 0xa3, 0x74, 0x1c, 0xf0, 0x02,
  0xc5, 0x82, 0x90, 0x8c, 0x01, 0xe0, 0xff, 0x74, 0x01, 0x7e, 0x00, 0xa8,
  0x07, 0x08, 0x22, 0x3e, 0xcf, 0x24, 0xff, 0xcf, 0x34, 0xff, 0xfe, 0x90,
  0x8c, 0x01, 0xe0, 0x22, 0x90, 0xd2, 0xe0, 0x12, 0x1b, 0x63, 0xef, 0x90,
  0xd2, 0xe0, 0x22, 0x90, 0xd2, 0xe7, 0x12, 0x83, 0xae, 0xd1, 0x99, 0xf0,
  0xa3, 0xf0, 0x12, 0xd4, 0xaf, 0x9f, 0xec, 0x9e, 0x50, 0x06, 0xae, 0x04,
  0xaf, 0x05, 0x80, 0x00, 0x90, 0xd2, 0xef, 0x12, 0xd4, 0xc0, 0x9f, 0xec,
  0x9e, 0x50, 0x48, 0xed, 0x54, 0x07, 0x70, 0x18, 0xed, 0x4c, 0x60, 0x14,
  0xd1, 0xb0, 0xce, 0xc3, 0x13, 0xce, 0x13, 0xd8, 0xf9, 0xff, 0x90, 0xd2,
  0xe8, 0xd1, 0xa5, 0xe4, 0x90, 0xd2, 0xf5, 0xf0, 0xd1, 0xd4, 0x80, 0x02,
  0xc3, 0x33, 0xd8, 0xfc, 0x12, 0xc8, 0xa9, 0x12, 0x90, 0x31, 0x90, 0xd2,
  0xf5, 0xe0, 0xfb, 0x12, 0x90, 0x2b, 0x78, 0x14, 0xd1, 0xc7, 0x12, 0x8c,
  0xf0, 0x80, 0x02, 0xc3, 0x33, 0xd8, 0xfc, 0x4b, 0xd1, 0x99, 0x12, 0x8d,
  0xaf, 0x80, 0x9f, 0xd1, 0xb0, 0xce, 0xc3, 0x13, 0xce, 0x13, 0xd8, 0xf9,
  0xff, 0x90, 0xd2, 0xe8, 0xd1, 0xa5, 0x7f, 0x00, 0x22, 0x90, 0xd2, 0xf5,
  0xf0, 0x90, 0xd2, 0xef, 0x22, 0xff, 0x90, 0xd2, 0xe7, 0x12, 0x1b, 0x43,
  0x8f, 0x82, 0x8e, 0x83, 0xed, 0x02, 0x15, 0xde, 0x90, 0xd2, 0xf5, 0xe0,
  0xfd, 0x90, 0xd2, 0xf0, 0xe0, 0x24, 0xff, 0xff, 0x90, 0xd2, 0xef, 0xe0,
  0x34, 0xff, 0xfe, 0xef, 0x78, 0x03, 0x22, 0x12, 0x19, 0x84, 0xef, 0x54,
  0x01, 0xff, 0x90, 0xd2, 0xef, 0xa3, 0xe0, 0x22, 0x90, 0xd2, 0xeb, 0xe0,
  0xfe, 0xa3, 0xe0, 0xff, 0x90, 0xd2, 0xf0, 0xe0, 0x2f, 0xff, 0x90, 0xd2,
  0xef, 0xe0, 0x3e, 0xcf, 0x24, 0x03, 0xcf, 0x34, 0x00, 0x90, 0x89, 0xa3,
  0xf0, 0xa3, 0xef, 0xf0, 0x90, 0xd2, 0xe7, 0xe0, 0xff, 0x74, 0x01, 0xa8,
  0x07, 0x08, 0x22, 0x12, 0xf6, 0xce, 0xe4, 0x90, 0xd2, 0xee, 0xf0, 0x90,
  0xd2, 0xec, 0xe0, 0xfe, 0xa3, 0xe0, 0x78, 0x03, 0xc3, 0x33, 0xce, 0x33,
  0xce, 0xd8, 0xf9, 0xff, 0x90, 0xd2, 0xea, 0xe0, 0xfa, 0xa3, 0xe0, 0xfb,
  0x2f, 0xff, 0xea, 0x3e, 0x90, 0xd2, 0xf1, 0xf0, 0xa3, 0xef, 0x12, 0xf6,
  0xbf, 0xaf, 0x05, 0x90, 0xd2, 0xfa, 0xed, 0x12, 0xf6, 0xdd, 0x90, 0xd2,
  0xf9, 0xef, 0xf0, 0xaf, 0x03, 0xae, 0x02, 0x12, 0xe8, 0x6f, 0x90, 0xd2,
  0xf3, 0xee, 0xf0, 0xa3, 0xef, 0xf0, 0x90, 0xd2, 0xea, 0xe0, 0xff, 0xa3,
  0xe0, 0x90, 0xd2, 0xef, 0xcf, 0xf0, 0xa3, 0xef, 0xf0, 0x90, 0xd2, 0xf1,
  0xe0, 0xfe, 0xa3, 0xe0, 0xff, 0x90, 0xd2, 0xef, 0x12, 0xd4, 0xc0, 0x9f,
  0xec, 0x9e, 0x40, 0x03, 0x02, 0xe8, 0x52, 0xed, 0x54, 0x07, 0x70, 0x26,
  0x90, 0xd2, 0xea, 0x12, 0x8d, 0x37, 0x6f, 0x70, 0x02, 0xec, 0x6e, 0x60,
  0x19, 0x90, 0xd2, 0xee, 0xe0, 0xfd, 0xc3, 0x12, 0xe9, 0x48, 0xd1, 0xc0,
  0xce, 0xc3, 0x13, 0xce, 0x13, 0xd8, 0xf9, 0xd1, 0xa1, 0xe4, 0x90, 0xd2,
  0xee, 0xf0, 0x90, 0xd2, 0xf3, 0xe0, 0xff, 0xa3, 0xe0, 0x90, 0x8c, 0xa4,
  0xcf, 0xf0, 0xa3, 0xef, 0xf0, 0x90, 0x8c, 0xa7, 0x74, 0x01, 0xf0, 0x90,
  0x8c, 0xa0, 0x12, 0x1a, 0x4c, 0x90, 0xd2, 0xf5, 0x12, 0x1a, 0xe9, 0x90,
  0xd2, 0xee, 0xe0, 0xfb, 0x90, 0xd2, 0xf5, 0x12, 0x1a, 0x4c, 0x78, 0x08,
  0xd1, 0xc7, 0xfa, 0x12, 0x8c, 0xf0, 0x80, 0x02, 0xc3, 0x33, 0xd8, 0xfc,
  0x4b, 0xf9, 0x90, 0xd2, 0xee, 0xf0, 0x90, 0xd2, 0xf5, 0x12, 0x1a, 0x4c,
  0x78, 0x11, 0x12, 0x19, 0x84, 0xef, 0x54, 0x01, 0xff, 0xea, 0x04, 0x12,
  0x8c, 0xf0, 0x80, 0x02, 0xc3, 0x33, 0xd8, 0xfc, 0x49, 0x90, 0xd2, 0xee,
  0xf0, 0x90, 0xd2, 0xfa, 0xe0, 0x24, 0x02, 0xf0, 0x90, 0xd2, 0xf3, 0x12,
  0x8d, 0xaf, 0x90, 0x8c, 0x0b, 0xe0, 0xff, 0x90, 0xd2, 0xfa, 0xe0, 0x8f,
  0xf0, 0x84, 0xe5, 0xf0, 0x70, 0x2f, 0xf0, 0x90, 0xd2, 0xf9, 0xe0, 0x04,
  0xf0, 0xe0, 0x30, 0xe0, 0x1a, 0x90, 0x8c, 0x0b, 0xe0, 0xc3, 0x13, 0xff,
  0xc3, 0x90, 0xd2, 0xf4, 0xe0, 0x9f, 0xf0, 0x90, 0xd2, 0xf3, 0xe0, 0x94,
  0x00, 0xf0, 0xe0, 0x44, 0x10, 0x80, 0x06, 0x90, 0xd2, 0xf3, 0xe0, 0x54,
  0xef, 0xf0, 0xa3, 0xe0, 0xf0, 0x90, 0xd2, 0xef, 0xe4, 0x75, 0xf0, 0x02,
  0x12, 0x16, 0x9d, 0x02, 0xe7, 0x59, 0x90, 0xd2, 0xee, 0xe0, 0xfd, 0x90,
  0xd2, 0xea, 0x12, 0x83, 0x8c, 0x31, 0x48, 0x12, 0xe6, 0xc0, 0xce, 0xc3,
  0x13, 0xce, 0x13, 0xd8, 0xf9, 0x12, 0xe6, 0xa1, 0x7f, 0x00, 0x22, 0x90,
  0xd2, 0xfb, 0xee, 0xf0, 0xa3, 0xef, 0xf0, 0x31, 0x11, 0xa3, 0xee, 0x12,
  0xe5, 0x83, 0x90, 0xd2, 0xff, 0xf0, 0x90, 0x8c, 0x0b, 0xe0, 0xfd, 0x7c,
  0x00, 0x12, 0x16, 0x12, 0xef, 0x30, 0xe0, 0x13, 0x90, 0xd2, 0xff, 0xe0,
  0xff, 0xc3, 0x90, 0xd2, 0xfe, 0xe0, 0x9f, 0xf0, 0x90, 0xd2, 0xfd, 0xe0,
  0x94, 0x00, 0xf0, 0x90, 0xd2, 0xff, 0xe0, 0x31, 0x09, 0x90, 0xd2, 0xfd,
  0xe0, 0xfc, 0xa3, 0xe0, 0xfd, 0xcf, 0xcd, 0xcf, 0xce, 0xcc, 0xce, 0x12,
  0x16, 0x12, 0xac, 0x06, 0xad, 0x07, 0xa3, 0xe0, 0xf9, 0x31, 0x09, 0x12,
  0x16, 0x00, 0xef, 0x78, 0x02, 0xce, 0xc3, 0x13, 0xce, 0x13, 0xd8, 0xf9,
  0xfd, 0xac, 0x06, 0x90, 0xd2, 0xfd, 0x12, 0x91, 0x37, 0xc3, 0x9d, 0xff,
  0xee, 0x9c, 0xfe, 0xe9, 0x7c, 0x00, 0x2f, 0xff, 0xec, 0x3e, 0x90, 0xd2,
  0xfd, 0x12, 0xe5, 0x83, 0xfd, 0x31, 0x11, 0x12, 0x16, 0x12, 0xef, 0x54,
  0x01, 0xc4, 0x54, 0xf0, 0xfe, 0xa3, 0xe0, 0x4e, 0xf0, 0xa3, 0xe0, 0xf0,
  0x90, 0xd2, 0xfd, 0xe0, 0xfe, 0xa3, 0xe0, 0xff, 0x22, 0x75, 0xf0, 0x02,
  0xa4, 0xff, 0xae, 0xf0, 0x22, 0x90, 0xd2, 0xfb, 0xe0, 0xfe, 0xa3, 0xe0,
  0xff, 0x22, 0x12, 0xe6, 0x10, 0x60, 0x24, 0x12, 0x1b, 0x43, 0x90, 0xd2,
  0xe3, 0xe0, 0xfd, 0xa3, 0xe0, 0x90, 0xd2, 0xeb, 0xcd, 0xf0, 0xa3, 0xed,
  0xf0, 0x90, 0xd2, 0xe5, 0xe0, 0xfd, 0xa3, 0xe0, 0x90, 0xd2, 0xed, 0xcd,
  0xf0, 0xa3, 0xed, 0xf0, 0x02, 0xe6, 0x1b, 0x31, 0x58, 0x02, 0xe6, 0xff,
  0x90, 0xd2, 0xf0, 0xe0, 0x9f, 0xff, 0x90, 0xd2, 0xef, 0xe0, 0x9e, 0xcf,
  0x24, 0xff, 0xcf, 0x22, 0x12, 0x1b, 0x43, 0x90, 0xd2, 0xe3, 0xe0, 0xfc,
  0xa3, 0xe0, 0xfd, 0xa3, 0xe0, 0xff, 0xa3, 0xe0, 0x90, 0xd2, 0xec, 0xcf,
  0xf0, 0xa3, 0xef, 0xf0, 0x22, 0xef, 0xd3, 0x94, 0x64, 0x40, 0x02, 0x7f,
  0x64, 0xc3, 0x74, 0x64, 0x12, 0xc5, 0x72, 0x7c, 0x00, 0x7d, 0x38, 0xfe,
  0x12, 0x16, 0x00, 0x7d, 0x64, 0x12, 0x16, 0x12, 0xef, 0x24, 0x08, 0x90,
  0xd2, 0xdf, 0xf0, 0x7c, 0x00, 0x7d, 0x1e, 0x12, 0x8f, 0x12, 0x7d, 0x64,
  0x12, 0x16, 0x12, 0xef, 0x24, 0x02, 0xa3, 0xf0, 0xae, 0x02, 0xaf, 0x03,
  0xef, 0x78, 0x02, 0xc3, 0x33, 0xce, 0x33, 0xce, 0xd8, 0xf9, 0xff, 0x12,
  0x8f, 0x47, 0x90, 0xd2, 0xdf, 0xe0, 0x90, 0x8c, 0x16, 0xf0, 0x90, 0xd2,
  0xe0, 0xe0, 0x90, 0x8c, 0x17, 0xf0, 0xa3, 0xef, 0xf0, 0x22, 0xae, 0x07,
  0xee, 0x60, 0x06, 0x31, 0xdc, 0xe0, 0xfd, 0x80, 0x44, 0x90, 0xd2, 0x27,
  0xe0, 0xff, 0x80, 0x95, 0x24, 0x27, 0xf5, 0x82, 0xe4, 0x34, 0xd2, 0xf5,
  0x83, 0x22, 0x74, 0x27, 0x2f, 0x31, 0xde, 0xed, 0xf0, 0x80, 0xdb, 0xe4,
  0x90, 0xd2, 0xba, 0xf0, 0x90, 0xd2, 0xb9, 0xf0, 0x12, 0x8f, 0xb2, 0x94,
  0x05, 0x50, 0x19, 0xa3, 0xe0, 0xfe, 0xe4, 0x12, 0xd3, 0xbe, 0xe0, 0x30,
  0xe0, 0x02, 0x31, 0xca, 0x90, 0xd2, 0xba, 0xe0, 0x24, 0x20, 0xf0, 0x12,
  0x8e, 0x51, 0x80, 0xe0, 0x22, 0x90, 0xd2, 0xdf, 0xed, 0xf0, 0xef, 0xc4,
  0x33, 0x54, 0xe0, 0xa3, 0xf0, 0x90, 0xd2, 0x4f, 0x71, 0x51, 0x12, 0x85,
  0xd7, 0x90, 0xcb, 0xde, 0x12, 0xc9, 0x48, 0x12, 0x89, 0xfe, 0x90, 0xd0,
  0xd8, 0xe0, 0xfa, 0xa3, 0xe0, 0xfb, 0x90, 0xd0, 0xdb, 0xe0, 0xfe, 0xa3,
  0xe0, 0xff, 0xe4, 0xfd, 0xfc, 0x12, 0xda, 0xcb, 0x90, 0xd2, 0xdf, 0xe0,
  0xfe, 0xd3, 0x9f, 0x40, 0x05, 0xee, 0x9f, 0xff, 0x80, 0x02, 0x7f, 0x00,
  0x90, 0xd2, 0xe1, 0xef, 0xf0, 0x90, 0xd0, 0xda, 0xe0, 0xfd, 0x7c, 0x00,
  0x90, 0xd0, 0xdd, 0x71, 0x51, 0x90, 0xd2, 0xe1, 0xe0, 0xff, 0x90, 0xd3,
  0x25, 0xe4, 0xf0, 0xa3, 0xef, 0xf0, 0x7b, 0x64, 0x7a, 0x00, 0xe4, 0xff,
  0xfe, 0x12, 0xda, 0xcb, 0x90, 0xd2, 0xe1, 0xef, 0xf0, 0x90, 0xd2, 0xe0,
  0xe0, 0xf9, 0xff, 0x7e, 0x00, 0x24, 0x09, 0xfd, 0xee, 0x34, 0x89, 0x8d,
  0x82, 0xf5, 0x83, 0x12, 0x8c, 0xff, 0x24, 0x07, 0xff, 0xee, 0x12, 0xd5,
  0xfb, 0xe0, 0xfe, 0xa3, 0xe0, 0xff, 0x12, 0x16, 0x00, 0xe4, 0xfc, 0xfd,
  0x90, 0xd2, 0xe4, 0x12, 0x1a, 0xe9, 0x74, 0x01, 0x29, 0x12, 0xd3, 0xbf,
  0xe0, 0x25, 0xe0, 0xf9, 0x90, 0xd2, 0xe4, 0x12, 0x1a, 0x4c, 0xa8, 0x01,
  0x12, 0x19, 0x84, 0x12, 0x90, 0x85, 0x12, 0x8d, 0x57, 0x90, 0xd2, 0x20,
  0x12, 0x8d, 0x3e, 0x12, 0xc2, 0xe8, 0x90, 0xd2, 0xe1, 0xe0, 0xff, 0xc3,
  0x74, 0x64, 0x12, 0x8d, 0x17, 0xe4, 0xfc, 0xfd, 0x12, 0x18, 0x18, 0x12,
  0x8c, 0x03, 0x90, 0xd2, 0xe8, 0x12, 0x1a, 0xe9, 0x12, 0x8d, 0x57, 0x90,
  0xd2, 0x1f, 0x12, 0x8d, 0x3e, 0x90, 0xd2, 0xec, 0x12, 0x1a, 0xe9, 0x71,
  0x29, 0x12, 0x8a, 0xda, 0x50, 0x05, 0x71, 0x29, 0x12, 0x1a, 0xe9, 0x90,
  0xd2, 0xe8, 0x12, 0x1a, 0x4c, 0x90, 0xd2, 0xe0, 0xe0, 0x24, 0x0d, 0xfa,
  0xe4, 0x34, 0x89, 0x90, 0xd2, 0xfd, 0xf0, 0xa3, 0xca, 0xf0, 0x02, 0xc5,
  0x82, 0x90, 0xd2, 0xec, 0x12, 0x1a, 0x4c, 0x90, 0xd2, 0xe8, 0x22, 0xe4,
  0xff, 0xfe, 0xfd, 0x74, 0xf1, 0x2d, 0x12, 0x91, 0x96, 0xe0, 0x2f, 0xff,
  0xe4, 0x3e, 0xfe, 0x0d, 0xed, 0xb4, 0x64, 0xef, 0x12, 0x8f, 0x47, 0x90,
  0xd2, 0x20, 0xef, 0xf0, 0x22, 0xe0, 0xff, 0x90, 0xd3, 0x23, 0xe4, 0xf0,
  0xa3, 0xef, 0xf0, 0x22, 0xef, 0x71, 0x66, 0x12, 0x8f, 0xc5, 0xff, 0x02,
  0xb8, 0x82, 0x25, 0xe0, 0x24, 0xc2, 0xf5, 0x82, 0xe4, 0x34, 0xd4, 0x22,
  0x90, 0xd2, 0xb9, 0xef, 0xf0, 0xa3, 0xed, 0xf0, 0x30, 0xe0, 0x37, 0x90,
  0xd2, 0xb9, 0xe0, 0xff, 0x12, 0xca, 0x0f, 0x90, 0xd2, 0xb9, 0xe0, 0xff,
  0x71, 0xc4, 0xe0, 0x44, 0x01, 0xf0, 0x74, 0x01, 0xa8, 0x07, 0x08, 0x80,
  0x02, 0xc3, 0x33, 0xd8, 0xfc, 0xfd, 0x12, 0x8c, 0x61, 0x12, 0xc2, 0x41,
  0x50, 0x10, 0x90, 0xd2, 0xb9, 0x12, 0xe6, 0xf7, 0x80, 0x02, 0xc3, 0x33,
  0xd8, 0xfc, 0x90, 0x70, 0x4c, 0xf0, 0x90, 0xd2, 0xba, 0xe0, 0x30, 0xe1,
  0x0a, 0x90, 0xd2, 0xb9, 0xe0, 0x71, 0xc4, 0xe0, 0x44, 0x02, 0xf0, 0x22,
  0x75, 0xf0, 0x20, 0x90, 0x89, 0x16, 0x02, 0x1b, 0x37, 0xe4, 0xfe, 0xef,
  0x12, 0x1c, 0x64, 0xec, 0x22, 0x01, 0xec, 0x2b, 0x02, 0xec, 0x46, 0x03,
  0xec, 0x3d, 0x04, 0xec, 0x34, 0x05, 0xec, 0x3d, 0x06, 0xec, 0x34, 0x07,
  0xec, 0x22, 0x08, 0xec, 0x2b, 0x09, 0xec, 0x22, 0x0a, 0xec, 0x3d, 0x0b,
  0xec, 0x34, 0x0c, 0xec, 0x22, 0x81, 0xec, 0x2b, 0x82, 0xec, 0x50, 0x83,
  0xec, 0x3d, 0x84, 0xec, 0x34, 0x85, 0xec, 0x3d, 0x86, 0xec, 0x34, 0x87,
  0xec, 0x22, 0x88, 0xec, 0x2b, 0x89, 0xec, 0x22, 0x8a, 0xec, 0x3d, 0x8b,
  0xec, 0x34, 0x8c, 0xec, 0x50, 0x8d, 0x00, 0x00, 0xec, 0x5a, 0xed, 0x64,
  0x01, 0x60, 0x35, 0x7e, 0x08, 0x80, 0x31, 0xed, 0x64, 0x02, 0x60, 0x2c,
  0x7e, 0x08, 0x80, 0x28, 0xed, 0x64, 0x08, 0x60, 0x23, 0x7e, 0x08, 0x80,
  0x1f, 0xed, 0x64, 0x0a, 0x60, 0x1a, 0x7e, 0x08, 0x80, 0x16, 0xed, 0xd3,
  0x94, 0x40, 0x40, 0x10, 0x7e, 0x08, 0x80, 0x0c, 0xed, 0xd3, 0x94, 0xc0,
  0x40, 0x06, 0x7e, 0x08, 0x80, 0x02, 0xe4, 0xfe, 0xaf, 0x06, 0x22, 0x90,
  0x89, 0xa7, 0x74, 0x0b, 0xf0, 0xa3, 0xe4, 0xf0, 0x90, 0x8c, 0x2b, 0x74,
  0x0b, 0xf0, 0xa3, 0xe4, 0xf0, 0x90, 0x8c, 0x97, 0xf0, 0xa3, 0x74, 0x10,
  0xf0, 0x90, 0x8c, 0x31, 0xe4, 0xf0, 0xa3, 0x74, 0x05, 0xf0, 0x90, 0x8c,
  0x36, 0x74, 0x08, 0xf0, 0x90, 0x8c, 0x90, 0x12, 0xe5, 0x7b, 0x90, 0x8c,
  0x19, 0x04, 0xf0, 0xa3, 0x14, 0xf0, 0xa3, 0xe4, 0xf0, 0x22, 0x90, 0xd2,
  0xc3, 0x12, 0x8a, 0x7b, 0x12, 0x8b, 0x45, 0xa3, 0xe0, 0xc3, 0x94, 0x06,
  0x40, 0x32, 0x90, 0xd2, 0xc4, 0xe0, 0x90, 0x72, 0x00, 0xf0, 0x90, 0xd2,
  0xc3, 0xe0, 0x90, 0x72, 0x01, 0xf0, 0x90, 0xd2, 0xc6, 0xe0, 0x90, 0x72,
  0x02, 0xf0, 0x90, 0xd2, 0xc5, 0xe0, 0x90, 0x72, 0x03, 0xf0, 0x90, 0xd2,
  0xc8, 0xe0, 0x90, 0x72, 0x04, 0xf0, 0x90, 0xd2, 0xc7, 0xe0, 0x90, 0x72,
  0x05, 0xf0, 0x80, 0x03, 0x7f, 0x08, 0x22, 0x7f, 0x00, 0x22, 0x12, 0x90,
  0x55, 0xed, 0x64, 0x06, 0x60, 0x03, 0x7f, 0xff, 0x22, 0x90, 0x71, 0x01,
  0xe0, 0x90, 0xd2, 0xc6, 0xf0, 0x90, 0x71, 0x00, 0xe0, 0x90, 0xd2, 0xc7,
  0xf0, 0x90, 0x71, 0x03, 0xe0, 0x90, 0xd2, 0xc8, 0xf0, 0x90, 0x71, 0x02,
  0xe0, 0x90, 0xd2, 0xc9, 0xf0, 0x90, 0x71, 0x05, 0xe0, 0x90, 0xd2, 0xca,
  0xf0, 0x90, 0x71, 0x04, 0xe0, 0x90, 0xd2, 0xcb, 0xf0, 0x90, 0xd0, 0x98,
  0xe0, 0xfe, 0xa3, 0xe0, 0xff, 0xd3, 0x90, 0xd2, 0xc7, 0xe0, 0x9f, 0x90,
  0xd2, 0xc6, 0xe0, 0x9e, 0x50, 0x28, 0x90, 0xd0, 0x9a, 0xe0, 0xfe, 0xa3,
  0xe0, 0xff, 0x90, 0xd2, 0xc9, 0xe0, 0x9f, 0x90, 0xd2, 0xc8, 0xe0, 0x9e,
  0x50, 0x14, 0x90, 0xd0, 0x9c, 0xe0, 0xfe, 0xa3, 0xe0, 0xff, 0x90, 0xd2,
  0xcb, 0xe0, 0x9f, 0x90, 0xd2, 0xca, 0xe0, 0x9e, 0x40, 0x03, 0x7f, 0x0b,
  0x22, 0x78, 0x9e, 0x7c, 0xd0, 0x7d, 0x01, 0x7b, 0x01, 0x7a, 0xd2, 0x79,
  0xc6, 0x12, 0x91, 0x20, 0xb1, 0x71, 0x7f, 0x00, 0x22, 0x90, 0xd2, 0xc3,
  0x12, 0x1b, 0x43, 0x90, 0x00, 0x01, 0x74, 0x01, 0x02, 0x15, 0xde, 0x12,
  0xc7, 0xcd, 0xed, 0x64, 0x0a, 0x60, 0x03, 0x7f, 0xff, 0x22, 0xe4, 0x90,
  0xd2, 0xcc, 0xf0, 0x90, 0xd2, 0xcc, 0xe0, 0xff, 0xfd, 0xc3, 0x74, 0x09,
  0x9d, 0xfd, 0x74, 0x71, 0x94, 0x00, 0x8d, 0x82, 0xf5, 0x83, 0xe0, 0xfe,
  0xef, 0x7c, 0x00, 0x7b, 0x01, 0x24, 0xcd, 0xf9, 0xec, 0x34, 0xd2, 0xfa,
  0xee, 0x12, 0x15, 0xcc, 0x90, 0xd2, 0xcc, 0xe0, 0x04, 0xf0, 0xe0, 0xb4,
  0x0a, 0xd1, 0x90, 0xd2, 0xd5, 0xe0, 0x70, 0x02, 0xa3, 0xe0, 0x60, 0x5f,
  0x90, 0xd2, 0xd1, 0x12, 0x83, 0x8c, 0x90, 0xd2, 0xce, 0xe0, 0x9f, 0x90,
  0xd2, 0xcd, 0xe0, 0x9e, 0x50, 0x4a, 0x90, 0xd2, 0xd3, 0x12, 0xd4, 0xc0,
  0x90, 0xd2, 0xd0, 0xe0, 0x9d, 0x90, 0xd2, 0xcf, 0xe0, 0x9c, 0x50, 0x38,
  0x90, 0xd0, 0xae, 0x12, 0x8c, 0xff, 0x9d, 0xee, 0x9c, 0x50, 0x2d, 0x12,
  0x8d, 0x92, 0x90, 0xd2, 0xd4, 0xe0, 0x9f, 0x90, 0xd2, 0xd3, 0xe0, 0x9e,
  0x50, 0x1e, 0x90, 0xd2, 0xd5, 0xe0, 0xfe, 0xa3, 0xe0, 0xff, 0x90, 0xd0,
  0xb2, 0xe0, 0xfc, 0xa3, 0xe0, 0xfd, 0xec, 0x4e, 0xfe, 0xed, 0x4f, 0xff,
  0xed, 0x6f, 0x70, 0x02, 0xec, 0x6e, 0x60, 0x03, 0x7f, 0x0b, 0x22, 0x78,
  0xb4, 0x7c, 0xd0, 0x7d, 0x01, 0x7b, 0x01, 0x7a, 0xd2, 0x79, 0xcd, 0x12,
  0x8f, 0x39, 0x90, 0xd2, 0xc9, 0xb1, 0x74, 0x7f, 0x00, 0x22, 0x90, 0xd2,
  0xbc, 0xef, 0xf0, 0xa3, 0xed, 0xf0, 0x78, 0xbf, 0x7c, 0xd2, 0x7d, 0x01,
  0x7b, 0xff, 0x7a, 0x0f, 0x79, 0xed, 0x12, 0x8f, 0x39, 0x90, 0xd2, 0xbc,
  0xe0, 0xfd, 0x12, 0x1c, 0x64, 0xee, 0xb1, 0x01, 0xee, 0x80, 0x81, 0xee,
  0xa2, 0x82, 0xee, 0x98, 0x83, 0xee, 0xa2, 0x84, 0xee, 0x79, 0x85, 0xee,
  0x79, 0x86, 0xee, 0xa2, 0x87, 0x00, 0x00, 0xee, 0xfa, 0xf1, 0x42, 0x12,
  0xb2, 0x20, 0x80, 0x2a, 0x90, 0xd0, 0x6b, 0xe0, 0x70, 0x0a, 0x7b, 0x01,
  0x7a, 0xd0, 0x79, 0xbe, 0xf1, 0x06, 0x80, 0x1a, 0x90, 0xd2, 0xbe, 0x74,
  0x0c, 0xf0, 0x80, 0x68, 0x7b, 0x01, 0x7a, 0xd0, 0x79, 0xaa, 0xf1, 0x06,
  0x80, 0x08, 0x7b, 0x01, 0x7a, 0xd2, 0x79, 0xbf, 0xf1, 0x06, 0x90, 0xd2,
  0xbe, 0xef, 0xf0, 0x80, 0x4f, 0xf1, 0x42, 0xe0, 0xfd, 0xb1, 0x7f, 0x90,
  0xd2, 0xbe, 0xef, 0xf0, 0x70, 0x42, 0x90, 0xd0, 0xb6, 0x12, 0x8a, 0xaa,
  0x12, 0x8b, 0x4c, 0x90, 0xd0, 0xbc, 0xe0, 0xff, 0xa3, 0xe0, 0x90, 0xd3,
  0x18, 0xcf, 0xf0, 0xa3, 0xef, 0xf0, 0x90, 0xd0, 0xb4, 0xe0, 0xfe, 0xa3,
  0xe0, 0xff, 0x12, 0x04, 0xb3, 0xe4, 0x90, 0xd0, 0x6b, 0xf0, 0x78, 0xbe,
  0x7c, 0xd0, 0x7d, 0x01, 0x7b, 0x01, 0x7a, 0xd0, 0x79, 0xb4, 0xfe, 0x7f,
  0x0a, 0x12, 0x15, 0x3e, 0x80, 0x06, 0x90, 0xd2, 0xbe, 0x74, 0xff, 0xf0,
  0x90, 0xd2, 0xbe, 0xe0, 0xff, 0x22, 0x90, 0xd2, 0xbd, 0xe0, 0xfd, 0x12,
  0xc7, 0xcd, 0xed, 0xc3, 0x94, 0x0a, 0x40, 0x28, 0x90, 0xd2, 0xc9, 0x12,
  0x1b, 0x43, 0xe9, 0x4a, 0x4b, 0x60, 0x1d, 0xe4, 0xff, 0x90, 0xd2, 0xc9,
  0x12, 0xca, 0x3a, 0xfe, 0xef, 0xfd, 0xc3, 0x74, 0x09, 0x9d, 0xfd, 0x74,
  0x72, 0x94, 0x00, 0x12, 0xc6, 0x00, 0xef, 0xb4, 0x0a, 0xe7, 0x80, 0x03,
  0x7f, 0x08, 0x22, 0x7f, 0x00, 0x22, 0x7b, 0x01, 0x7a, 0xd0, 0x79, 0x6a,
  0x90, 0xd2, 0xbd, 0x22, 0xef, 0xc3, 0x94, 0x04, 0x40, 0x22, 0x90, 0xc3,
  0x62, 0xe0, 0x90, 0x72, 0x00, 0xf0, 0x90, 0xc3, 0x61, 0xe0, 0x90, 0x72,
  0x01, 0xf0, 0x90, 0xc3, 0x60, 0xe0, 0x90, 0x72, 0x02, 0xf0, 0x90, 0xc3,
  0x5f, 0xe0, 0x90, 0x72, 0x03, 0xf0, 0x80, 0x03, 0x7f, 0x08, 0x22, 0x7f,
  0x00, 0x22, 0x90, 0x72, 0x00, 0x74, 0x08, 0xf0, 0xa3, 0x74, 0x01, 0xf0,
  0x90, 0xfe, 0x9c, 0xe0, 0x90, 0x72, 0x02, 0xf0, 0x90, 0xfe, 0x9d, 0xe0,
  0x90, 0x72, 0x03, 0xf0, 0xa3, 0x12, 0x7b, 0xd5, 0x90, 0xcf, 0xca, 0xe0,
  0x90, 0x72, 0x06, 0xf0, 0x90, 0xcf, 0xe4, 0xe0, 0x90, 0x72, 0x07, 0xf0,
  0x22, 0xe4, 0xff, 0x90, 0xcf, 0xe4, 0xe0, 0xfe, 0x90, 0xc1, 0x08, 0xe0,
  0xfd, 0xc3, 0x9e, 0x50, 0x4f, 0xef, 0x64, 0xc0, 0x60, 0x53, 0x12, 0xf7,
  0x05, 0x24, 0xe8, 0xf5, 0x82, 0xe4, 0x34, 0xcf, 0x12, 0xf0, 0x12, 0xeb,
  0xf0, 0x0f, 0xec, 0x25, 0xe0, 0x25, 0xe0, 0x24, 0xe7, 0xf5, 0x82, 0xe4,
  0x34, 0xcf, 0xf5, 0x83, 0xe0, 0xfc, 0x12, 0xf0, 0x16, 0xec, 0xf0, 0x0f,
  0x12, 0xf7, 0x05, 0x24, 0xe6, 0xf5, 0x82, 0xe4, 0x34, 0xcf, 0x12, 0xf0,
  0x12, 0xeb, 0xf0, 0x0f, 0xec, 0x12, 0x7d, 0x51, 0xe0, 0xfc, 0x12, 0xf0,
  0x16, 0xec, 0xf0, 0x0f, 0x90, 0xc1, 0x08, 0xe0, 0x04, 0xf0, 0x80, 0xa3,
  0xed, 0xb5, 0x06, 0x05, 0xe4, 0x90, 0xc1, 0x08, 0xf0, 0x22, 0xf5, 0x83,
  0xe0, 0xfb, 0xe4, 0x2f, 0xf5, 0x82, 0xe4, 0x34, 0x72, 0xf5, 0x83, 0x22,
  0x11, 0xff, 0x74, 0x02, 0xf0, 0x12, 0x7d, 0x5f, 0xe0, 0x90, 0x72, 0x02,
  0xf0, 0xef, 0x75, 0xf0, 0x05, 0xa4, 0x24, 0xcc, 0xf5, 0x82, 0xe4, 0x34,
  0xcf, 0xf5, 0x83, 0xe0, 0x90, 0x72, 0x03, 0xf0, 0xef, 0x12, 0x7d, 0x43,
  0xe0, 0x90, 0x72, 0x04, 0xf0, 0xef, 0x75, 0xf0, 0x05, 0xa4, 0x24, 0xce,
  0xf5, 0x82, 0xe4, 0x34, 0xcf, 0xf5, 0x83, 0xe0, 0x90, 0x72, 0x05, 0xf0,
  0xef, 0x12, 0x7d, 0x74, 0xe0, 0x90, 0x72, 0x06, 0xf0, 0x22, 0x7b, 0xff,
  0x7a, 0x10, 0x79, 0x00, 0xe4, 0xff, 0x12, 0x15, 0x64, 0xfe, 0x11, 0x16,
  0xee, 0xf0, 0x12, 0xde, 0x80, 0x0f, 0xef, 0xb4, 0x20, 0xf0, 0x7b, 0xff,
  0x7a, 0x00, 0x79, 0x08, 0x90, 0xd2, 0xbd, 0x12, 0x1b, 0x63, 0x7a, 0x00,
  0x79, 0x06, 0x11, 0xb6, 0x90, 0x72, 0x0c, 0xee, 0xf0, 0xa3, 0xef, 0xf0,
  0x12, 0x1f, 0xf8, 0x90, 0x72, 0x12, 0xee, 0xf0, 0xa3, 0xef, 0xf0, 0x90,
  0x20, 0x03, 0xe4, 0x93, 0x90, 0x72, 0x14, 0xf0, 0x90, 0x20, 0x04, 0xe4,
  0x93, 0x90, 0x72, 0x15, 0xf0, 0x22, 0x31, 0x30, 0xef, 0x7d, 0x00, 0xfc,
  0x90, 0xd2, 0xbd, 0x12, 0x1b, 0x43, 0x31, 0x30, 0xec, 0xfe, 0x22, 0x11,
  0xf7, 0x74, 0x03, 0xf0, 0xa3, 0xf0, 0x90, 0xcf, 0x2f, 0xe0, 0x90, 0x72,
  0x03, 0xf0, 0x90, 0xcf, 0x2e, 0xe0, 0x90, 0x72, 0x04, 0xf0, 0xa3, 0xe4,
  0xf0, 0x22, 0x11, 0xf7, 0x74, 0x04, 0xf0, 0xa3, 0x14, 0xf0, 0x90, 0xcf,
  0x5f, 0xe0, 0x90, 0x72, 0x03, 0xf0, 0x90, 0xcf, 0x5e, 0x80, 0xe2, 0x90,
  0x72, 0x00, 0x74, 0x06, 0xf0, 0xa3, 0x22, 0x90, 0x72, 0x00, 0x74, 0x07,
  0xf0, 0xa3, 0x22, 0x11, 0xff, 0x74, 0x05, 0xf0, 0xa3, 0x14, 0xf0, 0x90,
  0xd0, 0x8a, 0xe0, 0x90, 0x72, 0x03, 0xf0, 0x90, 0xd0, 0x89, 0xe0, 0x90,
  0x72, 0x04, 0xf0, 0x90, 0xd0, 0x88, 0xe0, 0x90, 0x72, 0x05, 0xf0, 0x90,
  0xd0, 0x87, 0xe0, 0x90, 0x72, 0x06, 0xf0, 0x22, 0x12, 0x15, 0x64, 0xff,
  0x60, 0x15, 0xc3, 0x64, 0x80, 0x94, 0xb0, 0x40, 0x0e, 0xd3, 0xef, 0x64,
  0x80, 0x94, 0xb9, 0x50, 0x06, 0xef, 0x24, 0xd0, 0xfe, 0x80, 0x03, 0x7f,
  0x00, 0x22, 0x12, 0xde, 0x80, 0x12, 0x15, 0x64, 0xff, 0x60, 0x19, 0xc3,
  0x64, 0x80, 0x94, 0xb0, 0x40, 0x12, 0xd3, 0xef, 0x64, 0x80, 0x94, 0xb9,
  0x50, 0x0a, 0xef, 0x24, 0xd0, 0xff, 0xee, 0xc4, 0x54, 0xf0, 0x4f, 0xfe,
  0xaf, 0x06, 0x22, 0x90, 0x72, 0x00, 0x74, 0x03, 0xf0, 0xa3, 0x74, 0x06,
  0xf0, 0x90, 0xd0, 0x7a, 0xe0, 0x90, 0x72, 0x02, 0xf0, 0x22, 0x90, 0xcf,
  0x89, 0xe0, 0x90, 0x72, 0x00, 0xf0, 0x90, 0xcf, 0x8a, 0xe0, 0x90, 0x72,
  0x01, 0xf0, 0x90, 0xcf, 0x8b, 0xe0, 0x90, 0x72, 0x02, 0xf0, 0x22, 0x90,
  0xcf, 0x8c, 0xe0, 0x90, 0x72, 0x00, 0xf0, 0x90, 0xcf, 0x8e, 0xe0, 0x90,
  0x72, 0x01, 0xf0, 0x90, 0xcf, 0x8d, 0xe0, 0x90, 0x72, 0x02, 0xf0, 0x90,
  0xcf, 0x90, 0xe0, 0x90, 0x72, 0x03, 0xf0, 0x90, 0xcf, 0x8f, 0xe0, 0x90,
  0x72, 0x04, 0xf0, 0x90, 0xcf, 0x91, 0xe0, 0x90, 0x72, 0x05, 0xf0, 0x90,
  0xcf, 0x93, 0xe0, 0x90, 0x72, 0x06, 0xf0, 0x90, 0xcf, 0x92, 0xe0, 0x90,
  0x72, 0x07, 0xf0, 0x90, 0xcf, 0x95, 0xe0, 0x90, 0x72, 0x08, 0xf0, 0x90,
  0xcf, 0x94, 0xe0, 0x90, 0x72, 0x09, 0xf0, 0x22, 0xe4, 0xfe, 0xef, 0x12,
  0x1c, 0x64, 0xf2, 0x1b, 0x81, 0xf2, 0x24, 0x82, 0xf2, 0x2e, 0x83, 0xf2,
  0x37, 0x84, 0xf2, 0x40, 0x85, 0xf2, 0x49, 0x87, 0xf2, 0x52, 0x88, 0xf2,
  0x5b, 0x89, 0xf2, 0x64, 0x8a, 0xf2, 0x6d, 0x8b, 0xf2, 0x76, 0x8d, 0x00,
  0x00, 0xf2, 0x7f, 0xed, 0x64, 0x08, 0x60, 0x61, 0x7e, 0x08, 0x80, 0x5d,
  0xed, 0xd3, 0x94, 0xc0, 0x40, 0x57, 0x7e, 0x08, 0x80, 0x53, 0xed, 0x64,
  0x07, 0x60, 0x4e, 0x7e, 0x08, 0x80, 0x4a, 0xed, 0x64, 0x06, 0x60, 0x45,
  0x7e, 0x08, 0x80, 0x41, 0xed, 0x64, 0x06, 0x60, 0x3c, 0x7e, 0x08, 0x80,
  0x38, 0xed, 0x64, 0x03, 0x60, 0x33, 0x7e, 0x08, 0x80, 0x2f, 0xed, 0x64,
  0x20, 0x60, 0x2a, 0x7e, 0x08, 0x80, 0x26, 0xed, 0x64, 0x03, 0x60, 0x21,
  0x7e, 0x08, 0x80, 0x1d, 0xed, 0x64, 0x02, 0x60, 0x18, 0x7e, 0x08, 0x80,
  0x14, 0xed, 0x64, 0x0a, 0x60, 0x0f, 0x7e, 0x08, 0x80, 0x0b, 0xed, 0x64,
  0x04, 0x60, 0x06, 0x7e, 0x08, 0x80, 0x02, 0xe4, 0xfe, 0xaf, 0x06, 0x22,
  0x90, 0xce, 0xf2, 0xe0, 0xfe, 0xa3, 0xe0, 0xff, 0x90, 0xd0, 0xae, 0xee,
  0xf0, 0xa3, 0xef, 0xf0, 0x90, 0xd0, 0xaa, 0xee, 0xf0, 0xa3, 0xef, 0xf0,
  0x90, 0xcf, 0xbf, 0xe0, 0xfe, 0xa3, 0xe0, 0xff, 0x90, 0xd0, 0xb0, 0xee,
  0xf0, 0xa3, 0xef, 0xf0, 0x90, 0xd0, 0xac, 0xee, 0xf0, 0xa3, 0xef, 0xf0,
  0x22, 0x51, 0xd9, 0x7a, 0xd0, 0x79, 0xb4, 0x12, 0x1d, 0x1e, 0x51, 0xd9,
  0x7a, 0xd0, 0x79, 0xbe, 0x12, 0x1d, 0x1e, 0x51, 0x84, 0x90, 0xd0, 0x6a,
  0x12, 0x7b, 0xb3, 0x74, 0x0a, 0xf0, 0x12, 0xce, 0x00, 0xa3, 0x02, 0x1b,
  0x63, 0x7e, 0x00, 0x7f, 0x0a, 0x7d, 0x00, 0x7b, 0x01, 0x22, 0x90, 0xd0,
  0x71, 0x12, 0x7b, 0xb3, 0x74, 0x02, 0xf0, 0x7b, 0x01, 0x7a, 0xd0, 0x79,
  0xc8, 0xa3, 0x02, 0x1b, 0x63, 0x90, 0xcd, 0xde, 0x71, 0x07, 0x74, 0x02,
  0xf0, 0x7b, 0x01, 0x7a, 0xce, 0x79, 0x28, 0xa3, 0x02, 0x1b, 0x63, 0x74,
  0x03, 0xf0, 0xe4, 0xa3, 0xf0, 0xa3, 0x74, 0xff, 0xf0, 0xa3, 0x22, 0x90,
  0xcf, 0xc1, 0x71, 0x07, 0x74, 0x01, 0xf0, 0xfb, 0x7a, 0xd0, 0x79, 0x55,
  0xa3, 0x02, 0x1b, 0x63, 0x90, 0xce, 0x21, 0x12, 0x7b, 0xb3, 0x74, 0x01,
  0xf0, 0xfb, 0x7a, 0xce, 0x79, 0x74, 0xa3, 0x02, 0x1b, 0x63, 0x90, 0xce,
  0xab, 0x74, 0x0f, 0x12, 0x7b, 0xb5, 0x74, 0x01, 0xf0, 0xfb, 0x7a, 0xcf,
  0x79, 0x04, 0xa3, 0x02, 0x1b, 0x63, 0x90, 0xd0, 0x5b, 0x74, 0x0f, 0x12,
  0x7b, 0xb5, 0x74, 0x02, 0xf0, 0x7b, 0x01, 0x7a, 0xd0, 0x79, 0x8b, 0xa3,
  0x02, 0x1b, 0x63, 0x90, 0xd2, 0xc2, 0x12, 0x8a, 0xff, 0xed, 0x12, 0x83,
  0xaf, 0xff, 0x90, 0xd2, 0xc4, 0xe0, 0xfe, 0xef, 0xc3, 0x9e, 0x50, 0x17,
  0x12, 0xca, 0x39, 0xfe, 0xef, 0xfd, 0x90, 0xd2, 0xc3, 0xe0, 0x2d, 0xfd,
  0x90, 0xd2, 0xc2, 0xe0, 0x34, 0x00, 0x12, 0xc6, 0x00, 0x80, 0xdf, 0x7f,
  0x00, 0x22, 0xc2, 0x00, 0xed, 0x70, 0x0f, 0xeb, 0xd3, 0x94, 0x08, 0x50,
  0x06, 0xeb, 0xc3, 0x94, 0x01, 0x50, 0x16, 0x7f, 0x08, 0x22, 0xed, 0xb4,
  0x01, 0x0f, 0xeb, 0xd3, 0x94, 0x04, 0x50, 0x06, 0xeb, 0xc3, 0x94, 0x01,
  0x50, 0x03, 0x7f, 0x08, 0x22, 0xc0, 0x03, 0x71, 0xc8, 0xd0, 0x03, 0x12,
  0xde, 0xcf, 0x92, 0x00, 0x7f, 0x09, 0x30, 0x00, 0x02, 0x7f, 0x00, 0x22,
  0x90, 0xd2, 0xc5, 0x12, 0x1b, 0x43, 0x90, 0xd2, 0xcb, 0x02, 0x1b, 0x63,
  0xc2, 0x00, 0xeb, 0xd3, 0x94, 0x08, 0x50, 0x06, 0xeb, 0xc3, 0x94, 0x01,
  0x50, 0x03, 0x7f, 0x08, 0x22, 0xc0, 0x03, 0x71, 0xc8, 0xd0, 0x03, 0x12,
  0xdd, 0xc5, 0x92, 0x00, 0x7f, 0x09, 0x30, 0x00, 0x02, 0x7f, 0x00, 0x22,
  0x12, 0x8c, 0x2c, 0x12, 0x03, 0x91, 0x90, 0xd3, 0x12, 0xe0, 0xfe, 0xa3,
  0xe0, 0xff, 0x7d, 0xce, 0x7c, 0xfe, 0x12, 0xb8, 0x82, 0x90, 0xd3, 0x14,
  0xe0, 0xfe, 0xa3, 0xe0, 0xff, 0x7d, 0xd0, 0x7c, 0xfe, 0x02, 0xb8, 0x82,
  0x90, 0xfe, 0xc9, 0xe4, 0xf0, 0xa3, 0xf0, 0x90, 0xfe, 0xd6, 0x74, 0x20,
  0xf0, 0x90, 0xfe, 0xcd, 0x74, 0x07, 0xf0, 0x22, 0x90, 0xfe, 0xcd, 0xef,
  0xf0, 0x22, 0xef, 0xb4, 0x02, 0x0f, 0x90, 0xfe, 0xcd, 0x74, 0x05, 0xf0,
  0x90, 0xfe, 0xd6, 0xf0, 0xe0, 0x44, 0x80, 0xf0, 0x22, 0x90, 0xfe, 0xcd,
  0xe0, 0x54, 0x0f, 0xf0, 0x90, 0xce, 0xc3, 0xe0, 0xb4, 0x02, 0x07, 0x90,
  0xfe, 0xcd, 0xe0, 0x44, 0x40, 0xf0, 0x90, 0xfe, 0xd6, 0x74, 0x80, 0xf0,
  0x22, 0x12, 0x8a, 0x78, 0x90, 0xd3, 0x10, 0xe0, 0x90, 0xfe, 0xd2, 0xf0,
  0x90, 0xd3, 0x0f, 0xe0, 0x90, 0xfe, 0xd3, 0xf0, 0x90, 0xd3, 0x12, 0xe0,
  0x90, 0xfe, 0xd4, 0xf0, 0x90, 0xd3, 0x11, 0xe0, 0x90, 0xfe, 0xd5, 0xf0,
  0x22, 0x90, 0xfe, 0xc9, 0x74, 0x51, 0xf0, 0xa3, 0x74, 0x05, 0xf0, 0x22,
  0x90, 0xfd, 0x00, 0x74, 0x01, 0xf0, 0x90, 0xd0, 0x4d, 0xe0, 0xff, 0xb4,
  0x03, 0x08, 0x90, 0xcf, 0x3e, 0xe0, 0x44, 0x20, 0x80, 0x08, 0xef, 0xb4,
  0x02, 0x08, 0x90, 0xcf, 0x3e, 0xe0, 0x90, 0xfd, 0x02, 0xf0, 0x90, 0xce,
  0x96, 0xe0, 0x90, 0xfd, 0x03, 0xf0, 0x90, 0xcf, 0xc8, 0xe0, 0x90, 0xfd,
  0x04, 0xf0, 0x90, 0xcf, 0xc9, 0xe0, 0x90, 0xfd, 0x05, 0xf0, 0x90, 0xce,
  0xf4, 0xe0, 0x90, 0xfd, 0x06, 0xf0, 0x90, 0xce, 0xf5, 0xe0, 0x90, 0xfd,
  0x07, 0xf0, 0x90, 0xd0, 0x79, 0xe0, 0x90, 0xfd, 0x08, 0xf0, 0x22, 0xe4,
  0x90, 0xd2, 0xf9, 0xf0, 0xff, 0x90, 0xfe, 0x27, 0x74, 0x10, 0xf0, 0x90,
  0xd0, 0x21, 0xe0, 0x44, 0xc0, 0x90, 0xfe, 0x00, 0xf0, 0xa3, 0x74, 0xbe,
  0xf0, 0x90, 0xfe, 0x05, 0xe4, 0xf0, 0xa3, 0xf0, 0x90, 0xd0, 0x69, 0xe0,
  0xfd, 0x90, 0xfe, 0x07, 0xf0, 0xa3, 0xed, 0xf0, 0x90, 0xfe, 0x1b, 0xe4,
  0xf0, 0x90, 0xfe, 0x1d, 0xf0, 0x90, 0xfe, 0x0f, 0x04, 0xf0, 0x90, 0xfe,
  0x33, 0xe4, 0xf0, 0x90, 0xfe, 0x32, 0x74, 0x0f, 0xf0, 0x90, 0xfe, 0x27,
  0xe0, 0x54, 0xfe, 0xf0, 0x90, 0xce, 0xf7, 0xe0, 0xfd, 0x90, 0xfe, 0x28,
  0xf0, 0xa3, 0xed, 0xf0, 0x90, 0xcf, 0x19, 0xe0, 0xfd, 0x90, 0xfe, 0x23,
  0xf0, 0x90, 0xce, 0xdc, 0xe0, 0x90, 0xfe, 0x24, 0xf0, 0x90, 0xce, 0xf6,
  0xe0, 0xfc, 0x64, 0x01, 0x60, 0x04, 0xec, 0xb4, 0x02, 0x08, 0x90, 0xd2,
  0xf9, 0x74, 0x01, 0xf0, 0x80, 0x0a, 0xec, 0xb4, 0x03, 0x06, 0x90, 0xd2,
  0xf9, 0x74, 0x02, 0xf0, 0xed, 0x14, 0x60, 0x0f, 0x14, 0x60, 0x14, 0x24,
  0xfe, 0x60, 0x0c, 0x24, 0x04, 0x70, 0x0e, 0x7f, 0x08, 0x80, 0x0a, 0x7f,
  0x0a, 0x80, 0x06, 0x7f, 0x0c, 0x80, 0x02, 0x7f, 0x10, 0xe4, 0xfc, 0xfd,
  0xfe, 0x90, 0xce, 0xb3, 0x12, 0x8f, 0xbf, 0xc0, 0x07, 0x90, 0xd2, 0xf9,
  0x12, 0x83, 0x7a, 0xd0, 0x07, 0x12, 0x18, 0xa3, 0xe4, 0x7b, 0x04, 0x12,
  0x8c, 0x06, 0xc0, 0x04, 0xc0, 0x05, 0xc0, 0x06, 0xc0, 0x07, 0xe4, 0x7f,
  0x0c, 0xfe, 0xfd, 0xfc, 0x90, 0xc3, 0xfb, 0x12, 0x8f, 0xbf, 0xd0, 0x03,
  0xd0, 0x02, 0xd0, 0x01, 0xd0, 0x00, 0x12, 0x18, 0xa3, 0x90, 0xfe, 0x1e,
  0xe4, 0xf0, 0xa3, 0xef, 0xf0, 0x22, 0x90, 0xcf, 0x5d, 0xe0, 0x90, 0xfe,
  0x26, 0x70, 0x05, 0xe0, 0x44, 0x10, 0xf0, 0x22, 0xe0, 0x54, 0xef, 0xf0,
  0x22, 0x90, 0xd3, 0x1f, 0x12, 0x1a, 0xe9, 0x90, 0xd3, 0x23, 0x12, 0x1a,
  0xf5, 0x00, 0x00, 0x00, 0x00, 0x90, 0xd3, 0x27, 0x12, 0x1a, 0xf5, 0x00,
  0x00, 0x00, 0x00, 0x90, 0xcf, 0x5d, 0xe0, 0x70, 0x6f, 0x90, 0xc1, 0x92,
  0xe0, 0x24, 0x28, 0xff, 0x90, 0xc1, 0x91, 0xe0, 0x34, 0x00, 0xfe, 0x90,
  0xd3, 0x2b, 0xf0, 0xa3, 0xef, 0xf0, 0xc3, 0x94, 0x70, 0xee, 0x94, 0x06,
  0x40, 0x22, 0x12, 0x8d, 0xe1, 0x12, 0x8a, 0x8b, 0xd1, 0x77, 0x90, 0xd3,
  0x2c, 0xe0, 0x24, 0x90, 0xff, 0x90, 0xd3, 0x2b, 0xe0, 0x34, 0xf9, 0xfe,
  0xe4, 0xfc, 0xfd, 0x12, 0x18, 0x18, 0x90, 0xd3, 0x23, 0x12, 0x1a, 0xe9,
  0x90, 0xcf, 0x46, 0xe0, 0xfe, 0xa3, 0xe0, 0xff, 0x12, 0x8a, 0x8b, 0xd1,
  0x77, 0x90, 0xd3, 0x2b, 0x12, 0xc3, 0x77, 0x12, 0x18, 0x18, 0x12, 0x8e,
  0x5f, 0x90, 0xd3, 0x23, 0x12, 0x1a, 0x68, 0xd3, 0x12, 0x19, 0x73, 0x40,
  0x05, 0x90, 0xd3, 0x23, 0x80, 0x03, 0x90, 0xd3, 0x27, 0x02, 0x1a, 0x4c,
  0x02, 0x8f, 0xa6, 0x90, 0xce, 0xb3, 0x12, 0x1a, 0x4c, 0x12, 0x18, 0xa3,
  0xef, 0x24, 0x01, 0xfb, 0xe4, 0x3e, 0xfa, 0xe4, 0x3d, 0xf9, 0xe4, 0x3c,
  0xf8, 0x22, 0xfd, 0x74, 0xe1, 0x2f, 0xf5, 0x82, 0xe4, 0x34, 0xfe, 0xf5,
  0x83, 0xed, 0xf0, 0x22, 0x90, 0xd2, 0xc2, 0xe4, 0x75, 0xf0, 0x01, 0x12,
  0x16, 0xb3, 0xaf, 0xf0, 0xfe, 0x22, 0xed, 0xf0, 0xa3, 0x12, 0x1b, 0x63,
  0x90, 0xce, 0x71, 0xe0, 0x54, 0x0f, 0x90, 0xd2, 0xcb, 0xf0, 0xc2, 0x00,
  0x64, 0x01, 0x22, 0xf0, 0x90, 0x8c, 0x0b, 0xe0, 0xfd, 0x7c, 0x00, 0xaf,
  0x03, 0xae, 0x02, 0x02, 0x16, 0x12, 0x90, 0xd2, 0xe7, 0x12, 0x1b, 0x63,
  0x90, 0xd2, 0xea, 0xec, 0xf0, 0xa3, 0xed, 0xf0, 0x22, 0xf0, 0x90, 0x8c,
  0x0b, 0xe0, 0xfd, 0x7c, 0x00, 0x90, 0xd2, 0xea, 0xe0, 0xfa, 0xa3, 0xe0,
  0xfb, 0xff, 0xae, 0x02, 0x02, 0x16, 0x12, 0x90, 0xd2, 0xc2, 0xe4, 0x75,
  0xf0, 0x02, 0x12, 0x16, 0x9d, 0x90, 0xd2, 0xc8, 0xe0, 0x24, 0x02, 0xf0,
  0x22, 0x90, 0xc1, 0x08, 0xe0, 0xfc, 0x25, 0xe0, 0x25, 0xe0, 0x22, 0xf5,
  0x82, 0xe4, 0x34, 0x71, 0xf5, 0x83, 0xe0, 0xfe, 0xef, 0xfd, 0xc3, 0x74,
  0x03, 0x9d, 0xfd, 0xe4, 0x94, 0x00, 0xfc, 0x22, 0x90, 0xd2, 0xc9, 0x12,
  0x1b, 0x43, 0x90, 0x00, 0x03, 0x02, 0x15, 0x7d, 0x90, 0xd2, 0xe3, 0xec,
  0xf0, 0xa3, 0xed, 0xf0, 0x90, 0xd2, 0xba, 0xe0, 0xfd, 0x90, 0xd2, 0xe5,
  0xe4, 0xf0, 0xa3, 0x22, 0x90, 0xd2, 0xb9, 0xe0, 0x90, 0xd2, 0xc9, 0xf0,
  0x22, 0x12, 0x18, 0xa3, 0xac, 0x00, 0xad, 0x01, 0xae, 0x02, 0xaf, 0x03,
  0xec, 0x4d, 0x4e, 0x4f, 0x22, 0xe0, 0xff, 0xa3, 0xe0, 0x90, 0xcf, 0xb4,
  0xcf, 0xf0, 0xa3, 0xef, 0xf0, 0x22, 0x3c, 0xfa, 0xef, 0x12, 0x15, 0xcc,
  0x90, 0xd2, 0xcf, 0xe0, 0x04, 0xf0, 0x22, 0xe4, 0x2e, 0xf5, 0x82, 0xe4,
  0x34, 0x71, 0xf5, 0x83, 0xe0, 0xff, 0xee, 0x22, 0x90, 0xd2, 0xc6, 0xe0,
  0xff, 0x90, 0xd2, 0xcf, 0xe0, 0xfe, 0xc3, 0x9f, 0x22, 0x90, 0xd2, 0xb9,
  0xe0, 0xff, 0x90, 0x71, 0x00, 0xe0, 0x22, 0x90, 0xd3, 0x2d, 0xe0, 0xfe,
  0xa3, 0xe0, 0x22, 0xff, 0x90, 0xd2, 0xce, 0xe0, 0xfd, 0xd3, 0x22, 0x90,
  0xd2, 0xbb, 0xe0, 0xfc, 0xa3, 0xe0, 0xfd, 0x54, 0x07, 0x22, 0x7b, 0x01,
  0x7a, 0xcf, 0x79, 0x48, 0x22, 0x7b, 0x01, 0x7a, 0xce, 0x79, 0x7a, 0x90,
  0xd2, 0xb9, 0x22, 0x7b, 0x01, 0x7a, 0xce, 0x79, 0x98, 0x90, 0xd2, 0xb9,
  0x22, 0x7b, 0x01, 0x7a, 0xcf, 0x79, 0x30, 0x90, 0xd2, 0xb9, 0x22, 0x7b,
  0x01, 0x7a, 0xcf, 0x79, 0x37, 0x90, 0xd2, 0xb9, 0x22, 0xab, 0x0a, 0xaa,
  0x0b, 0xa9, 0x0c, 0x22, 0x12, 0x1b, 0x43, 0x8b, 0x0a, 0x8a, 0x0b, 0x89,
  0x0c, 0x22, 0xf9, 0xe4, 0x3a, 0xfa, 0x90, 0xd2, 0xd4, 0x22, 0x90, 0x00,
  0x04, 0xef, 0x02, 0x15, 0xde, 0x64, 0x80, 0xf8, 0xed, 0x64, 0x80, 0x98,
  0x22, 0xff, 0xff, 0xff, 0xff, 0xff, 0xff, 0xff, 0xff, 0xff, 0xff, 0xff,
  0xff, 0xff, 0xff, 0xff, 0xff, 0xff, 0xff, 0xff, 0xff, 0xff, 0xff, 0xff,
  0xff, 0xff, 0xff, 0xff, 0xff, 0xff, 0xff, 0xff, 0xff, 0xff, 0xff, 0xff,
  0xff, 0xff, 0xff, 0xff, 0xff, 0xff, 0xff, 0xff, 0xff, 0xff, 0xff, 0xff,
  0xff, 0xff, 0xff, 0xff, 0xff, 0xff, 0xff, 0xff, 0xff, 0xff, 0xff, 0xff,
  0xff, 0xff, 0xff, 0xff, 0xff, 0xff, 0xff, 0xff, 0xff, 0xff, 0xff, 0xff,
  0xff, 0xff, 0xff, 0xff, 0xff, 0xff, 0xff, 0xff, 0xff, 0xff, 0xff, 0xff,
  0xff, 0xff, 0xff, 0xff, 0xff, 0xff, 0xff, 0xff, 0xff, 0xff, 0xff, 0xff,
  0xff, 0xff, 0xff, 0xff, 0xff, 0xff, 0xff, 0xff, 0xff, 0xff, 0xff, 0xff,
  0xff, 0xff, 0xff, 0xff, 0xff, 0xff, 0xff, 0xff, 0xff, 0xff, 0xff, 0xff,
  0xff, 0xff, 0xff, 0xff, 0xff, 0xff, 0xff, 0xff, 0xff, 0xff, 0xff, 0xff,
  0xff, 0xff, 0xff, 0xff, 0xff, 0xff, 0xff, 0xff, 0xff, 0xff, 0xff, 0xff,
  0xff, 0xff, 0xff, 0xff, 0xff, 0xff, 0xff, 0xff, 0xff, 0xff, 0xff, 0xff,
  0xff, 0xff, 0xff, 0xff, 0xff, 0xff, 0xff, 0xff, 0xff, 0xff, 0xff, 0xff,
  0xff, 0xff, 0xff, 0xff, 0xff, 0xff, 0xff, 0xff, 0xff, 0xff, 0xff, 0xff,
  0xff, 0xff, 0xff, 0xff, 0xff, 0xff, 0xff, 0xff, 0xff, 0xff, 0xff, 0xff,
  0xff, 0xff, 0xff, 0xff, 0xff, 0xff, 0xff, 0xff, 0xff, 0xff, 0xff, 0xff,
  0xff, 0xff, 0xff, 0xff, 0xff, 0xff, 0xff, 0xff, 0xff, 0xff, 0xff, 0xff,
  0xff, 0xff, 0xff, 0xff, 0xff, 0xff, 0xff, 0xff, 0xff, 0xff, 0xff, 0xff,
  0xff, 0xff, 0xff, 0xff, 0xff, 0xff, 0xff, 0xff, 0xff, 0xff, 0xff, 0xff,
  0xff, 0xff, 0xff, 0xff, 0xff, 0xff, 0xff, 0xff, 0xff, 0xff, 0xff, 0xff,
  0xff, 0xff, 0xff, 0xff, 0xff, 0xff, 0xff, 0xff, 0xff, 0xff, 0xff, 0xff,
  0xff, 0xff, 0xff, 0xff, 0xff, 0xff, 0xff, 0xff, 0xff, 0xff, 0xff, 0xff,
  0xff, 0xff, 0xff, 0xff, 0xff, 0xff, 0xff, 0xff, 0xff, 0xff, 0xff, 0xff,
  0xff, 0xff, 0xff, 0xff, 0xff, 0xff, 0xff, 0xff, 0xff, 0xff, 0xff, 0xff,
  0xff, 0xff, 0xff, 0xff, 0xff, 0xff, 0xff, 0xff, 0xff, 0xff, 0xff, 0xff,
  0xff, 0xff, 0xff, 0xff, 0xff, 0xff, 0xff, 0xff, 0xff, 0xff, 0xff, 0xff,
  0xff, 0xff, 0xff, 0xff, 0xff, 0xff, 0xff, 0xff, 0xff, 0xff, 0xff, 0xff,
  0xff, 0xff, 0xff, 0xff, 0xff, 0xff, 0xff, 0xff, 0xff, 0xff, 0xff, 0xff,
  0xff, 0xff, 0xff, 0xff, 0xff, 0xff, 0xff, 0xff, 0xff, 0xff, 0xff, 0xff,
  0xff, 0xff, 0xff, 0xff, 0xff, 0xff, 0xff, 0xff, 0xff, 0xff, 0xff, 0xff,
  0xff, 0xff, 0xff, 0xff, 0xff, 0xff, 0xff, 0xff, 0xff, 0xff, 0xff, 0xff,
  0xff, 0xff, 0xff, 0xff, 0xff, 0xff, 0xff, 0xff, 0xff, 0xff, 0xff, 0xff,
  0xff, 0xff, 0xff, 0xff, 0xff, 0xff, 0xff, 0xff, 0xff, 0xff, 0xff, 0xff,
  0xff, 0xff, 0xff, 0xff, 0xff, 0xff, 0xff, 0xff, 0xff, 0xff, 0xff, 0xff,
  0xff, 0xff, 0xff, 0xff, 0xff, 0xff, 0xff, 0xff, 0xff, 0xff, 0xff, 0xff,
  0xff, 0xff, 0xff, 0xff, 0xff, 0xff, 0xff, 0xff, 0xff, 0xff, 0xff, 0xff,
  0xff, 0xff, 0xff, 0xff, 0xff, 0xff, 0xff, 0xff, 0xff, 0xff, 0xff, 0xff,
  0xff, 0xff, 0xff, 0xff, 0xff, 0xff, 0xff, 0xff, 0xff, 0xff, 0xff, 0xff,
  0xff, 0xff, 0xff, 0xff, 0xff, 0xff, 0xff, 0xff, 0xff, 0xff, 0xff, 0xff,
  0xff, 0xff, 0xff, 0xff, 0xff, 0xff, 0xff, 0xff, 0xff, 0xff, 0xff, 0xff,
  0xff, 0xff, 0xff, 0xff, 0xff, 0xff, 0xff, 0xff, 0xff, 0xff, 0xff, 0xff,
  0xff, 0xff, 0xff, 0xff, 0xff, 0xff, 0xff, 0xff, 0xff, 0xff, 0xff, 0xff,
  0xff, 0xff, 0xff, 0xff, 0xff, 0xff, 0xff, 0xff, 0xff, 0xff, 0xff, 0xff,
  0xff, 0xff, 0xff, 0xff, 0xff, 0xff, 0xff, 0xff, 0xff, 0xff, 0xff, 0xff,
  0xff, 0xff, 0xff, 0xff, 0xff, 0xff, 0xff, 0xff, 0xff, 0xff, 0xff, 0xff,
  0xff, 0xff, 0xff, 0xff, 0xff, 0xff, 0xff, 0xff, 0xff, 0xff, 0xff, 0xff,
  0xff, 0xff, 0xff, 0xff, 0xff, 0xff, 0xff, 0xff, 0xff, 0xff, 0xff, 0xff,
  0xff, 0xff, 0xff, 0xff, 0xff, 0xff, 0xff, 0xff, 0xff, 0xff, 0xff, 0xff,
  0xff, 0xff, 0xff, 0xff, 0xff, 0xff, 0xff, 0xff, 0xff, 0xff, 0xff, 0xff,
  0xff, 0xff, 0xff, 0xff, 0xff, 0xff, 0xff, 0xff, 0xff, 0xff, 0xff, 0xff,
  0xff, 0xff, 0xff, 0xff, 0xff, 0xff, 0xff, 0xff, 0xff, 0xff, 0xff, 0xff,
  0xff, 0xff, 0xff, 0xff, 0xff, 0xff, 0xff, 0xff, 0xff, 0xff, 0xff, 0xff,
  0xff, 0xff, 0xff, 0xff, 0xff, 0xff, 0xff, 0xff, 0xff, 0xff, 0xff, 0xff,
  0xff, 0xff, 0xff, 0xff, 0xff, 0xff, 0xff, 0xff, 0xff, 0xff, 0xff, 0xff,
  0xff, 0xff, 0xff, 0xff, 0xff, 0xff, 0xff, 0xff, 0xff, 0xff, 0xff, 0xff,
  0xff, 0xff, 0xff, 0xff, 0xff, 0xff, 0xff, 0xff, 0xff, 0xff, 0xff, 0xff,
  0xff, 0xff, 0xff, 0xff, 0xff, 0xff, 0xff, 0xff, 0xff, 0xff, 0xff, 0xff,
  0xff, 0xff, 0xff, 0xff, 0xff, 0xff, 0xff, 0xff, 0xff, 0xff, 0xff, 0xff,
  0xff, 0xff, 0xff, 0xff, 0xff, 0xff, 0xff, 0xff, 0xff, 0xff, 0xff, 0xff,
  0xff, 0xff, 0xff, 0xff, 0xff, 0xff, 0xff, 0xff, 0xff, 0xff, 0xff, 0xff,
  0xff, 0xff, 0xff, 0xff, 0xff, 0xff, 0xff, 0xff, 0xff, 0xff, 0xff, 0xff,
  0xff, 0xff, 0xff, 0xff, 0xff, 0xff, 0xff, 0xff, 0xff, 0xff, 0xff, 0xff,
  0xff, 0xff, 0xff, 0xff, 0xff, 0xff, 0xff, 0xff, 0xff, 0xff, 0xff, 0xff,
  0xff, 0xff, 0xff, 0xff, 0xff, 0xff, 0xff, 0xff, 0xff, 0xff, 0xff, 0xff,
  0xff, 0xff, 0xff, 0xff, 0xff, 0xff, 0xff, 0xff, 0xff, 0xff, 0xff, 0xff,
  0xff, 0xff, 0xff, 0xff, 0xff, 0xff, 0xff, 0xff, 0xff, 0xff, 0xff, 0xff,
  0xff, 0xff, 0xff, 0xff, 0xff, 0xff, 0xff, 0xff, 0xff, 0xff, 0xff, 0xff,
  0xff, 0xff, 0xff, 0xff, 0xff, 0xff, 0xff, 0xff, 0xff, 0xff, 0xff, 0xff,
  0xff, 0xff, 0xff, 0xff, 0xff, 0xff, 0xff, 0xff, 0xff, 0xff, 0xff, 0xff,
  0xff, 0xff, 0xff, 0xff, 0xff, 0xff, 0xff, 0xff, 0xff, 0xff, 0xff, 0xff,
  0xff, 0xff, 0xff, 0xff, 0xff, 0xff, 0xff, 0xff, 0xff, 0xff, 0xff, 0xff,
  0xff, 0xff, 0xff, 0xff, 0xff, 0xff, 0xff, 0xff, 0xff, 0xff, 0xff, 0xff,
  0xff, 0xff, 0xff, 0xff, 0xff, 0xff, 0xff, 0xff, 0xff, 0xff, 0xff, 0xff,
  0xff, 0xff, 0xff, 0xff, 0xff, 0xff, 0xff, 0xff, 0xff, 0xff, 0xff, 0xff,
  0xff, 0xff, 0xff, 0xff, 0xff, 0xff, 0xff, 0xff, 0xff, 0xff, 0xff, 0xff,
  0xff, 0xff, 0xff, 0xff, 0xff, 0xff, 0xff, 0xff, 0xff, 0xff, 0xff, 0xff,
  0xff, 0xff, 0xff, 0xff, 0xff, 0xff, 0xff, 0xff, 0xff, 0xff, 0xff, 0xff,
  0xff, 0xff, 0xff, 0xff, 0xff, 0xff, 0xff, 0xff, 0xff, 0xff, 0xff, 0xff,
  0xff, 0xff, 0xff, 0xff, 0xff, 0xff, 0xff, 0xff, 0xff, 0xff, 0xff, 0xff,
  0xff, 0xff, 0xff, 0xff, 0xff, 0xff, 0xff, 0xff, 0xff, 0xff, 0xff, 0xff,
  0xff, 0xff, 0xff, 0xff, 0xff, 0xff, 0xff, 0xff, 0xff, 0xff, 0xff, 0xff,
  0xff, 0xff, 0xff, 0xff, 0xff, 0xff, 0xff, 0xff, 0xff, 0xff, 0xff, 0xff,
  0xff, 0xff, 0xff, 0xff, 0xff, 0xff, 0xff, 0xff, 0xff, 0xff, 0xff, 0xff,
  0xff, 0xff, 0xff, 0xff, 0xff, 0xff, 0xff, 0xff, 0xff, 0xff, 0xff, 0xff,
  0xff, 0xff, 0xff, 0xff, 0xff, 0xff, 0xff, 0xff, 0xff, 0xff, 0xff, 0xff,
  0xff, 0xff, 0xff, 0xff, 0xff, 0xff, 0xff, 0xff, 0xff, 0xff, 0xff, 0xff,
  0xff, 0xff, 0xff, 0xff, 0xff, 0xff, 0xff, 0xff, 0xff, 0xff, 0xff, 0xff,
  0xff, 0xff, 0xff, 0xff, 0xff, 0xff, 0xff, 0xff, 0xff, 0xff, 0xff, 0xff,
  0xff, 0xff, 0xff, 0xff, 0xff, 0xff, 0xff, 0xff, 0xff, 0xff, 0xff, 0xff,
  0xff, 0xff, 0xff, 0xff, 0xff, 0xff, 0xff, 0xff, 0xff, 0xff, 0xff, 0xff,
  0xff, 0xff, 0xff, 0xff, 0xff, 0xff, 0xff, 0xff, 0xff, 0xff, 0xff, 0xff,
  0xff, 0xff, 0xff, 0xff, 0xff, 0xff, 0xff, 0xff, 0xff, 0xff, 0xff, 0xff,
  0xff, 0xff, 0xff, 0xff, 0xff, 0xff, 0xff, 0xff, 0xff, 0xff, 0xff, 0xff,
  0xff, 0xff, 0xff, 0xff, 0xff, 0xff, 0xff, 0xff, 0xff, 0xff, 0xff, 0xff,
  0xff, 0xff, 0xff, 0xff, 0xff, 0xff, 0xff, 0xff, 0xff, 0xff, 0xff, 0xff,
  0xff, 0xff, 0xff, 0xff, 0xff, 0xff, 0xff, 0xff, 0xff, 0xff, 0xff, 0xff,
  0xff, 0xff, 0xff, 0xff, 0xff, 0xff, 0xff, 0xff, 0xff, 0xff, 0xff, 0xff,
  0xff, 0xff, 0xff, 0xff, 0xff, 0xff, 0xff, 0xff, 0xff, 0xff, 0xff, 0xff,
  0xff, 0xff, 0xff, 0xff, 0xff, 0xff, 0xff, 0xff, 0xff, 0xff, 0xff, 0xff,
  0xff, 0xff, 0xff, 0xff, 0xff, 0xff, 0xff, 0xff, 0xff, 0xff, 0xff, 0xff,
  0xff, 0xff, 0xff, 0xff, 0xff, 0xff, 0xff, 0xff, 0xff, 0xff, 0xff, 0xff,
  0xff, 0xff, 0xff, 0xff, 0xff, 0xff, 0xff, 0xff, 0xff, 0xff, 0xff, 0xff,
  0xff, 0xff, 0xff, 0xff, 0xff, 0xff, 0xff, 0xff, 0xff, 0xff, 0xff, 0xff,
  0xff, 0xff, 0xff, 0xff, 0xff, 0xff, 0xff, 0xff, 0xff, 0xff, 0xff, 0xff,
  0xff, 0xff, 0xff, 0xff, 0xff, 0xff, 0xff, 0xff, 0xff, 0xff, 0xff, 0xff,
  0xff, 0xff, 0xff, 0xff, 0xff, 0xff, 0xff, 0xff, 0xff, 0xff, 0xff, 0xff,
  0xff, 0xff, 0xff, 0xff, 0xff, 0xff, 0xff, 0xff, 0xff, 0xff, 0xff, 0xff,
  0xff, 0xff, 0xff, 0xff, 0xff, 0xff, 0xff, 0xff, 0xff, 0xff, 0xff, 0xff,
  0xff, 0xff, 0xff, 0xff, 0xff, 0xff, 0xff, 0xff, 0xff, 0xff, 0xff, 0xff,
  0xff, 0xff, 0xff, 0xff, 0xff, 0xff, 0xff, 0xff, 0xff, 0xff, 0xff, 0xff,
  0xff, 0xff, 0xff, 0xff, 0xff, 0xff, 0xff, 0xff, 0xff, 0xff, 0xff, 0xff,
  0xff, 0xff, 0xff, 0xff, 0xff, 0xff, 0xff, 0xff, 0xff, 0xff, 0xff, 0xff,
  0xff, 0xff, 0xff, 0xff, 0xff, 0xff, 0xff, 0xff, 0xff, 0xff, 0xff, 0xff,
  0xff, 0xff, 0xff, 0xff, 0xff, 0xff, 0xff, 0xff, 0xff, 0xff, 0xff, 0xff,
  0xff, 0xff, 0xff, 0xff, 0xff, 0xff, 0xff, 0xff, 0xff, 0xff, 0xff, 0xff,
  0xff, 0xff, 0xff, 0xff, 0xff, 0xff, 0xff, 0xff, 0xff, 0xff, 0xff, 0xff,
  0xff, 0xff, 0xff, 0xff, 0xff, 0xff, 0xff, 0xff, 0xff, 0xff, 0xff, 0xff,
  0xff, 0xff, 0xff, 0xff, 0xff, 0xff, 0xff, 0xff, 0xff, 0xff, 0xff, 0xff,
  0xff, 0xff, 0xff, 0xff, 0xff, 0xff, 0xff, 0xff, 0xff, 0xff, 0xff, 0xff,
  0xff, 0xff, 0xff, 0xff, 0xff, 0xff, 0xff, 0xff, 0xff, 0xff, 0xff, 0xff,
  0xff, 0xff, 0xff, 0xff, 0xff, 0xff, 0xff, 0xff, 0xff, 0xff, 0xff, 0xff,
  0xff, 0xff, 0xff, 0xff, 0xff, 0xff, 0xff, 0xff, 0xff, 0xff, 0xff, 0xff,
  0xff, 0xff, 0xff, 0xff, 0xff, 0xff, 0xff, 0xff, 0xff, 0xff, 0xff, 0xff,
  0xff, 0xff, 0xff, 0xff, 0xff, 0xff, 0xff, 0xff, 0xff, 0xff, 0xff, 0xff,
  0xff, 0xff, 0xff, 0xff, 0xff, 0xff, 0xff, 0xff, 0xff, 0xff, 0xff, 0xff,
  0xff, 0xff, 0xff, 0xff, 0xff, 0xff, 0xff, 0xff, 0xff, 0xff, 0xff, 0xff,
  0xff, 0xff, 0xff, 0xff, 0xff, 0xff, 0xff, 0xff, 0xff, 0xff, 0xff, 0xff,
  0xff, 0xff, 0xff, 0xff, 0xff, 0xff, 0xff, 0xff, 0xff, 0xff, 0xff, 0xff,
  0xff, 0xff, 0xff, 0xff, 0xff, 0xff, 0xff, 0xff, 0xff, 0xff, 0xff, 0xff,
  0xff, 0xff, 0xff, 0xff, 0xff, 0xff, 0xff, 0xff, 0xff, 0xff, 0xff, 0xff,
  0xff, 0xff, 0xff, 0xff, 0xff, 0xff, 0xff, 0xff, 0xff, 0xff, 0xff, 0xff,
  0xff, 0xff, 0xff, 0xff, 0xff, 0xff, 0xff, 0xff, 0xff, 0xff, 0xff, 0xff,
  0xff, 0xff, 0xff, 0xff, 0xff, 0xff, 0xff, 0xff, 0xff, 0xff, 0xff, 0xff,
  0xff, 0xff, 0xff, 0xff, 0xff, 0xff, 0xff, 0xff, 0xff, 0xff, 0xff, 0xff,
  0xff, 0xff, 0xff, 0xff, 0xff, 0xff, 0xff, 0xff, 0xff, 0xff, 0xff, 0xff,
  0xff, 0xff, 0xff, 0xff, 0xff, 0xff, 0xff, 0xff, 0xff, 0xff, 0xff, 0xff,
  0xff, 0xff, 0xff, 0xff, 0xff, 0xff, 0xff, 0xff, 0xff, 0xff, 0xff, 0xff,
  0xff, 0xff, 0xff, 0xff, 0xff, 0xff, 0xff, 0xff, 0xff, 0xff, 0xff, 0xff,
  0xff, 0xff, 0xff, 0xff, 0xff, 0xff, 0xff, 0xff, 0xff, 0xff, 0xff, 0xff,
  0xff, 0xff, 0xff, 0xff, 0xff, 0xff, 0xff, 0xff, 0xff, 0xff, 0xff, 0xff,
  0xff, 0xff, 0xff, 0xff, 0xff, 0xff, 0xff, 0xff, 0xff, 0xff, 0xff, 0xff,
  0xff, 0xff, 0xff, 0xff, 0xff, 0xff, 0xff, 0xff, 0xff, 0xff, 0xff, 0xff,
  0xff, 0xff, 0xff, 0xff, 0xff, 0xff, 0xff, 0xff, 0xff, 0xff, 0xff, 0xff,
  0xff, 0xff, 0xff, 0xff, 0xff, 0xff, 0xff, 0xff, 0xff, 0xff, 0xff, 0xff,
  0xff, 0xff, 0xff, 0xff, 0xff, 0xff, 0xff, 0xff, 0xff, 0xff, 0xff, 0xff,
  0xff, 0xff, 0xff, 0xff, 0xff, 0xff, 0xff, 0xff, 0xff, 0xff, 0xff, 0xff,
  0xff, 0xff, 0xff, 0xff, 0xff, 0xff, 0xff, 0xff, 0xff, 0xff, 0xff, 0xff,
  0xff, 0xff, 0xff, 0xff, 0xff, 0xff, 0xff, 0xff, 0xff, 0xff, 0xff, 0xff,
  0xff, 0xff, 0xff, 0xff, 0xff, 0xff, 0xff, 0xff, 0xff, 0xff, 0xff, 0xff,
  0xff, 0xff, 0xff, 0xff, 0xff, 0xff, 0xff, 0xff, 0xff, 0xff, 0xff, 0xff,
  0xff, 0xff, 0xff, 0xff, 0xff, 0xff, 0xff, 0xff, 0xff, 0xff, 0xff, 0xff,
  0xff, 0xff, 0xff, 0xff, 0xff, 0xff, 0xff, 0xff, 0xff, 0xff, 0xff, 0xff,
  0xff, 0xff, 0xff, 0xff, 0xff, 0xff, 0xff, 0xff, 0xff, 0xff, 0xff, 0xff,
  0xff, 0xff, 0xff, 0xff, 0xff, 0xff, 0xff, 0xff, 0xff, 0xff, 0xff, 0xff,
  0xff, 0xff, 0xff, 0xff, 0xff, 0xff, 0xff, 0xff, 0xff, 0xff, 0xff, 0xff,
  0xff, 0xff, 0xff, 0xff, 0xff, 0xff, 0xff, 0xff, 0xff, 0xff, 0xff, 0xff,
  0xff, 0xff, 0xff, 0xff, 0xff, 0xff, 0xff, 0xff, 0xff, 0xff, 0xff, 0xff,
  0xff, 0xff, 0xff, 0xff, 0xff, 0xff, 0xff, 0xff, 0xff, 0xff, 0xff, 0xff,
  0xff, 0xff, 0xff, 0xff, 0xff, 0xff, 0xff, 0xff, 0xff, 0xff, 0xff, 0xff,
  0xff, 0xff, 0xff, 0xff, 0xff, 0xff, 0xff, 0xff, 0xff, 0xff, 0xff, 0xff,
  0xff, 0xff, 0xff, 0xff, 0xff, 0xff, 0xff, 0xff, 0xff, 0xff, 0xff, 0xff,
  0xff, 0xff, 0xff, 0xff, 0xff, 0xff, 0xff, 0xff, 0xff, 0xff, 0xff, 0xff,
  0xff, 0xff, 0xff, 0xff, 0xff, 0xff, 0xff, 0xff, 0xff, 0xff, 0xff, 0xff,
  0xff, 0xff, 0xff, 0xff, 0xff, 0xff, 0xff, 0xff, 0xff, 0xff, 0xff, 0xff,
  0xff, 0xff, 0xff, 0xff, 0xff, 0xff, 0xff, 0xff, 0xff, 0xff, 0xff, 0xff,
  0xff, 0xff, 0xff, 0xff, 0xff, 0xff, 0xff, 0xff, 0xff, 0xff, 0xff, 0xff,
  0xff, 0xff, 0xff, 0xff, 0xff, 0xff, 0xff, 0xff, 0xff, 0xff, 0xff, 0xff,
  0xff, 0xff, 0xff, 0xff, 0xff, 0xff, 0xff, 0xff, 0xff, 0xff, 0xff, 0xff,
  0xff, 0xff, 0xff, 0xff, 0xff, 0xff, 0xff, 0xff, 0x90, 0x80, 0x06, 0x12,
  0x91, 0x6f, 0xa3, 0xe0, 0xff, 0xa3, 0xe0, 0x5f, 0xf5, 0x09, 0x90, 0x89,
  0x55, 0xe0, 0xff, 0xa3, 0xe0, 0x5f, 0x75, 0xf0, 0x10, 0xa4, 0xfd, 0xac,
  0xf0, 0x90, 0x89, 0x35, 0xe0, 0xff, 0xa3, 0xe0, 0x5f, 0x75, 0xf0, 0x04,
  0xa4, 0xff, 0xe5, 0xf0, 0x4c, 0xfc, 0xef, 0x4d, 0xfd, 0x90, 0x89, 0x75,
  0xe0, 0xff, 0xa3, 0xe0, 0x5f, 0x75, 0xf0, 0x40, 0xa4, 0xff, 0xec, 0x45,
  0xf0, 0xfc, 0xed, 0x4f, 0xfd, 0x90, 0x89, 0x95, 0xe0, 0xff, 0xa3, 0xe0,
  0x5f, 0x4c, 0xf5, 0x0a, 0xed, 0xf5, 0x0b, 0x90, 0x8e, 0x3b, 0xe0, 0xff,
  0x90, 0x8e, 0x3a, 0xe0, 0x5f, 0xf5, 0x0c, 0x90, 0x8f, 0x61, 0xe0, 0xff,
  0x90, 0x8f, 0x64, 0xe0, 0x5f, 0xf5, 0x0d, 0x90, 0xce, 0xb2, 0xe0, 0x64,
  0x01, 0x60, 0x02, 0x41, 0xb2, 0xe5, 0x08, 0x30, 0xe1, 0x0c, 0x90, 0x80,
  0x07, 0x74, 0x02, 0xf0, 0x12, 0x04, 0xea, 0x12, 0x04, 0xf4, 0xe5, 0x0b,
  0x45, 0x0a, 0x60, 0x36, 0xe4, 0x90, 0xd2, 0xb0, 0xf0, 0x90, 0xd2, 0xb0,
  0xe0, 0xc3, 0x94, 0x0a, 0x50, 0x28, 0xe0, 0xfe, 0xc3, 0x13, 0xff, 0xc0,
  0x07, 0xa8, 0x06, 0xe5, 0x0b, 0xae, 0x0a, 0x08, 0x80, 0x05, 0xce, 0xc3,
  0x13, 0xce, 0x13, 0xd8, 0xf9, 0x54, 0x03, 0xfd, 0xd0, 0x07, 0x12, 0x02,
  0xd8, 0x90, 0xd2, 0xb0, 0xe0, 0x24, 0x02, 0xf0, 0x80, 0xcf, 0x12, 0x02,
  0xe2, 0x12, 0x02, 0xdd, 0xe5, 0x0c, 0x60, 0x05, 0xaf, 0x0c, 0x12, 0x05,
  0x03, 0xe5, 0x0d, 0x60, 0x03, 0x12, 0xe9, 0x0d, 0xe5, 0x08, 0x30, 0xe2,
  0x09, 0x12, 0x01, 0xde, 0x90, 0x80, 0x07, 0x74, 0x04, 0xf0, 0xe5, 0x09,
  0x30, 0xe4, 0x0f, 0x90, 0x80, 0x09, 0x74, 0x10, 0xf0, 0x12, 0x04, 0xe0,
  0x90, 0xcc, 0x97, 0x74, 0x01, 0xf0, 0xe5, 0x08, 0x30, 0xe5, 0x1b, 0x90,
  0x80, 0x07, 0x74, 0x20, 0xf0, 0x12, 0x00, 0x85, 0x12, 0x00, 0xa8, 0x12,
  0xec, 0x5c, 0x12, 0xeb, 0xe1, 0x12, 0x02, 0xce, 0x12, 0x02, 0xd3, 0x12,
  0x90, 0x24, 0xe5, 0x08, 0x30, 0xe0, 0x13, 0x90, 0x80, 0x07, 0x74, 0x01,
  0xf0, 0x12, 0x00, 0xe4, 0x90, 0xc7, 0x72, 0x74, 0x01, 0xf0, 0x90, 0xc3,
  0x33, 0xf0, 0xe5, 0x09, 0x54, 0x04, 0xff, 0x90, 0x80, 0x09, 0xe0, 0x5f,
  0x60, 0x06, 0x12, 0x00, 0xad, 0x12, 0x90, 0x24, 0xe5, 0x08, 0x54, 0x40,
  0xff, 0x90, 0x80, 0x07, 0xe0, 0x5f, 0x70, 0x02, 0x41, 0xb2, 0x74, 0x40,
  0xf0, 0x90, 0xc3, 0x33, 0xe0, 0x64, 0x01, 0x70, 0x65, 0x90, 0xc1, 0xa2,
  0xe0, 0x70, 0x5f, 0x90, 0xcf, 0x44, 0xe0, 0x64, 0x01, 0x70, 0x57, 0x12,
  0x00, 0xf8, 0xef, 0x60, 0x18, 0x12, 0x00, 0xee, 0x71, 0x9d, 0x60, 0x0a,
  0x90, 0xc1, 0x01, 0xe0, 0x30, 0xe7, 0x03, 0x12, 0xe8, 0x79, 0xe4, 0x90,
  0xc3, 0x33, 0xf0, 0x80, 0x39, 0x90, 0xc3, 0x81, 0xe0, 0xb4, 0x01, 0x0b,
  0x74, 0x02, 0xf0, 0x12, 0x00, 0xb2, 0x12, 0x00, 0xbc, 0x80, 0x27, 0x90,
  0xc3, 0x81, 0xe0, 0x64, 0x02, 0x70, 0x1f, 0x04, 0xf0, 0x12, 0x00, 0xb7,
  0x12, 0x00, 0xc1, 0x90, 0xd2, 0x72, 0xe0, 0x70, 0x03, 0x12, 0x00, 0xee,
  0x71, 0x9d, 0x60, 0x0a, 0x90, 0xc1, 0x01, 0xe0, 0x30, 0xe7, 0x03, 0x12,
  0xe8, 0x79, 0x90, 0xc2, 0x04, 0x12, 0x91, 0x67, 0x50, 0x02, 0x41, 0x98,
  0xe4, 0xf0, 0x12, 0xe7, 0xa2, 0x12, 0xc7, 0x3b, 0x12, 0xd7, 0x89, 0x90,
  0xc1, 0x01, 0xe0, 0x30, 0xe7, 0x06, 0x12, 0xc7, 0x3b, 0x12, 0xcf, 0x29,
  0x90, 0xc1, 0x00, 0xe0, 0x70, 0x02, 0xa3, 0xe0, 0x60, 0x7a, 0x90, 0xce,
  0x86, 0xe0, 0xb4, 0x08, 0x0b, 0x12, 0x87, 0x84, 0x12, 0x87, 0x90, 0x90,
  0xcb, 0xde, 0x80, 0x62, 0x90, 0xc2, 0xfe, 0xe0, 0xb4, 0x01, 0x08, 0x90,
  0xc3, 0x54, 0x12, 0x1a, 0x4c, 0x80, 0x14, 0x90, 0xc3, 0x2e, 0xe0, 0xb4,
  0x01, 0x0a, 0x12, 0x87, 0x2d, 0x78, 0x43, 0x12, 0x12, 0x21, 0x80, 0x03,
  0x12, 0x87, 0x97, 0x90, 0xd2, 0xb5, 0x12, 0x1a, 0xe9, 0x90, 0xc3, 0x46,
  0xe0, 0xb4, 0x01, 0x05, 0x90, 0xd0, 0x36, 0x80, 0x03, 0x90, 0xc3, 0x5f,
  0x12, 0x84, 0x37, 0x12, 0x8f, 0x7d, 0x90, 0xd2, 0xb1, 0x12, 0x1a, 0xe9,
  0x90, 0xd2, 0xb5, 0x12, 0x1a, 0x4c, 0x90, 0xcb, 0xde, 0x12, 0xef, 0x88,
  0x12, 0xe5, 0x0d, 0x90, 0xcb, 0x60, 0x12, 0xef, 0x88, 0x12, 0xe5, 0x0d,
  0x12, 0x87, 0x90, 0x90, 0xd2, 0xb5, 0x12, 0x1a, 0x4c, 0x12, 0xc5, 0x32,
  0x90, 0xc2, 0x20, 0xe0, 0xb4, 0x01, 0x05, 0x12, 0xca, 0xef, 0x80, 0x08,
  0x90, 0xc1, 0x95, 0xe0, 0xff, 0x12, 0xca, 0x35, 0x90, 0xc3, 0x47, 0xe0,
  0xff, 0xd3, 0x94, 0x0a, 0x40, 0x0d, 0xef, 0x94, 0x64, 0x50, 0x08, 0x90,
  0xcd, 0xaf, 0xe0, 0xff, 0x12, 0x01, 0x20, 0xe4, 0x90, 0xd2, 0x46, 0xf0,
  0x12, 0xc7, 0x44, 0x12, 0xcb, 0xcf, 0x71, 0x9c, 0x90, 0xc3, 0x74, 0xe0,
  0xb4, 0x01, 0x08, 0x12, 0x04, 0xf9, 0xe4, 0x90, 0xc3, 0x74, 0xf0, 0x12,
  0xe7, 0xc6, 0x22, 0x90, 0xd3, 0x05, 0xec, 0xf0, 0xa3, 0x12, 0x8b, 0x43,
  0x90, 0xd3, 0x04, 0xef, 0xf0, 0x12, 0x02, 0x0b, 0x12, 0x01, 0xcf, 0x50,
  0x55, 0x12, 0x8f, 0x87, 0xd2, 0x00, 0xf1, 0x16, 0x90, 0xcf, 0x5d, 0xe0,
  0x70, 0x17, 0x90, 0xd0, 0x4d, 0xe0, 0xb4, 0x01, 0x06, 0x12, 0xe8, 0xfc,
  0x12, 0x03, 0x50, 0x12, 0xe8, 0xfc, 0x12, 0xe0, 0x4d, 0x71, 0xca, 0x80,
  0x29, 0x90, 0xd0, 0x4d, 0xe0, 0xb4, 0x01, 0x13, 0x90, 0xd3, 0x06, 0xe0,
  0x25, 0xe0, 0xff, 0x90, 0xd3, 0x05, 0xe0, 0x33, 0xfe, 0x12, 0x83, 0xbf,
  0x12, 0x03, 0x50, 0x90, 0xd3, 0x05, 0x12, 0x8c, 0x90, 0x12, 0xe0, 0x4d,
  0x12, 0xe0, 0xb8, 0x12, 0xe3, 0xcf, 0x90, 0xcf, 0x5d, 0xe0, 0xff, 0x12,
  0xe4, 0x0d, 0x90, 0xd3, 0x04, 0xe0, 0xff, 0x90, 0xd3, 0x0d, 0xe0, 0xfc,
  0xa3, 0xe0, 0xfd, 0x12, 0xc3, 0xb3, 0x90, 0xce, 0x87, 0xe0, 0x54, 0x03,
  0x64, 0x03, 0x90, 0xd3, 0x05, 0x70, 0x12, 0xe0, 0xc3, 0x13, 0xfc, 0xa3,
  0xe0, 0x13, 0xfd, 0xa3, 0xe0, 0xc3, 0x13, 0xfa, 0xa3, 0xe0, 0x13, 0x80,
  0x0a, 0xe0, 0xfc, 0xa3, 0xe0, 0xfd, 0xa3, 0xe0, 0xfa, 0xa3, 0xe0, 0x12,
  0x8d, 0xf7, 0x90, 0xd3, 0x14, 0xcf, 0xf0, 0xa3, 0xef, 0xf0, 0x90, 0xd3,
  0x0b, 0x12, 0x8b, 0x4d, 0x90, 0xd3, 0x04, 0xe0, 0xff, 0x12, 0xe2, 0x15,
  0x12, 0x04, 0xfe, 0x12, 0x01, 0xcf, 0x50, 0x14, 0x12, 0xde, 0x86, 0x12,
  0x8b, 0x5a, 0x12, 0x90, 0xbb, 0x12, 0x00, 0x8a, 0x90, 0xd0, 0x97, 0xe0,
  0xff, 0x12, 0x01, 0x89, 0x12, 0x01, 0xcf, 0x50, 0x03, 0x12, 0x02, 0xf1,
  0x90, 0xd2, 0x72, 0xe0, 0xff, 0x02, 0x01, 0x8e, 0x22, 0x90, 0xc2, 0x20,
  0xe0, 0x64, 0x01, 0x22, 0x90, 0xd3, 0x16, 0x12, 0x1b, 0x63, 0x90, 0xd3,
  0x16, 0x12, 0x8b, 0xa0, 0xff, 0xae, 0xf0, 0x7d, 0x00, 0x7c, 0x83, 0x12,
  0x02, 0x42, 0x90, 0xd3, 0x16, 0x12, 0x8a, 0x9b, 0xff, 0xae, 0xf0, 0x7d,
  0x02, 0x7c, 0x83, 0x02, 0x02, 0x42, 0x12, 0xcc, 0xa1, 0x12, 0x8d, 0xc5,
  0x12, 0xdd, 0x18, 0x12, 0x87, 0x84, 0x12, 0x86, 0xad, 0x90, 0xd3, 0x24,
  0x74, 0x01, 0x12, 0x87, 0x96, 0x12, 0x01, 0x93, 0x12, 0x00, 0x99, 0x12,
  0xee, 0x5e, 0x12, 0x00, 0xe9, 0x90, 0xc2, 0x20, 0xe0, 0xff, 0x12, 0x00,
  0xc6, 0x12, 0x00, 0xdf, 0x12, 0x00, 0xcb, 0x12, 0xee, 0x5e, 0x12, 0x04,
  0xef, 0x12, 0xee, 0x5e, 0x12, 0x04, 0xdb, 0x12, 0xe0, 0xb8, 0x12, 0xe3,
  0xcf, 0x12, 0x01, 0x25, 0x12, 0xe3, 0x71, 0x12, 0x8e, 0xa8, 0x90, 0xd2,
  0x72, 0xe0, 0xfd, 0xed, 0x70, 0x0c, 0x78, 0x10, 0x7c, 0x84, 0x7d, 0x01,
  0xfe, 0x7f, 0x0c, 0x02, 0x15, 0x3e, 0x7e, 0x00, 0x7f, 0x0c, 0x7d, 0x00,
  0x7b, 0x01, 0x7a, 0x84, 0x79, 0x10, 0x02, 0x1d, 0x1e, 0x90, 0xd2, 0xd5,
  0x12, 0x1b, 0x63, 0x90, 0xd2, 0xd5, 0x12, 0x7f, 0xaf, 0x70, 0x03, 0x7f,
  0x01, 0x22, 0x7f, 0x6e, 0x91, 0xf7, 0x12, 0x8e, 0x32, 0x7f, 0x70, 0x91,
  0xf7, 0x90, 0x00, 0x02, 0x12, 0xed, 0x76, 0x7f, 0x72, 0x7e, 0x84, 0x12,
  0x02, 0x38, 0x90, 0xd2, 0xd5, 0x12, 0xed, 0x70, 0x12, 0x8a, 0x9e, 0x12,
  0x83, 0x99, 0xa8, 0x04, 0xc0, 0x05, 0xc0, 0x06, 0xc0, 0x07, 0x90, 0xd2,
  0xd5, 0x12, 0x8b, 0xa0, 0xff, 0xae, 0xf0, 0xe4, 0xd0, 0x03, 0xd0, 0x02,
  0xd0, 0x01, 0x12, 0x17, 0xfd, 0xc0, 0x04, 0xc0, 0x05, 0xc0, 0x06, 0xc0,
  0x07, 0x90, 0xd2, 0xd5, 0x12, 0xdd, 0xf1, 0xe4, 0xfc, 0xfd, 0xd0, 0x03,
  0xd0, 0x02, 0xd0, 0x01, 0xd0, 0x00, 0x12, 0x17, 0xfd, 0xe4, 0x7b, 0x64,
  0x12, 0x8d, 0xd2, 0x90, 0xd2, 0xd5, 0x50, 0x3a, 0x12, 0x1b, 0x43, 0x90,
  0x00, 0x06, 0x74, 0x01, 0x12, 0x15, 0xde, 0x7f, 0x74, 0x7e, 0x84, 0x12,
  0x02, 0x3d, 0x91, 0xfc, 0x90, 0x00, 0x07, 0x12, 0x1a, 0x28, 0x7f, 0x77,
  0x7e, 0x84, 0x12, 0x02, 0x3d, 0x91, 0xfc, 0x90, 0x00, 0x0b, 0x12, 0x1a,
  0x28, 0x7f, 0x7a, 0x7e, 0x84, 0x12, 0x02, 0x3d, 0x91, 0xfc, 0x90, 0x00,
  0x0f, 0x12, 0x1a, 0x28, 0x80, 0x0a, 0x12, 0x1b, 0x43, 0x90, 0x00, 0x06,
  0xe4, 0x12, 0x15, 0xde, 0x7f, 0x00, 0x22, 0x7e, 0x84, 0x12, 0x02, 0x38,
  0x90, 0xd2, 0xd5, 0x02, 0x1b, 0x43, 0x90, 0xc2, 0x21, 0xb1, 0x7c, 0x74,
  0x20, 0xf0, 0x12, 0x02, 0x33, 0x90, 0xc2, 0x25, 0xb1, 0x7c, 0x74, 0x23,
  0xf0, 0x12, 0x02, 0x33, 0x90, 0xc2, 0x29, 0xe0, 0xff, 0xa3, 0xe0, 0x90,
  0x8f, 0x26, 0xcf, 0xf0, 0xa3, 0xef, 0xf0, 0x90, 0xc2, 0x2b, 0xb1, 0x7c,
  0x74, 0x28, 0xf0, 0x12, 0x02, 0x33, 0x90, 0xc2, 0x2f, 0xb1, 0x7c, 0x74,
  0x2b, 0xf0, 0x12, 0x02, 0x33, 0x90, 0xc2, 0x33, 0xb1, 0x7c, 0x74, 0x2e,
  0xf0, 0x12, 0x02, 0x33, 0x90, 0xc2, 0x37, 0xe0, 0xff, 0xa3, 0xe0, 0x90,
  0x8f, 0x31, 0xcf, 0xf0, 0xa3, 0xef, 0xf0, 0x90, 0xc2, 0x39, 0xe0, 0xff,
  0xa3, 0xe0, 0x90, 0x8f, 0x33, 0xcf, 0xf0, 0xa3, 0xef, 0xf0, 0x90, 0xc2,
  0x3b, 0xb1, 0x7c, 0x74, 0x35, 0xf0, 0x12, 0x02, 0x33, 0x90, 0xc2, 0x3f,
  0xb1, 0x7c, 0x74, 0x38, 0xf0, 0x02, 0x02, 0x33, 0x12, 0x1a, 0x4c, 0x90,
  0xd2, 0xfd, 0x74, 0x8f, 0xf0, 0xa3, 0x22, 0x12, 0x90, 0x31, 0xe4, 0x7f,
  0xff, 0x7e, 0xff, 0xfd, 0xfc, 0xd1, 0xe6, 0x40, 0x0a, 0x74, 0xff, 0x90,
  0xd2, 0xf6, 0xf0, 0xa3, 0xf0, 0x80, 0x0b, 0x12, 0x90, 0x2b, 0x90, 0xd2,
  0xf6, 0xee, 0xf0, 0xa3, 0xef, 0xf0, 0x71, 0x9d, 0x70, 0x02, 0xc1, 0x2e,
  0x90, 0xc3, 0x17, 0xf1, 0x0f, 0xfc, 0xfd, 0xd1, 0xe6, 0x50, 0x02, 0x80,
  0x7c, 0x90, 0xc3, 0x1b, 0xf1, 0x0f, 0xfc, 0xfd, 0xd1, 0xe6, 0x50, 0x15,
  0x90, 0xc3, 0x17, 0xe0, 0xfe, 0xa3, 0xe0, 0xff, 0x90, 0xc3, 0x1b, 0xe0,
  0xfa, 0xa3, 0xe0, 0xfb, 0x90, 0xc3, 0x35, 0x80, 0x7d, 0x90, 0xc3, 0x1d,
  0xf1, 0x0f, 0xfc, 0xfd, 0xd1, 0xe6, 0x50, 0x1b, 0x90, 0xc3, 0x35, 0xe0,
  0xfd, 0x7c, 0x00, 0x90, 0xc3, 0x1d, 0xe0, 0xfa, 0xa3, 0xe0, 0xfb, 0x90,
  0xc3, 0x3b, 0x12, 0xc3, 0x67, 0xf0, 0x90, 0xc3, 0x1b, 0xc1, 0x9c, 0x90,
  0xc3, 0x2c, 0xf1, 0x0f, 0xfc, 0xfd, 0xd1, 0xe6, 0x50, 0x1b, 0x90, 0xc3,
  0x3b, 0xe0, 0xfd, 0x7c, 0x00, 0x90, 0xc3, 0x2c, 0xe0, 0xfa, 0xa3, 0xe0,
  0xfb, 0x90, 0xc3, 0x3d, 0x12, 0xc3, 0x67, 0xf0, 0x90, 0xc3, 0x1d, 0x80,
  0x73, 0x90, 0xc3, 0x3d, 0xc1, 0xd9, 0x90, 0xc3, 0x63, 0xf1, 0x0f, 0xfc,
  0xfd, 0xd1, 0xe6, 0x50, 0x03, 0xe4, 0xc1, 0xda, 0x90, 0xc3, 0x65, 0xf1,
  0x0f, 0xfc, 0xfd, 0xd1, 0xe6, 0x50, 0x31, 0x90, 0xc3, 0x63, 0xe0, 0xfe,
  0xa3, 0xe0, 0xff, 0x90, 0xc3, 0x65, 0xe0, 0xfa, 0xa3, 0xe0, 0xfb, 0x90,
  0xc3, 0x71, 0xe0, 0xfd, 0x90, 0xd3, 0x45, 0xe4, 0xf0, 0xa3, 0xed, 0xf0,
  0x90, 0xd2, 0xf6, 0xe0, 0xfd, 0xa3, 0xe0, 0x90, 0xd3, 0x47, 0xcd, 0xf0,
  0xa3, 0xed, 0xf0, 0xe4, 0xfd, 0xfc, 0x80, 0x54, 0x90, 0xc3, 0x67, 0xf1,
  0x0f, 0xfc, 0xfd, 0xd1, 0xe6, 0x50, 0x20, 0x90, 0xc3, 0x71, 0xe0, 0xfd,
  0x7c, 0x00, 0x90, 0xc3, 0x67, 0xe0, 0xfa, 0xa3, 0xe0, 0xfb, 0x90, 0xc3,
  0x72, 0x12, 0xc3, 0x67, 0xf0, 0x90, 0xc3, 0x65, 0xe0, 0xfe, 0xa3, 0xe0,
  0xff, 0x80, 0x29, 0x90, 0xc3, 0x6d, 0xf1, 0x0f, 0xfc, 0xfd, 0xd1, 0xe6,
  0x50, 0x28, 0x90, 0xc3, 0x72, 0xe0, 0xfd, 0x7c, 0x00, 0x90, 0xc3, 0x6d,
  0xe0, 0xfa, 0xa3, 0xe0, 0xfb, 0x90, 0xc3, 0x73, 0x12, 0xc3, 0x67, 0xf0,
  0x90, 0xc3, 0x67, 0xe0, 0xfe, 0xa3, 0xe0, 0xff, 0x12, 0x02, 0x88, 0x90,
  0xd2, 0xf5, 0xef, 0xf0, 0x80, 0x08, 0x90, 0xc3, 0x73, 0xe0, 0x90, 0xd2,
  0xf5, 0xf0, 0x90, 0xd2, 0xf5, 0xe0, 0xf4, 0x04, 0xff, 0x22, 0x90, 0xd2,
  0xf1, 0x12, 0x1a, 0x68, 0xd3, 0x02, 0x19, 0x73, 0x22, 0xc2, 0xaf, 0xc2,
  0xdd, 0x12, 0x00, 0xa3, 0x12, 0xf0, 0x48, 0x12, 0x00, 0xda, 0x12, 0xf0,
  0x48, 0x12, 0x04, 0xe5, 0xd2, 0xaf, 0xd2, 0xdd, 0x22, 0xee, 0xf0, 0xa3,
  0xef, 0xf0, 0xa3, 0xe0, 0xfe, 0xa3, 0xe0, 0xff, 0xe4, 0x22, 0x90, 0xd3,
  0x0f, 0xef, 0xf0, 0xa3, 0xed, 0xf0, 0x20, 0x00, 0x16, 0x12, 0xf0, 0x3f,
  0xe0, 0xb5, 0x07, 0x0f, 0x90, 0xd3, 0x10, 0xe0, 0xff, 0x90, 0xc0, 0x03,
  0xe0, 0x6f, 0x70, 0x03, 0x02, 0xb9, 0x80, 0x12, 0xf0, 0x3f, 0xf0, 0x90,
  0xd3, 0x10, 0xe0, 0xfe, 0x90, 0xc0, 0x03, 0xf0, 0xef, 0x64, 0x01, 0x60,
  0x03, 0x02, 0xb8, 0x7c, 0xee, 0x7b, 0xff, 0x70, 0x06, 0x7a, 0x65, 0x79,
  0x04, 0x80, 0x04, 0x7a, 0x54, 0x79, 0xa9, 0x90, 0xd3, 0x14, 0x12, 0x1b,
  0x63, 0xee, 0x7b, 0xff, 0x70, 0x06, 0x7a, 0x43, 0x79, 0x2f, 0x80, 0x04,
  0x7a, 0x31, 0x79, 0xb5, 0x12, 0xee, 0xe8, 0x12, 0x00, 0xc6, 0x90, 0xd3,
  0x14, 0x12, 0x1b, 0x43, 0x90, 0xd2, 0x3a, 0x12, 0x1b, 0x63, 0x12, 0xee,
  0x56, 0x12, 0xee, 0xd7, 0x12, 0xee, 0x53, 0x24, 0x68, 0xf9, 0xe4, 0x3a,
  0xfa, 0x78, 0x80, 0x7c, 0xc2, 0x7d, 0x01, 0x7e, 0x00, 0x7f, 0x03, 0x12,
  0xdb, 0x95, 0x12, 0xef, 0xe3, 0x12, 0xd6, 0xd8, 0x78, 0x4b, 0x7c, 0xc1,
  0x7d, 0x01, 0x7b, 0x01, 0x7a, 0xc0, 0x79, 0x04, 0x12, 0xd6, 0xd8, 0x12,
  0xf0, 0x2d, 0x7a, 0xc0, 0x79, 0x04, 0x12, 0xd6, 0xd8, 0x12, 0xe0, 0xb8,
  0x12, 0xee, 0x56, 0x24, 0x6b, 0xf9, 0xe4, 0x3a, 0x12, 0xef, 0xc6, 0x12,
  0xee, 0x53, 0x24, 0x6b, 0xf9, 0xe4, 0x3a, 0x12, 0xe3, 0xae, 0x12, 0xee,
  0x56, 0x24, 0xa7, 0xf9, 0xe4, 0x3a, 0x12, 0xef, 0xba, 0x12, 0xee, 0x53,
  0x24, 0xa7, 0xf9, 0xe4, 0x3a, 0x12, 0xd4, 0x9a, 0xc0, 0x04, 0xc0, 0x05,
  0xc0, 0x06, 0xc0, 0x07, 0x12, 0x8a, 0x2f, 0xd0, 0x07, 0xd0, 0x06, 0xd0,
  0x05, 0xd0, 0x04, 0x12, 0x08, 0x8f, 0xc0, 0x04, 0xc0, 0x05, 0xc0, 0x06,
  0xc0, 0x07, 0x90, 0xc9, 0xeb, 0x12, 0xd4, 0xce, 0xc0, 0x04, 0xc0, 0x05,
  0xc0, 0x06, 0xc0, 0x07, 0x12, 0x8c, 0x5b, 0x12, 0x8a, 0x3f, 0xd0, 0x07,
  0xd0, 0x06, 0xd0, 0x05, 0xd0, 0x04, 0x12, 0x08, 0x8f, 0xd0, 0x03, 0xd0,
  0x02, 0xd0, 0x01, 0xd0, 0x00, 0x12, 0x8e, 0xa1, 0x12, 0x1a, 0xe9, 0x12,
  0x8a, 0x2f, 0x12, 0x8c, 0x17, 0xc0, 0x04, 0xc0, 0x05, 0xc0, 0x06, 0xc0,
  0x07, 0x12, 0x8c, 0x5b, 0x12, 0x8a, 0x3f, 0x12, 0x8c, 0x0c, 0xd0, 0x03,
  0xd0, 0x02, 0xd0, 0x01, 0xd0, 0x00, 0x12, 0x11, 0x18, 0x90, 0xcb, 0xe6,
  0x12, 0x1a, 0xe9, 0x12, 0xee, 0x56, 0x24, 0x25, 0xf9, 0xea, 0x34, 0x01,
  0x12, 0xef, 0xae, 0x12, 0xee, 0x53, 0x24, 0x23, 0xf9, 0xea, 0x34, 0x01,
  0x12, 0xf0, 0x83, 0x12, 0xe4, 0x07, 0x21, 0x74, 0x90, 0xd3, 0x10, 0xe0,
  0x7b, 0xff, 0x70, 0x06, 0x7a, 0x43, 0x79, 0x2f, 0x80, 0x04, 0x7a, 0x31,
  0x79, 0xb5, 0x12, 0xee, 0xe8, 0x12, 0x00, 0xc6, 0x31, 0x84, 0x90, 0xd2,
  0x3a, 0x12, 0x1b, 0x63, 0x31, 0x84, 0xe9, 0x12, 0xee, 0xd7, 0x31, 0x81,
  0xe9, 0x24, 0x68, 0xf9, 0xe4, 0x3a, 0xfa, 0x78, 0x56, 0x7c, 0xc2, 0x7d,
  0x01, 0x7e, 0x00, 0x7f, 0x2a, 0x12, 0xdb, 0x95, 0x12, 0xef, 0xe3, 0x12,
  0xd6, 0xb2, 0x31, 0x84, 0x12, 0xf0, 0x6b, 0x12, 0xef, 0xc6, 0x31, 0x81,
  0x12, 0xf0, 0x6b, 0x12, 0xe3, 0xae, 0x31, 0x84, 0x12, 0xf0, 0x73, 0x12,
  0xef, 0xba, 0x31, 0x81, 0x12, 0xf0, 0x73, 0x12, 0xd4, 0x9a, 0xc0, 0x04,
  0xc0, 0x05, 0xc0, 0x06, 0xc0, 0x07, 0x12, 0x8a, 0x2f, 0xd0, 0x07, 0xd0,
  0x06, 0xd0, 0x05, 0xd0, 0x04, 0x12, 0x08, 0x8f, 0xc0, 0x04, 0xc0, 0x05,
  0xc0, 0x06, 0xc0, 0x07, 0x90, 0xc9, 0xeb, 0x12, 0xd4, 0xce, 0xc0, 0x04,
  0xc0, 0x05, 0xc0, 0x06, 0xc0, 0x07, 0x12, 0x8c, 0x5b, 0x12, 0x8a, 0x3f,
  0xd0, 0x07, 0xd0, 0x06, 0xd0, 0x05, 0xd0, 0x04, 0x12, 0x08, 0x8f, 0xd0,
  0x03, 0xd0, 0x02, 0xd0, 0x01, 0xd0, 0x00, 0x12, 0x8e, 0xa1, 0x12, 0x1a,
  0xe9, 0x12, 0x8a, 0x2f, 0x12, 0x8c, 0x17, 0xc0, 0x04, 0xc0, 0x05, 0xc0,
  0x06, 0xc0, 0x07, 0x12, 0x8c, 0x5b, 0x12, 0x8a, 0x3f, 0x12, 0x8c, 0x0c,
  0xd0, 0x03, 0xd0, 0x02, 0xd0, 0x01, 0xd0, 0x00, 0x12, 0xee, 0x8b, 0x31,
  0x84, 0xe9, 0x24, 0x3c, 0xf9, 0xea, 0x34, 0x02, 0x12, 0xef, 0xae, 0x31,
  0x81, 0xe9, 0x24, 0x3a, 0xf9, 0xea, 0x34, 0x02, 0x12, 0xf0, 0x83, 0x31,
  0x84, 0xe9, 0x24, 0x72, 0xf9, 0xea, 0x34, 0x11, 0xfa, 0x78, 0xf3, 0x7c,
  0xc2, 0x12, 0x8d, 0x60, 0x12, 0xc4, 0x05, 0x12, 0xde, 0x3e, 0x90, 0xd2,
  0x46, 0x74, 0x01, 0xf0, 0x22, 0x12, 0x15, 0x3e, 0x90, 0xd3, 0x11, 0x02,
  0x1b, 0x43, 0x12, 0x8f, 0x72, 0xaf, 0x05, 0x12, 0xc4, 0x08, 0x90, 0xd2,
  0xbf, 0xf0, 0x90, 0xd2, 0xb8, 0xe0, 0x24, 0xfb, 0x70, 0x02, 0x41, 0xb0,
  0x24, 0x83, 0x60, 0x68, 0x14, 0x70, 0x02, 0x41, 0x34, 0x14, 0x70, 0x02,
  0x41, 0x5a, 0x14, 0x70, 0x02, 0x61, 0x59, 0x24, 0x04, 0x60, 0x02, 0x61,
  0xc1, 0xe4, 0xfd, 0xfc, 0xff, 0xfe, 0x12, 0x01, 0xd4, 0x90, 0xd2, 0xc0,
  0x12, 0x8f, 0x6a, 0x12, 0x02, 0x24, 0x90, 0xd2, 0xc2, 0xee, 0xf0, 0xa3,
  0xef, 0xf0, 0x90, 0xd2, 0xc0, 0xe0, 0xfe, 0xa3, 0xe0, 0xff, 0xd2, 0x00,
  0x12, 0x02, 0x29, 0x90, 0xd2, 0xc4, 0xee, 0x12, 0x91, 0x11, 0xe0, 0x90,
  0x72, 0x00, 0xf0, 0x90, 0xd2, 0xc2, 0xe0, 0x90, 0x72, 0x01, 0xf0, 0x90,
  0xd2, 0xc5, 0xe0, 0x90, 0x72, 0x02, 0xf0, 0x90, 0xd2, 0xc4, 0xe0, 0x90,
  0x72, 0x03, 0xf0, 0x90, 0xce, 0xc3, 0xe0, 0x90, 0x72, 0x04, 0x80, 0x4a,
  0x90, 0xd2, 0xbf, 0xe0, 0xff, 0x24, 0x04, 0x71, 0xc8, 0xe0, 0x90, 0x72,
  0x00, 0xf0, 0x74, 0x05, 0x71, 0xc7, 0x12, 0xef, 0x5f, 0x24, 0x06, 0x71,
  0xc8, 0xe0, 0x90, 0x72, 0x02, 0xf0, 0x74, 0x07, 0x71, 0xc7, 0xe0, 0x90,
  0x72, 0x03, 0x80, 0x22, 0x90, 0xd2, 0xbf, 0xe0, 0xff, 0xe4, 0x71, 0xc7,
  0xe0, 0x90, 0x72, 0x00, 0xf0, 0x74, 0x01, 0x71, 0xc7, 0x12, 0xef, 0x5f,
  0x24, 0x02, 0x71, 0xc8, 0xe0, 0x90, 0x72, 0x02, 0x71, 0xc4, 0xe0, 0x90,
  0x72, 0x03, 0xf0, 0x7f, 0x00, 0x22, 0x90, 0xd2, 0xba, 0xe0, 0x64, 0x08,
  0x60, 0x03, 0x7f, 0x08, 0x22, 0x12, 0x8d, 0x06, 0x4e, 0x60, 0x16, 0x12,
  0x8c, 0x95, 0x4c, 0x60, 0x10, 0x12, 0xef, 0x51, 0x50, 0x0b, 0x90, 0xce,
  0xe9, 0x12, 0x8d, 0x37, 0x9f, 0xec, 0x9e, 0x40, 0x03, 0x7f, 0x0d, 0x22,
  0x91, 0x3c, 0x90, 0xd2, 0xc6, 0x12, 0x8c, 0x51, 0x12, 0x02, 0x42, 0x90,
  0xd2, 0xc8, 0x12, 0x8f, 0x31, 0x7c, 0x72, 0x12, 0x02, 0x42, 0x90, 0xd2,
  0xca, 0xe0, 0xfe, 0xa3, 0xe0, 0xff, 0x7d, 0x04, 0x7c, 0x72, 0x12, 0x02,
  0x42, 0x12, 0x90, 0xb2, 0x7d, 0x06, 0x61, 0xb9, 0x90, 0xd2, 0xba, 0xe0,
  0x64, 0x06, 0x60, 0x03, 0x7f, 0x08, 0x22, 0x12, 0x8d, 0x06, 0x4e, 0x60,
  0x16, 0x12, 0x8c, 0x95, 0x4c, 0x60, 0x10, 0x12, 0xef, 0x51, 0x50, 0x0b,
  0x90, 0xce, 0xe9, 0x12, 0x8d, 0x37, 0x9f, 0xec, 0x9e, 0x40, 0x03, 0x7f,
  0x0d, 0x22, 0x7f, 0x00, 0x7e, 0x71, 0x12, 0x02, 0x38, 0x12, 0x90, 0x8e,
  0x7f, 0x02, 0x7e, 0x71, 0x12, 0x02, 0x38, 0x12, 0xf0, 0x24, 0x90, 0x71,
  0x04, 0xe0, 0x90, 0xd2, 0xdc, 0xf0, 0x90, 0x71, 0x05, 0xe0, 0x90, 0xd2,
  0xdd, 0xf0, 0x90, 0xd2, 0xdc, 0xe0, 0x60, 0x04, 0xa3, 0xe0, 0x70, 0x03,
  0x7f, 0x0d, 0x22, 0x91, 0x3c, 0x12, 0xee, 0xa4, 0x90, 0xd2, 0xd8, 0x12,
  0xef, 0xa2, 0x71, 0xd0, 0x90, 0xd5, 0x1e, 0x12, 0xee, 0x9f, 0x90, 0xd2,
  0xda, 0x12, 0x8e, 0x6b, 0x90, 0xd3, 0x17, 0xf0, 0x71, 0xd0, 0x12, 0xf0,
  0x36, 0x90, 0xd2, 0xdc, 0xe0, 0xfb, 0x90, 0xd5, 0x1e, 0x12, 0x83, 0x81,
  0x7c, 0x00, 0x12, 0xef, 0x38, 0x90, 0xd5, 0x1e, 0xee, 0xf0, 0xa3, 0xef,
  0xf0, 0x90, 0xd2, 0xdd, 0xe0, 0xfb, 0x90, 0xd5, 0x20, 0x12, 0x83, 0x81,
  0x12, 0xef, 0x38, 0x12, 0xf0, 0x36, 0x7f, 0x00, 0x22, 0x90, 0xd2, 0xba,
  0xe0, 0x64, 0x04, 0x60, 0x03, 0x7f, 0x08, 0x22, 0x12, 0x8d, 0x06, 0x4e,
  0x60, 0x1b, 0x12, 0x8c, 0x95, 0x4c, 0x60, 0x15, 0x12, 0x8b, 0xcd, 0xd3,
  0xef, 0x9b, 0xee, 0x9a, 0x50, 0x0b, 0x90, 0xc1, 0x93, 0x12, 0x8d, 0x37,
  0x9f, 0xec, 0x9e, 0x40, 0x03, 0x7f, 0x0d, 0x22, 0x91, 0x3c, 0x12, 0xee,
  0xa4, 0x90, 0xd5, 0x1e, 0x12, 0xef, 0xa2, 0xf1, 0x5e, 0x90, 0xd2, 0xd8,
  0x12, 0xee, 0x9f, 0x90, 0xd5, 0x20, 0x12, 0x8e, 0x6b, 0x90, 0xd3, 0x17,
  0xf0, 0xf1, 0x5e, 0x12, 0xf0, 0x24, 0x90, 0xd2, 0xd8, 0x12, 0x8c, 0x51,
  0x12, 0x02, 0x42, 0x90, 0xd2, 0xda, 0x12, 0x8f, 0x31, 0x7c, 0x72, 0x12,
  0x02, 0x42, 0x7f, 0x00, 0x22, 0x7f, 0x0d, 0x22, 0xf0, 0x74, 0x03, 0x2f,
  0xf5, 0x82, 0xe4, 0x34, 0x8a, 0xf5, 0x83, 0x22, 0x90, 0xd3, 0x17, 0xe0,
  0x60, 0x10, 0xf1, 0xb3, 0x12, 0x8b, 0x7a, 0xff, 0x90, 0xd3, 0x1a, 0xf1,
  0xba, 0x90, 0x00, 0x0c, 0x80, 0x10, 0x12, 0x8a, 0x9e, 0xf1, 0xb6, 0x12,
  0x8d, 0xa7, 0x90, 0xd3, 0x1a, 0xf1, 0xba, 0x90, 0x00, 0x0e, 0x12, 0x16,
  0xf4, 0xff, 0x90, 0xd3, 0x1c, 0xf1, 0xba, 0xae, 0x04, 0xaf, 0x05, 0xab,
  0x07, 0x12, 0x90, 0xa9, 0x90, 0xd3, 0x1a, 0x12, 0xb7, 0x0f, 0xfc, 0xfd,
  0x12, 0x18, 0x18, 0xef, 0x24, 0x20, 0x12, 0xed, 0x65, 0xe4, 0x7b, 0x40,
  0xfa, 0xf9, 0xf8, 0x12, 0x0c, 0xfd, 0x90, 0xd3, 0x19, 0xe0, 0x2f, 0xff,
  0x90, 0xd3, 0x18, 0xe0, 0x3e, 0xfe, 0x90, 0xd3, 0x1c, 0xe0, 0xfa, 0xa3,
  0xe0, 0xfb, 0xe4, 0xfd, 0xfc, 0x02, 0x02, 0x6a, 0x7b, 0x01, 0x7a, 0xd2,
  0x79, 0xc6, 0x90, 0xd2, 0xbb, 0xe0, 0xff, 0xa3, 0xe0, 0x90, 0xd2, 0xfc,
  0xcf, 0xf0, 0xa3, 0xef, 0xf0, 0x90, 0xd2, 0xbd, 0xe0, 0xff, 0xa3, 0xe0,
  0x90, 0xd2, 0xfe, 0xcf, 0xf0, 0xa3, 0xef, 0xf0, 0xc2, 0x00, 0xe4, 0xff,
  0x90, 0xd2, 0xf9, 0x12, 0x1b, 0x63, 0x12, 0x8e, 0x0c, 0x90, 0x00, 0x0c,
  0x12, 0x8f, 0xac, 0x90, 0x00, 0x0e, 0x12, 0x8f, 0xac, 0x90, 0xd2, 0x21,
  0xe0, 0x90, 0x00, 0x10, 0x12, 0x15, 0xde, 0x90, 0xd0, 0xd7, 0xe0, 0x90,
  0x00, 0x11, 0x12, 0x15, 0xde, 0x30, 0x00, 0x65, 0x12, 0xc4, 0x08, 0xff,
  0x24, 0x05, 0x71, 0xc8, 0xe0, 0xfe, 0xf1, 0xc4, 0x90, 0x00, 0x04, 0xee,
  0x12, 0x15, 0xde, 0x74, 0x04, 0x71, 0xc7, 0xe0, 0xfe, 0xe9, 0x24, 0x04,
  0x12, 0xef, 0x05, 0x74, 0x07, 0x71, 0xc7, 0xe0, 0xfe, 0xf1, 0xc4, 0x90,
  0x00, 0x06, 0xee, 0x12, 0x15, 0xde, 0x74, 0x06, 0x71, 0xc7, 0xe0, 0xfe,
  0xe9, 0x24, 0x06, 0x12, 0xef, 0x05, 0x74, 0x01, 0x71, 0xc7, 0xe0, 0xfe,
  0xf1, 0xc4, 0xee, 0x12, 0x15, 0xcc, 0xe4, 0x71, 0xc7, 0xe0, 0xfe, 0xf1,
  0xc4, 0x12, 0xef, 0x09, 0x71, 0xc5, 0x12, 0x91, 0x19, 0x74, 0x02, 0x71,
  0xc7, 0xe0, 0xff, 0x12, 0x8d, 0xb6, 0x90, 0x00, 0x01, 0xef, 0x02, 0x15,
  0xde, 0x90, 0xcf, 0x02, 0xa3, 0xe0, 0xfd, 0x90, 0xc1, 0x93, 0xe0, 0xff,
  0xa3, 0xe0, 0x90, 0xd3, 0x1d, 0x12, 0x8c, 0xe4, 0xe0, 0x90, 0xd3, 0x1f,
  0xcf, 0x12, 0x91, 0x3f, 0xe0, 0xff, 0xa3, 0xe0, 0x90, 0xd3, 0x21, 0xcf,
  0xf0, 0xa3, 0xef, 0xf0, 0xc2, 0x01, 0xf1, 0xc4, 0x12, 0x8b, 0xc7, 0xe4,
  0xff, 0x90, 0xd3, 0x1a, 0x12, 0x8b, 0x43, 0x90, 0xd3, 0x19, 0x12, 0xc4,
  0x06, 0x90, 0xd3, 0x2c, 0xf0, 0x90, 0xd3, 0x1b, 0x12, 0xb7, 0x0f, 0xfc,
  0xfd, 0xc0, 0x07, 0x90, 0xd2, 0x21, 0x12, 0x83, 0x7a, 0xd0, 0x07, 0x12,
  0xef, 0x6a, 0xc0, 0x06, 0xc0, 0x07, 0x90, 0xd3, 0x1f, 0x12, 0xef, 0xea,
  0xd0, 0x07, 0xd0, 0x06, 0x12, 0x18, 0xa3, 0x90, 0xd3, 0x26, 0xee, 0x12,
  0x8e, 0xaf, 0x12, 0xb7, 0x0f, 0xfc, 0xfd, 0xc0, 0x07, 0x90, 0xd0, 0xd7,
  0x12, 0x83, 0x7a, 0xd0, 0x07, 0x12, 0xef, 0x6a, 0xc0, 0x06, 0xc0, 0x07,
  0x90, 0xd3, 0x21, 0x12, 0xef, 0xea, 0xd0, 0x07, 0xd0, 0x06, 0x12, 0x18,
  0xa3, 0x90, 0xd3, 0x28, 0x12, 0x8c, 0x9c, 0x24, 0x11, 0xf5, 0x82, 0xe4,
  0x34, 0xcf, 0xf5, 0x83, 0xe0, 0x60, 0x02, 0xc1, 0x1a, 0x90, 0xd3, 0x1f,
  0xe0, 0x64, 0x01, 0x70, 0x04, 0xa3, 0xe0, 0x64, 0x60, 0x70, 0x48, 0x90,
  0xc2, 0x1d, 0xe0, 0x64, 0x01, 0x70, 0x40, 0x90, 0xd3, 0x28, 0x12, 0xf0,
  0x7b, 0x7d, 0x0d, 0x12, 0x16, 0x00, 0x1d, 0x12, 0x16, 0x12, 0xa3, 0x12,
  0x91, 0x47, 0x90, 0xd3, 0x26, 0x12, 0x83, 0x8c, 0x9d, 0xee, 0x9c, 0x40,
  0x11, 0x90, 0xd3, 0x2a, 0xe0, 0xfd, 0xa3, 0xe0, 0x90, 0xd3, 0x26, 0xcd,
  0xf0, 0xa3, 0xed, 0xf0, 0x80, 0x2f, 0x7c, 0x00, 0x7d, 0x0c, 0x12, 0x16,
  0x00, 0x0d, 0x12, 0x16, 0x12, 0x90, 0xd3, 0x28, 0xee, 0x80, 0x1a, 0x12,
  0xdb, 0x83, 0x9f, 0xec, 0x9e, 0x50, 0x06, 0xae, 0x04, 0xaf, 0x05, 0x80,
  0x00, 0x90, 0xd3, 0x26, 0x12, 0xf0, 0x1b, 0xe0, 0xff, 0xa3, 0xe0, 0xa3,
  0xcf, 0xf0, 0xa3, 0xef, 0xf0, 0x90, 0xd3, 0x26, 0xe0, 0xff, 0xa3, 0xe0,
  0x90, 0xd3, 0x2a, 0xcf, 0x80, 0x12, 0x12, 0xdb, 0x83, 0x9f, 0xec, 0x9e,
  0x50, 0x06, 0xae, 0x04, 0xaf, 0x05, 0x80, 0x00, 0x90, 0xd3, 0x2a, 0xee,
  0xf0, 0xa3, 0xef, 0xf0, 0x90, 0xd3, 0x26, 0x12, 0xee, 0xb7, 0x12, 0xed,
  0x90, 0x90, 0xd3, 0x26, 0x12, 0x8a, 0xff, 0x12, 0xee, 0xb7, 0x12, 0xed,
  0x90, 0x90, 0xd3, 0x28, 0x12, 0xf0, 0x1b, 0x12, 0xee, 0xab, 0x40, 0x06,
  0x7e, 0x03, 0x7f, 0xff, 0x80, 0x00, 0x90, 0xd3, 0x26, 0x12, 0x8a, 0xff,
  0x12, 0xee, 0xab, 0x40, 0x06, 0x7e, 0x03, 0x7f, 0xff, 0x80, 0x00, 0x90,
  0xd3, 0x28, 0x12, 0x8a, 0xff, 0x12, 0xee, 0xab, 0x40, 0x06, 0x7e, 0x03,
  0x7f, 0xff, 0x80, 0x00, 0x12, 0xef, 0x72, 0x30, 0x01, 0x36, 0x90, 0xd3,
  0x27, 0xe0, 0xff, 0x90, 0xd3, 0x2c, 0xe0, 0xfe, 0x24, 0x04, 0x71, 0xc8,
  0xef, 0xf0, 0x90, 0xd3, 0x26, 0xe0, 0xff, 0x74, 0x05, 0x2e, 0x71, 0xc8,
  0xef, 0xf0, 0x90, 0xd3, 0x29, 0xe0, 0xff, 0x74, 0x06, 0x2e, 0x71, 0xc8,
  0xef, 0xf0, 0x90, 0xd3, 0x28, 0xe0, 0xff, 0x74, 0x07, 0x2e, 0x71, 0xc8,
  0xef, 0xf0, 0x80, 0x18, 0x90, 0xd3, 0x26, 0xe0, 0xfe, 0xa3, 0xe0, 0xff,
  0x90, 0xd3, 0x23, 0x12, 0xed, 0x70, 0x90, 0xd3, 0x28, 0xe0, 0xff, 0xa3,
  0xe0, 0x12, 0x8e, 0x48, 0x90, 0xd3, 0x19, 0xe0, 0xff, 0x90, 0xd3, 0x28,
  0xe0, 0xfc, 0xa3, 0xe0, 0xfd, 0x90, 0xd3, 0x1b, 0xe0, 0xfb, 0xa3, 0xe0,
  0x90, 0xd3, 0x32, 0xcb, 0xf0, 0xa3, 0xeb, 0xf0, 0x90, 0xd3, 0x1d, 0xe0,
  0xfb, 0xa3, 0xe0, 0x90, 0xd3, 0x34, 0xcb, 0xf0, 0xa3, 0xeb, 0xf0, 0x90,
  0xd3, 0x1f, 0xe0, 0xfb, 0xa3, 0xe0, 0x90, 0xd3, 0x36, 0xcb, 0xf0, 0xa3,
  0xeb, 0xf0, 0x90, 0xd3, 0x21, 0xe0, 0xfb, 0xa3, 0xe0, 0x90, 0xd3, 0x38,
  0xcb, 0xf0, 0xa3, 0xeb, 0xf0, 0x12, 0xef, 0xd2, 0x90, 0xd3, 0x3a, 0x12,
  0x1b, 0x63, 0x90, 0xd3, 0x26, 0xe0, 0xfa, 0xa3, 0xe0, 0xfb, 0x12, 0xec,
  0xc5, 0x90, 0xd3, 0x19, 0xe0, 0xff, 0x90, 0xce, 0xce, 0xa3, 0xe0, 0xfd,
  0x90, 0xce, 0xc1, 0xa3, 0xe0, 0xfb, 0xc0, 0x03, 0x12, 0xef, 0xd2, 0x12,
  0x8f, 0xff, 0xd0, 0x03, 0x12, 0xce, 0x13, 0x30, 0x01, 0x13, 0x12, 0xed,
  0xd9, 0x90, 0xd3, 0x19, 0xe0, 0xff, 0x90, 0xd3, 0x2a, 0xe0, 0xfc, 0xa3,
  0xe0, 0xfd, 0x12, 0xe1, 0x99, 0x22, 0x90, 0xd3, 0x17, 0xe0, 0x60, 0x07,
  0xf1, 0xb3, 0x90, 0x00, 0x04, 0x80, 0x08, 0x12, 0x8a, 0x9e, 0xf1, 0xb6,
  0x90, 0x00, 0x06, 0x12, 0x16, 0xf4, 0xff, 0x90, 0xd3, 0x1a, 0xf1, 0xba,
  0xae, 0x04, 0xaf, 0x05, 0xe4, 0xfc, 0xfd, 0xc0, 0x06, 0xc0, 0x07, 0x90,
  0xd3, 0x18, 0x12, 0xc1, 0x53, 0xd0, 0x07, 0xd0, 0x06, 0x12, 0xef, 0x6a,
  0x12, 0xcc, 0x90, 0xa3, 0x12, 0x91, 0x37, 0xff, 0xe4, 0xfc, 0xfd, 0x12,
  0x17, 0xfd, 0xc0, 0x06, 0xc0, 0x07, 0x90, 0xd3, 0x1a, 0x12, 0xc1, 0x53,
  0xd0, 0x07, 0xd0, 0x06, 0x02, 0x0c, 0xfd, 0x12, 0x16, 0xc9, 0xff, 0x90,
  0xd3, 0x18, 0xe5, 0xf0, 0xf0, 0xa3, 0xef, 0xf0, 0x22, 0x02, 0x01, 0x2f,
  0x90, 0xd2, 0xf9, 0x02, 0x1b, 0x43, 0x90, 0xd3, 0x2d, 0xef, 0xf0, 0x90,
  0xd0, 0x40, 0x12, 0x8a, 0xf8, 0x9f, 0xec, 0x94, 0x00, 0x50, 0x11, 0xaf,
  0x05, 0x90, 0xc2, 0x03, 0xe0, 0xfd, 0x90, 0xd0, 0x3c, 0x12, 0xef, 0xdc,
  0x74, 0x50, 0x80, 0x13, 0x90, 0xd0, 0x40, 0xa3, 0xe0, 0xff, 0x90, 0xc2,
  0x03, 0xe0, 0xfd, 0x90, 0xd0, 0x3a, 0x12, 0xef, 0xdc, 0x74, 0x10, 0x12,
  0x90, 0x97, 0xf0, 0x12, 0x02, 0x7e, 0x90, 0x84, 0x25, 0xef, 0xf0, 0x22,
  0x90, 0xd3, 0x20, 0xee, 0xf0, 0xa3, 0xef, 0xf0, 0x7f, 0x01, 0xef, 0x31,
  0x36, 0xfc, 0x74, 0x01, 0x93, 0xfd, 0x4c, 0x70, 0x03, 0x1f, 0x80, 0x16,
  0x90, 0xd3, 0x20, 0xe0, 0xfa, 0xa3, 0xe0, 0xfb, 0xd3, 0xed, 0x9b, 0xec,
  0x9a, 0x50, 0x07, 0x0f, 0xef, 0xc3, 0x94, 0x08, 0x40, 0xdc, 0xef, 0xb4,
  0x08, 0x08, 0x75, 0x0b, 0x06, 0x75, 0x0c, 0x07, 0x80, 0x06, 0xef, 0x14,
  0xf5, 0x0b, 0x8f, 0x0c, 0xe5, 0x0b, 0x31, 0x36, 0xfe, 0x74, 0x01, 0x93,
  0xff, 0xc0, 0x07, 0x31, 0x34, 0xfa, 0x74, 0x01, 0x93, 0xfb, 0x74, 0x00,
  0x25, 0x0b, 0x12, 0x8d, 0x4e, 0xfd, 0x7c, 0x00, 0x74, 0x00, 0x25, 0x0c,
  0x12, 0x8d, 0x4e, 0x12, 0xef, 0x7b, 0x71, 0x74, 0xf0, 0xd0, 0x07, 0x12,
  0x02, 0x88, 0xef, 0x78, 0x03, 0xc3, 0x33, 0xce, 0x33, 0xce, 0xd8, 0xf9,
  0xff, 0x90, 0xd3, 0x26, 0x12, 0x8a, 0xff, 0x12, 0x7b, 0xd5, 0xe5, 0x0b,
  0x31, 0x36, 0xfe, 0x74, 0x01, 0x93, 0xff, 0xc0, 0x07, 0x31, 0x34, 0xfa,
  0x74, 0x01, 0x93, 0xfb, 0x74, 0x08, 0x25, 0x0b, 0x12, 0x8d, 0x45, 0xfd,
  0x7c, 0x00, 0x74, 0x08, 0x25, 0x0c, 0x12, 0x8d, 0x45, 0x12, 0xef, 0x7b,
  0x71, 0x74, 0xf0, 0xd0, 0x07, 0x12, 0x02, 0x88, 0xef, 0x78, 0x03, 0xc3,
  0x33, 0xce, 0x33, 0xce, 0xd8, 0xf9, 0xff, 0x12, 0xef, 0x72, 0x12, 0xdb,
  0x8b, 0x9f, 0xec, 0x9e, 0x50, 0x06, 0xae, 0x04, 0xaf, 0x05, 0x80, 0x08,
  0x90, 0xd3, 0x2a, 0xe0, 0xfe, 0xa3, 0xe0, 0xff, 0x90, 0xd3, 0x22, 0x12,
  0x8d, 0x99, 0xee, 0x94, 0x01, 0x50, 0x42, 0x90, 0xd3, 0x26, 0x12, 0xb7,
  0x0f, 0x31, 0x49, 0xc0, 0x06, 0xc0, 0x07, 0x31, 0x50, 0xd0, 0x07, 0xd0,
  0x06, 0x12, 0x18, 0xa3, 0x90, 0xd3, 0x26, 0x12, 0xb7, 0x09, 0x31, 0x49,
  0xc0, 0x06, 0xc0, 0x07, 0x31, 0x50, 0xd0, 0x07, 0xd0, 0x06, 0x12, 0x18,
  0xa3, 0x90, 0xd3, 0x28, 0x12, 0xb7, 0x09, 0x31, 0x49, 0xc0, 0x06, 0xc0,
  0x07, 0x31, 0x50, 0xd0, 0x07, 0xd0, 0x06, 0x12, 0x18, 0xa3, 0x12, 0xef,
  0x72, 0x7b, 0x01, 0x7a, 0xd3, 0x79, 0x24, 0x22, 0xe5, 0x0c, 0x25, 0xe0,
  0x24, 0x48, 0xf5, 0x82, 0xe4, 0x34, 0x0f, 0xf5, 0x83, 0xe4, 0x93, 0x22,
  0xe4, 0xff, 0x02, 0x01, 0xe8, 0xfc, 0xfd, 0x78, 0x08, 0x02, 0x19, 0xab,
  0x90, 0xd3, 0x22, 0xe0, 0xfe, 0xa3, 0xe0, 0xfb, 0xaa, 0x06, 0xe4, 0xf9,
  0xf8, 0x22, 0x90, 0xd3, 0x1d, 0xee, 0xf0, 0xa3, 0xef, 0xf0, 0x91, 0x11,
  0xef, 0x60, 0x02, 0x41, 0x42, 0xe4, 0x90, 0xd3, 0x1f, 0xf0, 0x90, 0xd3,
  0x1f, 0xe0, 0xff, 0xc3, 0x94, 0x10, 0x40, 0x02, 0x41, 0x3c, 0x90, 0xd0,
  0x81, 0xe0, 0xfc, 0xa3, 0xe0, 0xfd, 0x90, 0xd3, 0x1d, 0xe0, 0xfa, 0xa3,
  0xe0, 0xfb, 0x9d, 0xea, 0x9c, 0x40, 0x09, 0x90, 0xd0, 0x7d, 0x12, 0xef,
  0x95, 0xef, 0x80, 0x41, 0x90, 0xd0, 0x81, 0x12, 0x83, 0x8c, 0xeb, 0x9f,
  0xea, 0x9e, 0x50, 0x15, 0x90, 0xd0, 0x7b, 0x12, 0xef, 0x95, 0x12, 0xf0,
  0x63, 0x93, 0xfd, 0x90, 0xd3, 0x22, 0xe4, 0xf0, 0xa3, 0xed, 0xf0, 0x80,
  0x3a, 0x90, 0xd0, 0x7b, 0xe0, 0xfc, 0xa3, 0xe0, 0xfd, 0xb5, 0x07, 0x1a,
  0xee, 0xb5, 0x04, 0x16, 0xa3, 0xe0, 0xff, 0xa3, 0xe0, 0x90, 0xd3, 0x20,
  0xcf, 0xf0, 0xa3, 0xef, 0xf0, 0x90, 0xd3, 0x1f, 0xe0, 0x90, 0x0d, 0xdc,
  0x80, 0x0b, 0x90, 0xd3, 0x20, 0xec, 0xf0, 0xa3, 0xed, 0xf0, 0x12, 0xf0,
  0x63, 0x93, 0xff, 0x90, 0xd3, 0x22, 0xe4, 0xf0, 0xa3, 0xef, 0xf0, 0x90,
  0xd3, 0x1f, 0x12, 0x89, 0xe1, 0xe0, 0xfd, 0x7c, 0x00, 0x90, 0xd3, 0x20,
  0x12, 0x8d, 0xf3, 0x90, 0xd3, 0x45, 0x12, 0x8e, 0xae, 0x71, 0x74, 0xf0,
  0x90, 0xd0, 0x81, 0xe0, 0xfe, 0xa3, 0xe0, 0xff, 0x12, 0x02, 0x88, 0x7b,
  0xff, 0x7a, 0x00, 0xe4, 0xfd, 0xfc, 0x12, 0x02, 0x65, 0x90, 0xd3, 0x1f,
  0xe0, 0x24, 0x30, 0xf5, 0x82, 0xe4, 0x34, 0x84, 0xf5, 0x83, 0xef, 0xf0,
  0x90, 0xd3, 0x1f, 0xe0, 0x04, 0xf0, 0x21, 0x72, 0x90, 0x84, 0x40, 0x74,
  0x01, 0xf0, 0x22, 0x90, 0xd2, 0xd2, 0x12, 0x1b, 0x63, 0x12, 0xb4, 0x39,
  0xef, 0x60, 0x01, 0x22, 0x71, 0x1f, 0x12, 0x8e, 0x2c, 0x70, 0x09, 0x90,
  0x00, 0x13, 0x12, 0x15, 0xde, 0x7f, 0x01, 0x22, 0x12, 0x16, 0xc9, 0x45,
  0xf0, 0x70, 0x02, 0x61, 0x10, 0x12, 0x8b, 0x7a, 0x45, 0xf0, 0x70, 0x02,
  0x61, 0x10, 0x12, 0x8a, 0x9e, 0x45, 0xf0, 0x70, 0x02, 0x61, 0x10, 0x71,
  0x1f, 0x90, 0x00, 0x13, 0x74, 0x01, 0x12, 0x15, 0xde, 0x90, 0x00, 0x07,
  0x12, 0x19, 0xde, 0xc0, 0x06, 0xc0, 0x07, 0x71, 0x1f, 0x12, 0x16, 0xc9,
  0xae, 0xf0, 0x31, 0x57, 0xd0, 0x07, 0xd0, 0x06, 0x71, 0x1c, 0x90, 0x00,
  0x14, 0xef, 0x12, 0x15, 0xde, 0x12, 0x8a, 0x9e, 0x12, 0x83, 0x99, 0xc0,
  0x04, 0xc0, 0x05, 0xc0, 0x06, 0xc0, 0x07, 0x71, 0x1f, 0x90, 0x00, 0x0b,
  0x12, 0x19, 0xde, 0xd0, 0x03, 0xd0, 0x02, 0xd0, 0x01, 0xd0, 0x00, 0x71,
  0x1c, 0x90, 0x00, 0x15, 0xef, 0x12, 0x15, 0xde, 0x12, 0xdd, 0xf4, 0xe4,
  0xfc, 0xfd, 0xc0, 0x04, 0xc0, 0x05, 0xc0, 0x06, 0xc0, 0x07, 0x71, 0x1f,
  0x90, 0x00, 0x0f, 0x12, 0x19, 0xde, 0xd0, 0x03, 0xd0, 0x02, 0xd0, 0x01,
  0xd0, 0x00, 0x71, 0x1c, 0x90, 0x00, 0x16, 0xef, 0x12, 0x15, 0xde, 0x90,
  0x00, 0x14, 0x12, 0xee, 0x18, 0x71, 0x1f, 0x90, 0x00, 0x17, 0xef, 0x12,
  0x15, 0xde, 0x90, 0x00, 0x16, 0x12, 0xee, 0x18, 0x71, 0x1f, 0x90, 0x00,
  0x18, 0xef, 0x80, 0x06, 0x71, 0x1f, 0x90, 0x00, 0x13, 0xe4, 0x12, 0x15,
  0xde, 0x7f, 0x00, 0x22, 0x12, 0x18, 0xa3, 0x90, 0xd2, 0xd2, 0x02, 0x1b,
  0x43, 0x90, 0xd3, 0x10, 0xef, 0xf0, 0x90, 0xce, 0x56, 0x12, 0x8a, 0xf8,
  0x9f, 0xec, 0x94, 0x00, 0x50, 0x13, 0xaf, 0x05, 0x90, 0xce, 0x52, 0xa3,
  0xe0, 0xfb, 0x90, 0xd3, 0x33, 0x74, 0xe0, 0xb1, 0x20, 0x7d, 0x80, 0x80,
  0x15, 0x90, 0xce, 0x50, 0xa3, 0xe0, 0xff, 0x90, 0xce, 0x56, 0xa3, 0xe0,
  0xfb, 0x90, 0xd3, 0x33, 0x74, 0x80, 0xb1, 0x20, 0x7d, 0x40, 0x12, 0x02,
  0x83, 0x90, 0x84, 0x28, 0xef, 0xf0, 0x22, 0xe0, 0xff, 0x90, 0xd3, 0x45,
  0xe4, 0xf0, 0xa3, 0xef, 0xf0, 0x90, 0xd2, 0xf6, 0xe0, 0xff, 0xa3, 0xe0,
  0x90, 0xd3, 0x47, 0xcf, 0xf0, 0xa3, 0xef, 0x22, 0x90, 0xd3, 0x19, 0xed,
  0xf0, 0x12, 0x01, 0xca, 0xef, 0x75, 0xf0, 0x20, 0xa4, 0x24, 0x1a, 0xff,
  0xe5, 0xf0, 0x34, 0x8a, 0xfe, 0x90, 0xd3, 0x19, 0xe0, 0x60, 0x08, 0x8f,
  0x82, 0x8e, 0x83, 0x74, 0x01, 0xf0, 0x22, 0x8f, 0x82, 0x8e, 0x83, 0xe0,
  0x44, 0x02, 0xb1, 0x2a, 0xe4, 0xfb, 0x7d, 0x02, 0x02, 0x02, 0xba, 0x90,
  0xd3, 0x0f, 0xec, 0xf0, 0xa3, 0xed, 0xf0, 0x12, 0x01, 0xca, 0xef, 0x60,
  0x22, 0x90, 0xd3, 0x0f, 0xe0, 0x70, 0x04, 0xa3, 0xe0, 0x64, 0x01, 0x70,
  0x08, 0x90, 0xd3, 0x11, 0x74, 0x02, 0xf0, 0x80, 0x05, 0xe4, 0x90, 0xd3,
  0x11, 0xf0, 0x90, 0xd3, 0x11, 0xe0, 0xfe, 0xb1, 0x15, 0xee, 0xf0, 0x12,
  0x01, 0xcf, 0x50, 0x1c, 0x90, 0xcf, 0x5d, 0xe0, 0xb4, 0x01, 0x08, 0x90,
  0xd3, 0x11, 0x74, 0x82, 0xf0, 0x80, 0x05, 0xe4, 0x90, 0xd3, 0x11, 0xf0,
  0x90, 0xd3, 0x11, 0xe0, 0x90, 0x80, 0x3e, 0xf0, 0x22, 0x22, 0xef, 0xf0,
  0x12, 0x01, 0xca, 0xef, 0xc4, 0x33, 0x54, 0xe0, 0x22, 0x90, 0xc1, 0x03,
  0xe0, 0xff, 0x22, 0x7f, 0x01, 0x12, 0x01, 0xe8, 0x7f, 0x08, 0x02, 0x01,
  0xf7, 0x90, 0x84, 0x27, 0xef, 0xf0, 0x22, 0x90, 0xd2, 0xbf, 0xed, 0xf0,
  0x90, 0xd2, 0xbe, 0xef, 0xf0, 0x90, 0xd2, 0xc0, 0x74, 0x02, 0xf0, 0x12,
  0x01, 0xca, 0x90, 0xd2, 0xc1, 0xef, 0xf0, 0xc3, 0x94, 0x01, 0x40, 0x45,
  0x90, 0xd2, 0xbe, 0xe0, 0xff, 0x12, 0x8d, 0xfe, 0xe0, 0x60, 0x3a, 0xef,
  0x75, 0xf0, 0x07, 0xa4, 0x24, 0x68, 0xf5, 0x82, 0xe4, 0x34, 0xcf, 0x12,
  0xc8, 0x08, 0xff, 0x90, 0xcf, 0xbd, 0x12, 0x8c, 0xff, 0xb5, 0x05, 0x21,
  0xee, 0xb5, 0x04, 0x1d, 0x90, 0xd2, 0xbe, 0xe0, 0xfe, 0x12, 0x8a, 0xc9,
  0xe0, 0xfc, 0xa3, 0xe0, 0xfd, 0x90, 0xce, 0xe9, 0xe0, 0xfa, 0xa3, 0xe0,
  0xfb, 0xed, 0x6b, 0x70, 0x02, 0xec, 0x6a, 0x60, 0x03, 0x7f, 0x00, 0x22,
  0x90, 0xd2, 0xbf, 0xe0, 0x14, 0x60, 0x4a, 0x14, 0x60, 0x4f, 0x14, 0x60,
  0x54, 0x14, 0x60, 0x59, 0x24, 0x04, 0x70, 0x5d, 0xee, 0x75, 0xf0, 0x07,
  0xa4, 0x24, 0x66, 0xf5, 0x82, 0xe4, 0x34, 0xcf, 0x12, 0xc8, 0x08, 0xff,
  0x64, 0x01, 0x4e, 0x70, 0x08, 0x90, 0xd2, 0xc0, 0x74, 0x02, 0xf0, 0x80,
  0x0a, 0xef, 0x64, 0x02, 0x4e, 0x70, 0x04, 0x90, 0xd2, 0xc0, 0xf0, 0xb1,
  0x03, 0xc0, 0x83, 0xc0, 0x82, 0xe0, 0xff, 0x90, 0xd2, 0xc0, 0xe0, 0xfe,
  0xef, 0x4e, 0xd0, 0x82, 0xd0, 0x83, 0xf0, 0x80, 0x23, 0xb1, 0x03, 0xe0,
  0x44, 0x0d, 0xf0, 0x80, 0x1b, 0xb1, 0x03, 0xe0, 0x44, 0x0c, 0xf0, 0x80,
  0x13, 0xb1, 0x03, 0xe0, 0x44, 0x0b, 0xf0, 0x80, 0x0b, 0xb1, 0x03, 0xe0,
  0x44, 0x0a, 0xf0, 0x80, 0x03, 0x7f, 0x00, 0x22, 0x7f, 0x01, 0x22, 0x90,
  0xd2, 0xc1, 0xe0, 0xff, 0x24, 0x39, 0xf5, 0x82, 0xe4, 0x34, 0x80, 0xf5,
  0x83, 0xe0, 0x54, 0xf0, 0xf0, 0x74, 0x39, 0x2f, 0xf5, 0x82, 0xe4, 0x34,
  0x80, 0xf5, 0x83, 0x22, 0xf0, 0x90, 0xd3, 0x10, 0xe0, 0x90, 0xd3, 0x34,
  0xf0, 0x22, 0xf0, 0x90, 0xd3, 0x55, 0x74, 0x1e, 0xf0, 0x22, 0x12, 0x85,
  0xd1, 0x90, 0xd3, 0x10, 0x12, 0xe5, 0x0d, 0x12, 0x13, 0x75, 0x90, 0xd3,
  0x1a, 0xee, 0xf0, 0xa3, 0xef, 0xf0, 0x90, 0xc1, 0x01, 0xe0, 0x30, 0xe2,
  0x12, 0x12, 0x8f, 0x92, 0x12, 0x13, 0x75, 0x90, 0xd3, 0x1e, 0x12, 0x1a,
  0xe9, 0x12, 0xf0, 0x12, 0x12, 0xde, 0xdb, 0x90, 0xc1, 0x01, 0xe0, 0x30,
  0xe4, 0x21, 0x90, 0xce, 0x79, 0xe0, 0x70, 0x1b, 0x12, 0x8f, 0x92, 0x12,
  0x86, 0xad, 0x90, 0xd2, 0x46, 0xe0, 0x7f, 0x00, 0xb4, 0x01, 0x02, 0x7f,
  0x01, 0x90, 0xd3, 0x24, 0xef, 0x12, 0x84, 0x2d, 0x12, 0x01, 0x93, 0x90,
  0xd2, 0x72, 0xe0, 0x60, 0x02, 0xc1, 0x3f, 0x90, 0xc1, 0x01, 0xe0, 0x20,
  0xe3, 0x02, 0xc1, 0x3f, 0xe4, 0x90, 0xd3, 0x18, 0xf0, 0x12, 0xf0, 0x51,
  0x50, 0x4f, 0xef, 0x25, 0xe0, 0x24, 0x27, 0xf5, 0x82, 0xe4, 0x34, 0xc1,
  0x12, 0x8e, 0x38, 0xfd, 0xc0, 0x04, 0xc0, 0x05, 0xef, 0x25, 0xe0, 0x24,
  0x39, 0xf5, 0x82, 0xe4, 0x34, 0xc1, 0x12, 0xef, 0x42, 0x12, 0xd8, 0x9d,
  0x90, 0x00, 0xec, 0x12, 0xdd, 0xf7, 0x90, 0x00, 0xee, 0x12, 0x16, 0xf4,
  0xac, 0xf0, 0xfb, 0xaa, 0x04, 0x90, 0xd3, 0x1a, 0xe0, 0xfd, 0xa3, 0xe0,
  0x90, 0xd3, 0x24, 0xcd, 0xf0, 0xa3, 0xed, 0xf0, 0xd0, 0x05, 0xd0, 0x04,
  0xf1, 0x28, 0x12, 0xef, 0x2e, 0x04, 0xf0, 0x80, 0xac, 0x90, 0xcd, 0xa2,
  0xe0, 0xc3, 0x94, 0x78, 0x40, 0x0c, 0x12, 0xf0, 0x2d, 0x7a, 0xc0, 0x79,
  0xdb, 0x12, 0xd6, 0xd8, 0x80, 0x39, 0xe4, 0x90, 0xd3, 0x18, 0xf0, 0x12,
  0xf0, 0x51, 0x50, 0x2f, 0xef, 0xf1, 0x2f, 0x12, 0x8c, 0xff, 0x25, 0xe0,
  0x24, 0xed, 0xf5, 0x82, 0xe4, 0x34, 0xc0, 0x12, 0xef, 0x42, 0x90, 0xcd,
  0xa2, 0xe0, 0xff, 0x90, 0xd3, 0x24, 0xe4, 0xf0, 0xa3, 0xef, 0xf0, 0x7b,
  0x28, 0x7a, 0x00, 0xe4, 0xff, 0xfe, 0xf1, 0x28, 0x12, 0xef, 0x2e, 0x04,
  0xf0, 0x80, 0xcc, 0x90, 0xcd, 0xa4, 0xe0, 0x70, 0x0a, 0x90, 0xce, 0x66,
  0xe0, 0x70, 0x02, 0xa3, 0xe0, 0x70, 0x07, 0xe4, 0x90, 0xcd, 0xa3, 0xf0,
  0x80, 0x14, 0x90, 0xcd, 0xa2, 0xe0, 0xff, 0xd3, 0x94, 0x1e, 0x90, 0xcd,
  0xa3, 0x40, 0x05, 0x74, 0x1e, 0xf0, 0x80, 0x02, 0xef, 0xf0, 0x90, 0xc1,
  0x01, 0xe0, 0x20, 0xe0, 0x02, 0xe1, 0x22, 0xe4, 0x90, 0xd3, 0x18, 0xf0,
  0x90, 0xd3, 0x18, 0xe0, 0xf9, 0xc3, 0x94, 0x1c, 0x40, 0x02, 0xe1, 0x22,
  0x74, 0x83, 0x29, 0xf5, 0x82, 0xe4, 0x34, 0xc2, 0xf5, 0x83, 0xe0, 0xfd,
  0x7c, 0x00, 0x90, 0xc2, 0xbd, 0xe0, 0xfa, 0xa3, 0xe0, 0xfb, 0x74, 0x9f,
  0x29, 0xf5, 0x82, 0xe4, 0x34, 0xc2, 0xf5, 0x83, 0xe0, 0x12, 0x89, 0xf5,
  0xf0, 0x90, 0xd3, 0x1a, 0xe0, 0xff, 0xa3, 0xe0, 0x90, 0xd3, 0x25, 0xcf,
  0xf0, 0xa3, 0xef, 0xf0, 0x90, 0xc2, 0xbb, 0xe0, 0xfe, 0xa3, 0xe0, 0xff,
  0x12, 0x02, 0x8d, 0x90, 0xd3, 0x19, 0xef, 0xf0, 0x90, 0xcd, 0xa4, 0xe0,
  0x70, 0x3c, 0x90, 0xcd, 0xa2, 0xe0, 0x60, 0x36, 0x90, 0xd3, 0x18, 0xe0,
  0x24, 0x73, 0xf5, 0x82, 0xe4, 0x34, 0xc0, 0xf5, 0x83, 0xe0, 0xff, 0x7e,
  0x00, 0x90, 0xcd, 0xa3, 0x12, 0x8d, 0x3e, 0xc0, 0x04, 0x12, 0xcc, 0x92,
  0xe0, 0xff, 0xc3, 0x74, 0x80, 0x12, 0x8d, 0x17, 0x90, 0xd3, 0x19, 0x12,
  0x8d, 0x3e, 0xd0, 0x00, 0x12, 0x17, 0xfd, 0x78, 0x07, 0x12, 0x19, 0x84,
  0x80, 0x05, 0x90, 0xd3, 0x19, 0xe0, 0xff, 0x90, 0xd3, 0x18, 0xe0, 0x24,
  0x75, 0x12, 0xcc, 0x6f, 0xef, 0xf0, 0x90, 0xd3, 0x18, 0xe0, 0x04, 0xf0,
  0xc1, 0x78, 0x12, 0xf0, 0x12, 0x02, 0x88, 0xf0, 0x12, 0x02, 0x97, 0x90,
  0xd3, 0x18, 0xe0, 0x25, 0xe0, 0x24, 0x59, 0xf5, 0x82, 0xe4, 0x34, 0xd2,
  0xf5, 0x83, 0x22, 0x90, 0xc7, 0x7c, 0xe0, 0xfe, 0xa3, 0xe0, 0xff, 0x22,
  0x90, 0xc1, 0x00, 0xe0, 0x54, 0x02, 0xfe, 0xa3, 0xe0, 0x54, 0x08, 0x4e,
  0x70, 0x02, 0xe1, 0xe8, 0xe4, 0x90, 0xd2, 0xb9, 0xf0, 0xf1, 0xe9, 0xc3,
  0x9d, 0xff, 0xee, 0x9c, 0xfe, 0x7c, 0x00, 0x7d, 0x08, 0x12, 0xf0, 0x08,
  0xee, 0xf0, 0xa3, 0xef, 0xf0, 0x7b, 0x10, 0x7a, 0x00, 0x7d, 0x04, 0x7c,
  0x00, 0x12, 0x02, 0x65, 0x90, 0xd2, 0xba, 0xee, 0xf0, 0xa3, 0xef, 0xf0,
  0xf1, 0xe9, 0xc3, 0x12, 0x8b, 0xf9, 0x90, 0xd2, 0xba, 0xe0, 0xfe, 0x40,
  0x1b, 0xa3, 0x12, 0xeb, 0xa6, 0x12, 0xe0, 0xe5, 0xf5, 0x83, 0x12, 0x91,
  0x7f, 0x3e, 0xfe, 0xed, 0xf1, 0x2f, 0xe0, 0xfc, 0xa3, 0xe0, 0xfd, 0x12,
  0x02, 0xb5, 0x80, 0x28, 0xa3, 0x12, 0xeb, 0xa6, 0x12, 0xe0, 0xe5, 0xf5,
  0x83, 0xe0, 0xfa, 0xa3, 0xe0, 0xc3, 0x9f, 0xff, 0xea, 0x9e, 0xfe, 0x12,
  0xf0, 0x8a, 0xed, 0xf1, 0x2f, 0x12, 0xdb, 0x8e, 0xe4, 0x9d, 0xfd, 0xe4,
  0x9c, 0xfc, 0x12, 0x02, 0xb5, 0x12, 0xf0, 0x8a, 0x90, 0xd2, 0xb9, 0xe0,
  0x12, 0xe0, 0xe6, 0x12, 0x8c, 0xd0, 0x12, 0x8e, 0x51, 0xe0, 0xc3, 0x94,
  0x09, 0x50, 0x02, 0xe1, 0x59, 0x12, 0xe0, 0xb8, 0x22, 0x90, 0xd2, 0xb9,
  0xe0, 0xff, 0x25, 0xe0, 0x24, 0x4b, 0xf5, 0x82, 0xe4, 0x34, 0xc1, 0xf5,
  0x83, 0xe0, 0xfc, 0xa3, 0xe0, 0xfd, 0xef, 0x25, 0xe0, 0x24, 0x59, 0xf5,
  0x82, 0xe4, 0x34, 0xd2, 0xf5, 0x83, 0xe0, 0xfe, 0xa3, 0xe0, 0x22, 0x90,
  0x80, 0x06, 0x74, 0x23, 0xf0, 0x11, 0x48, 0x90, 0x80, 0x08, 0x74, 0x10,
  0xf0, 0x90, 0xcf, 0x5d, 0xe0, 0x70, 0x0e, 0x90, 0x80, 0x08, 0xe0, 0x44,
  0x04, 0xf0, 0x90, 0x80, 0x06, 0xe0, 0x44, 0x40, 0xf0, 0x12, 0xdc, 0xf4,
  0x51, 0x23, 0x12, 0x02, 0xec, 0x90, 0x8f, 0x62, 0xe4, 0xf0, 0x90, 0x8f,
  0x61, 0x04, 0xf0, 0x90, 0x8f, 0x63, 0xf0, 0x22, 0x22, 0x90, 0xd3, 0x10,
  0xef, 0xf0, 0x90, 0xcf, 0x28, 0x12, 0x8a, 0xf8, 0x9f, 0xec, 0x94, 0x00,
  0x50, 0x11, 0xaf, 0x05, 0x90, 0xc2, 0x02, 0xe0, 0xfd, 0x90, 0xcf, 0x24,
  0x12, 0xef, 0xdc, 0x74, 0xff, 0x80, 0x15, 0x90, 0xcf, 0x28, 0xa3, 0xe0,
  0xff, 0x90, 0xc2, 0x02, 0xe0, 0xfd, 0x90, 0xcf, 0x22, 0xa3, 0xe0, 0xfb,
  0xe4, 0x90, 0xd3, 0x42, 0xf0, 0x90, 0xd3, 0x10, 0xe0, 0x90, 0xd3, 0x43,
  0xf0, 0x12, 0x02, 0x7e, 0x90, 0xd3, 0x11, 0xef, 0xf0, 0x90, 0xd3, 0x11,
  0xe0, 0xff, 0x90, 0x84, 0x2a, 0xf0, 0x90, 0x84, 0x2c, 0xef, 0xf0, 0x22,
  0xe4, 0x90, 0xcb, 0x78, 0x12, 0xef, 0xf4, 0x90, 0xc3, 0x33, 0xf0, 0x90,
  0xc3, 0x81, 0x04, 0xf0, 0x22, 0x51, 0x23, 0xe4, 0xff, 0x75, 0xf0, 0x20,
  0xef, 0x90, 0x89, 0x16, 0x12, 0x1b, 0x37, 0x74, 0x03, 0xf0, 0x0f, 0xef,
  0xb4, 0x05, 0xee, 0x22, 0x90, 0xd3, 0x2f, 0x12, 0x1b, 0x63, 0xe4, 0x90,
  0xd3, 0x39, 0xf0, 0x90, 0xd3, 0x42, 0x12, 0x1a, 0xf5, 0x7f, 0xff, 0xff,
  0xff, 0x90, 0xd3, 0x46, 0x74, 0x05, 0xf0, 0xea, 0x49, 0x4b, 0x60, 0x08,
  0x90, 0xd3, 0x32, 0x12, 0x7f, 0xaf, 0x70, 0x03, 0x7f, 0x01, 0x22, 0x12,
  0x02, 0x06, 0xe4, 0x12, 0x13, 0x37, 0xc0, 0x04, 0xc0, 0x05, 0xc0, 0x06,
  0xc0, 0x07, 0x90, 0xcf, 0x46, 0x12, 0x8e, 0x6b, 0x12, 0x13, 0x3c, 0xd0,
  0x03, 0xd0, 0x02, 0xd0, 0x01, 0xd0, 0x00, 0x12, 0x11, 0x18, 0xc0, 0x04,
  0xc0, 0x05, 0xc0, 0x06, 0xc0, 0x07, 0x12, 0x84, 0x34, 0x91, 0x90, 0xd0,
  0x07, 0xd0, 0x06, 0xd0, 0x05, 0xd0, 0x04, 0x12, 0x86, 0xb3, 0x90, 0xd3,
  0x3a, 0x12, 0x1a, 0xe9, 0x90, 0xd3, 0x35, 0x74, 0x07, 0xf0, 0x90, 0xd3,
  0x35, 0xe0, 0xff, 0xd3, 0x94, 0x00, 0x50, 0x02, 0x41, 0x07, 0x90, 0xd3,
  0x39, 0xe0, 0x60, 0x02, 0x41, 0x07, 0x90, 0xd3, 0x36, 0xef, 0xf0, 0x90,
  0xd3, 0x36, 0xe0, 0xff, 0xc3, 0x94, 0x20, 0x40, 0x02, 0x21, 0xff, 0x12,
  0x8e, 0x0c, 0x7e, 0x00, 0x12, 0x1c, 0xf1, 0xc0, 0x07, 0x90, 0xd3, 0x35,
  0x12, 0x83, 0x7a, 0xd0, 0x07, 0x12, 0x18, 0xa3, 0xab, 0x07, 0xaa, 0x06,
  0xa9, 0x05, 0xa8, 0x04, 0x90, 0xd3, 0x3a, 0x12, 0x1a, 0x4c, 0x12, 0x18,
  0x0a, 0x91, 0x90, 0x90, 0xd3, 0x46, 0xe0, 0x75, 0xf0, 0x08, 0xa4, 0x12,
  0x83, 0x99, 0x12, 0x17, 0xfd, 0x90, 0xd3, 0x3e, 0x12, 0x1a, 0xe9, 0xe4,
  0x7f, 0xf8, 0x7e, 0x07, 0xfd, 0xfc, 0x90, 0xd3, 0x3e, 0x12, 0x8d, 0xa0,
  0x40, 0x22, 0x90, 0xd3, 0x42, 0x12, 0x1a, 0x4c, 0x90, 0xd3, 0x3e, 0x12,
  0x8c, 0xbb, 0x50, 0x3f, 0x51, 0x1d, 0x74, 0xff, 0x12, 0x15, 0xcc, 0x51,
  0x2e, 0x90, 0xd3, 0x42, 0x12, 0x1a, 0xe9, 0x12, 0xee, 0xf4, 0x80, 0x2b,
  0x51, 0x2e, 0xec, 0x33, 0x40, 0x0c, 0x51, 0x2e, 0x78, 0x03, 0x12, 0x19,
  0x97, 0x51, 0x1d, 0xef, 0x80, 0x0d, 0x90, 0xd3, 0x35, 0xe0, 0xff, 0xa3,
  0xe0, 0xb5, 0x07, 0x17, 0x51, 0x1d, 0xe4, 0x12, 0x15, 0xcc, 0x12, 0xee,
  0xf4, 0xa3, 0x74, 0x01, 0xf0, 0x80, 0x08, 0x90, 0xd3, 0x36, 0xe0, 0x04,
  0xf0, 0x21, 0x53, 0x90, 0xd3, 0x35, 0xe0, 0x14, 0xf0, 0x21, 0x3a, 0x90,
  0xd3, 0x37, 0xe0, 0xc4, 0x33, 0x54, 0xe0, 0xff, 0xa3, 0xe0, 0x4f, 0xff,
  0x90, 0xd3, 0x2f, 0x12, 0x8c, 0xc9, 0x7f, 0x00, 0x22, 0x90, 0xd3, 0x32,
  0x02, 0x1b, 0x43, 0x90, 0x80, 0x07, 0x74, 0xff, 0xf0, 0x90, 0x80, 0x09,
  0xf0, 0x22, 0x90, 0xd3, 0x3e, 0x02, 0x1a, 0x4c, 0x22, 0x12, 0x90, 0x1d,
  0xa3, 0xf0, 0x90, 0xc1, 0x01, 0xe0, 0x20, 0xe6, 0x02, 0x41, 0xd8, 0x91,
  0x99, 0xc0, 0x04, 0xc0, 0x05, 0x12, 0xe4, 0xf8, 0x12, 0xee, 0x6f, 0xd0,
  0x05, 0xd0, 0x04, 0x91, 0x7f, 0x90, 0xd2, 0xba, 0xf0, 0xd3, 0x64, 0x80,
  0x94, 0x80, 0x90, 0xd2, 0xb9, 0xe0, 0xfe, 0x75, 0xf0, 0x03, 0x40, 0x25,
  0x71, 0x97, 0xff, 0xee, 0x71, 0xa9, 0xfd, 0x12, 0x02, 0xab, 0xc0, 0x07,
  0x71, 0xbc, 0xfd, 0x90, 0xd2, 0xba, 0xe0, 0xff, 0x12, 0x02, 0xab, 0xad,
  0x07, 0xd0, 0x07, 0x12, 0x02, 0xab, 0x90, 0xd2, 0xba, 0xef, 0xf0, 0x80,
  0x36, 0x71, 0x97, 0xff, 0xc3, 0x74, 0x3f, 0x9f, 0xff, 0xee, 0x71, 0xa9,
  0xfe, 0xc3, 0x74, 0x3f, 0x9e, 0xfd, 0x12, 0x02, 0xab, 0xc0, 0x07, 0x71,
  0xbc, 0xff, 0xc3, 0x74, 0x3f, 0x9f, 0xfd, 0x90, 0xd2, 0xba, 0xe0, 0xf4,
  0x04, 0xff, 0x12, 0x02, 0xab, 0xad, 0x07, 0xd0, 0x07, 0x12, 0x02, 0xab,
  0xef, 0xf4, 0x04, 0x90, 0xd2, 0xba, 0xf0, 0x71, 0x8f, 0xfe, 0x90, 0xd2,
  0xba, 0xe0, 0xfd, 0xc3, 0xee, 0x9d, 0x71, 0xa3, 0xc3, 0x9d, 0x71, 0xb8,
  0xc3, 0x9d, 0x80, 0x0d, 0x90, 0xc1, 0x01, 0xe0, 0x30, 0xe7, 0x0f, 0x71,
  0x8f, 0x71, 0xa3, 0x71, 0xb8, 0x91, 0x77, 0xee, 0x12, 0xee, 0x38, 0x74,
  0x81, 0xf0, 0x22, 0xe4, 0x90, 0xd2, 0xb9, 0xf0, 0x90, 0xc1, 0x01, 0xe0,
  0x20, 0xe6, 0x02, 0x61, 0x8e, 0x91, 0x99, 0xc0, 0x04, 0xc0, 0x05, 0x12,
  0xe4, 0xf8, 0x12, 0xee, 0x6f, 0xd0, 0x05, 0xd0, 0x04, 0x91, 0x7f, 0x90,
  0xd2, 0xb9, 0xf0, 0xd3, 0x64, 0x80, 0x94, 0x80, 0x90, 0xc2, 0x80, 0xe0,
  0xff, 0x40, 0x23, 0xa3, 0xe0, 0xfd, 0x12, 0x02, 0xab, 0xc0, 0x07, 0x90,
  0xd2, 0xb9, 0xe0, 0xff, 0x90, 0xc2, 0x82, 0xe0, 0xfd, 0x12, 0x02, 0xab,
  0xad, 0x07, 0xd0, 0x07, 0x12, 0x02, 0xab, 0x90, 0xd2, 0xb9, 0xef, 0xf0,
  0x80, 0x24, 0xc3, 0x74, 0x3f, 0x9f, 0xff, 0xa3, 0xb1, 0xad, 0xc0, 0x07,
  0x90, 0xd2, 0xb9, 0xe0, 0xf4, 0x04, 0xff, 0x90, 0xc2, 0x82, 0xb1, 0xad,
  0xad, 0x07, 0xd0, 0x07, 0x12, 0x02, 0xab, 0xef, 0xf4, 0x04, 0x90, 0xd2,
  0xb9, 0xf0, 0x90, 0xc2, 0x80, 0x12, 0xeb, 0xa6, 0xfe, 0xc3, 0xef, 0x9e,
  0xff, 0x90, 0xc1, 0x97, 0xf0, 0x90, 0xc2, 0x81, 0xe0, 0xc3, 0x9e, 0x90,
  0xc1, 0x98, 0xf0, 0x90, 0xc2, 0x82, 0xe0, 0xc3, 0x9e, 0x91, 0x77, 0xef,
  0x12, 0xee, 0x38, 0x74, 0x81, 0xf0, 0x22, 0x90, 0xd2, 0xb9, 0xe0, 0xff,
  0x75, 0xf0, 0x03, 0xa4, 0x24, 0x68, 0xf5, 0x82, 0xe4, 0x34, 0xc2, 0xf5,
  0x83, 0xe0, 0x22, 0xfe, 0x90, 0xc1, 0x97, 0xf0, 0xef, 0x75, 0xf0, 0x03,
  0xa4, 0x24, 0x69, 0xf5, 0x82, 0xe4, 0x34, 0xc2, 0xf5, 0x83, 0xe0, 0x22,
  0x90, 0xc1, 0x98, 0xf0, 0x90, 0xd2, 0xb9, 0xe0, 0x75, 0xf0, 0x03, 0xa4,
  0x24, 0x6a, 0xf5, 0x82, 0xe4, 0x34, 0xc2, 0xf5, 0x83, 0xe0, 0x22, 0x90,
  0xc1, 0x01, 0xe0, 0x20, 0xe0, 0x02, 0x81, 0x61, 0xe4, 0x90, 0xd2, 0xb9,
  0xf0, 0x12, 0x8f, 0xb2, 0x94, 0x1c, 0x50, 0x7a, 0x74, 0x5d, 0x2f, 0x91,
  0x64, 0xe0, 0xfd, 0x91, 0x6c, 0xe0, 0xc3, 0x9d, 0xff, 0xe4, 0x94, 0x00,
  0xfe, 0x7c, 0x00, 0x7d, 0x05, 0x12, 0xf0, 0x08, 0xef, 0xf0, 0x7e, 0x00,
  0x12, 0x8f, 0x09, 0x12, 0x02, 0x65, 0x90, 0xd2, 0xba, 0xef, 0xf0, 0x90,
  0xd2, 0xb9, 0xe0, 0xff, 0x91, 0x62, 0xe0, 0xfe, 0x91, 0x6c, 0xe0, 0xfd,
  0xc3, 0x9e, 0x40, 0x10, 0xee, 0xff, 0x90, 0xd2, 0xba, 0x12, 0x91, 0x77,
  0xfe, 0x7c, 0x00, 0x12, 0x02, 0xb0, 0x80, 0x25, 0x90, 0xd2, 0xb9, 0xe0,
  0xfd, 0x91, 0x62, 0xe0, 0xff, 0x90, 0xd2, 0xba, 0x12, 0x8d, 0x15, 0x74,
  0x75, 0x2d, 0x91, 0x6f, 0xe0, 0xfd, 0xc3, 0xe4, 0x9d, 0xfd, 0xe4, 0x94,
  0x00, 0xfc, 0x12, 0x02, 0xb5, 0xef, 0xf4, 0x04, 0xff, 0x90, 0xd2, 0xb9,
  0xe0, 0x91, 0x62, 0xef, 0xf0, 0x12, 0x8e, 0x51, 0x61, 0xdd, 0x12, 0xe3,
  0xcf, 0x22, 0x24, 0x5d, 0xf5, 0x82, 0xe4, 0x34, 0xc1, 0xf5, 0x83, 0x22,
  0x74, 0x75, 0x2f, 0xf5, 0x82, 0xe4, 0x34, 0xd2, 0xf5, 0x83, 0x22, 0x90,
  0xc1, 0x99, 0xf0, 0x90, 0x81, 0x09, 0x22, 0x12, 0x02, 0x8d, 0xc3, 0x74,
  0x20, 0x9f, 0x22, 0xe0, 0x7f, 0x00, 0x25, 0xe0, 0xfe, 0xe4, 0xfc, 0xfd,
  0xa8, 0x04, 0xa9, 0x05, 0xaa, 0x06, 0xab, 0x07, 0x22, 0x90, 0xc2, 0x54,
  0xe0, 0xfd, 0x7c, 0x00, 0x22, 0x90, 0xc1, 0x89, 0xb1, 0x6c, 0xce, 0xc3,
  0x13, 0xce, 0x13, 0xd8, 0xf9, 0x90, 0xd3, 0x3f, 0xf0, 0x90, 0xc1, 0x8b,
  0xb1, 0x6c, 0xce, 0xc3, 0x13, 0xce, 0x13, 0xd8, 0xf9, 0x90, 0xd3, 0x40,
  0xf0, 0x90, 0xc1, 0x8d, 0xb1, 0x6c, 0xce, 0xc3, 0x13, 0xce, 0x13, 0xd8,
  0xf9, 0x90, 0xd3, 0x41, 0xf0, 0x90, 0xc1, 0x8f, 0xb1, 0x6c, 0xce, 0xc3,
  0x13, 0xce, 0x13, 0xd8, 0xf9, 0x90, 0xd3, 0x42, 0xf0, 0x90, 0xd3, 0x3f,
  0xe0, 0xff, 0x90, 0x83, 0x06, 0xf0, 0x90, 0xd3, 0x40, 0xe0, 0x90, 0x83,
  0x04, 0xf0, 0x90, 0xd3, 0x41, 0xe0, 0x90, 0x83, 0x0a, 0xf0, 0x90, 0xd3,
  0x42, 0xe0, 0x90, 0x83, 0x08, 0xf0, 0xef, 0x91, 0x88, 0x90, 0xd3, 0x3f,
  0xb1, 0x89, 0xfc, 0xc0, 0x06, 0xc0, 0x07, 0xb1, 0x73, 0xd0, 0x07, 0xd0,
  0x06, 0x12, 0x18, 0xa3, 0x90, 0x83, 0x07, 0xef, 0xf0, 0x90, 0xd3, 0x40,
  0x91, 0x87, 0xb1, 0x89, 0xfc, 0xc0, 0x06, 0xc0, 0x07, 0xb1, 0x73, 0xd0,
  0x07, 0xd0, 0x06, 0x12, 0x18, 0xa3, 0x90, 0x83, 0x05, 0xef, 0xf0, 0x90,
  0xd3, 0x41, 0x91, 0x87, 0xb1, 0x89, 0xfc, 0xc0, 0x06, 0xc0, 0x07, 0xb1,
  0x73, 0xd0, 0x07, 0xd0, 0x06, 0x12, 0x18, 0xa3, 0x90, 0x83, 0x0b, 0xef,
  0xf0, 0x90, 0xd3, 0x42, 0x91, 0x87, 0xb1, 0x89, 0xfc, 0xc0, 0x06, 0xc0,
  0x07, 0xb1, 0x73, 0xd0, 0x07, 0xd0, 0x06, 0x12, 0x18, 0xa3, 0x90, 0x83,
  0x09, 0xef, 0xf0, 0x22, 0xe0, 0xfe, 0xa3, 0xe0, 0x78, 0x02, 0x22, 0xe0,
  0x75, 0xf0, 0x04, 0xa4, 0xff, 0xc3, 0x74, 0xff, 0x9f, 0xff, 0x74, 0x0f,
  0x95, 0xf0, 0xab, 0x07, 0xfa, 0xe4, 0xf9, 0xf8, 0x22, 0xe0, 0x75, 0xf0,
  0x04, 0xa4, 0xff, 0xc3, 0x74, 0xff, 0x9f, 0xff, 0x74, 0x0f, 0x95, 0xf0,
  0xfe, 0xe4, 0x12, 0x17, 0xfd, 0xef, 0x24, 0xff, 0xff, 0xee, 0x34, 0xff,
  0xfe, 0xed, 0x34, 0xff, 0xfd, 0xec, 0x34, 0xff, 0x22, 0xe0, 0xfe, 0xc3,
  0x74, 0x3f, 0x9e, 0xfd, 0x02, 0x02, 0xab, 0x90, 0xd3, 0x33, 0xec, 0xf0,
  0xa3, 0x12, 0x8b, 0x43, 0x90, 0xd3, 0x31, 0xee, 0xf0, 0xa3, 0xef, 0xf0,
  0x7b, 0x01, 0x7a, 0xd3, 0x79, 0x37, 0x12, 0x03, 0x69, 0x92, 0x01, 0x20,
  0x01, 0x03, 0xa2, 0x01, 0x22, 0xf1, 0xb3, 0xf4, 0xff, 0xee, 0xf4, 0xfe,
  0xa3, 0xe0, 0x5e, 0xf0, 0xa3, 0xe0, 0x5f, 0xf0, 0xf1, 0xb3, 0xff, 0x90,
  0xd3, 0x33, 0x12, 0x91, 0x87, 0x90, 0xd3, 0x37, 0xe0, 0x4e, 0xf0, 0xa3,
  0xe0, 0x4f, 0xf0, 0x90, 0xd3, 0x31, 0xe0, 0xfe, 0xa3, 0xe0, 0xff, 0x90,
  0xd3, 0x37, 0xe0, 0xfc, 0xa3, 0xe0, 0xfd, 0x12, 0x03, 0x6e, 0x92, 0x01,
  0xa2, 0x01, 0x22, 0x90, 0xd3, 0x2e, 0xed, 0xf0, 0xa3, 0xeb, 0xf0, 0x90,
  0xd3, 0x2d, 0x12, 0xc4, 0x06, 0x90, 0xd3, 0x3b, 0xf0, 0x90, 0xce, 0xc4,
  0x12, 0x83, 0x8c, 0x90, 0xce, 0xc7, 0xe0, 0x9f, 0xff, 0x90, 0xce, 0xc6,
  0xe0, 0x9e, 0x90, 0xd3, 0x37, 0xf0, 0xa3, 0xef, 0xf0, 0x90, 0xce, 0xb7,
  0x12, 0x83, 0x8c, 0x90, 0xce, 0xba, 0xe0, 0x9f, 0xff, 0x90, 0xce, 0xb9,
  0xe0, 0x9e, 0x90, 0xd3, 0x39, 0xf0, 0xa3, 0xef, 0xf0, 0x30, 0x02, 0x26,
  0x90, 0xd3, 0x2d, 0xe0, 0xff, 0x12, 0xed, 0x86, 0xf5, 0x83, 0xe0, 0xfd,
  0xa3, 0xe0, 0x90, 0xd3, 0x33, 0xcd, 0xf0, 0xa3, 0xed, 0xf0, 0xef, 0x12,
  0xed, 0x7c, 0xf5, 0x83, 0xe0, 0xff, 0xa3, 0xe0, 0x90, 0xd3, 0x35, 0xcf,
  0x80, 0x15, 0x90, 0xd3, 0x30, 0x12, 0x8a, 0x92, 0xff, 0x90, 0xd3, 0x33,
  0x12, 0xbf, 0xba, 0x12, 0x8e, 0xed, 0x90, 0xd3, 0x35, 0xe5, 0xf0, 0xf0,
  0xa3, 0xef, 0xf0, 0x90, 0xd3, 0x37, 0x12, 0xef, 0x1f, 0x90, 0xd3, 0x2e,
  0x12, 0xee, 0xca, 0x90, 0xd3, 0x33, 0x12, 0xef, 0x10, 0x8e, 0x0b, 0x8f,
  0x0c, 0x90, 0xd3, 0x39, 0x12, 0xef, 0x1f, 0x90, 0xd3, 0x2f, 0x12, 0xee,
  0xca, 0x90, 0xd3, 0x35, 0x12, 0xef, 0x10, 0x8e, 0x0d, 0x8f, 0x0e, 0xd3,
  0xe5, 0x0c, 0x94, 0xff, 0xe5, 0x0b, 0x94, 0x03, 0x40, 0x06, 0x75, 0x0b,
  0x03, 0x75, 0x0c, 0xff, 0xd3, 0xe5, 0x0e, 0x94, 0xff, 0xe5, 0x0d, 0x94,
  0x03, 0x40, 0x06, 0x75, 0x0d, 0x03, 0x75, 0x0e, 0xff, 0x30, 0x02, 0x22,
  0x90, 0xd3, 0x3b, 0xe0, 0xff, 0xe4, 0x12, 0xbb, 0xc7, 0xe5, 0x0c, 0xf0,
  0x74, 0x01, 0x12, 0xbb, 0xc7, 0xe5, 0x0b, 0xf0, 0x74, 0x02, 0x12, 0xbb,
  0xc7, 0xe5, 0x0e, 0x12, 0xbb, 0xc4, 0xe5, 0x0d, 0xf0, 0x22, 0x90, 0xd3,
  0x30, 0x12, 0x1b, 0x43, 0xe5, 0x0b, 0x85, 0x0c, 0xf0, 0x12, 0x17, 0xb1,
  0x90, 0xd3, 0x30, 0x12, 0x1b, 0x43, 0x90, 0x00, 0x02, 0xe5, 0x0d, 0x85,
  0x0e, 0xf0, 0x02, 0x17, 0xd0, 0x90, 0xd2, 0xb9, 0x12, 0xe4, 0xb6, 0xa3,
  0xe0, 0x30, 0xe7, 0x73, 0x90, 0xc1, 0x96, 0xe0, 0x64, 0x01, 0x70, 0x65,
  0xfb, 0x90, 0xc1, 0x95, 0xe0, 0xfa, 0x14, 0xb5, 0x03, 0x15, 0xf1, 0xa8,
  0x11, 0x08, 0xff, 0x90, 0xc2, 0x58, 0x12, 0xdb, 0x8e, 0xef, 0x9d, 0xff,
  0xee, 0x9c, 0x90, 0xd2, 0xbb, 0x80, 0x24, 0xeb, 0xb5, 0x02, 0x14, 0xf1,
  0xa9, 0x11, 0x08, 0xff, 0x90, 0xc2, 0x58, 0x12, 0x8c, 0xff, 0x2d, 0xff,
  0xee, 0x3c, 0x90, 0xd2, 0xbb, 0x80, 0x0c, 0xf1, 0xa8, 0xf5, 0x83, 0xe0,
  0xff, 0xa3, 0xe0, 0x90, 0xd2, 0xbb, 0xcf, 0xf0, 0xa3, 0xef, 0xf0, 0x90,
  0xd2, 0xbb, 0xe0, 0xfe, 0xa3, 0x12, 0xeb, 0xa6, 0xfc, 0xa3, 0xe0, 0xc3,
  0x9f, 0xec, 0x9e, 0x40, 0x06, 0x0b, 0xeb, 0x64, 0x07, 0x70, 0xa2, 0x90,
  0xc1, 0x95, 0xeb, 0xf0, 0x22, 0x90, 0xc1, 0x95, 0x74, 0x05, 0xf0, 0x22,
  0xeb, 0x25, 0xe0, 0x24, 0x5a, 0xf5, 0x82, 0xe4, 0x34, 0xc2, 0x22, 0x90,
  0xd3, 0x35, 0xe0, 0xfe, 0xa3, 0xe0, 0x22, 0x90, 0xcf, 0x5d, 0xe0, 0x70,
  0x0a, 0x90, 0xcb, 0x78, 0x04, 0x12, 0xef, 0xf4, 0xe4, 0x11, 0xa7, 0x12,
  0x04, 0xf4, 0xe4, 0x90, 0xcb, 0x77, 0xf0, 0x90, 0xcc, 0x01, 0x04, 0xf0,
  0x22, 0x90, 0xd3, 0x15, 0x12, 0x8a, 0x7b, 0xa3, 0xeb, 0xf0, 0x7b, 0x01,
  0x7a, 0xd3, 0x79, 0x17, 0x90, 0xd3, 0x2a, 0x12, 0x1b, 0x63, 0x90, 0xd3,
  0x1a, 0xe0, 0x90, 0xd3, 0x2d, 0xf0, 0x7a, 0xd3, 0x79, 0x15, 0x12, 0xd1,
  0xb4, 0x90, 0xc2, 0x05, 0xe0, 0xb4, 0x01, 0x06, 0x90, 0xd3, 0x15, 0x12,
  0xe3, 0x34, 0x90, 0xd3, 0x17, 0x31, 0x63, 0xc0, 0x04, 0x12, 0xcc, 0x92,
  0x90, 0xd3, 0x15, 0x31, 0x63, 0xd0, 0x00, 0x12, 0x17, 0xfd, 0x90, 0xd3,
  0x1f, 0x12, 0x1a, 0xe9, 0x90, 0xd3, 0x1f, 0x12, 0x84, 0x37, 0x12, 0x0b,
  0x22, 0x12, 0x13, 0x75, 0x90, 0xd3, 0x23, 0xee, 0xf0, 0xa3, 0xef, 0xf0,
  0x90, 0xd3, 0x23, 0x31, 0x63, 0x12, 0x8a, 0x3f, 0x12, 0x8f, 0xa6, 0xab,
  0x07, 0xaa, 0x06, 0x90, 0xd3, 0x1b, 0x31, 0x6e, 0x90, 0xd3, 0x25, 0x12,
  0x8c, 0x9d, 0xff, 0x70, 0x41, 0x90, 0xd3, 0x16, 0xe0, 0x90, 0x81, 0x00,
  0xf0, 0x90, 0xd3, 0x15, 0xe0, 0x90, 0x81, 0x01, 0xf0, 0x90, 0xd3, 0x18,
  0xe0, 0x90, 0x81, 0x02, 0xf0, 0x90, 0xd3, 0x17, 0xe0, 0x90, 0x81, 0x03,
  0xf0, 0x90, 0xd3, 0x24, 0xe0, 0x90, 0x81, 0x04, 0xf0, 0x90, 0xd3, 0x23,
  0xe0, 0x90, 0x81, 0x05, 0xf0, 0x90, 0xd3, 0x26, 0xe0, 0x90, 0x81, 0x06,
  0xf0, 0x90, 0xd3, 0x25, 0xe0, 0x90, 0x81, 0x07, 0xf0, 0x22, 0xef, 0x64,
  0x01, 0x70, 0x41, 0x90, 0xd3, 0x16, 0xe0, 0x90, 0x81, 0xb0, 0xf0, 0x90,
  0xd3, 0x15, 0xe0, 0x90, 0x81, 0xb1, 0xf0, 0x90, 0xd3, 0x18, 0xe0, 0x90,
  0x81, 0xb2, 0xf0, 0x90, 0xd3, 0x17, 0xe0, 0x90, 0x81, 0xb3, 0xf0, 0x90,
  0xd3, 0x24, 0xe0, 0x90, 0x81, 0xb4, 0xf0, 0x90, 0xd3, 0x23, 0xe0, 0x90,
  0x81, 0xb5, 0xf0, 0x90, 0xd3, 0x26, 0xe0, 0x90, 0x81, 0xb6, 0xf0, 0x90,
  0xd3, 0x25, 0xe0, 0x90, 0x81, 0xb7, 0xf0, 0x22, 0x90, 0xd3, 0x19, 0xe0,
  0x64, 0x02, 0x90, 0xd3, 0x16, 0x70, 0x3e, 0xe0, 0x90, 0x81, 0xb8, 0xf0,
  0x90, 0xd3, 0x15, 0xe0, 0x90, 0x81, 0xb9, 0xf0, 0x90, 0xd3, 0x18, 0xe0,
  0x90, 0x81, 0xba, 0xf0, 0x90, 0xd3, 0x17, 0xe0, 0x90, 0x81, 0xbb, 0xf0,
  0x90, 0xd3, 0x24, 0xe0, 0x90, 0x81, 0xbc, 0xf0, 0x90, 0xd3, 0x23, 0xe0,
  0x90, 0x81, 0xbd, 0xf0, 0x90, 0xd3, 0x26, 0xe0, 0x90, 0x81, 0xbe, 0xf0,
  0x90, 0xd3, 0x25, 0xe0, 0x90, 0x81, 0xbf, 0xf0, 0x22, 0xe0, 0x90, 0x81,
  0xc8, 0xf0, 0x90, 0xd3, 0x15, 0xe0, 0x90, 0x81, 0xc9, 0xf0, 0x90, 0xd3,
  0x18, 0xe0, 0x90, 0x81, 0xca, 0xf0, 0x90, 0xd3, 0x17, 0xe0, 0x90, 0x81,
  0xcb, 0xf0, 0x90, 0xd3, 0x24, 0xe0, 0x90, 0x81, 0xcc, 0xf0, 0x90, 0xd3,
  0x23, 0xe0, 0x90, 0x81, 0xcd, 0xf0, 0x90, 0xd3, 0x26, 0xe0, 0x90, 0x81,
  0xce, 0xf0, 0x90, 0xd3, 0x25, 0xe0, 0x90, 0x81, 0xcf, 0xf0, 0x22, 0xe0,
  0xfe, 0xa3, 0xe0, 0xff, 0xfd, 0xac, 0x06, 0x02, 0x1c, 0xf1, 0x12, 0x1a,
  0x4c, 0xc3, 0xef, 0x9b, 0xff, 0xee, 0x9a, 0x22, 0x90, 0xd2, 0x24, 0xef,
  0xf0, 0x64, 0x01, 0x70, 0x2d, 0x90, 0xd2, 0x71, 0xe0, 0x14, 0x60, 0x11,
  0x14, 0x60, 0x15, 0x14, 0x60, 0x19, 0x24, 0x03, 0x70, 0x21, 0x90, 0x88,
  0x80, 0x74, 0xf1, 0xf0, 0x22, 0x90, 0x88, 0x80, 0x74, 0x51, 0xf0, 0x22,
  0x90, 0x88, 0x80, 0x74, 0xf3, 0xf0, 0x22, 0x90, 0x88, 0x80, 0x74, 0x53,
  0xf0, 0x22, 0x90, 0x88, 0x80, 0xe4, 0xf0, 0x22, 0x90, 0xd3, 0x27, 0x12,
  0x1b, 0x63, 0x90, 0xd3, 0x2d, 0xe0, 0x30, 0xe0, 0x3f, 0x90, 0xd3, 0x27,
  0x12, 0x8b, 0xa0, 0xff, 0x90, 0xc1, 0x92, 0xe0, 0x24, 0xff, 0xfd, 0x90,
  0xc1, 0x91, 0x71, 0x18, 0x90, 0xd3, 0x27, 0x12, 0x1b, 0x43, 0xc0, 0x03,
  0xc0, 0x02, 0x12, 0x16, 0xc9, 0xfb, 0xaa, 0xf0, 0xc0, 0x02, 0xc0, 0x03,
  0x71, 0x94, 0x31, 0x71, 0xfe, 0xc3, 0xd0, 0xe0, 0x9f, 0xff, 0xd0, 0xe0,
  0x9e, 0xd0, 0x02, 0xd0, 0x03, 0x8f, 0xf0, 0x12, 0x17, 0xb1, 0x80, 0x11,
  0x71, 0x94, 0x31, 0x71, 0xfe, 0x90, 0xd3, 0x27, 0x12, 0x1b, 0x43, 0xee,
  0x8f, 0xf0, 0x12, 0x17, 0x2c, 0x90, 0xd3, 0x2d, 0xe0, 0x90, 0xd3, 0x2a,
  0x30, 0xe1, 0x15, 0x12, 0x8b, 0xa0, 0xff, 0x90, 0xc1, 0x94, 0xe0, 0x24,
  0xff, 0xfd, 0x90, 0xc1, 0x93, 0x71, 0x18, 0x90, 0xd3, 0x2a, 0x80, 0x00,
  0x12, 0x1b, 0x43, 0xc0, 0x03, 0xc0, 0x02, 0x12, 0x16, 0xc9, 0xfb, 0xaa,
  0xf0, 0xc0, 0x02, 0xc0, 0x03, 0x90, 0xce, 0x44, 0x12, 0x1a, 0x4c, 0xe4,
  0xab, 0x07, 0xaa, 0x06, 0x90, 0xce, 0x40, 0x31, 0x6e, 0xfe, 0xc3, 0xd0,
  0xe0, 0x9f, 0xff, 0xd0, 0xe0, 0x9e, 0xd0, 0x02, 0xd0, 0x03, 0x8f, 0xf0,
  0x02, 0x17, 0xb1, 0xec, 0x70, 0x31, 0xed, 0x24, 0xfe, 0x60, 0x14, 0x24,
  0xfe, 0x60, 0x18, 0x24, 0xfc, 0x60, 0x1c, 0x24, 0x07, 0x70, 0x20, 0x90,
  0xd3, 0x10, 0x74, 0x06, 0xf0, 0x80, 0x1e, 0x90, 0xd3, 0x10, 0x74, 0x04,
  0xf0, 0x80, 0x16, 0x90, 0xd3, 0x10, 0x74, 0x03, 0xf0, 0x80, 0x0e, 0x90,
  0xd3, 0x10, 0x74, 0x02, 0xf0, 0x80, 0x06, 0x90, 0xd3, 0x10, 0x74, 0x01,
  0xf0, 0xad, 0x07, 0xac, 0x06, 0xec, 0x12, 0x13, 0x3c, 0xc0, 0x04, 0xc0,
  0x05, 0xc0, 0x06, 0xc0, 0x07, 0x90, 0xd3, 0x10, 0x91, 0xce, 0x12, 0xcc,
  0x90, 0xd0, 0x07, 0xd0, 0x06, 0xd0, 0x05, 0xd0, 0x04, 0x12, 0x12, 0x21,
  0x12, 0x8a, 0x3f, 0x7f, 0xf7, 0x7e, 0x04, 0x7d, 0xb5, 0x7c, 0x3f, 0x12,
  0x08, 0x8f, 0x90, 0xc1, 0x9d, 0x12, 0x1a, 0xe9, 0x02, 0x87, 0xb9, 0x90,
  0xc2, 0x43, 0xe0, 0x60, 0x35, 0x90, 0xc1, 0x91, 0x12, 0x83, 0x8c, 0x90,
  0xcf, 0x47, 0xe0, 0x9f, 0xff, 0x90, 0xcf, 0x46, 0xe0, 0x9e, 0xfe, 0xef,
  0x78, 0x05, 0xce, 0xc3, 0x13, 0xce, 0x13, 0xd8, 0xf9, 0xff, 0xd3, 0x94,
  0xff, 0xee, 0x94, 0x00, 0x40, 0x04, 0x7f, 0xff, 0x80, 0x00, 0x90, 0x8f,
  0x01, 0xef, 0xf0, 0x90, 0x8f, 0x00, 0x74, 0x01, 0xf0, 0x22, 0x90, 0x8f,
  0x00, 0xe4, 0xf0, 0x22, 0xe0, 0x34, 0xff, 0xcd, 0xc3, 0x9f, 0xff, 0xed,
  0x95, 0xf0, 0x8f, 0xf0, 0x02, 0x17, 0xb1, 0x90, 0xd3, 0x10, 0x12, 0x8c,
  0x9c, 0x30, 0xe0, 0x08, 0x90, 0xc1, 0xfd, 0x74, 0x01, 0xf0, 0x80, 0x10,
  0x90, 0xc1, 0xad, 0xe0, 0x30, 0xe0, 0x09, 0x90, 0xc1, 0xfd, 0xe0, 0x60,
  0x03, 0x74, 0x05, 0xf0, 0x90, 0xd3, 0x18, 0xe0, 0x70, 0x02, 0xa3, 0xe0,
  0x60, 0x08, 0x90, 0xc1, 0xff, 0x74, 0x02, 0xf0, 0x80, 0x05, 0xe4, 0x90,
  0xc1, 0xff, 0xf0, 0x90, 0xd3, 0x10, 0xe0, 0xff, 0xa3, 0xe0, 0x90, 0xc1,
  0xa4, 0x12, 0x8f, 0x62, 0x90, 0xc1, 0xa6, 0xec, 0xf0, 0xa3, 0xef, 0xf0,
  0xaf, 0x03, 0x90, 0xc1, 0xa8, 0xea, 0xf0, 0xa3, 0x12, 0xe2, 0xc0, 0xa3,
  0xe0, 0x90, 0xc1, 0xaa, 0xcf, 0x12, 0xef, 0x2f, 0xff, 0xa3, 0xe0, 0x90,
  0xc1, 0xac, 0xcf, 0xf0, 0xa3, 0xef, 0xf0, 0x22, 0x90, 0xce, 0x44, 0x12,
  0x1a, 0x4c, 0x78, 0x10, 0x12, 0x19, 0x84, 0xab, 0x07, 0xaa, 0x06, 0x90,
  0xce, 0x40, 0x12, 0x1a, 0x4c, 0x78, 0x10, 0x02, 0x19, 0x84, 0x90, 0xd3,
  0x19, 0xec, 0xf0, 0xa3, 0xed, 0xf0, 0xea, 0x49, 0x4b, 0x70, 0x02, 0x81,
  0x48, 0x90, 0xd4, 0xea, 0xe0, 0x70, 0x02, 0xa3, 0xe0, 0x60, 0x64, 0x91,
  0x49, 0x30, 0xe0, 0x1a, 0x71, 0xa6, 0xc3, 0x90, 0xd4, 0xe7, 0xe0, 0x9f,
  0xff, 0x90, 0xd4, 0xe6, 0xe0, 0x9e, 0xfe, 0x90, 0xd4, 0xf7, 0xe0, 0x2f,
  0xff, 0x90, 0xd4, 0xf6, 0x80, 0x0b, 0x71, 0xa6, 0x90, 0xd4, 0xf3, 0xe0,
  0x2f, 0xff, 0x90, 0xd4, 0xf2, 0xe0, 0x3e, 0x8f, 0xf0, 0x12, 0x17, 0xb1,
  0x91, 0x49, 0x30, 0xe1, 0x1b, 0x12, 0x1a, 0x4c, 0xc3, 0x90, 0xd4, 0xe9,
  0xe0, 0x9f, 0xff, 0x90, 0xd4, 0xe8, 0xe0, 0x9e, 0xfe, 0x90, 0xd4, 0xf9,
  0xe0, 0x2f, 0xff, 0x90, 0xd4, 0xf8, 0x80, 0x0c, 0x12, 0x1a, 0x4c, 0x90,
  0xd4, 0xf5, 0xe0, 0x2f, 0xff, 0x90, 0xd4, 0xf4, 0xe0, 0x3e, 0x90, 0x00,
  0x02, 0x80, 0x18, 0x90, 0xd3, 0x19, 0xe0, 0xff, 0xa3, 0xe0, 0xcf, 0x8f,
  0xf0, 0x12, 0x17, 0xb1, 0x90, 0xd3, 0x1b, 0xe0, 0xff, 0xa3, 0xe0, 0x90,
  0x00, 0x02, 0xcf, 0x8f, 0xf0, 0x12, 0x17, 0xd0, 0x22, 0x90, 0xce, 0xa8,
  0xe0, 0x90, 0xce, 0x44, 0x22, 0x90, 0xd3, 0x0c, 0x12, 0x8a, 0xff, 0x12,
  0x1b, 0x63, 0xe4, 0xf5, 0x0b, 0xf5, 0x0c, 0xd3, 0x90, 0xd3, 0x0d, 0xe0,
  0x95, 0x0c, 0x90, 0xd3, 0x0c, 0xe0, 0x95, 0x0b, 0x40, 0x2b, 0xe5, 0x0c,
  0x25, 0xe0, 0xfd, 0xe5, 0x0b, 0x33, 0xfc, 0x90, 0xd3, 0x0e, 0x12, 0x8d,
  0x69, 0xff, 0x7e, 0x00, 0xe9, 0x2d, 0xf9, 0xea, 0x3c, 0xfa, 0x12, 0x8b,
  0xb2, 0xfd, 0x7c, 0x00, 0x12, 0x03, 0x6e, 0x05, 0x0c, 0xe5, 0x0c, 0x70,
  0x02, 0x05, 0x0b, 0x80, 0xc6, 0x22, 0xfa, 0x90, 0xd2, 0x40, 0x12, 0x1b,
  0x63, 0x90, 0xc9, 0xe9, 0xe0, 0xff, 0x90, 0xcd, 0xa8, 0xf0, 0x90, 0xc9,
  0xe8, 0xe0, 0xfe, 0x90, 0xcd, 0xa9, 0xf0, 0x90, 0xc9, 0xea, 0xe0, 0xfd,
  0x90, 0xcd, 0xaa, 0xf0, 0x90, 0xcd, 0xab, 0xef, 0xf0, 0x90, 0xcd, 0xac,
  0xee, 0xf0, 0x90, 0xcd, 0xad, 0xed, 0xf0, 0x90, 0xc9, 0xec, 0xe0, 0xfc,
  0xe4, 0x02, 0x13, 0x41, 0x90, 0x43, 0x35, 0xd1, 0x79, 0x12, 0xe0, 0xa2,
  0x90, 0x43, 0x37, 0xd1, 0x79, 0x12, 0xe0, 0xf4, 0x90, 0x43, 0x39, 0xd1,
  0x79, 0x12, 0xe0, 0xaf, 0x90, 0x43, 0x3b, 0xd1, 0x79, 0x90, 0xc1, 0x8f,
  0xcf, 0xf0, 0xa3, 0xef, 0xf0, 0x78, 0x50, 0x7c, 0xc2, 0x7d, 0x01, 0x7b,
  0xff, 0x7a, 0x43, 0x79, 0x91, 0x12, 0x91, 0x20, 0x78, 0x56, 0x7c, 0xc2,
  0x7d, 0x01, 0x7b, 0xff, 0x7a, 0x43, 0x79, 0x97, 0x7e, 0x00, 0x7f, 0x2a,
  0x12, 0x15, 0x3e, 0x78, 0xe4, 0x7c, 0xc9, 0x7d, 0x01, 0x7b, 0xff, 0x7a,
  0x44, 0x79, 0xed, 0x7e, 0x00, 0x7f, 0x7c, 0x12, 0x15, 0x3e, 0x78, 0x60,
  0x7c, 0xca, 0x7d, 0x01, 0x7b, 0xff, 0x7a, 0x2f, 0x79, 0xa6, 0x7e, 0x00,
  0x7f, 0x0b, 0x12, 0x15, 0x3e, 0x91, 0xcb, 0xc0, 0x04, 0xc0, 0x05, 0xc0,
  0x06, 0xc0, 0x07, 0x12, 0x8a, 0x2f, 0xd0, 0x07, 0xd0, 0x06, 0xd0, 0x05,
  0xd0, 0x04, 0x12, 0x08, 0x8f, 0xc0, 0x04, 0xc0, 0x05, 0xc0, 0x06, 0xc0,
  0x07, 0x90, 0xc9, 0xeb, 0x91, 0xce, 0xc0, 0x04, 0xc0, 0x05, 0xc0, 0x06,
  0xc0, 0x07, 0x12, 0x8c, 0x5b, 0x12, 0x8a, 0x3f, 0xd0, 0x07, 0xd0, 0x06,
  0xd0, 0x05, 0xd0, 0x04, 0x12, 0x08, 0x8f, 0xd0, 0x03, 0xd0, 0x02, 0xd0,
  0x01, 0xd0, 0x00, 0x12, 0x8e, 0xa1, 0x12, 0x1a, 0xe9, 0x12, 0x8a, 0x2f,
  0x12, 0x8c, 0x17, 0xc0, 0x04, 0xc0, 0x05, 0xc0, 0x06, 0xc0, 0x07, 0x12,
  0x8c, 0x5b, 0x12, 0x8a, 0x3f, 0x12, 0x8c, 0x0c, 0xd0, 0x03, 0xd0, 0x02,
  0xd0, 0x01, 0xd0, 0x00, 0x12, 0xee, 0x8b, 0x78, 0x00, 0x7c, 0xc4, 0x7d,
  0x01, 0x7b, 0xff, 0x7a, 0x2f, 0x79, 0xb2, 0xd1, 0xdf, 0x78, 0x89, 0x7c,
  0xc7, 0x7d, 0x01, 0x7b, 0xff, 0x7a, 0x2f, 0x79, 0xee, 0x7e, 0x00, 0x7f,
  0xd5, 0x12, 0x15, 0x3e, 0x78, 0x27, 0x7c, 0xc1, 0x7d, 0x01, 0x7b, 0xff,
  0x7a, 0x43, 0x79, 0xc1, 0xd1, 0xd8, 0x12, 0xef, 0xe3, 0x7b, 0xff, 0x7a,
  0x44, 0x79, 0x2d, 0xd1, 0xb2, 0x90, 0xc1, 0x25, 0x74, 0x02, 0xf0, 0x90,
  0xc1, 0x26, 0xf0, 0x78, 0x83, 0x7c, 0xc2, 0xd1, 0xe6, 0xd1, 0xdf, 0x78,
  0x5d, 0x7c, 0xc1, 0xd1, 0xe6, 0x12, 0xe3, 0xb5, 0x78, 0xbf, 0x7c, 0xc2,
  0x7d, 0x01, 0x7b, 0xff, 0x7a, 0x45, 0x79, 0x6b, 0x7e, 0x00, 0x7f, 0x18,
  0x12, 0x15, 0x3e, 0x90, 0xc0, 0x90, 0xe0, 0x60, 0x0e, 0x90, 0xc0, 0xa5,
  0xe0, 0x90, 0xc2, 0x00, 0xf0, 0x90, 0xc0, 0xa6, 0xe0, 0x80, 0x0e, 0x90,
  0x54, 0xa3, 0xe4, 0x93, 0x90, 0xc2, 0x00, 0xf0, 0x90, 0x54, 0xa4, 0xe4,
  0x93, 0x90, 0xc2, 0x01, 0xf0, 0x90, 0xc0, 0x16, 0xe0, 0x70, 0x12, 0x78,
  0xd7, 0x7c, 0xc2, 0x7d, 0x01, 0x7b, 0xff, 0x7a, 0x31, 0x79, 0x72, 0xfe,
  0x7f, 0x1c, 0x12, 0x15, 0x3e, 0x90, 0x30, 0xc3, 0xe4, 0x93, 0x90, 0xcc,
  0x22, 0xf0, 0x90, 0xd0, 0x4a, 0xe0, 0x90, 0xcd, 0x73, 0xf0, 0x78, 0x21,
  0x7c, 0xc2, 0x7d, 0x01, 0x7b, 0xff, 0x7a, 0x31, 0x79, 0x92, 0x7e, 0x00,
  0x7f, 0x23, 0x02, 0x15, 0x3e, 0xe4, 0x93, 0xff, 0x74, 0x01, 0x93, 0x22,
  0x81, 0xd4, 0x12, 0x1a, 0x0e, 0x90, 0xd2, 0xa4, 0x12, 0x1a, 0x4c, 0x90,
  0x00, 0x04, 0x12, 0x1a, 0x28, 0x90, 0xd2, 0xa8, 0x12, 0x1a, 0x4c, 0x90,
  0x00, 0x08, 0x12, 0x1a, 0x28, 0x90, 0xd2, 0xac, 0x12, 0x1a, 0x4c, 0x90,
  0x00, 0x0c, 0x12, 0x1a, 0x28, 0x12, 0x90, 0x37, 0x90, 0x00, 0x14, 0x02,
  0x1a, 0x28, 0x7e, 0x00, 0x7f, 0x12, 0x12, 0x15, 0x3e, 0x78, 0x4b, 0x7c,
  0xc1, 0x7d, 0x01, 0x7b, 0x01, 0x7a, 0xc1, 0x79, 0x27, 0x7e, 0x00, 0x7f,
  0x12, 0x12, 0x15, 0x3e, 0x78, 0x59, 0x7c, 0xd2, 0x7d, 0x01, 0x7b, 0x01,
  0x7a, 0xc1, 0x79, 0x4b, 0x7e, 0x00, 0x7f, 0x12, 0x02, 0x15, 0x3e, 0x7e,
  0x00, 0x7f, 0x3c, 0x02, 0x15, 0x3e, 0x7d, 0x01, 0x7b, 0xff, 0x7a, 0x44,
  0x79, 0xb1, 0x22, 0xe4, 0x90, 0xd2, 0xbd, 0xf0, 0x75, 0x09, 0x80, 0x75,
  0x0a, 0x80, 0x12, 0x91, 0x5f, 0xee, 0x70, 0x66, 0xef, 0x12, 0x1c, 0x64,
  0xd7, 0x60, 0x00, 0xd7, 0x20, 0x02, 0xd7, 0x28, 0x04, 0xd7, 0x30, 0x08,
  0xd7, 0x38, 0x10, 0xd7, 0x42, 0x20, 0xd7, 0x4c, 0x40, 0xd7, 0x56, 0x80,
  0x00, 0x00, 0xd7, 0x66, 0x90, 0xd2, 0xbd, 0x74, 0x08, 0xf0, 0x80, 0x3e,
  0x90, 0xd2, 0xbd, 0x74, 0x10, 0xf0, 0x80, 0x36, 0x90, 0xd2, 0xbd, 0x74,
  0x20, 0xf0, 0x80, 0x2e, 0xf1, 0x82, 0x75, 0x09, 0x40, 0x75, 0x0a, 0xa0,
  0x80, 0x24, 0xf1, 0x82, 0x75, 0x09, 0x60, 0x75, 0x0a, 0x60, 0x80, 0x1a,
  0xf1, 0x82, 0x75, 0x09, 0x80, 0x75, 0x0a, 0xc0, 0x80, 0x10, 0xf1, 0x82,
  0x75, 0x09, 0xa0, 0x75, 0x0a, 0x40, 0x80, 0x06, 0x90, 0xd2, 0xbd, 0x74,
  0x01, 0xf0, 0x12, 0x90, 0x13, 0x12, 0x91, 0x57, 0x90, 0x80, 0x02, 0xc0,
  0x83, 0xc0, 0x82, 0xe0, 0xff, 0x90, 0xd2, 0xbd, 0xe0, 0xfe, 0xef, 0x4e,
  0xd0, 0x82, 0xd0, 0x83, 0xf0, 0x22, 0x90, 0xd2, 0xbd, 0x74, 0x02, 0xf0,
  0x22, 0x90, 0xd2, 0xb9, 0xee, 0xf0, 0xa3, 0xef, 0xf0, 0x90, 0xd2, 0x72,
  0xe0, 0xff, 0x64, 0x01, 0x70, 0x03, 0x02, 0xd8, 0x93, 0xef, 0x60, 0x03,
  0x02, 0xd8, 0x84, 0x90, 0xc1, 0x00, 0xe0, 0x20, 0xe1, 0x03, 0x02, 0xd8,
  0x84, 0x12, 0xd8, 0x9d, 0x90, 0x00, 0xd8, 0x12, 0xde, 0x06, 0x12, 0x8a,
  0xf8, 0x9f, 0xec, 0x95, 0xf0, 0x40, 0x08, 0x90, 0xc1, 0x25, 0x74, 0x01,
  0xf0, 0x80, 0x7d, 0x90, 0x00, 0xda, 0x12, 0xde, 0x33, 0x50, 0x10, 0x90,
  0x00, 0xdc, 0x12, 0xdb, 0x72, 0x40, 0x08, 0x90, 0xc1, 0x25, 0x74, 0x02,
  0xf0, 0x80, 0x65, 0x90, 0x00, 0xde, 0x12, 0xde, 0x06, 0x12, 0xdb, 0x8e,
  0x9f, 0xec, 0x95, 0xf0, 0x50, 0x10, 0x90, 0x00, 0xe0, 0x12, 0xde, 0x7b,
  0x40, 0x08, 0x90, 0xc1, 0x25, 0x74, 0x03, 0xf0, 0x80, 0x46, 0x90, 0x00,
  0xe2, 0xd1, 0x06, 0x71, 0x8e, 0x9f, 0xec, 0x95, 0xf0, 0x50, 0x0f, 0x90,
  0x00, 0xe4, 0xd1, 0x7b, 0x40, 0x08, 0x90, 0xc1, 0x25, 0x74, 0x04, 0xf0,
  0x80, 0x2a, 0x90, 0x00, 0xe6, 0xd1, 0x33, 0x50, 0x0f, 0x90, 0x00, 0xe8,
  0x71, 0x72, 0x40, 0x08, 0x90, 0xc1, 0x25, 0x74, 0x05, 0xf0, 0x80, 0x14,
  0x11, 0x9d, 0x90, 0x00, 0xea, 0x12, 0x16, 0xf4, 0xff, 0xc3, 0x71, 0x77,
  0x50, 0x06, 0x90, 0xc1, 0x25, 0x74, 0x06, 0xf0, 0x90, 0xd2, 0x46, 0xe0,
  0x64, 0x01, 0x60, 0x0c, 0x90, 0xc1, 0x26, 0xe0, 0xff, 0x90, 0xc1, 0x25,
  0xe0, 0x6f, 0x60, 0x2c, 0x90, 0xc1, 0x01, 0xe0, 0x90, 0xc1, 0x25, 0x30,
  0xe3, 0x0d, 0x11, 0xa3, 0xfe, 0x11, 0x9d, 0x71, 0xbb, 0x78, 0x39, 0x7c,
  0xc1, 0x80, 0x08, 0x11, 0xa3, 0x71, 0xdc, 0x78, 0x59, 0x7c, 0xd2, 0x7d,
  0x01, 0x12, 0xd6, 0xd8, 0x90, 0xc1, 0x25, 0xe0, 0x90, 0xc1, 0x26, 0xf0,
  0x11, 0x94, 0x12, 0xe4, 0x22, 0x11, 0x94, 0x12, 0xe5, 0x82, 0x11, 0x94,
  0x12, 0x8a, 0x0a, 0x22, 0x90, 0xd2, 0xb9, 0xe0, 0xfe, 0xa3, 0xe0, 0xff,
  0x22, 0x90, 0xd2, 0x3d, 0x02, 0x1b, 0x43, 0xe0, 0x75, 0xf0, 0x12, 0xa4,
  0x24, 0xee, 0xff, 0xe5, 0xf0, 0x34, 0xff, 0x22, 0x7b, 0x01, 0x7a, 0xce,
  0x79, 0x34, 0xc0, 0x04, 0xc0, 0x05, 0xc0, 0x06, 0xc0, 0x07, 0x90, 0xd2,
  0x95, 0x12, 0x1a, 0x4c, 0x90, 0xd2, 0xa4, 0x12, 0x1a, 0xe9, 0x90, 0xd2,
  0xa8, 0x12, 0x1a, 0xf5, 0x00, 0x02, 0x00, 0x02, 0x90, 0xd2, 0x99, 0x12,
  0x1a, 0x4c, 0x90, 0xd2, 0xac, 0x12, 0x1a, 0xe9, 0xd0, 0x07, 0xd0, 0x06,
  0xd0, 0x05, 0xd0, 0x04, 0x02, 0xd6, 0x82, 0x12, 0x7f, 0xb6, 0x90, 0xcf,
  0x5e, 0x74, 0x2a, 0xf0, 0xa3, 0x74, 0x0e, 0xf0, 0xe4, 0x90, 0xcf, 0x45,
  0xf0, 0x90, 0xcf, 0x2e, 0x74, 0x15, 0xf0, 0xa3, 0x74, 0xff, 0xf0, 0x90,
  0xd0, 0x87, 0x12, 0x1a, 0xf5, 0xf0, 0x1c, 0x00, 0x3f, 0x90, 0xce, 0xd0,
  0x74, 0xff, 0xf0, 0xa3, 0x74, 0xc0, 0x12, 0x8b, 0xef, 0x51, 0xe5, 0x90,
  0xd0, 0x3a, 0x12, 0x7c, 0x63, 0x74, 0x64, 0x71, 0x0c, 0x71, 0x14, 0x71,
  0x1b, 0x90, 0xce, 0xdd, 0x74, 0xff, 0xf0, 0xa3, 0x74, 0x4c, 0xf0, 0xa3,
  0xe4, 0xf0, 0xa3, 0x74, 0xb4, 0x51, 0xe5, 0x90, 0xcf, 0x22, 0x12, 0x7c,
  0x63, 0x74, 0x64, 0x71, 0x0c, 0x71, 0x14, 0x71, 0x1b, 0xe4, 0x90, 0xcf,
  0x51, 0x12, 0x7c, 0x63, 0x74, 0x64, 0x71, 0x0c, 0x71, 0x14, 0x71, 0x1b,
  0x90, 0xd0, 0x7b, 0x12, 0x7f, 0xd5, 0xa3, 0x74, 0x01, 0xf0, 0xa3, 0x74,
  0xf4, 0x71, 0x0c, 0xa3, 0xf0, 0xa3, 0x74, 0x2c, 0xf0, 0x71, 0x34, 0x71,
  0x34, 0x90, 0xcf, 0xaa, 0x74, 0x0a, 0xf0, 0xa3, 0x74, 0xf0, 0xf0, 0xa3,
  0x74, 0x19, 0xf0, 0xa3, 0x74, 0x64, 0xf0, 0xa3, 0xe4, 0xf0, 0xa3, 0x74,
  0x0a, 0x71, 0x3d, 0xa3, 0x74, 0x11, 0xf0, 0xa3, 0x74, 0xf8, 0x71, 0x3d,
  0x90, 0xd0, 0x98, 0x74, 0x03, 0xf0, 0xa3, 0x71, 0x2b, 0x71, 0x2b, 0x74,
  0xff, 0xf0, 0xa3, 0x74, 0x01, 0x51, 0xfa, 0x71, 0x0d, 0xa3, 0xe4, 0xf0,
  0x90, 0xcf, 0x40, 0x74, 0x02, 0xf0, 0xa3, 0x14, 0x51, 0xf2, 0xe4, 0x90,
  0xce, 0x5c, 0x12, 0x7c, 0x63, 0x74, 0x02, 0x51, 0xfa, 0xe4, 0x90, 0xce,
  0x50, 0x12, 0x7c, 0x63, 0x74, 0x80, 0x71, 0x0c, 0xa3, 0x12, 0x8b, 0xea,
  0x12, 0x8b, 0xef, 0xf0, 0xe4, 0x90, 0xd0, 0x47, 0x71, 0x2d, 0x74, 0x01,
  0x51, 0xf2, 0x90, 0xd0, 0x22, 0x12, 0x1a, 0xf5, 0x00, 0x00, 0x00, 0x01,
  0x90, 0xd0, 0x26, 0x12, 0x1a, 0xf5, 0x00, 0x0f, 0x42, 0x40, 0x90, 0xd0,
  0x2a, 0x12, 0x1a, 0xf5, 0x00, 0x00, 0x00, 0x01, 0x90, 0xd0, 0x2e, 0x12,
  0x1a, 0xf5, 0x00, 0x00, 0x27, 0x10, 0x90, 0xd0, 0x32, 0x12, 0x1a, 0xf5,
  0x00, 0x00, 0x27, 0x10, 0x90, 0xd0, 0x36, 0x12, 0x1a, 0xf5, 0x00, 0x00,
  0x27, 0x10, 0x90, 0xce, 0x82, 0x74, 0x01, 0xf0, 0xa3, 0x74, 0x09, 0xf0,
  0xa3, 0x14, 0xf0, 0xa3, 0xf0, 0xa3, 0xf0, 0xe4, 0x90, 0xcf, 0x60, 0x71,
  0x23, 0x51, 0xf3, 0x90, 0xce, 0xc4, 0x74, 0xff, 0xf0, 0xa3, 0x74, 0xf0,
  0xf0, 0xa3, 0xe4, 0xf0, 0xa3, 0x74, 0x10, 0x51, 0xe5, 0x90, 0xce, 0xb7,
  0x74, 0xff, 0xf0, 0xa3, 0x74, 0xf4, 0xf0, 0xa3, 0xe4, 0xf0, 0xa3, 0x74,
  0x0c, 0x51, 0xe5, 0x90, 0xce, 0xf8, 0x51, 0xdd, 0x90, 0xce, 0x9f, 0x51,
  0xdd, 0x90, 0xd0, 0xca, 0xf0, 0xa3, 0x74, 0xff, 0xf0, 0xe4, 0x51, 0xf3,
  0x71, 0x04, 0x90, 0xce, 0x28, 0x74, 0xff, 0xf0, 0xa3, 0x74, 0xfa, 0xf0,
  0xa3, 0xe4, 0x12, 0x7f, 0x8a, 0xe4, 0xf0, 0xa3, 0x74, 0x04, 0x51, 0xeb,
  0x90, 0xd0, 0x55, 0x71, 0x23, 0x51, 0xf3, 0x90, 0xce, 0x74, 0x71, 0x23,
  0x51, 0xf3, 0x90, 0xcf, 0x04, 0x12, 0x7f, 0x8a, 0x74, 0x01, 0xf0, 0xe4,
  0x51, 0xf3, 0x90, 0xd0, 0x8b, 0x04, 0xf0, 0xa3, 0xe4, 0xf0, 0x74, 0xff,
  0xa3, 0xf0, 0xa3, 0x71, 0x0c, 0xa3, 0x71, 0x06, 0xa3, 0xe4, 0xf0, 0x90,
  0xd2, 0x95, 0x12, 0x1a, 0xf5, 0x00, 0x00, 0x00, 0x00, 0x90, 0xd2, 0x99,
  0x12, 0x1a, 0xf5, 0x00, 0x00, 0x00, 0x00, 0xd1, 0x2a, 0x11, 0xb0, 0x90,
  0xd0, 0xb2, 0xe4, 0xf0, 0xa3, 0x04, 0xf0, 0xe4, 0x90, 0xce, 0x73, 0xf0,
  0x22, 0xf0, 0xa3, 0xf0, 0xa3, 0xf0, 0xa3, 0x74, 0x03, 0xf0, 0xa3, 0xe4,
  0xf0, 0xa3, 0x04, 0xf0, 0xe4, 0xa3, 0xf0, 0xa3, 0xf0, 0xa3, 0xf0, 0xa3,
  0xf0, 0xa3, 0xf0, 0xa3, 0xf0, 0x22, 0xf0, 0xa3, 0xe4, 0xf0, 0xa3, 0x04,
  0xf0, 0xa3, 0xe4, 0xf0, 0xa3, 0x04, 0xf0, 0xa3, 0xe4, 0xf0, 0xa3, 0x04,
  0xf0, 0xa3, 0xe4, 0xf0, 0xa3, 0x04, 0xf0, 0x22, 0xa3, 0xe4, 0xf0, 0xa3,
  0x74, 0x32, 0xf0, 0xa3, 0xe4, 0xf0, 0xa3, 0x74, 0x32, 0xf0, 0x22, 0xf0,
  0xa3, 0x04, 0xf0, 0xa3, 0xf0, 0xe4, 0x22, 0x74, 0xff, 0xf0, 0xa3, 0x74,
  0x03, 0xf0, 0xa3, 0x22, 0xa3, 0x74, 0x01, 0xf0, 0xa3, 0x74, 0x2c, 0xf0,
  0x22, 0xf0, 0xa3, 0x74, 0x11, 0xf0, 0xa3, 0x74, 0xf8, 0xf0, 0x22, 0x90,
  0x84, 0x26, 0x74, 0x03, 0xf0, 0x90, 0x84, 0x50, 0x74, 0x36, 0xf0, 0xa3,
  0x74, 0xb7, 0xf0, 0xa3, 0x74, 0x13, 0xf0, 0xa3, 0x74, 0x1d, 0xf0, 0xa3,
  0x74, 0x63, 0xf0, 0xa3, 0x74, 0x80, 0xf0, 0xa3, 0xf0, 0xa3, 0x74, 0x74,
  0x12, 0x7f, 0x59, 0xe4, 0xf0, 0x22, 0x12, 0x16, 0xf4, 0xff, 0xd3, 0x90,
  0xd2, 0xba, 0xe0, 0x9f, 0x90, 0xd2, 0xb9, 0xe0, 0x95, 0xf0, 0x22, 0x90,
  0xd3, 0x28, 0xe0, 0xfe, 0xa3, 0xe0, 0xff, 0x90, 0xd3, 0x26, 0xe0, 0xfc,
  0xa3, 0xe0, 0xfd, 0xc3, 0x22, 0x12, 0x15, 0x3e, 0x90, 0xd3, 0x11, 0x12,
  0x1b, 0x43, 0xe9, 0x24, 0x92, 0xf9, 0xe4, 0x3a, 0xfa, 0x90, 0xd2, 0x3d,
  0x12, 0x1b, 0x63, 0x90, 0xc1, 0x25, 0xe0, 0x75, 0xf0, 0x12, 0xa4, 0x24,
  0xee, 0xff, 0xe5, 0xf0, 0x34, 0xff, 0xfe, 0xe9, 0x2f, 0xf9, 0xea, 0x3e,
  0xfa, 0x78, 0x27, 0x7c, 0xc1, 0x7d, 0x01, 0x7e, 0x00, 0x7f, 0x12, 0x12,
  0x15, 0x3e, 0x90, 0xc1, 0x25, 0xe0, 0x75, 0xf0, 0x12, 0xa4, 0x24, 0x5a,
  0xff, 0xe4, 0x35, 0xf0, 0xfe, 0x90, 0xd2, 0x3d, 0x12, 0x1b, 0x43, 0xe9,
  0x2f, 0xf9, 0xea, 0x3e, 0xfa, 0x22, 0x90, 0xd3, 0x11, 0xef, 0xf0, 0x7b,
  0xff, 0x7a, 0x20, 0x79, 0xa5, 0xa3, 0x12, 0x1b, 0x63, 0xe4, 0x90, 0x81,
  0xa6, 0xf0, 0xa3, 0xf0, 0x90, 0xd3, 0x15, 0xf0, 0xa3, 0xf0, 0x91, 0x82,
  0xe9, 0x24, 0x01, 0xf9, 0xe4, 0x3a, 0xfa, 0x91, 0xea, 0x7d, 0xc0, 0x12,
  0x16, 0x00, 0x71, 0xe3, 0x90, 0xd3, 0x15, 0x12, 0x8e, 0x95, 0x90, 0x81,
  0xa0, 0xf0, 0x90, 0xd3, 0x12, 0x71, 0xe0, 0xe9, 0x24, 0x41, 0xf9, 0xea,
  0x34, 0x01, 0xd1, 0x1a, 0x90, 0x81, 0xa1, 0xf0, 0xa3, 0xf0, 0x91, 0xea,
  0x12, 0x16, 0x00, 0xa3, 0x71, 0xe0, 0xe9, 0x24, 0x81, 0xf9, 0xea, 0x34,
  0x02, 0xd1, 0x1a, 0x90, 0x81, 0xa3, 0xf0, 0x90, 0x81, 0xa5, 0x74, 0x08,
  0xf0, 0x90, 0xd3, 0x15, 0x12, 0x8d, 0xaf, 0x90, 0xd3, 0x15, 0xe0, 0x64,
  0x01, 0x70, 0x04, 0xa3, 0xe0, 0x64, 0x40, 0x70, 0xa1, 0x91, 0x82, 0x12,
  0x15, 0x64, 0xff, 0xd3, 0x94, 0x00, 0x40, 0x0c, 0x90, 0xc2, 0x05, 0xe0,
  0xfe, 0xef, 0x9e, 0x90, 0x81, 0xa5, 0xf0, 0x22, 0x90, 0x81, 0xa5, 0xe4,
  0xf0, 0x22, 0x90, 0xd3, 0x12, 0x02, 0x1b, 0x43, 0x90, 0xd5, 0x1a, 0xe0,
  0xff, 0x7e, 0x00, 0x78, 0x00, 0x7c, 0x72, 0x7d, 0x01, 0x7b, 0x01, 0x7a,
  0xd5, 0x79, 0x1a, 0x02, 0x15, 0x3e, 0x90, 0xd3, 0x11, 0xd1, 0x0e, 0x91,
  0x82, 0x90, 0x00, 0x90, 0xb1, 0xf7, 0x90, 0x00, 0x92, 0xb1, 0x11, 0x91,
  0xe1, 0xe4, 0xfb, 0x12, 0xcf, 0xd9, 0x90, 0xd3, 0x12, 0xb1, 0x02, 0x91,
  0xe1, 0x7b, 0x01, 0x12, 0xcf, 0xd9, 0x91, 0x82, 0x90, 0x00, 0x98, 0xb1,
  0xf7, 0x90, 0x00, 0x9a, 0xb1, 0x11, 0x91, 0xe1, 0x7b, 0x02, 0x12, 0xcf,
  0xd9, 0x90, 0xd3, 0x12, 0xb1, 0x02, 0x91, 0xe1, 0x7b, 0x04, 0x02, 0xcf,
  0xd9, 0x90, 0xd3, 0x11, 0xe0, 0x90, 0xd3, 0x1a, 0xf0, 0x22, 0x90, 0xd3,
  0x11, 0xe0, 0xff, 0x7e, 0x00, 0x7c, 0x03, 0x22, 0x90, 0x80, 0x35, 0xe4,
  0xf0, 0xa3, 0xf0, 0x22, 0x12, 0xcf, 0xd9, 0x90, 0xd3, 0x10, 0x12, 0x1b,
  0x43, 0x90, 0x00, 0x94, 0x12, 0x16, 0xf4, 0xff, 0xae, 0xf0, 0x90, 0x00,
  0x96, 0x12, 0x16, 0xf4, 0xfd, 0xac, 0xf0, 0x22, 0x90, 0xd3, 0x0f, 0xd1,
  0x0e, 0x90, 0x00, 0x9c, 0x12, 0x15, 0x7d, 0xff, 0x90, 0xc2, 0x05, 0xe0,
  0xb4, 0x01, 0x09, 0xef, 0xd3, 0x94, 0x20, 0x40, 0x03, 0xef, 0x13, 0xff,
  0xef, 0x24, 0xc0, 0x60, 0x08, 0x24, 0xc0, 0x60, 0x0c, 0x24, 0x60, 0x80,
  0x10, 0x90, 0x81, 0x08, 0x74, 0x01, 0xf0, 0x80, 0x0d, 0x90, 0x81, 0x08,
  0x74, 0x10, 0xf0, 0x80, 0x05, 0x90, 0x81, 0x08, 0xe4, 0xf0, 0x78, 0x0c,
  0x7c, 0x81, 0x7d, 0x01, 0xb1, 0xe2, 0xb1, 0xdb, 0xb1, 0xfe, 0x78, 0x3c,
  0xb1, 0xd7, 0xe9, 0x24, 0x60, 0xf9, 0xe4, 0x3a, 0xfa, 0x78, 0x6c, 0xb1,
  0xd7, 0xb1, 0xfe, 0x78, 0xd0, 0xb1, 0xd7, 0x90, 0x00, 0x90, 0xb1, 0xf7,
  0x90, 0x00, 0x92, 0xb1, 0x11, 0xb1, 0xe8, 0xe4, 0xfb, 0x91, 0xfc, 0xb1,
  0xe8, 0x7b, 0x01, 0x12, 0xcf, 0xd9, 0xb1, 0xe2, 0x90, 0x00, 0x98, 0xb1,
  0xf7, 0x90, 0x00, 0x9a, 0xb1, 0x11, 0xb1, 0xe8, 0x7b, 0x02, 0x91, 0xfc,
  0xb1, 0xe8, 0x7b, 0x04, 0x12, 0xcf, 0xd9, 0x90, 0x81, 0xc0, 0x74, 0x01,
  0xf0, 0xa3, 0xf0, 0xa3, 0xf0, 0x90, 0x81, 0xc7, 0xf0, 0x90, 0xce, 0x87,
  0xe0, 0x90, 0x81, 0x08, 0x30, 0xe1, 0x06, 0xe0, 0x44, 0x2e, 0xf0, 0x80,
  0x04, 0xe0, 0x44, 0x0e, 0xf0, 0x90, 0xc1, 0x97, 0xe0, 0x90, 0x81, 0x09,
  0x12, 0xee, 0x38, 0x74, 0x80, 0xf0, 0x22, 0x7c, 0x81, 0x7d, 0x01, 0x7e,
  0x00, 0x7f, 0x30, 0x12, 0x15, 0x3e, 0x90, 0xd3, 0x10, 0x02, 0x1b, 0x43,
  0x90, 0xd3, 0x0f, 0xe0, 0x90, 0xd3, 0x1a, 0xf0, 0x22, 0x12, 0x1b, 0x43,
  0x90, 0x00, 0x04, 0x12, 0x16, 0xf4, 0xff, 0xae, 0xf0, 0x22, 0xe9, 0x24,
  0x30, 0xf9, 0xe4, 0x3a, 0xfa, 0x22, 0x12, 0x16, 0xf4, 0xff, 0x90, 0xd2,
  0xb9, 0x22, 0xef, 0xf0, 0x7b, 0xff, 0x7a, 0x20, 0x79, 0x08, 0xa3, 0x02,
  0x1b, 0x63, 0xfa, 0x90, 0xd3, 0x15, 0xe0, 0xfe, 0xa3, 0xe0, 0x29, 0xf9,
  0xea, 0x3e, 0xfa, 0x02, 0x15, 0x64, 0x7f, 0x00, 0x7e, 0x00, 0x7d, 0x00,
  0x7c, 0x00, 0x22, 0x12, 0x16, 0xf4, 0xff, 0xc3, 0xed, 0x9f, 0xec, 0x95,
  0xf0, 0x22, 0xe4, 0x90, 0xd3, 0x17, 0xf0, 0x90, 0xd3, 0x17, 0xe0, 0xff,
  0xc3, 0x94, 0x64, 0x50, 0x2d, 0xef, 0x75, 0xf0, 0x03, 0xa4, 0xff, 0x90,
  0xd2, 0x43, 0xd1, 0xbc, 0xfa, 0x90, 0x00, 0x1a, 0x12, 0x16, 0xf4, 0x45,
  0xf0, 0x60, 0x17, 0x90, 0x00, 0x1c, 0x12, 0x15, 0x7d, 0xff, 0x90, 0x00,
  0x1a, 0x12, 0x90, 0xc4, 0xef, 0xf0, 0x90, 0xd3, 0x17, 0xe0, 0x04, 0xf0,
  0x80, 0xc9, 0x22, 0x12, 0x16, 0xf4, 0xff, 0xd3, 0xed, 0x9f, 0xec, 0x95,
  0xf0, 0x22, 0x90, 0x88, 0xe3, 0x74, 0x01, 0xf0, 0xfb, 0x7a, 0xd3, 0x79,
  0x10, 0x12, 0x8e, 0x82, 0x7a, 0xd3, 0x19, 0x12, 0xc8, 0xc8, 0xef, 0x70,
  0x14, 0x90, 0xd3, 0x0f, 0xe0, 0xff, 0x90, 0x88, 0xd1, 0xf0, 0x90, 0xd3,
  0x10, 0xe0, 0xfe, 0x90, 0x88, 0xd2, 0x12, 0x80, 0xed, 0x22, 0xe5, 0x0e,
  0x75, 0xf0, 0x0c, 0xa4, 0xff, 0x90, 0xd2, 0x3a, 0x12, 0x1b, 0x43, 0xe9,
  0x2f, 0xf9, 0xea, 0x35, 0xf0, 0x22, 0x90, 0xd2, 0x71, 0xe0, 0xff, 0x22,
  0x12, 0x8c, 0x2c, 0x12, 0xd3, 0xae, 0x7b, 0x01, 0x7a, 0xd3, 0x79, 0x12,
  0x02, 0xb3, 0xa4, 0x90, 0xd2, 0x3a, 0x12, 0x1b, 0x43, 0x12, 0x8b, 0xb2,
  0x90, 0xd3, 0x22, 0xf0, 0x12, 0x15, 0x64, 0x70, 0x04, 0xfc, 0xfd, 0x80,
  0x06, 0x90, 0xd3, 0x1e, 0x12, 0x1a, 0x4c, 0x12, 0x86, 0xb9, 0xe4, 0xf5,
  0x0e, 0x12, 0xef, 0xfe, 0x50, 0x46, 0xd1, 0xb2, 0xfa, 0x90, 0x00, 0x02,
  0x12, 0x19, 0xde, 0x12, 0x8e, 0x5f, 0x90, 0xd3, 0x2b, 0x12, 0xb6, 0xe9,
  0x50, 0x2e, 0xd1, 0xb2, 0xfa, 0x12, 0x8d, 0xa7, 0x90, 0xd3, 0x37, 0x12,
  0xbf, 0xba, 0x12, 0x8a, 0x95, 0xff, 0x90, 0xd3, 0x39, 0x12, 0xbf, 0xba,
  0x12, 0x8e, 0xed, 0x90, 0xd3, 0x3b, 0x12, 0xbf, 0xba, 0x90, 0x00, 0x0c,
  0x12, 0x16, 0xf4, 0xff, 0x90, 0xd3, 0x3d, 0x12, 0xbf, 0xba, 0x80, 0x04,
  0x05, 0x0e, 0x80, 0xb5, 0xe5, 0x0e, 0x70, 0x1d, 0x90, 0xd3, 0x37, 0xe0,
  0xff, 0x12, 0xe0, 0xa0, 0x90, 0xd3, 0x39, 0x12, 0xe0, 0xf0, 0x90, 0xd3,
  0x3b, 0x12, 0xe0, 0xab, 0x90, 0xd3, 0x3d, 0x12, 0xe0, 0x44, 0x02, 0xe0,
  0x27, 0xd1, 0xb2, 0xfa, 0x90, 0xff, 0xf6, 0x12, 0x19, 0xde, 0x90, 0xd3,
  0x23, 0x12, 0x1a, 0xe9, 0x90, 0xff, 0xfa, 0x12, 0x16, 0xf4, 0xff, 0x90,
  0xd3, 0x2f, 0x12, 0xbf, 0xba, 0x90, 0xff, 0xfc, 0x12, 0x16, 0xf4, 0xff,
  0x90, 0xd3, 0x31, 0x12, 0xbf, 0xba, 0x90, 0xff, 0xfe, 0x12, 0x16, 0xf4,
  0xff, 0x90, 0xd3, 0x33, 0x12, 0xbf, 0xba, 0x90, 0xd2, 0x3a, 0x12, 0x1b,
  0x43, 0x75, 0xf0, 0x0c, 0xe5, 0x0e, 0x12, 0x83, 0xa7, 0x12, 0x16, 0xf4,
  0xff, 0x90, 0xd3, 0x35, 0x12, 0xbf, 0xba, 0x12, 0xef, 0xfe, 0x90, 0xd3,
  0x2f, 0xe0, 0xff, 0x50, 0x55, 0x12, 0xe0, 0x30, 0x12, 0x1a, 0xe9, 0x90,
  0xd3, 0x37, 0x12, 0xe1, 0x57, 0x90, 0xc1, 0x89, 0xee, 0xf0, 0xa3, 0xef,
  0xf0, 0x90, 0xd3, 0x31, 0x12, 0xe0, 0x2e, 0x12, 0x1a, 0xe9, 0x90, 0xd3,
  0x39, 0x12, 0xe1, 0x78, 0x90, 0xc1, 0x8b, 0xee, 0xf0, 0xa3, 0xef, 0xf0,
  0x90, 0xd3, 0x33, 0x12, 0xe0, 0x2e, 0x12, 0x1a, 0xe9, 0x90, 0xd3, 0x3b,
  0x12, 0xe1, 0x78, 0x90, 0xc1, 0x8d, 0xee, 0xf0, 0xa3, 0xef, 0xf0, 0x90,
  0xd3, 0x35, 0x11, 0x2e, 0x12, 0x1a, 0xe9, 0x90, 0xd3, 0x3d, 0x31, 0x57,
  0x90, 0xc1, 0x8f, 0xee, 0x80, 0x11, 0x11, 0xa0, 0x90, 0xd3, 0x31, 0x11,
  0xf0, 0x90, 0xd3, 0x33, 0x11, 0xab, 0x90, 0xd3, 0x35, 0x11, 0x44, 0xf0,
  0xa3, 0xef, 0xf0, 0x02, 0xcc, 0xa1, 0xe0, 0xff, 0xa3, 0xe0, 0x90, 0xd3,
  0x43, 0xcf, 0xf0, 0xa3, 0xef, 0xf0, 0x90, 0xd3, 0x27, 0x12, 0x1a, 0x4c,
  0x90, 0xd3, 0x45, 0x22, 0xe0, 0xff, 0xa3, 0xe0, 0x90, 0xc1, 0x8f, 0xcf,
  0x22, 0x12, 0x8a, 0x78, 0x90, 0xd3, 0x10, 0xe0, 0x90, 0x80, 0x10, 0xf0,
  0x90, 0xd3, 0x0f, 0xe0, 0x90, 0x80, 0x11, 0xf0, 0x90, 0xd3, 0x12, 0xe0,
  0x90, 0x80, 0x12, 0xf0, 0x90, 0xd3, 0x11, 0xe0, 0x90, 0x80, 0x13, 0xf0,
  0x90, 0xce, 0x87, 0xe0, 0x54, 0x03, 0xff, 0xbf, 0x03, 0x05, 0x90, 0xd3,
  0x0f, 0x71, 0x34, 0x90, 0xd3, 0x10, 0xe0, 0x90, 0x80, 0x0c, 0xf0, 0x90,
  0xd3, 0x0f, 0xe0, 0x90, 0x80, 0x0d, 0xf0, 0x90, 0xd3, 0x12, 0xe0, 0x90,
  0x80, 0x0e, 0xf0, 0x90, 0xd3, 0x11, 0xe0, 0x90, 0x80, 0x0f, 0xf0, 0x22,
  0xa3, 0xe0, 0x90, 0xc1, 0x89, 0xcf, 0xf0, 0xa3, 0xef, 0xf0, 0x22, 0xe0,
  0xff, 0xa3, 0xe0, 0x90, 0xc1, 0x8d, 0xcf, 0xf0, 0xa3, 0xef, 0xf0, 0x22,
  0x90, 0xc1, 0x9c, 0xe0, 0x70, 0x26, 0xe4, 0xf5, 0x0e, 0xe5, 0x0e, 0x11,
  0xe6, 0x12, 0xc8, 0x08, 0xff, 0xe5, 0x0e, 0x25, 0xe0, 0x24, 0x20, 0xf5,
  0x82, 0xe4, 0x34, 0x83, 0x12, 0x8c, 0xd0, 0x05, 0x0e, 0xe5, 0x0e, 0xb4,
  0x09, 0xe3, 0x90, 0x83, 0x35, 0x74, 0x01, 0xf0, 0x22, 0xfd, 0x25, 0xe0,
  0x24, 0x4b, 0xf5, 0x82, 0xe4, 0x34, 0xc1, 0x22, 0xe0, 0xff, 0xa3, 0xe0,
  0x90, 0xc1, 0x8b, 0xcf, 0xf0, 0xa3, 0xef, 0xf0, 0x22, 0x90, 0xd2, 0xee,
  0x12, 0x1b, 0x63, 0x90, 0xc1, 0x9c, 0xe0, 0x70, 0x02, 0xff, 0x22, 0xed,
  0x64, 0x09, 0x60, 0x03, 0x7f, 0x08, 0x22, 0xe4, 0x90, 0xd2, 0xf1, 0xf0,
  0x51, 0xc8, 0x50, 0x32, 0xef, 0x75, 0xf0, 0x02, 0xa4, 0xff, 0x90, 0xd2,
  0xee, 0x12, 0xde, 0xbc, 0xfe, 0xaf, 0x01, 0x12, 0x02, 0x38, 0xac, 0x06,
  0xad, 0x07, 0x90, 0xd2, 0xf1, 0xe0, 0x75, 0xf0, 0x02, 0xa4, 0x24, 0x20,
  0xff, 0xe5, 0xf0, 0x34, 0x83, 0x8f, 0x82, 0x12, 0x90, 0xf1, 0x90, 0xd2,
  0xf1, 0xe0, 0x04, 0xf0, 0x80, 0xca, 0x90, 0x83, 0x35, 0x74, 0x01, 0xf0,
  0x7f, 0x00, 0x22, 0xe0, 0xff, 0xa3, 0xe0, 0x90, 0xd3, 0x49, 0xcf, 0xf0,
  0xa3, 0xef, 0xf0, 0x90, 0xd3, 0x2b, 0x12, 0x1a, 0x4c, 0x90, 0xd3, 0x4b,
  0x12, 0x1a, 0xe9, 0x90, 0xd3, 0x23, 0x12, 0x1a, 0x4c, 0x02, 0x02, 0xa1,
  0xe0, 0xff, 0xa3, 0xe0, 0x90, 0xd3, 0x49, 0xcf, 0xf0, 0xa3, 0xef, 0xf0,
  0x90, 0xd3, 0x2b, 0x12, 0x1a, 0x4c, 0x90, 0xd3, 0x4b, 0x12, 0x1a, 0xe9,
  0x90, 0xd3, 0x23, 0x12, 0x1a, 0x4c, 0x02, 0x02, 0xa1, 0x90, 0xd3, 0x2d,
  0xec, 0xf0, 0xa3, 0xed, 0x12, 0xc4, 0x07, 0xff, 0x12, 0x8a, 0xf5, 0x94,
  0xbe, 0xec, 0x94, 0x00, 0x40, 0x03, 0xa3, 0x80, 0x0c, 0xd3, 0xed, 0x94,
  0x80, 0xec, 0x94, 0x00, 0x40, 0x0c, 0x90, 0xd3, 0x2f, 0x74, 0x1d, 0xf0,
  0xa3, 0x74, 0xc4, 0xf0, 0x80, 0x30, 0x12, 0x8a, 0xf5, 0x94, 0x64, 0xec,
  0x94, 0x00, 0x40, 0x0a, 0xa3, 0x74, 0x1d, 0xf0, 0xa3, 0x74, 0xd0, 0xf0,
  0x80, 0x1c, 0xc3, 0xed, 0x94, 0x50, 0xec, 0x94, 0x00, 0x90, 0xd3, 0x2f,
  0x40, 0x09, 0x74, 0x1d, 0xf0, 0xa3, 0x74, 0xdc, 0xf0, 0x80, 0x07, 0x74,
  0x1d, 0xf0, 0xa3, 0x74, 0xe8, 0xf0, 0x90, 0xd3, 0x2f, 0xe0, 0xfc, 0xa3,
  0xe0, 0xaa, 0x04, 0xf9, 0x7b, 0xff, 0xef, 0x24, 0x08, 0xff, 0xe4, 0x34,
  0x8a, 0xa8, 0x07, 0xfc, 0x7d, 0x01, 0x7e, 0x00, 0x7f, 0x0c, 0x02, 0x15,
  0x3e, 0x90, 0xd3, 0x10, 0xec, 0xf0, 0xa3, 0x12, 0x8b, 0x43, 0x90, 0xd3,
  0x0f, 0x12, 0xc4, 0x06, 0x90, 0xd3, 0x18, 0xf0, 0xe0, 0x24, 0x15, 0x12,
  0xbb, 0xc8, 0xe4, 0xf0, 0x90, 0xd3, 0x0f, 0xe0, 0xff, 0x90, 0xcf, 0x02,
  0xa3, 0xe0, 0xfd, 0x90, 0xd3, 0x12, 0xe0, 0xfb, 0xa3, 0xe0, 0x90, 0xd3,
  0x1d, 0xcb, 0xf0, 0xa3, 0xeb, 0xf0, 0x90, 0xd3, 0x14, 0xe0, 0xfb, 0xa3,
  0xe0, 0x90, 0xd3, 0x1f, 0xcb, 0xf0, 0xa3, 0xeb, 0xf0, 0x90, 0xd3, 0x16,
  0xe0, 0xfb, 0xa3, 0xe0, 0x90, 0xd3, 0x21, 0xcb, 0xf0, 0xa3, 0xeb, 0xf0,
  0xd2, 0x01, 0x7b, 0x00, 0x12, 0x7b, 0xcd, 0x90, 0xd3, 0x10, 0xe0, 0xfa,
  0xa3, 0xe0, 0xfb, 0x12, 0xbd, 0x25, 0x90, 0xd3, 0x15, 0xe0, 0xff, 0x90,
  0xd3, 0x18, 0xe0, 0xfe, 0x24, 0x17, 0x12, 0xbb, 0xc8, 0xef, 0xf0, 0x90,
  0xd3, 0x14, 0xe0, 0xff, 0x74, 0x16, 0x2e, 0x12, 0xbb, 0xc8, 0xef, 0xf0,
  0x90, 0xd3, 0x17, 0xe0, 0xff, 0x74, 0x19, 0x2e, 0x12, 0xbb, 0xc8, 0x51,
  0xc0, 0x74, 0x18, 0x2e, 0x12, 0xbb, 0xc8, 0xef, 0xf0, 0x74, 0x15, 0x2e,
  0x12, 0xbb, 0xc8, 0x74, 0x01, 0xf0, 0x90, 0xd3, 0x0f, 0xe0, 0xff, 0x7d,
  0x01, 0x02, 0xc3, 0x80, 0xef, 0xf0, 0x90, 0xd3, 0x16, 0xe0, 0xff, 0x22,
  0x90, 0xd2, 0xf1, 0xe0, 0xff, 0xc3, 0x94, 0x09, 0x22, 0x71, 0x1d, 0x64,
  0x09, 0x60, 0x03, 0x7f, 0x08, 0x22, 0xe4, 0x90, 0xd2, 0xf1, 0xf0, 0x51,
  0xc8, 0x50, 0x37, 0xef, 0x75, 0xf0, 0x02, 0xa4, 0xfd, 0xac, 0xf0, 0x24,
  0x20, 0xff, 0xec, 0x34, 0x83, 0x8f, 0x82, 0x12, 0xc8, 0x08, 0xff, 0xc0,
  0x06, 0xc0, 0x07, 0x90, 0xd2, 0xee, 0x12, 0x1b, 0x43, 0xe9, 0x2d, 0xf9,
  0xea, 0x3c, 0xaf, 0x01, 0xad, 0x07, 0xfc, 0xd0, 0x07, 0xd0, 0x06, 0x12,
  0x02, 0x42, 0x90, 0xd2, 0xf1, 0xe0, 0x04, 0xf0, 0x80, 0xc5, 0x7f, 0x00,
  0x22, 0x90, 0xd2, 0xee, 0x12, 0x1b, 0x63, 0xed, 0x22, 0xef, 0x7f, 0x00,
  0x60, 0x02, 0x7f, 0x01, 0x90, 0xc1, 0x9c, 0xef, 0xf0, 0x7f, 0x00, 0x22,
  0xe0, 0xc3, 0x13, 0xf0, 0xa3, 0xe0, 0x13, 0xf0, 0xa3, 0xe0, 0xc3, 0x13,
  0xf0, 0xa3, 0xe0, 0x13, 0xf0, 0x22, 0xe4, 0xff, 0xea, 0x49, 0x4b, 0x60,
  0x09, 0x90, 0xc1, 0x9c, 0xe0, 0x12, 0x15, 0xcc, 0x80, 0x02, 0x7f, 0xff,
  0x22, 0x71, 0x1d, 0x64, 0x1c, 0x60, 0x03, 0x7f, 0x08, 0x22, 0x90, 0xd2,
  0xee, 0x12, 0x7f, 0xe4, 0x7a, 0x83, 0x79, 0x40, 0x71, 0xc8, 0x7f, 0x00,
  0x22, 0x90, 0xd2, 0x72, 0xe0, 0xff, 0xef, 0x70, 0x0e, 0x90, 0xc2, 0x00,
  0xe0, 0x90, 0x84, 0x29, 0xf0, 0x90, 0xc2, 0x01, 0xe0, 0x80, 0x05, 0x90,
  0x84, 0x29, 0xe4, 0xf0, 0x90, 0x84, 0x2b, 0xf0, 0x22, 0x71, 0x1d, 0x64,
  0x10, 0x60, 0x03, 0x7f, 0x08, 0x22, 0xaf, 0x05, 0x7e, 0x00, 0x90, 0xd2,
  0xee, 0x12, 0x7f, 0xe4, 0x7a, 0x84, 0x79, 0x30, 0x12, 0x15, 0x3e, 0x7f,
  0x00, 0x22, 0xfa, 0x78, 0x5d, 0x7c, 0xc1, 0x7d, 0x01, 0x7e, 0x00, 0x7f,
  0x1c, 0x12, 0x15, 0x3e, 0x78, 0x75, 0x7c, 0xd2, 0x7d, 0x01, 0x7b, 0x01,
  0x7a, 0xc1, 0x79, 0x5d, 0x7e, 0x00, 0x7f, 0x1c, 0x02, 0x15, 0x3e, 0x91,
  0x01, 0xef, 0x70, 0x0c, 0x78, 0x40, 0x7c, 0x83, 0x71, 0xc0, 0x90, 0x83,
  0x5d, 0x74, 0x01, 0xf0, 0x22, 0x91, 0x01, 0xef, 0x70, 0x02, 0xff, 0x22,
  0xed, 0x64, 0x1c, 0x60, 0x03, 0x7f, 0x08, 0x22, 0x78, 0x40, 0x7c, 0x83,
  0x7d, 0x01, 0x71, 0xc8, 0x90, 0x83, 0x5d, 0x74, 0x01, 0xf0, 0x7f, 0x00,
  0x22, 0x90, 0xc1, 0x02, 0xe0, 0xff, 0x22, 0x90, 0x84, 0x2d, 0xe4, 0xf0,
  0x22, 0xef, 0x90, 0x80, 0x01, 0x70, 0x0b, 0x74, 0xff, 0xf0, 0x90, 0x80,
  0x03, 0xe0, 0x44, 0x78, 0xf0, 0x22, 0x74, 0x0f, 0xf0, 0x22, 0x91, 0xb3,
  0xe0, 0x30, 0xe0, 0x1b, 0x90, 0xc0, 0x90, 0xe0, 0x90, 0xd2, 0xbb, 0x60,
  0x09, 0xe0, 0xfe, 0xa3, 0xe0, 0xff, 0x91, 0x44, 0x80, 0x07, 0xe0, 0xfe,
  0xa3, 0xe0, 0xff, 0xf1, 0x2d, 0x71, 0x71, 0x22, 0x90, 0xc0, 0x00, 0xe0,
  0xfd, 0x90, 0xc0, 0x90, 0xe0, 0x14, 0xfc, 0xed, 0xc3, 0x9c, 0x50, 0x13,
  0xed, 0x25, 0xe0, 0x25, 0xe0, 0x24, 0x91, 0xf5, 0x82, 0xe4, 0x34, 0xc0,
  0x91, 0xa8, 0x50, 0x03, 0x0d, 0x80, 0xe2, 0xed, 0xd3, 0x94, 0x00, 0x40,
  0x13, 0xed, 0x25, 0xe0, 0x25, 0xe0, 0x24, 0x8f, 0xf5, 0x82, 0xe4, 0x34,
  0xc0, 0x91, 0xa8, 0x40, 0x03, 0x1d, 0x80, 0xe7, 0xed, 0x25, 0xe0, 0x24,
  0xa5, 0xf5, 0x82, 0xe4, 0x34, 0xc0, 0xf5, 0x83, 0xe0, 0x90, 0xc2, 0x00,
  0xf0, 0xed, 0x25, 0xe0, 0x24, 0xa6, 0xf5, 0x82, 0xe4, 0x34, 0xc0, 0xf5,
  0x83, 0xe0, 0x90, 0xc2, 0x01, 0xf0, 0x90, 0xc0, 0x00, 0xed, 0xf0, 0x22,
  0xf5, 0x83, 0xe0, 0xfa, 0xa3, 0xe0, 0xd3, 0x9f, 0xea, 0x9e, 0x22, 0x90,
  0xd2, 0xbb, 0xee, 0xf0, 0xa3, 0xef, 0xf0, 0x90, 0xc1, 0x00, 0x22, 0x90,
  0xd3, 0x31, 0x12, 0x1a, 0xe9, 0xe4, 0xff, 0xfe, 0x7d, 0x80, 0x7c, 0x43,
  0x90, 0xd3, 0x31, 0xb1, 0x0d, 0x90, 0xd3, 0x35, 0x12, 0x1a, 0x68, 0x12,
  0x86, 0xb3, 0x7b, 0xff, 0x7a, 0x0f, 0x7d, 0x00, 0x7c, 0x01, 0x12, 0x02,
  0x65, 0x90, 0x83, 0x3a, 0xee, 0xf0, 0xa3, 0xef, 0xf0, 0x90, 0xd3, 0x39,
  0xe0, 0x44, 0x80, 0x90, 0x83, 0x3e, 0xf0, 0x22, 0xa3, 0xe0, 0xff, 0x90,
  0xd3, 0x23, 0xe4, 0xf0, 0xa3, 0xef, 0xf0, 0xe4, 0xff, 0xfe, 0x7d, 0x80,
  0x7c, 0x41, 0x90, 0xcb, 0xde, 0x12, 0x1a, 0x68, 0x02, 0x11, 0x18, 0xef,
  0x7f, 0x00, 0x60, 0x02, 0x7f, 0x01, 0x90, 0xc1, 0x02, 0xef, 0xf0, 0x71,
  0xcf, 0x7f, 0x00, 0x22, 0x90, 0xd2, 0xee, 0xee, 0xf0, 0xa3, 0xef, 0xf0,
  0x90, 0xd2, 0xee, 0xe0, 0x90, 0x83, 0x3a, 0xf0, 0x90, 0xd2, 0xef, 0xe0,
  0x90, 0x83, 0x3b, 0xf0, 0xed, 0x44, 0x80, 0x90, 0x83, 0x3e, 0xf0, 0x7f,
  0x00, 0x22, 0x90, 0x83, 0x3a, 0xe0, 0x90, 0xd2, 0xee, 0xf0, 0x90, 0x83,
  0x3b, 0xe0, 0x90, 0xd2, 0xef, 0xf0, 0x90, 0xd2, 0xee, 0x12, 0x87, 0x30,
  0x78, 0x43, 0x02, 0x12, 0x21, 0x78, 0x5d, 0x7c, 0xc1, 0x7d, 0x01, 0x7b,
  0xff, 0x7a, 0x0d, 0x79, 0xb0, 0x71, 0xb5, 0x78, 0x79, 0x7c, 0xc1, 0x7d,
  0x01, 0x7b, 0xff, 0x7a, 0x0d, 0x79, 0xa0, 0x7e, 0x00, 0x7f, 0x10, 0x02,
  0x15, 0x3e, 0x91, 0xb3, 0xe0, 0x30, 0xe3, 0x17, 0x90, 0xc0, 0x16, 0xe0,
  0x90, 0xd2, 0xbb, 0x60, 0x07, 0xe0, 0xfe, 0xa3, 0xe0, 0xff, 0x80, 0x49,
  0xe0, 0xfe, 0xa3, 0xe0, 0xff, 0xb1, 0xa0, 0x22, 0xd3, 0x90, 0xc2, 0xf0,
  0xe0, 0x9f, 0x90, 0xc2, 0xef, 0xe0, 0x9e, 0x40, 0x0d, 0x90, 0xc2, 0x1f,
  0x74, 0x01, 0xf0, 0xfb, 0x7a, 0xc2, 0x79, 0xd7, 0x80, 0x19, 0xc3, 0x90,
  0xc2, 0xf2, 0xe0, 0x9f, 0x90, 0xc2, 0xf1, 0xe0, 0x9e, 0x50, 0x0f, 0x90,
  0xc2, 0x1f, 0x74, 0x05, 0xf0, 0x7b, 0x01, 0x7a, 0xc2, 0x79, 0xe3, 0x12,
  0x1f, 0xeb, 0x12, 0x8e, 0xa8, 0x90, 0xd2, 0x72, 0xe0, 0xfd, 0x02, 0xb4,
  0x1b, 0x90, 0xc0, 0x01, 0xe0, 0x90, 0xd2, 0xbd, 0xf0, 0x90, 0xc0, 0x16,
  0xe0, 0x14, 0xfd, 0x90, 0xd2, 0xbd, 0xe0, 0xfc, 0xc3, 0x9d, 0x50, 0x1d,
  0xec, 0x25, 0xe0, 0x25, 0xe0, 0x24, 0x17, 0xf5, 0x82, 0xe4, 0x34, 0xc0,
  0x12, 0x8e, 0x38, 0xd3, 0x9f, 0xec, 0x9e, 0x50, 0x08, 0x90, 0xd2, 0xbd,
  0xe0, 0x04, 0xf0, 0x80, 0xd4, 0x90, 0xd2, 0xbd, 0xe0, 0xfd, 0xd3, 0x94,
  0x00, 0x40, 0x1d, 0xed, 0x25, 0xe0, 0x25, 0xe0, 0x24, 0x15, 0xf5, 0x82,
  0xe4, 0x34, 0xc0, 0x12, 0x8e, 0x38, 0xd3, 0x9f, 0xec, 0x9e, 0x40, 0x08,
  0x90, 0xd2, 0xbd, 0xe0, 0x14, 0xf0, 0x80, 0xd9, 0x90, 0xd2, 0xbd, 0xe0,
  0x90, 0xc0, 0x01, 0xf0, 0x75, 0xf0, 0x0c, 0xa4, 0xff, 0xae, 0xf0, 0x24,
  0x2b, 0xd1, 0x7c, 0xc0, 0x03, 0xc0, 0x02, 0xc0, 0x01, 0x12, 0x8e, 0xa8,
  0xd0, 0x82, 0xd0, 0x83, 0xd0, 0xe0, 0x6b, 0x70, 0x08, 0xe9, 0x65, 0x82,
  0x70, 0x03, 0xea, 0x65, 0x83, 0x60, 0x10, 0x74, 0x2b, 0x2f, 0xd1, 0x7c,
  0x12, 0x1f, 0xeb, 0x90, 0xd2, 0x72, 0xe0, 0xfd, 0x12, 0xb4, 0x1b, 0x22,
  0xf9, 0x74, 0xc0, 0x3e, 0xfa, 0x7b, 0x01, 0x22, 0xef, 0x7f, 0x00, 0x60,
  0x02, 0x7f, 0x01, 0x90, 0xc1, 0x03, 0xef, 0xf0, 0x12, 0x90, 0xa0, 0x12,
  0xc1, 0x5e, 0x7f, 0x00, 0x22, 0x12, 0xc4, 0x11, 0xef, 0x70, 0x02, 0xff,
  0x22, 0xed, 0x64, 0x10, 0x60, 0x03, 0x7f, 0x08, 0x22, 0xaf, 0x05, 0x7e,
  0x00, 0x78, 0x30, 0x7c, 0x84, 0x7d, 0x01, 0x12, 0x15, 0x3e, 0x90, 0x84,
  0x40, 0x74, 0x01, 0xf0, 0x7f, 0x00, 0x22, 0x78, 0xb0, 0x7c, 0xd2, 0x7d,
  0x01, 0x7b, 0xff, 0x7a, 0x0d, 0x79, 0xcc, 0x12, 0x7f, 0x6a, 0x78, 0xc0,
  0x7c, 0x83, 0x7d, 0x01, 0x7b, 0x01, 0x7a, 0xd2, 0x79, 0xb0, 0x12, 0x7f,
  0x6a, 0x90, 0x83, 0xf1, 0xe4, 0xf0, 0x90, 0x83, 0xf0, 0x04, 0xf0, 0x22,
  0x12, 0xc4, 0x17, 0x90, 0xcf, 0x5d, 0xe0, 0x70, 0x05, 0x12, 0xb5, 0x02,
  0xd1, 0xbf, 0x12, 0xdb, 0x47, 0x02, 0xc1, 0x44, 0x90, 0xd3, 0x12, 0xed,
  0xf0, 0x90, 0xce, 0xb2, 0xe0, 0x60, 0x25, 0xef, 0x90, 0xd3, 0x12, 0x70,
  0x0e, 0xe0, 0xfd, 0x90, 0x80, 0x07, 0x12, 0xc5, 0x2a, 0x7b, 0x01, 0x7f,
  0x07, 0x80, 0x0c, 0xe0, 0xfd, 0x90, 0x80, 0x09, 0x12, 0xc5, 0x2a, 0x7b,
  0x01, 0x7f, 0x09, 0x7e, 0x80, 0x12, 0x02, 0xba, 0x22, 0xd3, 0x90, 0xc2,
  0xf8, 0xe0, 0x9f, 0x90, 0xc2, 0xf7, 0xe0, 0x9e, 0x40, 0x0d, 0x90, 0xc2,
  0xf3, 0xe0, 0x90, 0xc2, 0x00, 0xf0, 0x90, 0xc2, 0xf4, 0x80, 0x18, 0xc3,
  0x90, 0xc2, 0xfa, 0xe0, 0x9f, 0x90, 0xc2, 0xf9, 0xe0, 0x9e, 0x50, 0x10,
  0x90, 0xc2, 0xf5, 0xe0, 0x90, 0xc2, 0x00, 0xf0, 0x90, 0xc2, 0xf6, 0xe0,
  0x90, 0xc2, 0x01, 0xf0, 0x22, 0x12, 0x8e, 0x2c, 0x70, 0x08, 0x90, 0x84,
  0x6a, 0xed, 0xf0, 0x7f, 0x00, 0x22, 0x90, 0x00, 0x13, 0x12, 0x15, 0x7d,
  0x60, 0x1d, 0x90, 0x00, 0x17, 0x12, 0x15, 0x7d, 0x90, 0x84, 0x6c, 0xf0,
  0x90, 0x00, 0x18, 0x12, 0x15, 0x7d, 0x90, 0x84, 0x6d, 0xf0, 0xed, 0x44,
  0x80, 0x90, 0x84, 0x6a, 0xf0, 0x80, 0x08, 0x90, 0x84, 0x6a, 0xe0, 0x54,
  0x80, 0x4d, 0xf0, 0x7f, 0x00, 0x22, 0x7b, 0x01, 0x7a, 0xd2, 0x79, 0xb9,
  0x12, 0xc2, 0x43, 0xef, 0x70, 0x0d, 0x7b, 0x01, 0x7a, 0xd2, 0x79, 0xb9,
  0x90, 0xc1, 0x09, 0xe0, 0xfd, 0xf1, 0x65, 0x22, 0x7f, 0x01, 0x12, 0x1e,
  0x24, 0x7f, 0x02, 0x02, 0x1e, 0x24, 0x12, 0xb3, 0x9d, 0x70, 0x42, 0x90,
  0xc2, 0x45, 0xe0, 0xff, 0x90, 0xc0, 0x8f, 0xe0, 0xd3, 0x9f, 0x50, 0x25,
  0x90, 0xc2, 0x47, 0xe0, 0xff, 0x90, 0xc7, 0x88, 0xe0, 0x9f, 0x40, 0x13,
  0x90, 0xc2, 0x4c, 0x12, 0x1a, 0x4c, 0x12, 0x8f, 0xd2, 0x12, 0x12, 0xbe,
  0x50, 0x05, 0x90, 0xc0, 0x8f, 0x80, 0x36, 0xe4, 0x90, 0xc0, 0x8f, 0xf0,
  0x22, 0xe4, 0x90, 0xc0, 0x8f, 0xf0, 0x90, 0xd0, 0xe6, 0x11, 0x56, 0x11,
  0x4d, 0x50, 0x41, 0x80, 0x39, 0x90, 0xc2, 0x46, 0xe0, 0xff, 0x90, 0xc0,
  0xb1, 0xe0, 0xd3, 0x9f, 0x50, 0x1d, 0x90, 0xc2, 0x48, 0x12, 0x1a, 0x4c,
  0x12, 0x8f, 0xd2, 0x12, 0x12, 0xbe, 0x60, 0x09, 0x40, 0x07, 0x90, 0xc0,
  0xb1, 0xe0, 0x04, 0xf0, 0x22, 0xe4, 0x90, 0xc0, 0xb1, 0xf0, 0x22, 0xe4,
  0x90, 0xc0, 0xb1, 0xf0, 0x90, 0xd0, 0xe6, 0x04, 0x11, 0x56, 0x11, 0x4d,
  0x50, 0x06, 0x90, 0x70, 0x4d, 0x74, 0x04, 0xf0, 0x22, 0x7d, 0x04, 0x7f,
  0x4d, 0x7e, 0x70, 0x02, 0x02, 0xba, 0xf0, 0x90, 0xd3, 0x55, 0x74, 0x0a,
  0xf0, 0xe4, 0xfb, 0x22, 0x90, 0xcb, 0xdd, 0xe0, 0x60, 0x02, 0x14, 0xf0,
  0x90, 0xc7, 0x7a, 0xe0, 0x60, 0x02, 0x14, 0xf0, 0x90, 0xd4, 0xcd, 0xe0,
  0x60, 0x02, 0x14, 0xf0, 0x22, 0x90, 0xd2, 0xba, 0x12, 0x1a, 0xf5, 0x00,
  0x00, 0x00, 0x00, 0xe4, 0x90, 0xd2, 0xb9, 0xf0, 0x12, 0x8f, 0xb2, 0x94,
  0x06, 0x50, 0x1b, 0xef, 0x12, 0x8c, 0x6a, 0x12, 0x1a, 0x4c, 0x12, 0x8a,
  0xd7, 0x50, 0x0a, 0x90, 0xd2, 0xb9, 0xe0, 0x12, 0x8c, 0x6a, 0x12, 0x8b,
  0xd6, 0x12, 0x8e, 0x51, 0x80, 0xde, 0x11, 0xfc, 0x12, 0x1c, 0xf1, 0xe4,
  0x7b, 0x10, 0x12, 0x8c, 0x06, 0xc0, 0x04, 0xc0, 0x05, 0xc0, 0x06, 0xc0,
  0x07, 0xe4, 0x7f, 0xe8, 0x7e, 0x03, 0xfd, 0xfc, 0x90, 0xd2, 0xba, 0x12,
  0x8f, 0xbf, 0xd0, 0x03, 0xd0, 0x02, 0xd0, 0x01, 0xd0, 0x00, 0x12, 0x18,
  0xa3, 0x90, 0xc2, 0x56, 0xe0, 0xfd, 0xd3, 0xef, 0x9d, 0xee, 0x94, 0x00,
  0x40, 0x07, 0x90, 0xc1, 0x96, 0x74, 0x01, 0xf0, 0x22, 0x90, 0xc2, 0x57,
  0xe0, 0xfd, 0xc3, 0xef, 0x9d, 0xee, 0x94, 0x00, 0x50, 0x05, 0xe4, 0x90,
  0xc1, 0x96, 0xf0, 0x22, 0x90, 0xc1, 0x91, 0xe0, 0xfe, 0xa3, 0xe0, 0xff,
  0x90, 0xc1, 0x93, 0xe0, 0xfc, 0xa3, 0xe0, 0xfd, 0x22, 0x90, 0x8f, 0x63,
  0x74, 0x01, 0xf0, 0xe4, 0x90, 0xd0, 0xe7, 0xf0, 0x90, 0x8f, 0x72, 0xe0,
  0x90, 0xd0, 0xe8, 0xf0, 0x90, 0x8f, 0x71, 0xe0, 0x90, 0xd0, 0xe9, 0xf0,
  0x90, 0x8f, 0x70, 0xe0, 0x90, 0xd0, 0xea, 0xf0, 0xe4, 0x90, 0xd0, 0xe2,
  0xf0, 0x90, 0x8f, 0x77, 0xe0, 0x90, 0xd0, 0xe3, 0xf0, 0x90, 0x8f, 0x76,
  0xe0, 0x90, 0xd0, 0xe4, 0xf0, 0x90, 0x8f, 0x75, 0xe0, 0x90, 0xd0, 0xe5,
  0xf0, 0xe4, 0x90, 0xd0, 0xde, 0xf0, 0x90, 0x8f, 0x7c, 0xe0, 0x90, 0xd0,
  0xdf, 0xf0, 0x90, 0x8f, 0x7b, 0xe0, 0x90, 0xd0, 0xe0, 0xf0, 0x90, 0x8f,
  0x7a, 0xe0, 0x90, 0xd0, 0xe1, 0xf0, 0x90, 0x8f, 0x74, 0xe0, 0x90, 0xd2,
  0x30, 0xf0, 0x90, 0x8f, 0x73, 0xe0, 0x90, 0xd2, 0x31, 0xf0, 0x90, 0x8f,
  0x79, 0xe0, 0x90, 0xd2, 0x25, 0xf0, 0x90, 0x8f, 0x78, 0xe0, 0x90, 0xd2,
  0x26, 0xf0, 0x90, 0x8f, 0x7e, 0xe0, 0x90, 0xd2, 0x22, 0xf0, 0x90, 0x8f,
  0x7d, 0xe0, 0x90, 0xd2, 0x23, 0xf0, 0xe4, 0x90, 0xd2, 0x50, 0xf0, 0x90,
  0x8f, 0x81, 0xe0, 0x90, 0xd2, 0x51, 0xf0, 0x90, 0x8f, 0x80, 0xe0, 0x90,
  0xd2, 0x52, 0xf0, 0x90, 0x8f, 0x7f, 0xe0, 0x90, 0xd2, 0x53, 0xf0, 0xe4,
  0x90, 0xd2, 0x47, 0xf0, 0x90, 0x8f, 0x86, 0xe0, 0x90, 0xd2, 0x48, 0xf0,
  0x90, 0x8f, 0x85, 0xe0, 0x90, 0xd2, 0x49, 0xf0, 0x90, 0x8f, 0x84, 0xe0,
  0x90, 0xd2, 0x4a, 0xf0, 0xe4, 0x90, 0xd2, 0x36, 0xf0, 0x90, 0x8f, 0x8b,
  0xe0, 0x90, 0xd2, 0x37, 0xf0, 0x90, 0x8f, 0x8a, 0xe0, 0x90, 0xd2, 0x38,
  0xf0, 0x90, 0x8f, 0x89, 0xe0, 0x90, 0xd2, 0x39, 0xf0, 0x90, 0x8f, 0x83,
  0xe0, 0x90, 0xd2, 0x73, 0xf0, 0x90, 0x8f, 0x82, 0xe0, 0x90, 0xd2, 0x74,
  0xf0, 0x90, 0x8f, 0x88, 0xe0, 0x90, 0xd2, 0x6d, 0xf0, 0x90, 0x8f, 0x87,
  0xe0, 0x90, 0xd2, 0x6e, 0xf0, 0x90, 0x8f, 0x8d, 0xe0, 0x90, 0xd2, 0x6b,
  0xf0, 0x90, 0x8f, 0x8c, 0xe0, 0x90, 0xd2, 0x6c, 0xf0, 0xe4, 0x90, 0xd2,
  0x4b, 0xf0, 0x90, 0x8f, 0x90, 0xe0, 0x90, 0xd2, 0x4c, 0xf0, 0x90, 0x8f,
  0x8f, 0xe0, 0x90, 0xd2, 0x4d, 0xf0, 0x90, 0x8f, 0x8e, 0xe0, 0x90, 0xd2,
  0x4e, 0xf0, 0xe4, 0x90, 0xd2, 0x32, 0xf0, 0x90, 0x8f, 0x95, 0xe0, 0x90,
  0xd2, 0x33, 0xf0, 0x90, 0x8f, 0x94, 0xe0, 0x90, 0xd2, 0x34, 0xf0, 0x90,
  0x8f, 0x93, 0xe0, 0x90, 0xd2, 0x35, 0xf0, 0xe4, 0x90, 0xd2, 0x2c, 0xf0,
  0x90, 0x8f, 0x9a, 0xe0, 0x90, 0xd2, 0x2d, 0xf0, 0x90, 0x8f, 0x99, 0xe0,
  0x90, 0xd2, 0x2e, 0xf0, 0x90, 0x8f, 0x98, 0xe0, 0x90, 0xd2, 0x2f, 0xf0,
  0x90, 0x8f, 0x92, 0xe0, 0x90, 0xd2, 0x6f, 0xf0, 0x90, 0x8f, 0x91, 0xe0,
  0x90, 0xd2, 0x70, 0xf0, 0x90, 0x8f, 0x97, 0xe0, 0x90, 0xd2, 0x57, 0xf0,
  0x90, 0x8f, 0x96, 0xe0, 0x90, 0xd2, 0x58, 0xf0, 0x90, 0x8f, 0x9c, 0xe0,
  0x90, 0xd2, 0x54, 0xf0, 0x90, 0x8f, 0x9b, 0xe0, 0x90, 0xd2, 0x55, 0xf0,
  0x90, 0x8f, 0x60, 0x74, 0x01, 0xf0, 0x22, 0x90, 0xc1, 0xa1, 0xe0, 0xb4,
  0x01, 0x03, 0x7f, 0x03, 0x22, 0x90, 0xcb, 0x5b, 0xe0, 0xff, 0x60, 0x08,
  0x64, 0x04, 0x60, 0x04, 0xef, 0xb4, 0x05, 0x03, 0x7f, 0x01, 0x22, 0x7f,
  0x00, 0x22, 0x90, 0xc1, 0xa2, 0xe0, 0xb4, 0x01, 0x03, 0x7f, 0x03, 0x22,
  0x90, 0xc7, 0x73, 0xe0, 0x7f, 0x00, 0xb4, 0x01, 0x02, 0x7f, 0x01, 0x22,
  0x78, 0xae, 0x7c, 0xc1, 0x7d, 0x01, 0x12, 0x90, 0x0c, 0x71, 0x0e, 0x78,
  0xc7, 0x7c, 0xc1, 0x7d, 0x01, 0x12, 0x90, 0x05, 0x71, 0x0e, 0x78, 0xe0,
  0x7c, 0xc1, 0x7d, 0x01, 0x7b, 0x01, 0x7a, 0xc5, 0x79, 0x1a, 0x71, 0x0e,
  0xe4, 0x90, 0xc1, 0xf9, 0xf0, 0x22, 0x7e, 0x00, 0x7f, 0x19, 0x02, 0x15,
  0x3e, 0xe4, 0x90, 0xd2, 0xbb, 0xf0, 0x90, 0xd2, 0xb9, 0xf0, 0xe4, 0x90,
  0xd2, 0xba, 0xf0, 0x71, 0xa3, 0xfe, 0x75, 0xf0, 0x0a, 0xa4, 0x12, 0x90,
  0xf9, 0x71, 0xad, 0x24, 0xae, 0xf5, 0x82, 0xe4, 0x34, 0xc1, 0x71, 0xc1,
  0x50, 0x2e, 0x71, 0xa3, 0xfe, 0x75, 0xf0, 0x0a, 0xa4, 0x12, 0x91, 0x01,
  0x71, 0xad, 0x24, 0xc7, 0xf5, 0x82, 0xe4, 0x34, 0xc1, 0x71, 0xc1, 0x50,
  0x17, 0x71, 0xa3, 0xfe, 0x75, 0xf0, 0x0a, 0xa4, 0x12, 0x91, 0x09, 0x71,
  0xad, 0x24, 0xe0, 0xf5, 0x82, 0xe4, 0x34, 0xc1, 0x71, 0xc1, 0x40, 0x03,
  0x12, 0x8d, 0xbe, 0x90, 0xd2, 0xba, 0x12, 0x8b, 0xe2, 0x40, 0xb0, 0x12,
  0x8b, 0xdf, 0x40, 0xa6, 0x90, 0xc1, 0xfb, 0xe0, 0xff, 0x90, 0xd2, 0xbb,
  0xe0, 0xd3, 0x9f, 0x40, 0x08, 0x90, 0xc1, 0xf9, 0xe0, 0x04, 0xf0, 0x80,
  0x05, 0xe4, 0x90, 0xc1, 0xf9, 0xf0, 0x90, 0xc1, 0xfc, 0xe0, 0xff, 0x90,
  0xc1, 0xf9, 0xe0, 0xd3, 0x9f, 0x40, 0x02, 0xd3, 0x22, 0xc3, 0x22, 0x90,
  0xd2, 0xba, 0xe0, 0xff, 0x90, 0xd2, 0xb9, 0xe0, 0x22, 0xf5, 0x83, 0xe5,
  0x82, 0x2f, 0xf5, 0x82, 0xe4, 0x35, 0x83, 0xf5, 0x83, 0xe0, 0xfd, 0xee,
  0x75, 0xf0, 0x05, 0xa4, 0x22, 0xf5, 0x83, 0xe5, 0x82, 0x2f, 0xf5, 0x82,
  0xe4, 0x35, 0x83, 0xf5, 0x83, 0xe0, 0xc3, 0x9d, 0xff, 0xe4, 0x94, 0x00,
  0xfe, 0x12, 0x0d, 0x4e, 0x90, 0xc1, 0xfa, 0xe0, 0xfe, 0xef, 0xd3, 0x9e,
  0x22, 0xe4, 0xff, 0xfe, 0x90, 0xd0, 0x5a, 0xe0, 0x64, 0x01, 0x60, 0x6f,
  0x90, 0xc1, 0xff, 0xe0, 0x24, 0xfd, 0x60, 0x51, 0x04, 0x70, 0x64, 0x90,
  0xc1, 0xac, 0xe0, 0xfc, 0xa3, 0xe0, 0xfd, 0x30, 0xe0, 0x20, 0x90, 0xc1,
  0xfd, 0xe0, 0xfb, 0x64, 0x03, 0x60, 0x04, 0xeb, 0xb4, 0x04, 0x13, 0x90,
  0xcb, 0x5b, 0xe0, 0xfb, 0x60, 0x08, 0x64, 0x04, 0x60, 0x04, 0xeb, 0xb4,
  0x05, 0x04, 0xef, 0x44, 0x01, 0xff, 0xed, 0xb5, 0x07, 0x19, 0xec, 0xb5,
  0x06, 0x15, 0x90, 0xc2, 0x1a, 0xe0, 0x04, 0xf0, 0xc3, 0x94, 0x03, 0x40,
  0x26, 0x51, 0xe4, 0x90, 0xc1, 0xff, 0x74, 0x03, 0xf0, 0x80, 0x00, 0xe4,
  0x90, 0xc2, 0x1a, 0xf0, 0x22, 0x71, 0x15, 0x50, 0x12, 0x90, 0xc1, 0xad,
  0xe0, 0x30, 0xe0, 0x06, 0x90, 0xc1, 0xfd, 0x74, 0x05, 0xf0, 0xe4, 0x90,
  0xc1, 0xff, 0xf0, 0x22, 0x90, 0xc1, 0xfd, 0xe0, 0x24, 0xfe, 0x60, 0x33,
  0x14, 0x60, 0x30, 0x24, 0xfe, 0x60, 0x4f, 0x24, 0x04, 0x70, 0x55, 0x90,
  0xc1, 0xa6, 0xe0, 0xfc, 0xa3, 0xe0, 0xfd, 0x90, 0xc1, 0xa8, 0xe0, 0xfa,
  0xa3, 0xe0, 0xfb, 0x90, 0xc1, 0xaa, 0x12, 0x8e, 0x88, 0x90, 0xc1, 0xa4,
  0xe0, 0xfe, 0xa3, 0xe0, 0xff, 0x12, 0x00, 0x8f, 0x90, 0xc1, 0xfd, 0x74,
  0x02, 0xf0, 0x22, 0x90, 0xc1, 0xfd, 0x74, 0x03, 0xf0, 0x90, 0xd0, 0x5a,
  0xe0, 0xb4, 0x01, 0x20, 0x90, 0xcb, 0x5b, 0xe0, 0xff, 0x60, 0x08, 0x64,
  0x04, 0x60, 0x04, 0xef, 0xb4, 0x05, 0x11, 0x90, 0xc1, 0xfd, 0x74, 0x04,
  0xf0, 0x22, 0xc2, 0x00, 0x12, 0x00, 0x94, 0xe4, 0x90, 0xc1, 0xfd, 0xf0,
  0x22, 0x90, 0xd3, 0x2d, 0x12, 0x8a, 0x7e, 0xae, 0x02, 0xaf, 0x03, 0x90,
  0xd3, 0x36, 0xb1, 0x5a, 0x78, 0x06, 0x12, 0x19, 0x84, 0x8e, 0x0b, 0x8f,
  0x0c, 0x12, 0x91, 0x4f, 0xff, 0x90, 0xd3, 0x38, 0xb1, 0x5a, 0x78, 0x06,
  0x12, 0x19, 0x84, 0x8e, 0x0d, 0x8f, 0x0e, 0x90, 0xd3, 0x32, 0x12, 0x83,
  0x8c, 0x95, 0x0c, 0xee, 0x95, 0x0b, 0x50, 0x04, 0x8e, 0x0b, 0x8f, 0x0c,
  0x90, 0xd3, 0x34, 0x12, 0x83, 0x8c, 0x95, 0x0e, 0xee, 0x95, 0x0d, 0x50,
  0x04, 0x8e, 0x0d, 0x8f, 0x0e, 0xc3, 0x90, 0xd3, 0x33, 0xe0, 0x95, 0x0c,
  0xff, 0x90, 0xd3, 0x32, 0xe0, 0x95, 0x0b, 0xfe, 0x30, 0x02, 0x13, 0x90,
  0xd3, 0x2d, 0xe0, 0xfd, 0xb1, 0x86, 0x12, 0x8c, 0xd0, 0xb1, 0x4b, 0xfe,
  0xed, 0xb1, 0x7c, 0x02, 0x8c, 0xd0, 0x90, 0xd3, 0x3a, 0x12, 0x1b, 0x43,
  0x90, 0x00, 0x08, 0xb1, 0x76, 0xb1, 0x4b, 0x90, 0x00, 0x0a, 0x8f, 0xf0,
  0x02, 0x17, 0xd0, 0xc3, 0x90, 0xd3, 0x35, 0xe0, 0x95, 0x0e, 0xff, 0x90,
  0xd3, 0x34, 0xe0, 0x95, 0x0d, 0x22, 0xe0, 0xfc, 0xa3, 0xe0, 0xfd, 0x12,
  0x1c, 0xf1, 0xef, 0x24, 0x3f, 0xff, 0xe4, 0x3e, 0xfe, 0xe4, 0x3d, 0xfd,
  0xe4, 0x3c, 0xfc, 0x22, 0x12, 0x1b, 0x43, 0x90, 0x00, 0x04, 0xee, 0x8f,
  0xf0, 0x02, 0x17, 0xd0, 0x25, 0xe0, 0x24, 0x10, 0xf5, 0x82, 0xe4, 0x34,
  0xc2, 0x22, 0x25, 0xe0, 0x24, 0x06, 0xf5, 0x82, 0xe4, 0x34, 0xc2, 0x22,
  0x90, 0xd3, 0x2d, 0x12, 0x8d, 0x99, 0xeb, 0x94, 0x80, 0xea, 0x94, 0x02,
  0x50, 0x32, 0xed, 0x94, 0x03, 0x40, 0x02, 0x7d, 0x03, 0xed, 0x90, 0x1d,
  0xf4, 0x93, 0xff, 0x7e, 0x00, 0x90, 0xd3, 0x2d, 0xe0, 0xfc, 0xa3, 0xe0,
  0xfd, 0x12, 0x16, 0x00, 0xef, 0x78, 0x05, 0xce, 0xc3, 0x13, 0xce, 0x13,
  0xd8, 0xf9, 0xff, 0xc3, 0x94, 0x40, 0xee, 0x94, 0x00, 0x50, 0x0d, 0x7e,
  0x00, 0x7f, 0x40, 0x22, 0x90, 0xd3, 0x2d, 0xe0, 0xfe, 0xa3, 0xe0, 0xff,
  0x22, 0x7b, 0x01, 0x7a, 0xd3, 0x79, 0x2e, 0x12, 0x8e, 0x82, 0x7a, 0xd3,
  0x19, 0x12, 0xc8, 0xc8, 0xef, 0x70, 0x2c, 0x90, 0xd3, 0x2d, 0xe0, 0xff,
  0x90, 0x80, 0x1e, 0xf0, 0xa3, 0xef, 0xf0, 0x90, 0x80, 0x21, 0xef, 0xf0,
  0x90, 0x80, 0x20, 0xef, 0xf0, 0x90, 0xd3, 0x2e, 0xe0, 0xff, 0x90, 0x80,
  0x22, 0xf0, 0xa3, 0xef, 0xf0, 0x90, 0x80, 0x25, 0xef, 0xf0, 0x90, 0x80,
  0x24, 0xef, 0xf0, 0x22, 0x12, 0x15, 0x7d, 0x75, 0xf0, 0x80, 0xa4, 0xff,
  0xae, 0xf0, 0x90, 0x00, 0x15, 0x12, 0x15, 0x7d, 0xfd, 0x7c, 0x00, 0x12,
  0x16, 0x12, 0x7b, 0xff, 0x7a, 0x00, 0xe4, 0xfd, 0xfc, 0x02, 0x02, 0x65,
  0xf0, 0x90, 0xc1, 0x98, 0xe0, 0xff, 0x90, 0x81, 0x0a, 0xf0, 0x90, 0xc1,
  0x99, 0xe0, 0x90, 0x81, 0x0b, 0xf0, 0x90, 0x81, 0xc6, 0xef, 0xf0, 0x90,
  0x81, 0xc3, 0x22, 0x12, 0x15, 0x3e, 0x90, 0xd3, 0x14, 0x12, 0x1b, 0x43,
  0xe9, 0x22, 0x90, 0xcf, 0xbd, 0xe0, 0xfe, 0xa3, 0xe0, 0xff, 0x90, 0xce,
  0xe9, 0xe0, 0xfc, 0xa3, 0xe0, 0xfd, 0x22, 0x12, 0x13, 0x75, 0x90, 0xd3,
  0x25, 0xee, 0xf0, 0xa3, 0xef, 0xf0, 0x90, 0xc2, 0x52, 0xe0, 0xfa, 0xa3,
  0xe0, 0xfb, 0x90, 0xc2, 0x50, 0xe0, 0xfe, 0xa3, 0xe0, 0xff, 0x22, 0x12,
  0x11, 0x18, 0x90, 0xcb, 0xe6, 0x12, 0x1a, 0xe9, 0x90, 0xc9, 0xfb, 0xe0,
  0x24, 0xec, 0x90, 0xc3, 0x4a, 0xf0, 0x22, 0xee, 0xf0, 0xa3, 0xef, 0xf0,
  0x7b, 0x01, 0x7a, 0xd2, 0x79, 0xc6, 0x22, 0xe0, 0xfe, 0xa3, 0xe0, 0xff,
  0xd3, 0x94, 0xff, 0xee, 0x94, 0x03, 0x22, 0xe0, 0xfe, 0xa3, 0xe0, 0xff,
  0x90, 0xd3, 0x1a, 0xe0, 0xfd, 0x90, 0xd3, 0x1f, 0xe0, 0xfa, 0xa3, 0xe0,
  0xfb, 0x22, 0xe0, 0xfd, 0x33, 0x95, 0xe0, 0xfc, 0xef, 0x2d, 0xff, 0xee,
  0x3c, 0xfe, 0x22, 0x24, 0x62, 0xf9, 0xe4, 0x3a, 0xfa, 0x78, 0x50, 0x7c,
  0xc2, 0x7d, 0x01, 0x7e, 0x00, 0x7f, 0x06, 0x22, 0x90, 0xd3, 0x11, 0x12,
  0x1b, 0x63, 0x90, 0xd3, 0x0f, 0xe0, 0xff, 0x22, 0x90, 0xd3, 0x35, 0xe0,
  0x90, 0xd3, 0x37, 0xf0, 0x90, 0xd3, 0x36, 0xe0, 0x90, 0xd3, 0x38, 0xf0,
  0x22, 0xf9, 0xe4, 0x3a, 0xfa, 0x90, 0x00, 0x01, 0xee, 0x02, 0x15, 0xde,
  0xe0, 0xfc, 0xa3, 0xe0, 0xfd, 0x12, 0x16, 0x00, 0xad, 0x03, 0xac, 0x02,
  0x02, 0x16, 0x67, 0xe0, 0xfa, 0xa3, 0xe0, 0xfb, 0x7c, 0x00, 0x7d, 0x02,
  0xff, 0xae, 0x02, 0x02, 0x16, 0x67, 0xee, 0xf0, 0xa3, 0xef, 0xf0, 0x90,
  0xd3, 0x18, 0xe0, 0x22, 0x12, 0x16, 0x67, 0xad, 0x03, 0x7c, 0x00, 0x02,
  0x16, 0x00, 0xf5, 0x83, 0xe0, 0xff, 0xa3, 0xe0, 0x90, 0xd3, 0x22, 0xcf,
  0xf0, 0xa3, 0xef, 0xf0, 0x22, 0x90, 0xcf, 0xbd, 0xe0, 0xfa, 0xa3, 0xe0,
  0xfb, 0xd3, 0xef, 0x9b, 0xee, 0x9a, 0x22, 0xe0, 0x90, 0x72, 0x01, 0xf0,
  0x90, 0xd2, 0xbf, 0xe0, 0xff, 0x22, 0x12, 0x18, 0x0a, 0x78, 0x06, 0x02,
  0x19, 0xab, 0x90, 0xd3, 0x2a, 0xee, 0xf0, 0xa3, 0xef, 0xf0, 0x22, 0xff,
  0x90, 0xd3, 0x45, 0xe4, 0xf0, 0xa3, 0xef, 0xf0, 0x90, 0xd3, 0x20, 0x22,
  0x12, 0x1a, 0xe9, 0x90, 0xd2, 0xb5, 0x12, 0x1a, 0x4c, 0x90, 0xd2, 0xb1,
  0x22, 0xe0, 0xfd, 0xa3, 0xe0, 0x90, 0xd3, 0x20, 0xcd, 0xf0, 0xa3, 0xed,
  0xf0, 0x22, 0xe0, 0xfc, 0xa3, 0xe0, 0xfd, 0x90, 0xd3, 0x17, 0x74, 0x01,
  0xf0, 0x22, 0xfa, 0x78, 0xbf, 0x7c, 0xc2, 0x7d, 0x01, 0x7e, 0x00, 0x7f,
  0x18, 0x22, 0xfa, 0x78, 0xe4, 0x7c, 0xc9, 0x7d, 0x01, 0x7e, 0x00, 0x7f,
  0x7c, 0x22, 0xfa, 0x78, 0x83, 0x7c, 0xc2, 0x7d, 0x01, 0x7e, 0x00, 0x7f,
  0x3c, 0x22, 0xa2, 0x01, 0x92, 0x02, 0x90, 0xd3, 0x23, 0x02, 0x1b, 0x43,
  0xa3, 0xe0, 0xfb, 0x90, 0xd3, 0x42, 0x22, 0x78, 0x39, 0x7c, 0xc1, 0x7d,
  0x01, 0x22, 0xe0, 0xfe, 0xa3, 0xe0, 0xfb, 0xaa, 0x06, 0xe4, 0xf8, 0x22,
  0xf0, 0x90, 0xcc, 0x97, 0xf0, 0x90, 0xc7, 0x72, 0xf0, 0x22, 0x90, 0xd3,
  0x22, 0xe0, 0xff, 0xe5, 0x0e, 0xc3, 0x9f, 0x22, 0x12, 0x16, 0x67, 0x12,
  0x0d, 0x4e, 0x90, 0xd2, 0xba, 0x22, 0x90, 0xd3, 0x1a, 0xe0, 0xfe, 0xa3,
  0xe0, 0xff, 0x22, 0xee, 0xf0, 0xa3, 0xef, 0xf0, 0x90, 0xd3, 0x26, 0x22,
  0x90, 0xd2, 0xda, 0xee, 0xf0, 0xa3, 0xef, 0xf0, 0x22, 0x78, 0x59, 0x7c,
  0xd2, 0x7d, 0x01, 0x7b, 0x01, 0x22, 0x90, 0xd5, 0x20, 0xee, 0xf0, 0xa3,
  0xef, 0xf0, 0x22, 0x90, 0xd3, 0x0f, 0xe0, 0xff, 0x90, 0xc0, 0x02, 0x22,
  0xd2, 0xaf, 0xd2, 0xdd, 0xc2, 0xaf, 0xc2, 0xdd, 0x22, 0x90, 0xd3, 0x18,
  0xe0, 0xff, 0xc3, 0x94, 0x09, 0x22, 0x54, 0xfe, 0xff, 0xd3, 0xe4, 0x9f,
  0xe4, 0x9e, 0x22, 0x90, 0xd3, 0x1f, 0xe0, 0x90, 0x0d, 0xec, 0x22, 0xe9,
  0x24, 0x82, 0xf9, 0xea, 0x34, 0x01, 0x22, 0xe9, 0x24, 0xbe, 0xf9, 0xea,
  0x34, 0x01, 0x22, 0xe0, 0xfe, 0xa3, 0xe0, 0xff, 0x7c, 0x00, 0x22, 0xfa,
  0x90, 0xd2, 0x43, 0x02, 0x1b, 0x63, 0xc3, 0xe4, 0x9f, 0xff, 0xe4, 0x9e,
  0xfe, 0x22, 0x12, 0x16, 0x67, 0xef, 0x54, 0xfe, 0xff, 0x22, 0xff, 0xff,
  0xff, 0xff, 0xff, 0xff, 0xff, 0xff, 0xff, 0xff, 0xff, 0xff, 0xff, 0xff,
  0xff, 0xff, 0xff, 0xff, 0xff, 0xff, 0xff, 0xff, 0xff, 0xff, 0xff, 0xff,
  0xff, 0xff, 0xff, 0xff, 0xff, 0xff, 0xff, 0xff, 0xff, 0xff, 0xff, 0xff,
  0xff, 0xff, 0xff, 0xff, 0xff, 0xff, 0xff, 0xff, 0xff, 0xff, 0xff, 0xff,
  0xff, 0xff, 0xff, 0xff, 0xff, 0xff, 0xff, 0xff, 0xff, 0xff, 0xff, 0xff,
  0xff, 0xff, 0xff, 0xff, 0xff, 0xff, 0xff, 0xff, 0xff, 0xff, 0xff, 0xff,
  0xff, 0xff, 0xff, 0xff, 0xff, 0xff, 0xff, 0xff, 0xff, 0xff, 0xff, 0xff,
  0xff, 0xff, 0xff, 0xff, 0xff, 0xff, 0xff, 0xff, 0xff, 0xff, 0xff, 0xff,
  0xff, 0xff, 0xff, 0xff, 0xff, 0xff, 0xff, 0xff, 0xff, 0xff, 0xff, 0xff,
  0xff, 0xff, 0xff, 0xff, 0xff, 0xff, 0xff, 0xff, 0xff, 0xff, 0xff, 0xff,
  0xff, 0xff, 0xff, 0xff, 0xff, 0xff, 0xff, 0xff, 0xff, 0xff, 0xff, 0xff,
  0xff, 0xff, 0xff, 0xff, 0xff, 0xff, 0xff, 0xff, 0xff, 0xff, 0xff, 0xff,
  0xff, 0xff, 0xff, 0xff, 0xff, 0xff, 0xff, 0xff, 0xff, 0xff, 0xff, 0xff,
  0xff, 0xff, 0xff, 0xff, 0xff, 0xff, 0xff, 0xff, 0xff, 0xff, 0xff, 0xff,
  0xff, 0xff, 0xff, 0xff, 0xff, 0xff, 0xff, 0xff, 0xff, 0xff, 0xff, 0xff,
  0xff, 0xff, 0xff, 0xff, 0xff, 0xff, 0xff, 0xff, 0xff, 0xff, 0xff, 0xff,
  0xff, 0xff, 0xff, 0xff, 0xff, 0xff, 0xff, 0xff, 0xff, 0xff, 0xff, 0xff,
  0xff, 0xff, 0xff, 0xff, 0xff, 0xff, 0xff, 0xff, 0xff, 0xff, 0xff, 0xff,
  0xff, 0xff, 0xff, 0xff, 0xff, 0xff, 0xff, 0xff, 0xff, 0xff, 0xff, 0xff,
  0xff, 0xff, 0xff, 0xff, 0xff, 0xff, 0xff, 0xff, 0xff, 0xff, 0xff, 0xff,
  0xff, 0xff, 0xff, 0xff, 0xff, 0xff, 0xff, 0xff, 0xff, 0xff, 0xff, 0xff,
  0xff, 0xff, 0xff, 0xff, 0xff, 0xff, 0xff, 0xff, 0xff, 0xff, 0xff, 0xff,
  0xff, 0xff, 0xff, 0xff, 0xff, 0xff, 0xff, 0xff, 0xff, 0xff, 0xff, 0xff,
  0xff, 0xff, 0xff, 0xff, 0xff, 0xff, 0xff, 0xff, 0xff, 0xff, 0xff, 0xff,
  0xff, 0xff, 0xff, 0xff, 0xff, 0xff, 0xff, 0xff, 0xff, 0xff, 0xff, 0xff,
  0xff, 0xff, 0xff, 0xff, 0xff, 0xff, 0xff, 0xff, 0xff, 0xff, 0xff, 0xff,
  0xff, 0xff, 0xff, 0xff, 0xff, 0xff, 0xff, 0xff, 0xff, 0xff, 0xff, 0xff,
  0xff, 0xff, 0xff, 0xff, 0xff, 0xff, 0xff, 0xff, 0xff, 0xff, 0xff, 0xff,
  0xff, 0xff, 0xff, 0xff, 0xff, 0xff, 0xff, 0xff, 0xff, 0xff, 0xff, 0xff,
  0xff, 0xff, 0xff, 0xff, 0xff, 0xff, 0xff, 0xff, 0xff, 0xff, 0xff, 0xff,
  0xff, 0xff, 0xff, 0xff, 0xff, 0xff, 0xff, 0xff, 0xff, 0xff, 0xff, 0xff,
  0xff, 0xff, 0xff, 0xff, 0xff, 0xff, 0xff, 0xff, 0xff, 0xff, 0xff, 0xff,
  0xff, 0xff, 0xff, 0xff, 0xff, 0xff, 0xff, 0xff, 0xff, 0xff, 0xff, 0xff,
  0xff, 0xff, 0xff, 0xff, 0xff, 0xff, 0xff, 0xff, 0xff, 0xff, 0xff, 0xff,
  0xff, 0xff, 0xff, 0xff, 0xff, 0xff, 0xff, 0xff, 0xff, 0xff, 0xff, 0xff,
  0xff, 0xff, 0xff, 0xff, 0xff, 0xff, 0xff, 0xff, 0xff, 0xff, 0xff, 0xff,
  0xff, 0xff, 0xff, 0xff, 0xff, 0xff, 0xff, 0xff, 0xff, 0xff, 0xff, 0xff,
  0xff, 0xff, 0xff, 0xff, 0xff, 0xff, 0xff, 0xff, 0xff, 0xff, 0xff, 0xff,
  0xff, 0xff, 0xff, 0xff, 0xff, 0xff, 0xff, 0xff, 0xff, 0xff, 0xff, 0xff,
  0xff, 0xff, 0xff, 0xff, 0xff, 0xff, 0xff, 0xff, 0xff, 0xff, 0xff, 0xff,
  0xff, 0xff, 0xff, 0xff, 0xff, 0xff, 0xff, 0xff, 0xff, 0xff, 0xff, 0xff,
  0xff, 0xff, 0xff, 0xff, 0xff, 0xff, 0xff, 0xff, 0xff, 0xff, 0xff, 0xff,
  0xff, 0xff, 0xff, 0xff, 0xff, 0xff, 0xff, 0xff, 0xff, 0xff, 0xff, 0xff,
  0xff, 0xff, 0xff, 0xff, 0xff, 0xff, 0xff, 0xff, 0xff, 0xff, 0xff, 0xff,
  0xff, 0xff, 0xff, 0xff, 0xff, 0xff, 0xff, 0xff, 0xff, 0xff, 0xff, 0xff,
  0xff, 0xff, 0xff, 0xff, 0xff, 0xff, 0xff, 0xff, 0xff, 0xff, 0xff, 0xff,
  0xff, 0xff, 0xff, 0xff, 0xff, 0xff, 0xff, 0xff, 0xff, 0xff, 0xff, 0xff,
  0xff, 0xff, 0xff, 0xff, 0xff, 0xff, 0xff, 0xff, 0xff, 0xff, 0xff, 0xff,
  0xff, 0xff, 0xff, 0xff, 0xff, 0xff, 0xff, 0xff, 0xff, 0xff, 0xff, 0xff,
  0xff, 0xff, 0xff, 0xff, 0xff, 0xff, 0xff, 0xff, 0xff, 0xff, 0xff, 0xff,
  0xff, 0xff, 0xff, 0xff, 0xff, 0xff, 0xff, 0xff, 0xff, 0xff, 0xff, 0xff,
  0xff, 0xff, 0xff, 0xff, 0xff, 0xff, 0xff, 0xff, 0xff, 0xff, 0xff, 0xff,
  0xff, 0xff, 0xff, 0xff, 0xff, 0xff, 0xff, 0xff, 0xff, 0xff, 0xff, 0xff,
  0xff, 0xff, 0xff, 0xff, 0xff, 0xff, 0xff, 0xff, 0xff, 0xff, 0xff, 0xff,
  0xff, 0xff, 0xff, 0xff, 0xff, 0xff, 0xff, 0xff, 0xff, 0xff, 0xff, 0xff,
  0xff, 0xff, 0xff, 0xff, 0xff, 0xff, 0xff, 0xff, 0xff, 0xff, 0xff, 0xff,
  0xff, 0xff, 0xff, 0xff, 0xff, 0xff, 0xff, 0xff, 0xff, 0xff, 0xff, 0xff,
  0xff, 0xff, 0xff, 0xff, 0xff, 0xff, 0xff, 0xff, 0xff, 0xff, 0xff, 0xff,
  0xff, 0xff, 0xff, 0xff, 0xff, 0xff, 0xff, 0xff, 0xff, 0xff, 0xff, 0xff,
  0xff, 0xff, 0xff, 0xff, 0xff, 0xff, 0xff, 0xff, 0xff, 0xff, 0xff, 0xff,
  0xff, 0xff, 0xff, 0xff, 0xff, 0xff, 0xff, 0xff, 0xff, 0xff, 0xff, 0xff,
  0xff, 0xff, 0xff, 0xff, 0xff, 0xff, 0xff, 0xff, 0xff, 0xff, 0xff, 0xff,
  0xff, 0xff, 0xff, 0xff, 0xff, 0xff, 0xff, 0xff, 0xff, 0xff, 0xff, 0xff,
  0xff, 0xff, 0xff, 0xff, 0xff, 0xff, 0xff, 0xff, 0xff, 0xff, 0xff, 0xff,
  0xff, 0xff, 0xff, 0xff, 0xff, 0xff, 0xff, 0xff, 0xff, 0xff, 0xff, 0xff,
  0xff, 0xff, 0xff, 0xff, 0xff, 0xff, 0xff, 0xff, 0xff, 0xff, 0xff, 0xff,
  0xff, 0xff, 0xff, 0xff, 0xff, 0xff, 0xff, 0xff, 0xff, 0xff, 0xff, 0xff,
  0xff, 0xff, 0xff, 0xff, 0xff, 0xff, 0xff, 0xff, 0xff, 0xff, 0xff, 0xff,
  0xff, 0xff, 0xff, 0xff, 0xff, 0xff, 0xff, 0xff, 0xff, 0xff, 0xff, 0xff,
  0xff, 0xff, 0xff, 0xff, 0xff, 0xff, 0xff, 0xff, 0xff, 0xff, 0xff, 0xff,
  0xff, 0xff, 0xff, 0xff, 0xff, 0xff, 0xff, 0xff, 0xff, 0xff, 0xff, 0xff,
  0xff, 0xff, 0xff, 0xff, 0xff, 0xff, 0xff, 0xff, 0xff, 0xff, 0xff, 0xff,
  0xff, 0xff, 0xff, 0xff, 0xff, 0xff, 0xff, 0xff, 0xff, 0xff, 0xff, 0xff,
  0xff, 0xff, 0xff, 0xff, 0xff, 0xff, 0xff, 0xff, 0xff, 0xff, 0xff, 0xff,
  0xff, 0xff, 0xff, 0xff, 0xff, 0xff, 0xff, 0xff, 0xff, 0xff, 0xff, 0xff,
  0xff, 0xff, 0xff, 0xff, 0xff, 0xff, 0xff, 0xff, 0xff, 0xff, 0xff, 0xff,
  0xff, 0xff, 0xff, 0xff, 0xff, 0xff, 0xff, 0xff, 0xff, 0xff, 0xff, 0xff,
  0xff, 0xff, 0xff, 0xff, 0xff, 0xff, 0xff, 0xff, 0xff, 0xff, 0xff, 0xff,
  0xff, 0xff, 0xff, 0xff, 0xff, 0xff, 0xff, 0xff, 0xff, 0xff, 0xff, 0xff,
  0xff, 0xff, 0xff, 0xff, 0xff, 0xff, 0xff, 0xff, 0xff, 0xff, 0xff, 0xff,
  0xff, 0xff, 0xff, 0xff, 0xff, 0xff, 0xff, 0xff, 0xff, 0xff, 0xff, 0xff,
  0xff, 0xff, 0xff, 0xff, 0xff, 0xff, 0xff, 0xff, 0xff, 0xff, 0xff, 0xff,
  0xff, 0xff, 0xff, 0xff, 0xff, 0xff, 0xff, 0xff, 0xff, 0xff, 0xff, 0xff,
  0xff, 0xff, 0xff, 0xff, 0xff, 0xff, 0xff, 0xff, 0xff, 0xff, 0xff, 0xff,
  0xff, 0xff, 0xff, 0xff, 0xff, 0xff, 0xff, 0xff, 0xff, 0xff, 0xff, 0xff,
  0xff, 0xff, 0xff, 0xff, 0xff, 0xff, 0xff, 0xff, 0xff, 0xff, 0xff, 0xff,
  0xff, 0xff, 0xff, 0xff, 0xff, 0xff, 0xff, 0xff, 0xff, 0xff, 0xff, 0xff,
  0xff, 0xff, 0xff, 0xff, 0xff, 0xff, 0xff, 0xff, 0xff, 0xff, 0xff, 0xff,
  0xff, 0xff, 0xff, 0xff, 0xff, 0xff, 0xff, 0xff, 0xff, 0xff, 0xff, 0xff,
  0xff, 0xff, 0xff, 0xff, 0xff, 0xff, 0xff, 0xff, 0xff, 0xff, 0xff, 0xff,
  0xff, 0xff, 0xff, 0xff, 0xff, 0xff, 0xff, 0xff, 0xff, 0xff, 0xff, 0xff,
  0xff, 0xff, 0xff, 0xff, 0xff, 0xff, 0xff, 0xff, 0xff, 0xff, 0xff, 0xff,
  0xff, 0xff, 0xff, 0xff, 0xff, 0xff, 0xff, 0xff, 0xff, 0xff, 0xff, 0xff,
  0xff, 0xff, 0xff, 0xff, 0xff, 0xff, 0xff, 0xff, 0xff, 0xff, 0xff, 0xff,
  0xff, 0xff, 0xff, 0xff, 0xff, 0xff, 0xff, 0xff, 0xff, 0xff, 0xff, 0xff,
  0xff, 0xff, 0xff, 0xff, 0xff, 0xff, 0xff, 0xff, 0xff, 0xff, 0xff, 0xff,
  0xff, 0xff, 0xff, 0xff, 0xff, 0xff, 0xff, 0xff, 0xff, 0xff, 0xff, 0xff,
  0xff, 0xff, 0xff, 0xff, 0xff, 0xff, 0xff, 0xff, 0xff, 0xff, 0xff, 0xff,
  0xff, 0xff, 0xff, 0xff, 0xff, 0xff, 0xff, 0xff, 0xff, 0xff, 0xff, 0xff,
  0xff, 0xff, 0xff, 0xff, 0xff, 0xff, 0xff, 0xff, 0xff, 0xff, 0xff, 0xff,
  0xff, 0xff, 0xff, 0xff, 0xff, 0xff, 0xff, 0xff, 0xff, 0xff, 0xff, 0xff,
  0xff, 0xff, 0xff, 0xff, 0xff, 0xff, 0xff, 0xff, 0xff, 0xff, 0xff, 0xff,
  0xff, 0xff, 0xff, 0xff, 0xff, 0xff, 0xff, 0xff, 0xff, 0xff, 0xff, 0xff,
  0xff, 0xff, 0xff, 0xff, 0xff, 0xff, 0xff, 0xff, 0xff, 0xff, 0xff, 0xff,
  0xff, 0xff, 0xff, 0xff, 0xff, 0xff, 0xff, 0xff, 0xff, 0xff, 0xff, 0xff,
  0xff, 0xff, 0xff, 0xff, 0xff, 0xff, 0xff, 0xff, 0xff, 0xff, 0xff, 0xff,
  0xff, 0xff, 0xff, 0xff, 0xff, 0xff, 0xff, 0xff, 0xff, 0xff, 0xff, 0xff,
  0xff, 0xff, 0xff, 0xff, 0xff, 0xff, 0xff, 0xff, 0xff, 0xff, 0xff, 0xff,
  0xff, 0xff, 0xff, 0xff, 0xff, 0xff, 0xff, 0xff, 0xff, 0xff, 0xff, 0xff,
  0xff, 0xff, 0xff, 0xff, 0xff, 0xff, 0xff, 0xff, 0xff, 0xff, 0xff, 0xff,
  0xff, 0xff, 0xff, 0xff, 0xff, 0xff, 0xff, 0xff, 0xff, 0xff, 0xff, 0xff,
  0xff, 0xff, 0xff, 0xff, 0xff, 0xff, 0xff, 0xff, 0xff, 0xff, 0xff, 0xff,
  0xff, 0xff, 0xff, 0xff, 0xff, 0xff, 0xff, 0xff, 0xff, 0xff, 0xff, 0xff,
  0xff, 0xff, 0xff, 0xff, 0xff, 0xff, 0xff, 0xff, 0xff, 0xff, 0xff, 0xff,
  0xff, 0xff, 0xff, 0xff, 0xff, 0xff, 0xff, 0xff, 0xff, 0xff, 0xff, 0xff,
  0xff, 0xff, 0xff, 0xff, 0xff, 0xff, 0xff, 0xff, 0xff, 0xff, 0xff, 0xff,
  0xff, 0xff, 0xff, 0xff, 0xff, 0xff, 0xff, 0xff, 0xff, 0xff, 0xff, 0xff,
  0xff, 0xff, 0xff, 0xff, 0xff, 0xff, 0xff, 0xff, 0xff, 0xff, 0xff, 0xff,
  0xff, 0xff, 0xff, 0xff, 0xff, 0xff, 0xff, 0xff, 0xff, 0xff, 0xff, 0xff,
  0xff, 0xff, 0xff, 0xff, 0xff, 0xff, 0xff, 0xff, 0xff, 0xff, 0xff, 0xff,
  0xff, 0xff, 0xff, 0xff, 0xff, 0xff, 0xff, 0xff, 0xff, 0xff, 0xff, 0xff,
  0xff, 0xff, 0xff, 0xff, 0xff, 0xff, 0xff, 0xff, 0xff, 0xff, 0xff, 0xff,
  0xff, 0xff, 0xff, 0xff, 0xff, 0xff, 0xff, 0xff, 0xff, 0xff, 0xff, 0xff,
  0xff, 0xff, 0xff, 0xff, 0xff, 0xff, 0xff, 0xff, 0xff, 0xff, 0xff, 0xff,
  0xff, 0xff, 0xff, 0xff, 0xff, 0xff, 0xff, 0xff, 0xff, 0xff, 0xff, 0xff,
  0xff, 0xff, 0xff, 0xff, 0xff, 0xff, 0xff, 0xff, 0xff, 0xff, 0xff, 0xff,
  0xff, 0xff, 0xff, 0xff, 0xff, 0xff, 0xff, 0xff, 0xff, 0xff, 0xff, 0xff,
  0xff, 0xff, 0xff, 0xff, 0xff, 0xff, 0xff, 0xff, 0xff, 0xff, 0xff, 0xff,
  0xff, 0xff, 0xff, 0xff, 0xff, 0xff, 0xff, 0xff, 0xff, 0xff, 0xff, 0xff,
  0xff, 0xff, 0xff, 0xff, 0xff, 0xff, 0xff, 0xff, 0xff, 0xff, 0xff, 0xff,
  0xff, 0xff, 0xff, 0xff, 0xff, 0xff, 0xff, 0xff, 0xff, 0xff, 0xff, 0xff,
  0xff, 0xff, 0xff, 0xff, 0xff, 0xff, 0xff, 0xff, 0xff, 0xff, 0xff, 0xff,
  0xff, 0xff, 0xff, 0xff, 0xff, 0xff, 0xff, 0xff, 0xff, 0xff, 0xff, 0xff,
  0xff, 0xff, 0xff, 0xff, 0xff, 0xff, 0xff, 0xff, 0xff, 0xff, 0xff, 0xff,
  0xff, 0xff, 0xff, 0xff, 0xff, 0xff, 0xff, 0xff, 0xff, 0xff, 0xff, 0xff,
  0xff, 0xff, 0xff, 0xff, 0xff, 0xff, 0xff, 0xff, 0xff, 0xff, 0xff, 0xff,
  0xff, 0xff, 0xff, 0xff, 0xff, 0xff, 0xff, 0xff, 0xff, 0xff, 0xff, 0xff,
  0xff, 0xff, 0xff, 0xff, 0xff, 0xff, 0xff, 0xff, 0xff, 0xff, 0xff, 0xff,
  0xff, 0xff, 0xff, 0xff, 0xff, 0xff, 0xff, 0xff, 0xff, 0xff, 0xff, 0xff,
  0xff, 0xff, 0xff, 0xff, 0xff, 0xff, 0xff, 0xff, 0xff, 0xff, 0xff, 0xff,
  0xff, 0xff, 0xff, 0xff, 0xff, 0xff, 0xff, 0xff, 0xff, 0xff, 0xff, 0xff,
  0xff, 0xff, 0xff, 0xff, 0xff, 0xff, 0xff, 0xff, 0xff, 0xff, 0xff, 0xff,
  0xff, 0xff, 0xff, 0xff, 0xff, 0xff, 0xff, 0xff, 0xff, 0xff, 0xff, 0xff,
  0xff, 0xff, 0xff, 0xff, 0xff, 0xff, 0xff, 0xff, 0xff, 0xff, 0xff, 0xff,
  0xff, 0xff, 0xff, 0xff, 0xff, 0xff, 0xff, 0xff, 0xff, 0xff, 0xff, 0xff,
  0xff, 0xff, 0xff, 0xff, 0xff, 0xff, 0xff, 0xff, 0xff, 0xff, 0xff, 0xff,
  0xff, 0xff, 0xff, 0xff, 0xff, 0xff, 0xff, 0xff, 0xff, 0xff, 0xff, 0xff,
  0xff, 0xff, 0xff, 0xff, 0xff, 0xff, 0xff, 0xff, 0xff, 0xff, 0xff, 0xff,
  0xff, 0xff, 0xff, 0xff, 0xff, 0xff, 0xff, 0xff, 0xff, 0xff, 0xff, 0xff,
  0xff, 0xff, 0xff, 0xff, 0xff, 0xff, 0xff, 0xff, 0xff, 0xff, 0xff, 0xff,
  0xff, 0xff, 0xff, 0xff, 0xff, 0xff, 0xff, 0xff, 0xff, 0xff, 0xff, 0xff,
  0xff, 0xff, 0xff, 0xff, 0xff, 0xff, 0xff, 0xff, 0xff, 0xff, 0xff, 0xff,
  0xff, 0xff, 0xff, 0xff, 0xff, 0xff, 0xff, 0xff, 0xff, 0xff, 0xff, 0xff,
  0xff, 0xff, 0xff, 0xff, 0xff, 0xff, 0xff, 0xff, 0xff, 0xff, 0xff, 0xff,
  0xff, 0xff, 0xff, 0xff, 0xff, 0xff, 0xff, 0xff, 0xff, 0xff, 0xff, 0xff,
  0xff, 0xff, 0xff, 0xff, 0xff, 0xff, 0xff, 0xff, 0xff, 0xff, 0xff, 0xff,
  0xff, 0xff, 0xff, 0xff, 0xff, 0xff, 0xff, 0xff, 0xff, 0xff, 0xff, 0xff,
  0xff, 0xff, 0xff, 0xff, 0xff, 0xff, 0xff, 0xff, 0xff, 0xff, 0xff, 0xff,
  0xff, 0xff, 0xff, 0xff, 0xff, 0xff, 0xff, 0xff, 0xff, 0xff, 0xff, 0xff,
  0xff, 0xff, 0xff, 0xff, 0xff, 0xff, 0xff, 0xff, 0xff, 0xff, 0xff, 0xff,
  0xff, 0xff, 0xff, 0xff, 0xff, 0xff, 0xff, 0xff, 0xff, 0xff, 0xff, 0xff,
  0xff, 0xff, 0xff, 0xff, 0xff, 0xff, 0xff, 0xff, 0xff, 0xff, 0xff, 0xff,
  0xff, 0xff, 0xff, 0xff, 0xff, 0xff, 0xff, 0xff, 0xff, 0xff, 0xff, 0xff,
  0xff, 0xff, 0xff, 0xff, 0xff, 0xff, 0xff, 0xff, 0xff, 0xff, 0xff, 0xff,
  0xff, 0xff, 0xff, 0xff, 0xff, 0xff, 0xff, 0xff, 0xff, 0xff, 0xff, 0xff,
  0xff, 0xff, 0xff, 0xff, 0xff, 0xff, 0xff, 0xff, 0xff, 0xff, 0xff, 0xff,
  0xff, 0xff, 0xff, 0xff, 0xff, 0xff, 0xff, 0xff, 0xff, 0xff, 0xff, 0xff,
  0xff, 0xff, 0xff, 0xff, 0xff, 0xff, 0xff, 0xff, 0xff, 0xff, 0xff, 0xff,
  0xff, 0xff, 0xff, 0xff, 0xff, 0xff, 0xff, 0xff, 0xff, 0xff, 0xff, 0xff,
  0xff, 0xff, 0xff, 0xff, 0xff, 0xff, 0xff, 0xff, 0xff, 0xff, 0xff, 0xff,
  0xff, 0xff, 0xff, 0xff, 0xff, 0xff, 0xff, 0xff, 0xff, 0xff, 0xff, 0xff,
  0xff, 0xff, 0xff, 0xff, 0xff, 0xff, 0xff, 0xff, 0xff, 0xff, 0xff, 0xff,
  0xff, 0xff, 0xff, 0xff, 0xff, 0xff, 0xff, 0xff, 0xff, 0xff, 0xff, 0xff,
  0xff, 0xff, 0xff, 0xff, 0xff, 0xff, 0xff, 0xff, 0xff, 0xff, 0xff, 0xff,
  0xff, 0xff, 0xff, 0xff, 0xff, 0xff, 0xff, 0xff, 0xff, 0xff, 0xff, 0xff,
  0xff, 0xff, 0xff, 0xff, 0xff, 0xff, 0xff, 0xff, 0xff, 0xff, 0xff, 0xff,
  0xff, 0xff, 0xff, 0xff, 0xff, 0xff, 0xff, 0xff, 0xff, 0xff, 0xff, 0xff,
  0xff, 0xff, 0xff, 0xff, 0xff, 0xff, 0xff, 0xff, 0xff, 0xff, 0xff, 0xff,
  0xff, 0xff, 0xff, 0xff, 0xff, 0xff, 0xff, 0xff, 0xff, 0xff, 0xff, 0xff,
  0xff, 0xff, 0xff, 0xff, 0xff, 0xff, 0xff, 0xff, 0xff, 0xff, 0xff, 0xff,
  0xff, 0xff, 0xff, 0xff, 0xff, 0xff, 0xff, 0xff, 0xff, 0xff, 0xff, 0xff,
  0xff, 0xff, 0xff, 0xff, 0xff, 0xff, 0xff, 0xff, 0xff, 0xff, 0xff, 0xff,
  0xff, 0xff, 0xff, 0xff, 0xff, 0xff, 0xff, 0xff, 0xff, 0xff, 0xff, 0xff,
  0xff, 0xff, 0xff, 0xff, 0xff, 0xff, 0xff, 0xff, 0xff, 0xff, 0xff, 0xff,
  0xff, 0xff, 0xff, 0xff, 0xff, 0xff, 0xff, 0xff, 0xff, 0xff, 0xff, 0xff,
  0xff, 0xff, 0xff, 0xff, 0xff, 0xff, 0xff, 0xff, 0xff, 0xff, 0xff, 0xff,
  0xff, 0xff, 0xff, 0xff, 0xff, 0xff, 0xff, 0xff, 0xff, 0xff, 0xff, 0xff,
  0xff, 0xff, 0xff, 0xff, 0xff, 0xff, 0xff, 0xff, 0xff, 0xff, 0xff, 0xff,
  0xff, 0xff, 0xff, 0xff, 0xff, 0xff, 0xff, 0xff, 0xff, 0xff, 0xff, 0xff,
  0xff, 0xff, 0xff, 0xff, 0xff, 0xff, 0xff, 0xff, 0xff, 0xff, 0xff, 0xff,
  0xff, 0xff, 0xff, 0xff, 0xff, 0xff, 0xff, 0xff, 0xff, 0xff, 0xff, 0xff,
  0xff, 0xff, 0xff, 0xff, 0xff, 0xff, 0xff, 0xff, 0xff, 0xff, 0xff, 0xff,
  0xff, 0xff, 0xff, 0xff, 0xff, 0xff, 0xff, 0xff, 0xff, 0xff, 0xff, 0xff,
  0xff, 0xff, 0xff, 0xff, 0xff, 0xff, 0xff, 0xff, 0xff, 0xff, 0xff, 0xff,
  0xff, 0xff, 0xff, 0xff, 0xff, 0xff, 0xff, 0xff, 0xff, 0xff, 0xff, 0xff,
  0xff, 0xff, 0xff, 0xff, 0xff, 0xff, 0xff, 0xff, 0xff, 0xff, 0xff, 0xff,
  0xff, 0xff, 0xff, 0xff, 0xff, 0xff, 0xff, 0xff, 0xff, 0xff, 0xff, 0xff,
  0xff, 0xff, 0xff, 0xff, 0xff, 0xff, 0xff, 0xff, 0xff, 0xff, 0xff, 0xff,
  0xff, 0xff, 0xff, 0xff, 0xff, 0xff, 0xff, 0xff, 0xff, 0xff, 0xff, 0xff,
  0xff, 0xff, 0xff, 0xff, 0xff, 0xff, 0xff, 0xff, 0xff, 0xff, 0xff, 0xff,
  0xff, 0xff, 0xff, 0xff, 0xff, 0xff, 0xff, 0xff, 0xff, 0xff, 0xff, 0xff,
  0xff, 0xff, 0xff, 0xff, 0xff, 0xff, 0xff, 0xff, 0xff, 0xff, 0xff, 0xff,
  0xff, 0xff, 0xff, 0xff, 0xff, 0xff, 0xff, 0xff, 0xff, 0xff, 0xff, 0xff,
  0xff, 0xff, 0xff, 0xff, 0xff, 0xff, 0xff, 0xff, 0xff, 0xff, 0xff, 0xff,
  0xff, 0xff, 0xff, 0xff, 0xff, 0xff, 0xff, 0xff, 0xff, 0xff, 0xff, 0xff,
  0xff, 0xff, 0xff, 0xff, 0xff, 0xff, 0xff, 0xff, 0xff, 0xff, 0xff, 0xff,
  0xff, 0xff, 0xff, 0xff, 0xff, 0xff, 0xff, 0xff, 0xff, 0xff, 0xff, 0xff,
  0xff, 0xff, 0xff, 0xff, 0xff, 0xff, 0xff, 0xff, 0xff, 0xff, 0xff, 0xff,
  0xff, 0xff, 0xff, 0xff, 0xff, 0xff, 0xff, 0xff, 0xff, 0xff, 0xff, 0xff,
  0xff, 0xff, 0xff, 0xff, 0xff, 0xff, 0xff, 0xff, 0xff, 0xff, 0xff, 0xff,
  0xff, 0xff, 0xff, 0xff, 0xff, 0xff, 0xff, 0xff, 0xff, 0xff, 0xff, 0xff,
  0xff, 0xff, 0xff, 0xff, 0xff, 0xff, 0xff, 0xff, 0xff, 0xff, 0xff, 0xff,
  0xff, 0xff, 0xff, 0xff, 0xff, 0xff, 0xff, 0xff, 0xff, 0xff, 0xff, 0xff,
  0xff, 0xff, 0xff, 0xff, 0xff, 0xff, 0xff, 0xff, 0xff, 0xff, 0xff, 0xff,
  0xff, 0xff, 0xff, 0xff, 0xff, 0xff, 0xff, 0xff, 0xff, 0xff, 0xff, 0xff,
  0xff, 0xff, 0xff, 0xff, 0xff, 0xff, 0xff, 0xff, 0xff, 0xff, 0xff, 0xff,
  0xff, 0xff, 0xff, 0xff, 0xff, 0xff, 0xff, 0xff, 0xff, 0xff, 0xff, 0xff,
  0xff, 0xff, 0xff, 0xff, 0xff, 0xff, 0xff, 0xff, 0xff, 0xff, 0xff, 0xff,
  0xff, 0xff, 0xff, 0xff, 0xff, 0xff, 0xff, 0xff, 0xff, 0xff, 0xff, 0xff,
  0xff, 0xff, 0xff, 0xff, 0xff, 0xff, 0xff, 0xff, 0xff, 0xff, 0xff, 0xff,
  0xff, 0xff, 0xff, 0xff, 0xff, 0xff, 0xff, 0xff, 0xff, 0xff, 0xff, 0xff,
  0xff, 0xff, 0xff, 0xff, 0xff, 0xff, 0xff, 0xff, 0xff, 0xff, 0xff, 0xff,
  0xff, 0xff, 0xff, 0xff, 0xff, 0xff, 0xff, 0xff, 0xff, 0xff, 0xff, 0xff,
  0xff, 0xff, 0xff, 0xff, 0xff, 0xff, 0xff, 0xff, 0xff, 0xff, 0xff, 0xff,
  0xff, 0xff, 0xff, 0xff, 0xff, 0xff, 0xff, 0xff, 0xff, 0xff, 0xff, 0xff,
  0xff, 0xff, 0xff, 0xff, 0xff, 0xff, 0xff, 0xff, 0xff, 0xff, 0xff, 0xff,
  0xff, 0xff, 0xff, 0xff, 0xff, 0xff, 0xff, 0xff, 0xff, 0xff, 0xff, 0xff,
  0xff, 0xff, 0xff, 0xff, 0xff, 0xff, 0xff, 0xff, 0xff, 0xff, 0xff, 0xff,
  0xff, 0xff, 0xff, 0xff, 0xff, 0xff, 0xff, 0xff, 0xff, 0xff, 0xff, 0xff,
  0xff, 0xff, 0xff, 0xff, 0xff, 0xff, 0xff, 0xff, 0xff, 0xff, 0xff, 0xff,
  0xff, 0xff, 0xff, 0xff, 0xff, 0xff, 0xff, 0xff, 0xff, 0xff, 0xff, 0xff,
  0xff, 0xff, 0xff, 0xff, 0xff, 0xff, 0xff, 0xff, 0xff, 0xff, 0xff, 0xff,
  0xff, 0xff, 0xff, 0xff, 0xff, 0xff, 0xff, 0xff, 0xff, 0xff, 0xff, 0xff,
  0xff, 0xff, 0xff, 0xff, 0xff, 0xff, 0xff, 0xff, 0xff, 0xff, 0xff, 0xff,
  0xff, 0xff, 0xff, 0xff, 0xff, 0xff, 0xff, 0xff, 0xff, 0xff, 0xff, 0xff,
  0xff, 0xff, 0xff, 0xff, 0xff, 0xff, 0xff, 0xff, 0xff, 0xff, 0xff, 0xff,
  0xff, 0xff, 0xff, 0xff, 0xff, 0xff, 0xff, 0xff, 0xff, 0xff, 0xff, 0xff,
  0xff, 0xff, 0xff, 0xff, 0xff, 0xff, 0xff, 0xff, 0xff, 0xff, 0xff, 0xff,
  0xff, 0xff, 0xff, 0xff, 0xff, 0xff, 0xff, 0xff, 0xff, 0xff, 0xff, 0xff,
  0xff, 0xff, 0xff, 0xff, 0xff, 0xff, 0xff, 0xff, 0xff, 0xff, 0xff, 0xff,
  0xff, 0xff, 0xff, 0xff, 0xff, 0xff, 0xff, 0xff, 0xff, 0xff, 0xff, 0xff,
  0xff, 0xff, 0xff, 0xff, 0xff, 0xff, 0xff, 0xff, 0xff, 0xff, 0xff, 0xff,
  0xff, 0xff, 0xff, 0xff, 0xff, 0xff, 0xff, 0xff, 0xff, 0xff, 0xff, 0xff,
  0xff, 0xff, 0xff, 0xff, 0xff, 0xff, 0xff, 0xff, 0xff, 0xff, 0xff, 0xff,
  0xff, 0xff, 0xff, 0xff, 0xff, 0xff, 0xff, 0xff, 0xff, 0xff, 0xff, 0xff,
  0xff, 0xff, 0xff, 0xff, 0xff, 0xff, 0xff, 0xff, 0xff, 0xff, 0xff, 0xff,
  0xff, 0xff, 0xff, 0xff, 0xff, 0xff, 0xff, 0xff, 0xff, 0xff, 0xff, 0xff,
  0xff, 0xff, 0xff, 0xff, 0xff, 0xff, 0xff, 0xff, 0xff, 0xff, 0xff, 0xff,
  0xff, 0xff, 0xff, 0xff, 0xff, 0xff, 0xff, 0xff, 0xff, 0xff, 0xff, 0xff,
  0xff, 0xff, 0xff, 0xff, 0xff, 0xff, 0xff, 0xff, 0xff, 0xff, 0xff, 0xff,
  0xff, 0xff, 0xff, 0xff, 0xff, 0xff, 0xff, 0xff, 0xff, 0xff, 0xff, 0xff,
  0xff, 0xff, 0xff, 0xff, 0xff, 0xff, 0xff, 0xff, 0xff, 0xff, 0xff, 0xff,
  0xff, 0xff, 0xff, 0xff, 0xff, 0xff, 0xff, 0xff, 0xff, 0xff, 0xff, 0xff,
  0xff, 0xff, 0xff, 0xff, 0xff, 0xff, 0xff, 0xff, 0xff, 0xff, 0xff, 0xff,
  0xff, 0xff, 0xff, 0xff, 0xff, 0xff, 0xff, 0xff, 0xff, 0xff, 0xff, 0xff,
  0xff, 0xff, 0xff, 0xff, 0xff, 0xff, 0xff, 0xff, 0xff, 0xff, 0xff, 0xff,
  0xff, 0xff, 0xff, 0xff, 0xff, 0xff, 0xff, 0xff, 0xff, 0xff, 0xff, 0xff,
  0xff, 0xff, 0xff, 0xff, 0xff, 0xff, 0xff, 0xff, 0xff, 0xff, 0xff, 0xff,
  0xff, 0xff, 0xff, 0xff, 0xff, 0xff, 0xff, 0xff, 0xff, 0xff, 0xff, 0xff,
  0xff, 0xff, 0xff, 0xff, 0xff, 0xff, 0xff, 0xff, 0xff, 0xff, 0xff, 0xff,
  0xff, 0xff, 0xff, 0xff, 0xff, 0xff, 0xff, 0xff, 0xff, 0xff, 0xff, 0xff,
  0xff, 0xff, 0xff, 0xff, 0xff, 0xff, 0xff, 0xff, 0xff, 0xff, 0xff, 0xff,
  0xff, 0xff, 0xff, 0xff, 0xff, 0xff, 0xff, 0xff, 0xff, 0xff, 0xff, 0xff,
  0xff, 0xff, 0xff, 0xff, 0xff, 0xff, 0xff, 0xff, 0xff, 0xff, 0xff, 0xff,
  0xff, 0xff, 0xff, 0xff, 0xff, 0xff, 0xff, 0xff, 0xff, 0xff, 0xff, 0xff,
  0xff, 0xff, 0xff, 0xff, 0xff, 0xff, 0xff, 0xff, 0xff, 0xff, 0xff, 0xff,
  0xff, 0xff, 0xff, 0xff, 0xff, 0xff, 0xff, 0xff, 0xff, 0xff, 0xff, 0xff,
  0xff, 0xff, 0xff, 0xff, 0xff, 0xff, 0xff, 0xff, 0xff, 0xff, 0xff, 0xff,
  0xff, 0xff, 0xff, 0xff, 0xff, 0xff, 0xff, 0xff, 0xff, 0xff, 0xff, 0xff,
  0xff, 0xff, 0xff, 0xff, 0xff, 0xff, 0xff, 0xff, 0xff, 0xff, 0xff, 0xff,
  0xff, 0xff, 0xff, 0xff, 0xff, 0xff, 0xff, 0xff, 0xff, 0xff, 0xff, 0xff,
  0xff, 0xff, 0xff, 0xff, 0xff, 0xff, 0xff, 0xff, 0xff, 0xff, 0xff, 0xff,
  0xff, 0xff, 0xff, 0xff, 0xff, 0xff, 0xff, 0xff, 0xff, 0xff, 0xff, 0xff,
  0xff, 0xff, 0xff, 0xff, 0xff, 0xff, 0xff, 0xff, 0xff, 0xff, 0xff, 0xff,
  0xff, 0xff, 0xff, 0xff, 0xff, 0xff, 0xff, 0xff, 0xff, 0xff, 0xff, 0xff,
  0xff, 0xff, 0xff, 0xff, 0xff, 0xff, 0xff, 0xff, 0xff, 0xff, 0xff, 0xff,
  0xff, 0xff, 0xff, 0xff, 0xff, 0xff, 0xff, 0xff, 0xff, 0xff, 0xff, 0xff,
  0xff, 0xff, 0xff, 0xff, 0xff, 0xff, 0xff, 0xff, 0xff, 0xff, 0xff, 0xff,
  0xff, 0xff, 0xff, 0xff, 0xff, 0xff, 0xff, 0xff, 0xff, 0xff, 0xff, 0xff,
  0xff, 0xff, 0xff, 0xff, 0xff, 0xff, 0xff, 0xff, 0xff, 0xff, 0xff, 0xff,
  0xff, 0xff, 0xff, 0xff, 0xff, 0xff, 0xff, 0xff, 0xff, 0xff, 0xff, 0xff,
  0xff, 0xff, 0xff, 0xff, 0xff, 0xff, 0xff, 0xff, 0xff, 0xff, 0xff, 0xff,
  0xff, 0xff, 0xff, 0xff, 0xff, 0xff, 0xff, 0xff, 0xff, 0xff, 0xff, 0xff,
  0xff, 0xff, 0xff, 0xff, 0xff, 0xff, 0xff, 0xff, 0xff, 0xff, 0xff, 0xff,
  0xff, 0xff, 0xff, 0xff, 0xff, 0xff, 0xff, 0xff, 0xff, 0xff, 0xff, 0xff,
  0xff, 0xff, 0xff, 0xff, 0xff, 0xff, 0xff, 0xff, 0xff, 0xff, 0xff, 0xff,
  0xff, 0xff, 0xff, 0xff, 0xff, 0xff, 0xff, 0xff, 0xff, 0xff, 0xff, 0xff,
  0xff, 0xff, 0xff, 0xff, 0xff, 0xff, 0xff, 0xff, 0xff, 0xff, 0xff, 0xff,
  0xff, 0xff, 0xff, 0xff, 0xff, 0xff, 0xff, 0xff, 0xff, 0xff, 0xff, 0xff,
  0xff, 0xff, 0xff, 0xff, 0xff, 0xff, 0xff, 0xff, 0xff, 0xff, 0xff, 0xff,
  0xff, 0xff, 0xff, 0xff, 0xff, 0xff, 0xff, 0xff, 0xff, 0xff, 0xff, 0xff,
  0xff, 0xff, 0xff, 0xff, 0xff, 0xff, 0xff, 0xff, 0xff, 0xff, 0xff, 0xff,
  0xff, 0xff, 0xff, 0xff, 0xff, 0xff, 0xff, 0xff, 0xff, 0xff, 0xff, 0xff,
  0xff, 0xff, 0xff, 0xff, 0xff, 0xff, 0xff, 0xff, 0xff, 0xff, 0xff, 0xff,
  0xff, 0xff, 0xff, 0xff, 0xff, 0xff, 0xff, 0xff, 0xff, 0xff, 0xff, 0xff,
  0xff, 0xff, 0xff, 0xff, 0xff, 0xff, 0xff, 0xff, 0xff, 0xff, 0xff, 0xff,
  0xff, 0xff, 0xff, 0xff, 0xff, 0xff, 0xff, 0xff, 0xff, 0xff, 0xff, 0xff,
  0xff, 0xff, 0xff, 0xff, 0xff, 0xff, 0xff, 0xff, 0xff, 0xff, 0xff, 0xff,
  0xff, 0xff, 0xff, 0xff, 0xff, 0xff, 0xff, 0xff, 0xff, 0xff, 0xff, 0xff,
  0xff, 0xff, 0xff, 0xff, 0xff, 0xff, 0xff, 0xff, 0xff, 0xff, 0xff, 0xff,
  0xff, 0xff, 0xff, 0xff, 0xff, 0xff, 0xff, 0xff, 0xff, 0xff, 0xff, 0xff,
  0xff, 0xff, 0xff, 0xff, 0xff, 0xff, 0xff, 0xff, 0xff, 0xff, 0xff, 0xff,
  0xff, 0xff, 0xff, 0xff, 0xff, 0xff, 0xff, 0xff, 0xff, 0xff, 0xff, 0xff,
  0xff, 0xff, 0xff, 0xff, 0xff, 0xff, 0xff, 0xff, 0xff, 0xff, 0xff, 0xff,
  0xff, 0xff, 0xff, 0xff, 0xff, 0xff, 0xff, 0xff, 0xff, 0xff, 0xff, 0xff,
  0xff, 0xff, 0xff, 0xff, 0xff, 0xff, 0xff, 0xff, 0xff, 0xff, 0xff, 0xff,
  0xff, 0xff, 0xff, 0xff, 0xff, 0xff, 0xff, 0xff, 0xff, 0xff, 0xff, 0xff,
  0xff, 0xff, 0xff, 0xff, 0xff, 0xff, 0xff, 0xff, 0xff, 0xff, 0xff, 0xff,
  0xff, 0xff, 0xff, 0xff, 0xff, 0xff, 0xff, 0xff, 0xff, 0xff, 0xff, 0xff,
  0xff, 0xff, 0xff, 0xff, 0xff, 0xff, 0xff, 0xff, 0xff, 0xff, 0xff, 0xff,
  0xff, 0xff, 0xff, 0xff, 0xff, 0xff, 0xff, 0xff, 0xff, 0xff, 0xff, 0xff,
  0xff, 0xff, 0xff, 0xff, 0xff, 0xff, 0xff, 0xff, 0xff, 0xff, 0xff, 0xff,
  0xff, 0xff, 0xff, 0xff, 0xff, 0xff, 0xff, 0xff, 0xff, 0xff, 0xff, 0xff,
  0xff, 0xff, 0xff, 0xff, 0xff, 0xff, 0xff, 0xff, 0xff, 0xff, 0xff, 0xff,
  0xff, 0xff, 0xff, 0xff, 0xff, 0xff, 0xff, 0xff, 0xff, 0xff, 0xff, 0xff,
  0xff, 0xff, 0xff, 0xff, 0xff, 0xff, 0xff, 0xff, 0xff, 0xff, 0xff, 0xff,
  0xff, 0xff, 0xff, 0xff, 0xff, 0xff, 0xff, 0xff, 0xff, 0xff, 0xff, 0xff,
  0xff, 0xff, 0xff, 0xff, 0xff, 0xff, 0xff, 0xff, 0xff, 0xff, 0xff, 0xff,
  0xff, 0xff, 0xff, 0xff, 0xff, 0xff, 0xff, 0xff, 0xff, 0xff, 0xff, 0xff,
  0xff, 0xff, 0xff, 0xff, 0xff, 0xff, 0xff, 0xff, 0xff, 0xff, 0xff, 0xff,
  0xff, 0xff, 0xff, 0xff, 0xff, 0xff, 0xff, 0xff, 0xff, 0xff, 0xff, 0xff,
  0xff, 0xff, 0xff, 0xff, 0xff, 0xff, 0xff, 0xff, 0xff, 0xff, 0xff, 0xff,
  0xff, 0xff, 0xff, 0xff, 0xff, 0xff, 0xff, 0xff, 0xff, 0xff, 0xff, 0xff,
  0xff, 0xff, 0xff, 0xff, 0xff, 0xff, 0xff, 0xff, 0xff, 0xff, 0xff, 0xff,
  0xff, 0xff, 0xff, 0xff, 0xff, 0xff, 0xff, 0xff, 0xff, 0xff, 0xff, 0xff,
  0xff, 0xff, 0xff, 0xff, 0xff, 0xff, 0xff, 0xff, 0xff, 0xff, 0xff, 0xff,
  0xff, 0xff, 0xff, 0xff, 0xff, 0xff, 0xff, 0xff, 0xff, 0xff, 0xff, 0xff,
  0xff, 0xff, 0xff, 0xff, 0xff, 0xff, 0xff, 0xff, 0xff, 0xff, 0xff, 0xff,
  0xff, 0xff, 0xff, 0xff, 0xff, 0xff, 0xff, 0xff, 0xff, 0xff, 0xff, 0xff,
  0xff, 0xff, 0xff, 0xff, 0xff, 0xff, 0xff, 0xff, 0xff, 0xff, 0xff, 0xff,
  0xff, 0xff, 0xff, 0xff, 0xff, 0xff, 0xff, 0xff, 0xff, 0xff, 0xff, 0xff,
  0xff, 0xff, 0xff, 0xff, 0xff, 0xff, 0xff, 0xff, 0xff, 0xff, 0xff, 0xff,
  0xff, 0xff, 0xff, 0xff, 0xff, 0xff, 0xff, 0xff, 0xff, 0xff, 0xff, 0xff,
  0xff, 0xff, 0xff, 0xff, 0xff, 0xff, 0xff, 0xff, 0xff, 0xff, 0xff, 0xff,
  0xff, 0xff, 0xff, 0xff, 0xff, 0xff, 0xff, 0xff, 0xff, 0xff, 0xff, 0xff,
  0xff, 0xff, 0xff, 0xff, 0xff, 0xff, 0xff, 0xff, 0xff, 0xff, 0xff, 0xff,
  0xff, 0xff, 0xff, 0xff, 0xff, 0xff, 0xff, 0xff, 0xff, 0xff, 0xff, 0xff,
  0xff, 0xff, 0xff, 0xff, 0xff, 0xff, 0xff, 0xff, 0xff, 0xff, 0xff, 0xff,
  0xff, 0xff, 0xff, 0xff, 0xff, 0xff, 0xff, 0xff, 0xff, 0xff, 0xff, 0xff,
  0xff, 0xff, 0xff, 0xff, 0xff, 0xff, 0xff, 0xff, 0xff, 0xff, 0xff, 0xff,
  0xff, 0xff, 0xff, 0xff, 0xff, 0xff, 0xff, 0xff, 0xff, 0xff, 0xff, 0xff,
  0xff, 0xff, 0xff, 0xff, 0xff, 0xff, 0xff, 0xff, 0xff, 0xff, 0xff, 0xff,
  0xff, 0xff, 0xff, 0xff, 0xff, 0xff, 0xff, 0xff, 0xff, 0xff, 0xff, 0xff,
  0xff, 0xff, 0xff, 0xff, 0xff, 0xff, 0xff, 0xff, 0xff, 0xff, 0xff, 0xff,
  0xff, 0xff, 0xff, 0xff, 0xff, 0xff, 0xff, 0xff, 0xff, 0xff, 0xff, 0xff,
  0xff, 0xff, 0xff, 0xff, 0xff, 0xff, 0xff, 0xff, 0xff, 0xff, 0xff, 0xff,
  0xff, 0xff, 0xff, 0xff, 0xff, 0xff, 0xff, 0xff, 0xff, 0xff, 0xff, 0xff,
  0xff, 0xff, 0xff, 0xff, 0xff, 0xff, 0xff, 0xff, 0xff, 0xff, 0xff, 0xff,
  0xff, 0xff, 0xff, 0xff, 0xff, 0xff, 0xff, 0xff, 0xff, 0xff, 0xff, 0xff,
  0xff, 0xff, 0xff, 0xff, 0xff, 0xff, 0xff, 0xff, 0xff, 0xff, 0xff, 0xff,
  0xff, 0xff, 0xff, 0xff, 0xff, 0xff, 0xff, 0xff, 0xff, 0xff, 0xff, 0xff,
  0xff, 0xff, 0xff, 0xff, 0xff, 0xff, 0xff, 0xff, 0xff, 0xff, 0xff, 0xff,
  0xff, 0xff, 0xff, 0xff, 0xff, 0xff, 0xff, 0xff, 0xff, 0xff, 0xff, 0xff,
  0xff, 0xff, 0xff, 0xff, 0xff, 0xff, 0xff, 0xff, 0xff, 0xff, 0xff, 0xff,
  0xff, 0xff, 0xff, 0xff, 0xff, 0xff, 0xff, 0xff, 0xff, 0xff, 0xff, 0xff,
  0xff, 0xff, 0xff, 0xff, 0xff, 0xff, 0xff, 0xff, 0xff, 0xff, 0xff, 0xff,
  0xff, 0xff, 0xff, 0xff, 0xff, 0xff, 0xff, 0xff, 0xff, 0xff, 0xff, 0xff,
  0xff, 0xff, 0xff, 0xff, 0xff, 0xff, 0xff, 0xff, 0xff, 0xff, 0xff, 0xff,
  0xff, 0xff, 0xff, 0xff, 0xff, 0xff, 0xff, 0xff, 0xff, 0xff, 0xff, 0xff,
  0xff, 0xff, 0xff, 0xff, 0xff, 0xff, 0xff, 0xff, 0xff, 0xff, 0xff, 0xff,
  0xff, 0xff, 0xff, 0xff, 0xff, 0xff, 0xff, 0xff, 0xff, 0xff, 0xff, 0xff,
  0xff, 0xff, 0xff, 0xff, 0xff, 0xff, 0xff, 0xff, 0xff, 0xff, 0xff, 0xff,
  0xff, 0xff, 0xff, 0xff, 0xff, 0xff, 0xff, 0xff, 0xff, 0xff, 0xff, 0xff,
  0xff, 0xff, 0xff, 0xff, 0xff, 0xff, 0xff, 0xff, 0xff, 0xff, 0xff, 0xff,
  0xff, 0xff, 0xff, 0xff, 0xff, 0xff, 0xff, 0xff, 0xff, 0xff, 0xff, 0xff,
  0xff, 0xff, 0xff, 0xff, 0xff, 0xff, 0xff, 0xff, 0xff, 0xff, 0xff, 0xff,
  0xff, 0xff, 0xff, 0xff, 0xff, 0xff, 0xff, 0xff, 0xff, 0xff, 0xff, 0xff,
  0xff, 0xff, 0xff, 0xff, 0xff, 0xff, 0xff, 0xff, 0xff, 0xff, 0xff, 0xff,
  0xff, 0xff, 0xff, 0xff, 0xff, 0xff, 0xff, 0xff, 0xff, 0xff, 0xff, 0xff,
  0xff, 0xff, 0xff, 0xff, 0xff, 0xff, 0xff, 0xff, 0xff, 0xff, 0xff, 0xff,
  0xff, 0xff, 0xff, 0xff, 0xff, 0xff, 0xff, 0xff, 0xff, 0xff, 0xff, 0xff,
  0xff, 0xff, 0xff, 0xff, 0xff, 0xff, 0xff, 0xff, 0xff, 0xff, 0xff, 0xff,
  0xff, 0xff, 0xff, 0xff, 0xff, 0xff, 0xff, 0xff, 0xff, 0xff, 0xff, 0xff,
  0xff, 0xff, 0xff, 0xff, 0xff, 0xff, 0xff, 0xff, 0xff, 0xff, 0xff, 0xff,
  0xff, 0xff, 0xff, 0xff, 0xff, 0xff, 0xff, 0xff, 0xff, 0xff, 0xff, 0xff,
  0xff, 0xff, 0xff, 0xff, 0xff, 0xff, 0xff, 0xff, 0xff, 0xff, 0xff, 0xff,
  0xff, 0xff, 0xff, 0xff, 0xff, 0xff, 0xff, 0xff, 0xff, 0xff, 0xff, 0xff,
  0xff, 0xff, 0xff, 0xff, 0xff, 0xff, 0xff, 0xff, 0xff, 0xff, 0xff, 0xff,
  0xff, 0xff, 0xff, 0xff, 0xff, 0xff, 0xff, 0xff, 0xff, 0xff, 0xff, 0xff,
  0xff, 0xff, 0xff, 0xff, 0xff, 0xff, 0xff, 0xff, 0xff, 0xff, 0xff, 0xff,
  0xff, 0xff, 0xff, 0xff, 0xff, 0xff, 0xff, 0xff, 0xff, 0xff, 0xff, 0xff,
  0xff, 0xff, 0xff, 0xff, 0xff, 0xff, 0xff, 0xff, 0xff, 0xff, 0xff, 0xff,
  0xff, 0xff, 0xff, 0xff, 0xff, 0xff, 0xff, 0xff, 0xff, 0xff, 0xff, 0xff,
  0xff, 0xff, 0xff, 0xff, 0xff, 0xff, 0xff, 0xff, 0xff, 0xff, 0xff, 0xff,
  0xff, 0xff, 0xff, 0xff, 0xff, 0xff, 0xff, 0xff, 0xff, 0xff, 0xff, 0xff,
  0xff, 0xff, 0xff, 0xff, 0xff, 0xff, 0xff, 0xff, 0xff, 0xff, 0xff, 0xff,
  0xff, 0xff, 0xff, 0xff, 0xff, 0xff, 0xff, 0xff, 0xff, 0xff, 0xff, 0xff,
  0xff, 0xff, 0xff, 0xff, 0xff, 0xff, 0xff, 0xff, 0xff, 0xff, 0xff, 0xff,
  0xff, 0xff, 0xff, 0xff, 0xff, 0xff, 0xff, 0xff, 0xff, 0xff, 0xff, 0xff,
  0xff, 0xff, 0xff, 0xff, 0xff, 0xff, 0xff, 0xff, 0xff, 0xff, 0xff, 0xff,
  0xff, 0xff, 0xff, 0xff, 0xff, 0xff, 0xff, 0xff, 0xff, 0xff, 0xff, 0xff,
  0xff, 0xff, 0xff, 0xff, 0xff, 0xff, 0xff, 0xff, 0xff, 0xff, 0xff, 0xff,
  0xff, 0xff, 0xff, 0xff, 0xff, 0xff, 0xff, 0xff, 0xff, 0xff, 0xff, 0xff,
  0xff, 0xff, 0xff, 0xff, 0xff, 0xff, 0xff, 0xff, 0xff, 0xff, 0xff, 0xff,
  0xff, 0xff, 0xff, 0xff, 0xff, 0xff, 0xff, 0xff, 0xff, 0xff, 0xff, 0xff,
  0xff, 0xff, 0xff, 0xff, 0xff, 0xff, 0xff, 0xff, 0xff, 0xff, 0xff, 0xff,
  0xff, 0xff, 0xff, 0xff, 0xff, 0xff, 0xff, 0xff, 0xff, 0xff, 0xff, 0xff,
  0xff, 0xff, 0xff, 0xff, 0xff, 0xff, 0xff, 0xff, 0xff, 0xff, 0xff, 0xff,
  0xff, 0xff, 0xff, 0xff, 0xff, 0xff, 0xff, 0xff, 0xff, 0xff, 0xff, 0xff,
  0xff, 0xff, 0xff, 0xff, 0xff, 0xff, 0xff, 0xff, 0xff, 0xff, 0xff, 0xff,
  0xff, 0xff, 0xff, 0xff, 0xff, 0xff, 0xff, 0xff, 0xff, 0xff, 0xff, 0xff,
  0xff, 0xff, 0xff, 0xff, 0xff, 0xff, 0xff, 0xff, 0xff, 0xff, 0xff, 0xff,
  0xff, 0xff, 0xff, 0xff, 0xff, 0xff, 0xff, 0xff, 0xff, 0xff, 0xff, 0xff,
  0xff, 0xff, 0xff, 0xff, 0xff, 0xff, 0xff, 0xff, 0xff, 0xff, 0xff, 0xff,
  0xff, 0xff, 0xff, 0xff, 0xff, 0xff, 0xff, 0xff, 0xff, 0xff, 0xff, 0xff,
  0xff, 0xff, 0xff, 0xff, 0xff, 0xff, 0xff, 0xff, 0xff, 0xff, 0xff, 0xff,
  0xff, 0xff, 0xff, 0xff, 0xff, 0xff, 0xff, 0xff, 0xff, 0xff, 0xff, 0xff,
  0xff, 0xff, 0xff, 0xff, 0xff, 0xff, 0xff, 0xff, 0xff, 0xff, 0xff, 0xff,
  0xff, 0xff, 0xff, 0xff, 0xff, 0xff, 0xff, 0xff, 0xff, 0xff, 0xff, 0xff,
  0xff, 0xff, 0xff, 0xff, 0xff, 0xff, 0xff, 0xff, 0xff, 0xff, 0xff, 0xff,
  0xff, 0xff, 0xff, 0xff, 0xff, 0xff, 0xff, 0xff, 0xff, 0xff, 0xff, 0xff,
  0xff, 0xff, 0xff, 0xff, 0xff, 0xff, 0xff, 0xff, 0xff, 0xff, 0xff, 0xff,
  0xff, 0xff, 0xff, 0xff, 0xff, 0xff, 0xff, 0xff, 0xff, 0xff, 0xff, 0xff,
  0xff, 0xff, 0xff, 0xff, 0xff, 0xff, 0xff, 0xff, 0xff, 0xff, 0xff, 0xff,
  0xff, 0xff, 0xff, 0xff, 0xff, 0xff, 0xff, 0xff, 0xff, 0xff, 0xff, 0xff,
  0xff, 0xff, 0xff, 0xff, 0xff, 0xff, 0xff, 0xff, 0xff, 0xff, 0xff, 0xff,
  0xff, 0xff, 0xff, 0xff, 0xff, 0xff, 0xff, 0xff, 0xff, 0xff, 0xff, 0xff,
  0xff, 0xff, 0xff, 0xff, 0xff, 0xff, 0xff, 0xff, 0xff, 0xff, 0xff, 0xff,
  0xff, 0xff, 0xff, 0xff, 0xff, 0xff, 0xff, 0xff, 0xff, 0xff, 0xff, 0xff,
  0xff, 0xff, 0xff, 0xff, 0xff, 0xff, 0xff, 0xff, 0xff, 0xff, 0xff, 0xff,
  0xff, 0xff, 0xff, 0xff, 0xff, 0xff, 0xff, 0xff, 0xff, 0xff, 0xff, 0xff,
  0xff, 0xff, 0xff, 0xff, 0xff, 0xff, 0xff, 0xff, 0xff, 0xff, 0xff, 0xff,
  0xff, 0xff, 0xff, 0xff, 0xff, 0xff, 0xff, 0xff, 0xff, 0xff, 0xff, 0xff,
  0xff, 0xff, 0xff, 0xff, 0xff, 0xff, 0xff, 0xff, 0xff, 0xff, 0xff, 0xff,
  0xff, 0xff, 0xff, 0xff, 0xff, 0xff, 0xff, 0xff, 0xff, 0xff, 0xff, 0xff,
  0xff, 0xff, 0xff, 0xff, 0xff, 0xff, 0xff, 0xff, 0xff, 0xff, 0xff, 0xff,
  0xff, 0xff, 0xff, 0xff, 0xff, 0xff, 0xff, 0xff, 0xff, 0xff, 0xff, 0xff,
  0xff, 0xff, 0xff, 0xff, 0xff, 0xff, 0xff, 0xff, 0xff, 0xff, 0xff, 0xff,
  0xff, 0xff, 0xff, 0xff, 0xff, 0xff, 0xff, 0xff, 0xff, 0xff, 0xff, 0xff,
  0xff, 0xff, 0xff, 0xff, 0xff, 0xff, 0xff, 0xff, 0xff, 0xff, 0xff, 0xff,
  0xff, 0xff, 0xff, 0xff, 0xff, 0xff, 0xff, 0xff, 0xff, 0xff, 0xff, 0xff,
  0xff, 0xff, 0xff, 0xff, 0xff, 0xff, 0xff, 0xff, 0xff, 0xff, 0xff, 0xff,
  0xff, 0xff, 0xff, 0xff, 0xff, 0xff, 0xff, 0xff, 0xff, 0xff, 0xff, 0xff,
  0xff, 0xff, 0xff, 0xff, 0xff, 0xff, 0xff, 0xff, 0xff, 0xff, 0xff, 0xff,
  0xff, 0xff, 0xff, 0xff, 0xff, 0xff, 0xff, 0xff, 0xff, 0xff, 0xff, 0xff,
  0xff, 0xff, 0xff, 0xff, 0xff, 0xff, 0xff, 0xff, 0xff, 0xff, 0xff, 0xff,
  0xff, 0xff, 0xff, 0xff, 0xff, 0xff, 0xff, 0xff, 0xff, 0xff, 0xff, 0xff,
  0xff, 0xff, 0xff, 0xff, 0xff, 0xff, 0xff, 0xff, 0xff, 0xff, 0xff, 0xff,
  0xff, 0xff, 0xff, 0xff, 0xff, 0xff, 0xff, 0xff, 0xff, 0xff, 0xff, 0xff,
  0xff, 0xff, 0xff, 0xff, 0xff, 0xff, 0xff, 0xff, 0xff, 0xff, 0xff, 0xff,
  0xff, 0xff, 0xff, 0xff, 0xff, 0xff, 0xff, 0xff, 0xff, 0xff, 0xff, 0xff,
  0xff, 0xff, 0xff, 0xff, 0xff, 0xff, 0xff, 0xff, 0xff, 0xff, 0xff, 0xff,
  0xff, 0xff, 0xff, 0xff, 0xff, 0xff, 0xff, 0xff, 0xff, 0xff, 0xff, 0xff,
  0xff, 0xff, 0xff, 0xff, 0xff, 0xff, 0xff, 0xff, 0xff, 0xff, 0xff, 0xff,
  0xff, 0xff, 0xff, 0xff, 0xff, 0xff, 0xff, 0xff, 0xff, 0xff, 0xff, 0xff,
  0xff, 0xff, 0xff, 0xff, 0xff, 0xff, 0xff, 0xff, 0xff, 0xff, 0xff, 0xff,
  0xff, 0xff, 0xff, 0xff, 0xff, 0xff, 0xff, 0xff, 0xff, 0xff, 0xff, 0xff,
  0xff, 0xff, 0xff, 0xff, 0xff, 0xff, 0xff, 0xff, 0xff, 0xff, 0xff, 0xff,
  0xff, 0xff, 0xff, 0xff, 0xff, 0xff, 0xff, 0xff, 0xff, 0xff, 0xff, 0xff,
  0xff, 0xff, 0xff, 0xff, 0xff, 0xff, 0xff, 0xff, 0xff, 0xff, 0xff, 0xff,
  0xff, 0xff, 0xff, 0xff, 0xff, 0xff, 0xff, 0xff, 0xff, 0xff, 0xff, 0xff,
  0xff, 0xff, 0xff, 0xff, 0xff, 0xff, 0xff, 0xff, 0xff, 0xff, 0xff, 0xff,
  0xff, 0xff, 0xff, 0xff, 0xff, 0xff, 0xff, 0xff, 0xff, 0xff, 0xff, 0xff,
  0xff, 0xff, 0xff, 0xff, 0xff, 0xff, 0xff, 0xff, 0xff, 0xff, 0xff, 0xff,
  0xff, 0xff, 0xff, 0xff, 0xff, 0xff, 0xff, 0xff, 0xff, 0xff, 0xff, 0xff,
  0xff, 0xff, 0xff, 0xff, 0xff, 0xff, 0xff, 0xff, 0xff, 0xff, 0xff, 0xff,
  0xff, 0xff, 0xff, 0xff, 0xff, 0xff, 0xff, 0xff, 0xff, 0xff, 0xff, 0xff,
  0xff, 0xff, 0xff, 0xff, 0xff, 0xff, 0xff, 0xff, 0xff, 0xff, 0xff, 0xff,
  0xff, 0xff, 0xff, 0xff, 0xff, 0xff, 0xff, 0xff, 0xff, 0xff, 0xff, 0xff,
  0xff, 0xff, 0xff, 0xff, 0xff, 0xff, 0xff, 0xff, 0xff, 0xff, 0xff, 0xff,
  0xff, 0xff, 0xff, 0xff, 0xff, 0xff, 0xff, 0xff, 0xff, 0xff, 0xff, 0xff,
  0xff, 0xff, 0xff, 0xff, 0xff, 0xff, 0xff, 0xff, 0xff, 0xff, 0xff, 0xff,
  0xff, 0xff, 0xff, 0xff, 0xff, 0xff, 0xff, 0xff, 0xff, 0xff, 0xff, 0xff,
  0xff, 0xff, 0xff, 0xff, 0xff, 0xff, 0xff, 0xff, 0xff, 0xff, 0xff, 0xff,
  0xff, 0xff, 0xff, 0xff, 0xff, 0xff, 0xff, 0xff, 0xff, 0xff, 0xff, 0xff,
  0xff, 0xff, 0xff, 0xff, 0xff, 0xff, 0xff, 0xff, 0xff, 0xff, 0xff, 0xff,
  0xff, 0xff, 0xff, 0xff, 0xff, 0xff, 0xff, 0xff, 0xff, 0xff, 0xff, 0xff,
  0xff, 0xff, 0xff, 0xff, 0xff, 0xff, 0xff, 0xff, 0xff, 0xff, 0xff, 0xff,
  0xff, 0xff, 0xff, 0xff, 0xff, 0xff, 0xff, 0xff, 0xff, 0xff, 0xff, 0xff,
  0xff, 0xff, 0xff, 0xff, 0xff, 0xff, 0xff, 0xff, 0xff, 0xff, 0xff, 0xff,
  0xff, 0xff, 0xff, 0xff, 0xff, 0xff, 0xff, 0xff, 0xff, 0xff, 0xff, 0xff,
  0xff, 0xff, 0xff, 0xff, 0xff, 0xff, 0xff, 0xff, 0xff, 0xff, 0xff, 0xff,
  0xff, 0xff, 0xff, 0xff, 0xff, 0xff, 0xff, 0xff, 0xff, 0xff, 0xff, 0xff,
  0xff, 0xff, 0xff, 0xff, 0xff, 0xff, 0xff, 0xff, 0xff, 0xff, 0xff, 0xff,
  0xff, 0xff, 0xff, 0xff, 0xff, 0xff, 0xff, 0xff, 0xff, 0xff, 0xff, 0xff,
  0xff, 0xff, 0xff, 0xff, 0xff, 0xff, 0xff, 0xff, 0xff, 0xff, 0xff, 0xff,
  0xff, 0xff, 0xff, 0xff, 0xff, 0xff, 0xff, 0xff, 0xff, 0xff, 0xff, 0xff,
  0xff, 0xff, 0xff, 0xff, 0xff, 0xff, 0xff, 0xff, 0xff, 0xff, 0xff, 0xff,
  0xff, 0xff, 0xff, 0xff, 0xff, 0xff, 0xff, 0xff, 0xff, 0xff, 0xff, 0xff,
  0xff, 0xff, 0xff, 0xff, 0xff, 0xff, 0xff, 0xff, 0xff, 0xff, 0xff, 0xff,
  0xff, 0xff, 0xff, 0xff, 0xff, 0xff, 0xff, 0xff, 0xff, 0xff, 0xff, 0xff,
  0xff, 0xff, 0xff, 0xff, 0xff, 0xff, 0xff, 0xff, 0xff, 0xff, 0xff, 0xff,
  0xff, 0xff, 0xff, 0xff, 0xff, 0xff, 0xff, 0xff, 0xff, 0xff, 0xff, 0xff,
  0xff, 0xff, 0xff, 0xff, 0xff, 0xff, 0xff, 0xff, 0xff, 0xff, 0xff, 0xff,
  0xff, 0xff, 0xff, 0xff, 0xff, 0xff, 0xff, 0xff, 0xff, 0xff, 0xff, 0xff,
  0xff, 0xff, 0xff, 0xff, 0xff, 0xff, 0xff, 0xff, 0xff, 0xff, 0xff, 0xff,
  0xff, 0xff, 0xff, 0xff, 0xff, 0xff, 0xff, 0xff, 0xff, 0xff, 0xff, 0xff,
  0xff, 0xff, 0xff, 0xff, 0xff, 0xff, 0xff, 0xff, 0xff, 0xff, 0xff, 0xff,
  0xff, 0xff, 0xff, 0xff, 0xff, 0xff, 0xff, 0xff, 0xff, 0xff, 0xff, 0xff,
  0xff, 0xff, 0xff, 0xff, 0xff, 0xff, 0xff, 0xff, 0xff, 0xff, 0xff, 0xff,
  0xff, 0xff, 0xff, 0xff, 0xff, 0xff, 0xff, 0xff, 0xff, 0xff, 0xff, 0xff,
  0xff, 0xff, 0xff, 0xff, 0xff, 0xff, 0xff, 0xff, 0xff, 0xff, 0xff, 0xff,
  0xff, 0xff, 0xff, 0xff, 0xff, 0xff, 0xff, 0xff, 0xff, 0xff, 0xff, 0xff,
  0xff, 0xff, 0xff, 0xff, 0xff, 0xff, 0xff, 0xff, 0xff, 0xff, 0xff, 0xff,
  0xff, 0xff, 0xff, 0xff, 0xff, 0xff, 0xff, 0xff, 0xff, 0xff, 0xff, 0xff,
  0xff, 0xff, 0xff, 0xff, 0xff, 0xff, 0xff, 0xff, 0xff, 0xff, 0xff, 0xff,
  0xff, 0xff, 0xff, 0xff, 0xff, 0xff, 0xff, 0xff, 0xff, 0xff, 0xff, 0xff,
  0xff, 0xff, 0xff, 0xff, 0xff, 0xff, 0xff, 0xff, 0xff, 0xff, 0xff, 0xff,
  0xff, 0xff, 0xff, 0xff, 0xff, 0xff, 0xff, 0xff, 0xff, 0xff, 0xff, 0xff,
  0xff, 0xff, 0xff, 0xff, 0xff, 0xff, 0xff, 0xff, 0xff, 0xff, 0xff, 0xff,
  0xff, 0xff, 0xff, 0xff, 0xff, 0xff, 0xff, 0xff, 0xff, 0xff, 0xff, 0xff,
  0xff, 0xff, 0xff, 0xff, 0xff, 0xff, 0xff, 0xff, 0xff, 0xff, 0xff, 0xff,
  0xff, 0xff, 0xff, 0xff, 0xff, 0xff, 0xff, 0xff, 0xff, 0xff, 0xff, 0xff,
  0xff, 0xff, 0xff, 0xff, 0xff, 0xff, 0xff, 0xff, 0xff, 0xff, 0xff, 0xff,
  0xff, 0xff, 0xff, 0xff, 0xff, 0xff, 0xff, 0xff, 0xff, 0xff, 0xff, 0xff,
  0xff, 0xff, 0xff, 0xff, 0xff, 0xff, 0xff, 0xff, 0xff, 0xff, 0xff, 0xff,
  0xff, 0xff, 0xff, 0xff, 0xff, 0xff, 0xff, 0xff, 0xff, 0xff, 0xff, 0xff,
  0xff, 0xff, 0xff, 0xff, 0xff, 0xff, 0xff, 0xff, 0xff, 0xff, 0xff, 0xff,
  0xff, 0xff, 0xff, 0xff, 0xff, 0xff, 0xff, 0xff, 0xff, 0xff, 0xff, 0xff,
  0xff, 0xff, 0xff, 0xff, 0xff, 0xff, 0xff, 0xff, 0xff, 0xff, 0xff, 0xff,
  0xff, 0xff, 0xff, 0xff, 0xff, 0xff, 0xff, 0xff, 0xff, 0xff, 0xff, 0xff,
  0xff, 0xff, 0xff, 0xff, 0xff, 0xff, 0xff, 0xff, 0xff, 0xff, 0xff, 0xff,
  0xff, 0xff, 0xff, 0xff, 0xff, 0xff, 0xff, 0xff, 0xff, 0xff, 0xff, 0xff,
  0xff, 0xff, 0xff, 0xff, 0xff, 0xff, 0xff, 0xff, 0xff, 0xff, 0xff, 0xff,
  0xff, 0xff, 0xff, 0xff, 0xff, 0xff, 0xff, 0xff, 0xff, 0xff, 0xff, 0xff,
  0xff, 0xff, 0xff, 0xff, 0xff, 0xff, 0xff, 0xff, 0xff, 0xff, 0xff, 0xff,
  0xff, 0xff, 0xff, 0xff, 0xff, 0xff, 0xff, 0xff, 0xff, 0xff, 0xff, 0xff,
  0xff, 0xff, 0xff, 0xff, 0xff, 0xff, 0xff, 0xff, 0xff, 0xff, 0xff, 0xff,
  0xff, 0xff, 0xff, 0xff, 0xff, 0xff, 0xff, 0xff, 0xff, 0xff, 0xff, 0xff,
  0xff, 0xff, 0xff, 0xff, 0xff, 0xff, 0xff, 0xff, 0xff, 0xff, 0xff, 0xff,
  0xff, 0xff, 0xff, 0xff, 0xff, 0xff, 0xff, 0xff, 0xff, 0xff, 0xff, 0xff,
  0xff, 0xff, 0xff, 0xff, 0xff, 0xff, 0xff, 0xff, 0xff, 0xff, 0xff, 0xff,
  0xff, 0xff, 0xff, 0xff, 0xff, 0xff, 0xff, 0xff, 0xff, 0xff, 0xff, 0xff,
  0xff, 0xff, 0xff, 0xff, 0xff, 0xff, 0xff, 0xff, 0xff, 0xff, 0xff, 0xff,
  0xff, 0xff, 0xff, 0xff, 0xff, 0xff, 0xff, 0xff, 0xff, 0xff, 0xff, 0xff,
  0xff, 0xff, 0xff, 0xff, 0xff, 0xff, 0xff, 0xff, 0xff, 0xff, 0xff, 0xff,
  0xff, 0xff, 0xff, 0xff, 0xff, 0xff, 0xff, 0xff, 0xff, 0xff, 0xff, 0xff,
  0xff, 0xff, 0xff, 0xff, 0xff, 0xff, 0xff, 0xff, 0xff, 0xff, 0xff, 0xff,
  0xff, 0xff, 0xff, 0xff, 0xff, 0xff, 0xff, 0xff, 0xff, 0xff, 0xff, 0xff,
  0xff, 0xff, 0xff, 0xff, 0xff, 0xff, 0xff, 0xff, 0xff, 0xff, 0xff, 0xff,
  0xff, 0xff, 0xff, 0xff, 0xff, 0xff, 0xff, 0xff, 0xff, 0xff, 0xff, 0xff,
  0xff, 0xff, 0xff, 0xff, 0xff, 0xff, 0xff, 0xff, 0xff, 0xff, 0xff, 0xff,
  0xff, 0xff, 0xff, 0xff, 0xff, 0xff, 0xff, 0xff, 0xff, 0xff, 0xff, 0xff,
  0xff, 0xff, 0xff, 0xff, 0xff, 0xff, 0xff, 0xff, 0xff, 0xff, 0xff, 0xff,
  0xff, 0xff, 0xff, 0xff, 0xff, 0xff, 0xff, 0xff, 0xff, 0xff, 0xff, 0xff,
  0xff, 0xff, 0xff, 0xff, 0xff, 0xff, 0xff, 0xff, 0xff, 0xff, 0xff, 0xff,
  0xff, 0xff, 0xff, 0xff, 0xff, 0xff, 0xff, 0xff, 0xff, 0xff, 0xff, 0xff,
  0xff, 0xff, 0xff, 0xff, 0xff, 0xff, 0xff, 0xff, 0xff, 0xff, 0xff, 0xff,
  0xff, 0xff, 0xff, 0xff, 0xff, 0xff, 0xff, 0xff, 0xff, 0xff, 0xff, 0xff,
  0xff, 0xff, 0xff, 0xff, 0xff, 0xff, 0xff, 0xff, 0xff, 0xff, 0xff, 0xff,
  0xff, 0xff, 0xff, 0xff, 0xff, 0xff, 0xff, 0xff, 0xff, 0xff, 0xff, 0xff,
  0xff, 0xff, 0xff, 0xff, 0xff, 0xff, 0xff, 0xff, 0xff, 0xff, 0xff, 0xff,
  0xff, 0xff, 0xff, 0xff, 0xff, 0xff, 0xff, 0xff, 0xff, 0xff, 0xff, 0xff,
  0xff, 0xff, 0xff, 0xff, 0xff, 0xff, 0xff, 0xff, 0xff, 0xff, 0xff, 0xff,
  0xff, 0xff, 0xff, 0xff, 0xff, 0xff, 0xff, 0xff, 0xff, 0xff, 0xff, 0xff,
  0xff, 0xff, 0xff, 0xff, 0xff, 0xff, 0xff, 0xff, 0xff, 0xff, 0xff, 0xff,
  0xff, 0xff, 0xff, 0xff, 0xff, 0xff, 0xff, 0xff, 0xff, 0xff, 0xff, 0xff,
  0xff, 0xff, 0xff, 0xff, 0xff, 0xff, 0xff, 0xff, 0xff, 0xff, 0xff, 0xff,
  0xff, 0xff, 0xff, 0xff, 0xff, 0xff, 0xff, 0xff, 0xff, 0xff, 0xff, 0xff,
  0xff, 0xff, 0xff, 0xff, 0xff, 0xff, 0xff, 0xff, 0xff, 0xff, 0xff, 0xff,
  0xff, 0xff, 0xff, 0xff, 0xff, 0xff, 0xff, 0xff, 0xff, 0xff, 0xff, 0xff,
  0xff, 0xff, 0xff, 0xff, 0xff, 0xff, 0xff, 0xff, 0xff, 0xff, 0xff, 0xff,
  0xff, 0xff, 0xff, 0xff, 0xff, 0xff, 0xff, 0xff, 0xff, 0xff, 0xff, 0xff,
  0xff, 0xff, 0xff, 0xff, 0xff, 0xff, 0xff, 0xff, 0xff, 0xff, 0xff, 0xff,
  0xff, 0xff, 0xff, 0xff, 0xff, 0xff, 0xff, 0xff, 0xff, 0xff, 0xff, 0xff,
  0xff, 0xff, 0xff, 0xff, 0xff, 0xff, 0xff, 0xff, 0xff, 0xff, 0xff, 0xff,
  0xff, 0xff, 0xff, 0xff, 0xff, 0xff, 0xff, 0xff, 0xff, 0xff, 0xff, 0xff,
  0xff, 0xff, 0xff, 0xff, 0xff, 0xff, 0xff, 0xff, 0xff, 0xff, 0xff, 0xff,
  0xff, 0xff, 0xff, 0xff, 0xff, 0xff, 0xff, 0xff, 0xff, 0xff, 0xff, 0xff,
  0xff, 0xff, 0xff, 0xff, 0xff, 0xff, 0xff, 0xff, 0xff, 0xff, 0xff, 0xff,
  0xff, 0xff, 0xff, 0xff, 0xff, 0xff, 0xff, 0xff, 0xff, 0xff, 0xff, 0xff,
  0xff, 0xff, 0xff, 0xff, 0xff, 0xff, 0xff, 0xff, 0xff, 0xff, 0xff, 0xff,
  0xff, 0xff, 0xff, 0xff, 0xff, 0xff, 0xff, 0xff, 0xff, 0xff, 0xff, 0xff,
  0xff, 0xff, 0xff, 0xff, 0xff, 0xff, 0xff, 0xff, 0xff, 0xff, 0xff, 0xff,
  0xff, 0xff, 0xff, 0xff, 0xff, 0xff, 0xff, 0xff, 0xff, 0xff, 0xff, 0xff,
  0xff, 0xff, 0xff, 0xff, 0xff, 0xff, 0xff, 0xff, 0xff, 0xff, 0xff, 0xff,
  0xff, 0xff, 0xff, 0xff, 0xff, 0xff, 0xff, 0xff, 0xff, 0xff, 0xff, 0xff,
  0xff, 0xff, 0xff, 0xff, 0xff, 0xff, 0xff, 0xff, 0xff, 0xff, 0xff, 0xff,
  0xff, 0xff, 0xff, 0xff, 0xff, 0xff, 0xff, 0xff, 0xff, 0xff, 0xff, 0xff,
  0xff, 0xff, 0xff, 0xff, 0xff, 0xff, 0xff, 0xff, 0xff, 0xff, 0xff, 0xff,
  0xff, 0xff, 0xff, 0xff, 0xff, 0xff, 0xff, 0xff, 0xff, 0xff, 0xff, 0xff,
  0xff, 0xff, 0xff, 0xff, 0xff, 0xff, 0xff, 0xff, 0xff, 0xff, 0xff, 0xff,
  0xff, 0xff, 0xff, 0xff, 0xff, 0xff, 0xff, 0xff, 0xff, 0xff, 0xff, 0xff,
  0xff, 0xff, 0xff, 0xff, 0xff, 0xff, 0xff, 0xff, 0xff, 0xff, 0xff, 0xff,
  0xff, 0xff, 0xff, 0xff, 0xff, 0xff, 0xff, 0xff, 0xff, 0xff, 0xff, 0xff,
  0xff, 0xff, 0xff, 0xff, 0xff, 0xff, 0xff, 0xff, 0xff, 0xff, 0xff, 0xff,
  0xff, 0xff, 0xff, 0xff, 0xff, 0xff, 0xff, 0xff, 0xff, 0xff, 0xff, 0xff,
  0xff, 0xff, 0xff, 0xff, 0xff, 0xff, 0xff, 0xff, 0xff, 0xff, 0xff, 0xff,
  0xff, 0xff, 0xff, 0xff, 0xff, 0xff, 0xff, 0xff, 0xff, 0xff, 0xff, 0xff,
  0xff, 0xff, 0xff, 0xff, 0xff, 0xff, 0xff, 0xff, 0xff, 0xff, 0xff, 0xff,
  0xff, 0xff, 0xff, 0xff, 0xff, 0xff, 0xff, 0xff, 0xff, 0xff, 0xff, 0xff,
  0xff, 0xff, 0xff, 0xff, 0xff, 0xff, 0xff, 0xff, 0xff, 0xff, 0xff, 0xff,
  0xff, 0xff, 0xff, 0xff, 0xff, 0xff, 0xff, 0xff, 0xff, 0xff, 0xff, 0xff,
  0xff, 0xff, 0xff, 0xff, 0xff, 0xff, 0xff, 0xff, 0xff, 0xff, 0xff, 0xff,
  0xff, 0xff, 0xff, 0xff, 0xff, 0xff, 0xff, 0xff, 0xff, 0xff, 0xff, 0xff,
  0xff, 0xff, 0xff, 0xff, 0xff, 0xff, 0xff, 0xff, 0xff, 0xff, 0xff, 0xff,
  0xff, 0xff, 0xff, 0xff, 0xff, 0xff, 0xff, 0xff, 0xff, 0xff, 0xff, 0xff,
  0xff, 0xff, 0xff, 0xff, 0xff, 0xff, 0xff, 0xff, 0xff, 0xff, 0xff, 0xff,
  0xff, 0xff, 0xff, 0xff, 0xff, 0xff, 0xff, 0xff, 0xff, 0xff, 0xff, 0xff,
  0xff, 0xff, 0xff, 0xff, 0xff, 0xff, 0xff, 0xff, 0xff, 0xff, 0xff, 0xff,
  0xff, 0xff, 0xff, 0xff, 0xff, 0xff, 0xff, 0xff, 0xff, 0xff, 0xff, 0xff,
  0xff, 0xff, 0xff, 0xff, 0xff, 0xff, 0xff, 0xff, 0xff, 0xff, 0xff, 0xff,
  0xff, 0xff, 0xff, 0xff, 0xff, 0xff, 0xff, 0xff, 0xff, 0xff, 0xff, 0xff,
  0xff, 0xff, 0xff, 0xff, 0xff, 0xff, 0xff, 0xff, 0xff, 0xff, 0xff, 0xff,
  0xff, 0xff, 0xff, 0xff, 0xff, 0xff, 0xff, 0xff, 0xff, 0xff, 0xff, 0xff,
  0xff, 0xff, 0xff, 0xff, 0xff, 0xff, 0xff, 0xff, 0xff, 0xff, 0xff, 0xff,
  0xff, 0xff, 0xff, 0xff, 0xff, 0xff, 0xff, 0xff, 0xff, 0xff, 0xff, 0xff,
  0xff, 0xff, 0xff, 0xff, 0xff, 0xff, 0xff, 0xff, 0xff, 0xff, 0xff, 0xff,
  0xff, 0xff, 0xff, 0xff, 0xff, 0xff, 0xff, 0xff, 0xff, 0xff, 0xff, 0xff,
  0xff, 0xff, 0xff, 0xff, 0xff, 0xff, 0xff, 0xff, 0xff, 0xff, 0xff, 0xff,
  0xff, 0xff, 0xff, 0xff, 0xff, 0xff, 0xff, 0xff, 0xff, 0xff, 0xff, 0xff,
  0xff, 0xff, 0xff, 0xff, 0xff, 0xff, 0xff, 0xff, 0xff, 0xff, 0xff, 0xff,
  0xff, 0xff, 0xff, 0xff, 0xff, 0xff, 0xff, 0xff, 0xff, 0xff, 0xff, 0xff,
  0xff, 0xff, 0xff, 0xff, 0xff, 0xff, 0xff, 0xff, 0xff, 0xff, 0xff, 0xff,
  0xff, 0xff, 0xff, 0xff, 0xff, 0xff, 0xff, 0xff, 0xff, 0xff, 0xff, 0xff,
  0xff, 0xff, 0xff, 0xff, 0xff, 0xff, 0xff, 0xff, 0xff, 0xff, 0xff, 0xff,
  0xff, 0xff, 0xff, 0xff, 0xff, 0xff, 0xff, 0xff, 0xff, 0xff, 0xff, 0xff,
  0xff, 0xff, 0xff, 0xff, 0xff, 0xff, 0xff, 0xff, 0xff, 0xff, 0xff, 0xff,
  0xff, 0xff, 0xff, 0xff, 0xff, 0xff, 0xff, 0xff, 0xff, 0xff, 0xff, 0xff,
  0xff, 0xff, 0xff, 0xff, 0xff, 0xff, 0xff, 0xff, 0xff, 0xff, 0xff, 0xff,
  0xff, 0xff, 0xff, 0xff, 0xff, 0xff, 0xff, 0xff, 0xff, 0xff, 0xff, 0xff,
  0xff, 0xff, 0xff, 0xff, 0xff, 0xff, 0xff, 0xff, 0xff, 0xff, 0xff, 0xff,
  0xff, 0xff, 0xff, 0xff, 0xff, 0xff, 0xff, 0xff, 0xff, 0xff, 0xff, 0xff,
  0xff, 0xff, 0xff, 0xff, 0xff, 0xff, 0xff, 0xff, 0xff, 0xff, 0xff, 0xff,
  0xff, 0xff, 0xff, 0xff, 0xff, 0xff, 0xff, 0xff, 0xff, 0xff, 0xff, 0xff,
  0xff, 0xff, 0xff, 0xff, 0xff, 0xff, 0xff, 0xff, 0xff, 0xff, 0xff, 0xff,
  0xff, 0xff, 0xff, 0xff, 0xff, 0xff, 0xff, 0xff, 0xff, 0xff, 0xff, 0xff,
  0xff, 0xff, 0xff, 0xff, 0xff, 0xff, 0xff, 0xff, 0xff, 0xff, 0xff, 0xff,
  0xff, 0xff, 0xff, 0xff, 0xff, 0xff, 0xff, 0xff, 0xff, 0xff, 0xff, 0xff,
  0xff, 0xff, 0xff, 0xff, 0xff, 0xff, 0xff, 0xff, 0xff, 0xff, 0xff, 0xff,
  0xff, 0xff, 0xff, 0xff, 0xff, 0xff, 0xff, 0xff, 0xff, 0xff, 0xff, 0xff,
  0xff, 0xff, 0xff, 0xff, 0xff, 0xff, 0xff, 0xff, 0xff, 0xff, 0xff, 0xff,
  0xff, 0xff, 0xff, 0xff, 0xff, 0xff, 0xff, 0xff, 0xff, 0xff, 0xff, 0xff,
  0xff, 0xff, 0xff, 0xff, 0xff, 0xff, 0xff, 0xff, 0xff, 0xff, 0xff, 0xff,
  0xff, 0xff, 0xff, 0xff, 0xff, 0xff, 0xff, 0xff, 0xff, 0xff, 0xff, 0xff,
  0xff, 0xff, 0xff, 0xff, 0xff, 0xff, 0xff, 0xff, 0xff, 0xff, 0xff, 0xff,
  0xff, 0xff, 0xff, 0xff, 0xff, 0xff, 0xff, 0xff, 0xff, 0xff, 0xff, 0xff,
  0xff, 0xff, 0xff, 0xff, 0xff, 0xff, 0xff, 0xff, 0xff, 0xff, 0xff, 0xff,
  0xff, 0xff, 0xff, 0xff, 0xff, 0xff, 0xff, 0xff, 0xff, 0xff, 0xff, 0xff,
  0xff, 0xff, 0xff, 0xff, 0xff, 0xff, 0xff, 0xff, 0xff, 0xff, 0xff, 0xff,
  0xff, 0xff, 0xff, 0xff, 0xff, 0xff, 0xff, 0xff, 0xff, 0xff, 0xff, 0xff,
  0xff, 0xff, 0xff, 0xff, 0xff, 0xff, 0xff, 0xff, 0xff, 0xff, 0xff, 0xff,
  0xff, 0xff, 0xff, 0xff, 0xff, 0xff, 0xff, 0xff, 0xff, 0xff, 0xff, 0xff,
  0xff, 0xff, 0xff, 0xff, 0xff, 0xff, 0xff, 0xff, 0xff, 0xff, 0xff, 0xff,
  0xff, 0xff, 0xff, 0xff, 0xff, 0xff, 0xff, 0xff, 0xff, 0xff, 0xff, 0xff,
  0xff, 0xff, 0xff, 0xff, 0xff, 0xff, 0xff, 0xff, 0xff, 0xff, 0xff, 0xff,
  0xff, 0xff, 0xff, 0xff, 0xff, 0xff, 0xff, 0xff, 0xff, 0xff, 0xff, 0xff,
  0xff, 0xff, 0xff, 0xff, 0xff, 0xff, 0xff, 0xff, 0xff, 0xff, 0xff, 0xff,
  0xff, 0xff, 0xff, 0xff, 0xff, 0xff, 0xff, 0xff, 0xff, 0xff, 0xff, 0xff,
  0xff, 0xff, 0xff, 0xff, 0xff, 0xff, 0xff, 0xff, 0xff, 0xff, 0xff, 0xff,
  0xff, 0xff, 0xff, 0xff, 0xff, 0xff, 0xff, 0xff, 0xff, 0xff, 0xff, 0xff,
  0xff, 0xff, 0xff, 0xff, 0xff, 0xff, 0xff, 0xff, 0xff, 0xff, 0xff, 0xff,
  0xff, 0xff, 0xff, 0xff, 0xff, 0xff, 0xff, 0xff, 0xff, 0xff, 0xff, 0xff,
  0xff, 0xff, 0xff, 0xff, 0xff, 0xff, 0xff, 0xff, 0xff, 0xff, 0xff, 0xff,
  0xff, 0xff, 0xff, 0xff, 0xff, 0xff, 0xff, 0xff, 0xff, 0xff, 0xff, 0xff,
  0xff, 0xff, 0xff, 0xff, 0xff, 0xff, 0xff, 0xff, 0xff, 0xff, 0xff, 0xff,
  0xff, 0xff, 0xff, 0xff, 0xff, 0xff, 0xff, 0xff, 0xff, 0xff, 0xff, 0xff,
  0xff, 0xff, 0xff, 0xff, 0xff, 0xff, 0xff, 0xff, 0xff, 0xff, 0xff, 0xff,
  0xff, 0xff, 0xff, 0xff, 0xff, 0xff, 0xff, 0xff, 0xff, 0xff, 0xff, 0xff,
  0xff, 0xff, 0xff, 0xff, 0xff, 0xff, 0xff, 0xff, 0xff, 0xff, 0xff, 0xff,
  0xff, 0xff, 0xff, 0xff, 0xff, 0xff, 0xff, 0xff, 0xff, 0xff, 0xff, 0xff,
  0xff, 0xff, 0xff, 0xff, 0xff, 0xff, 0xff, 0xff, 0xff, 0xff, 0xff, 0xff,
  0xff, 0xff, 0xff, 0xff, 0xff, 0xff, 0xff, 0xff, 0xff, 0xff, 0xff, 0xff,
  0xff, 0xff, 0xff, 0xff, 0xff, 0xff, 0xff, 0xff, 0xff, 0xff, 0xff, 0xff,
  0xff, 0xff, 0xff, 0xff, 0xff, 0xff, 0xff, 0xff, 0xff, 0xff, 0xff, 0xff,
  0xff, 0xff, 0xff, 0xff, 0xff, 0xff, 0xff, 0xff, 0xff, 0xff, 0xff, 0xff,
  0xff, 0xff, 0xff, 0xff, 0xff, 0xff, 0xff, 0xff, 0xff, 0xff, 0xff, 0xff,
  0xff, 0xff, 0xff, 0xff, 0xff, 0xff, 0xff, 0xff, 0xff, 0xff, 0xff, 0xff,
  0xff, 0xff, 0xff, 0xff, 0xff, 0xff, 0xff, 0xff, 0xff, 0xff, 0xff, 0xff,
  0xff, 0xff, 0xff, 0xff, 0xff, 0xff, 0xff, 0xff, 0xff, 0xff, 0xff, 0xff,
  0xff, 0xff, 0xff, 0xff, 0xff, 0xff, 0xff, 0xff, 0xff, 0xff, 0xff, 0xff,
  0xff, 0xff, 0xff, 0xff, 0xff, 0xff, 0xff, 0xff, 0xff, 0xff, 0xff, 0xff,
  0xff, 0xff, 0xff, 0xff, 0xff, 0xff, 0xff, 0xff, 0xff, 0xff, 0xff, 0xff,
  0xff, 0xff, 0xff, 0xff, 0xff, 0xff, 0xff, 0xff, 0xff, 0xff, 0xff, 0xff,
  0xff, 0xff, 0xff, 0xff, 0xff, 0xff, 0xff, 0xff, 0xff, 0xff, 0xff, 0xff,
  0xff, 0xff, 0xff, 0xff, 0xff, 0xff, 0xff, 0xff
};
unsigned int ISPFW_len = 131024;
